model_name,phase,cond_id,condition,rank,alpha,pair_type,stratum,label,n_seeds,n_items,n_audit,absC_pre_mean,absC_post_mean,W,L,U,D,D_lo,D_hi,R,R_lo,R_hi,X_den,X_num,X_reverse_num,X_reverse_den,X,X_lo,X_hi,energy_audit_mean,energy_gen_mean,opt_acc,opt_acc_pre,d_opt_acc,d_opt_acc_lo,d_opt_acc_hi,gen_acc_attempted,gen_acc_attempted_pre,d_gen_acc_attempted,d_gen_acc_attempted_lo,d_gen_acc_attempted_hi,validity,validity_pre,d_validity,d_validity_lo,d_validity_hi,gen_acc_usable,gen_acc_usable_n,gen_acc_usable_pre,flip_attempted_num,flip_attempted_den,flip_attempted,flip_usable_den,flip_usable
llama-3.1-8b-instruct,dev,cure_centred_svd_r1_a0.25,cure_centred_svd,1,0.25,demographic,pooled,exploratory,100,100,100,0.131817626953125,0.12309967041015625,0.5,0.45,0.05,0.00871795654296875,-0.010011405944824218,0.02814424896240233,0.06613650043987596,-0.08438061181619072,0.20163013392721468,2,2,0,98,1.0,1.0,1.0,0.0015566235092555982,0.0014971376391531618,0.4336734693877551,0.3520408163265306,0.08163265306122448,0.04591836734693878,0.12244897959183673,0.53,0.465,0.065,0.02,0.11,0.795,0.765,0.03,0.005,0.06,0.691358024691358,81,0.63125,12,100,0.12,77,0.15584415584415584
llama-3.1-8b-instruct,dev,cure_centred_svd_r1_a0.25,cure_centred_svd,1,0.25,demographic,bbq,exploratory,42,42,42,0.1263674781436012,0.15432593936011904,0.35714285714285715,0.5952380952380952,0.047619047619047616,-0.027958461216517856,-0.0555174328031994,0.00030226934523808733,-0.2212472831399428,-0.49690749302316173,0.002096381680583235,0,0,0,42,,,,0.0012772034077476863,0.0011735285703658913,0.4125,0.3875,0.025,0.0,0.0625,0.44047619047619047,0.42857142857142855,0.011904761904761904,-0.024107142857142837,0.047619047619047616,0.6071428571428571,0.5952380952380952,0.011904761904761904,-0.024107142857142837,0.047619047619047616,0.78,25,0.78,3,42,0.07142857142857142,25,0.12
llama-3.1-8b-instruct,dev,cure_centred_svd_r1_a0.25,cure_centred_svd,1,0.25,demographic,crows_pairs,exploratory,30,30,30,0.08233235677083334,0.06766357421875,0.5333333333333333,0.36666666666666664,0.1,0.014668782552083334,-0.005404764811197916,0.03776234944661455,0.1781654640703766,-0.07873341640253555,0.4013279316404259,0,0,0,30,,,,0.001918755236009231,0.001848814579468111,0.4666666666666667,0.23333333333333334,0.23333333333333334,0.13333333333333333,0.3333333333333333,0.8,0.6166666666666667,0.18333333333333332,0.06666666666666667,0.3,0.9,0.8833333333333333,0.016666666666666666,0.0,0.05,0.8928571428571429,28,0.7037037037037037,6,30,0.2,26,0.23076923076923078
llama-3.1-8b-instruct,dev,cure_centred_svd_r1_a0.25,cure_centred_svd,1,0.25,demographic,stereoset,exploratory,28,28,28,0.19301278250558035,0.13565608433314733,0.6785714285714286,0.32142857142857145,0.0,0.05735669817243304,0.016440718514578685,0.09893365587506973,0.29716528318933877,0.10395392441545581,0.49523822985839255,2,2,0,26,1.0,1.0,1.0,0.0015877553828528592,0.001605754520568052,0.42857142857142855,0.42857142857142855,0.0,0.0,0.0,0.375,0.35714285714285715,0.017857142857142856,-0.03571428571428571,0.07142857142857142,0.9642857142857143,0.8928571428571429,0.07142857142857142,0.017857142857142856,0.14285714285714285,0.4107142857142857,28,0.42857142857142855,3,28,0.10714285714285714,26,0.11538461538461539
llama-3.1-8b-instruct,dev,cure_centred_svd_r1_a0.25,cure_centred_svd,1,0.25,identity,pooled,exploratory,100,100,100,0.0,0.0,0.0,0.0,1.0,0.0,0.0,0.0,,,,0,0,0,100,,,,0.0015416558450902281,0.001541900646804946,0.422680412371134,0.35051546391752575,0.07216494845360824,0.030927835051546393,0.12371134020618557,0.52,0.47,0.05,-0.01,0.11,0.81,0.76,0.05,0.01,0.1,0.6582278481012658,79,0.6351351351351351,0,100,0.0,81,0.0
llama-3.1-8b-instruct,dev,cure_centred_svd_r1_a0.25,cure_centred_svd,1,0.25,identity,bbq,exploratory,42,42,42,0.0,0.0,0.0,0.0,1.0,0.0,0.0,0.0,,,,0,0,0,42,,,,0.0012708638833714534,0.0012703483034340638,0.38461538461538464,0.358974358974359,0.02564102564102564,0.0,0.07692307692307693,0.4523809523809524,0.4523809523809524,0.0,0.0,0.0,0.6428571428571429,0.6428571428571429,0.0,0.0,0.0,0.76,25,0.76,0,42,0.0,27,0.0
llama-3.1-8b-instruct,dev,cure_centred_svd_r1_a0.25,cure_centred_svd,1,0.25,identity,crows_pairs,exploratory,30,30,30,0.0,0.0,0.0,0.0,1.0,0.0,0.0,0.0,,,,0,0,0,30,,,,0.001801856411746818,0.001803110530206539,0.4666666666666667,0.26666666666666666,0.2,0.06666666666666667,0.36666666666666664,0.7333333333333333,0.6,0.13333333333333333,0.0,0.3,0.9,0.8666666666666667,0.03333333333333333,0.0,0.1,0.8148148148148148,27,0.6923076923076923,0,30,0.0,27,0.0
llama-3.1-8b-instruct,dev,cure_centred_svd_r1_a0.25,cure_centred_svd,1,0.25,identity,stereoset,exploratory,28,28,28,0.0,0.0,0.0,0.0,1.0,0.0,0.0,0.0,,,,0,0,0,28,,,,0.0016690574662506159,0.0016693614296452778,0.42857142857142855,0.42857142857142855,0.0,0.0,0.0,0.39285714285714285,0.35714285714285715,0.03571428571428571,-0.07142857142857142,0.14285714285714285,0.9642857142857143,0.8214285714285714,0.14285714285714285,0.03571428571428571,0.2857142857142857,0.4074074074074074,27,0.43478260869565216,0,28,0.0,27,0.0
llama-3.1-8b-instruct,dev,cure_centred_svd_r1_a0.25,cure_centred_svd,1,0.25,neutral,pooled,exploratory,42,42,42,0.1246919177827381,0.14705403645833334,0.3333333333333333,0.5714285714285714,0.09523809523809523,-0.02236211867559524,-0.05370221819196429,0.00768461681547619,-0.17933895855671067,-0.4671289340646143,0.060456729846925135,0,0,0,42,,,,0.0032255699780530363,0.0021151139671339186,0.3717948717948718,0.358974358974359,0.01282051282051282,0.0,0.038461538461538464,0.4523809523809524,0.42857142857142855,0.023809523809523808,-0.023809523809523808,0.07142857142857142,0.6190476190476191,0.6190476190476191,0.0,-0.047619047619047616,0.047619047619047616,0.8,25,0.75,2,42,0.047619047619047616,25,0.08
llama-3.1-8b-instruct,dev,cure_centred_svd_r1_a0.25,cure_centred_svd,1,0.25,neutral,bbq,exploratory,42,42,42,0.1246919177827381,0.14705403645833334,0.3333333333333333,0.5714285714285714,0.09523809523809523,-0.02236211867559524,-0.05370221819196429,0.00768461681547619,-0.17933895855671067,-0.4671289340646143,0.060456729846925135,0,0,0,42,,,,0.0032255699780530363,0.0021151139671339186,0.3717948717948718,0.358974358974359,0.01282051282051282,0.0,0.038461538461538464,0.4523809523809524,0.42857142857142855,0.023809523809523808,-0.023809523809523808,0.07142857142857142,0.6190476190476191,0.6190476190476191,0.0,-0.047619047619047616,0.047619047619047616,0.8,25,0.75,2,42,0.047619047619047616,25,0.08
llama-3.1-8b-instruct,dev,cure_centred_svd_r1_a0.5,cure_centred_svd,1,0.5,demographic,pooled,exploratory,100,100,100,0.131817626953125,0.12148979187011719,0.51,0.44,0.05,0.010327835083007813,-0.009384677886962891,0.0310000991821289,0.07834942353104601,-0.07747448077613354,0.20406481407900706,2,2,0,98,1.0,1.0,1.0,0.0029747610460169765,0.0028621924268596626,0.4744897959183674,0.3520408163265306,0.12244897959183673,0.07142857142857142,0.17857142857142858,0.53,0.465,0.065,0.02,0.11,0.8,0.765,0.035,0.009875000000000007,0.065,0.6829268292682927,82,0.63125,12,100,0.12,77,0.15584415584415584
llama-3.1-8b-instruct,dev,cure_centred_svd_r1_a0.5,cure_centred_svd,1,0.5,demographic,bbq,exploratory,42,42,42,0.1263674781436012,0.14965674990699404,0.38095238095238093,0.5714285714285714,0.047619047619047616,-0.023289271763392856,-0.05673384893508184,0.01049165271577379,-0.18429798636107497,-0.5289963051701214,0.07229408955916718,0,0,0,42,,,,0.0026181891604853454,0.002413560480028025,0.4375,0.3875,0.05,0.0125,0.1,0.42857142857142855,0.42857142857142855,0.0,-0.03571428571428571,0.03571428571428571,0.6071428571428571,0.5952380952380952,0.011904761904761904,-0.023809523809523808,0.047619047619047616,0.75,26,0.78,3,42,0.07142857142857142,24,0.125
llama-3.1-8b-instruct,dev,cure_centred_svd_r1_a0.5,cure_centred_svd,1,0.5,demographic,crows_pairs,exploratory,30,30,30,0.08233235677083334,0.06063435872395833,0.6666666666666666,0.23333333333333334,0.1,0.021697998046875,-0.00110443115234375,0.04423487345377603,0.26354156370465553,-0.01534567248897346,0.4624627369475129,0,0,0,30,,,,0.003435140598585878,0.0033274756286873863,0.5666666666666667,0.23333333333333334,0.3333333333333333,0.21666666666666667,0.4666666666666667,0.8333333333333334,0.6166666666666667,0.21666666666666667,0.1,0.3333333333333333,0.9166666666666666,0.8833333333333333,0.03333333333333333,0.0,0.08333333333333333,0.9107142857142857,28,0.7037037037037037,5,30,0.16666666666666666,27,0.18518518518518517
llama-3.1-8b-instruct,dev,cure_centred_svd_r1_a0.5,cure_centred_svd,1,0.5,demographic,stereoset,exploratory,28,28,28,0.19301278250558035,0.1444416046142578,0.5357142857142857,0.4642857142857143,0.0,0.048571177891322544,0.007872833524431501,0.0954996449606759,0.251647467389463,0.05419689378860172,0.39091142054481803,2,2,0,26,1.0,1.0,1.0,0.0030163550679906006,0.0030366226308631275,0.42857142857142855,0.42857142857142855,0.0,0.0,0.0,0.35714285714285715,0.35714285714285715,0.0,-0.05357142857142857,0.05357142857142857,0.9642857142857143,0.8928571428571429,0.07142857142857142,0.017857142857142856,0.14285714285714285,0.39285714285714285,28,0.42857142857142855,4,28,0.14285714285714285,26,0.15384615384615385
llama-3.1-8b-instruct,dev,cure_centred_svd_r1_a0.5,cure_centred_svd,1,0.5,identity,pooled,exploratory,100,100,100,0.0,0.0,0.0,0.0,1.0,0.0,0.0,0.0,,,,0,0,0,100,,,,0.0029104591710095184,0.0029100302346187525,0.4639175257731959,0.35051546391752575,0.1134020618556701,0.05154639175257732,0.18556701030927836,0.53,0.47,0.06,0.0,0.12,0.83,0.76,0.07,0.02,0.12,0.654320987654321,81,0.6351351351351351,0,100,0.0,83,0.0
llama-3.1-8b-instruct,dev,cure_centred_svd_r1_a0.5,cure_centred_svd,1,0.5,identity,bbq,exploratory,42,42,42,0.0,0.0,0.0,0.0,1.0,0.0,0.0,0.0,,,,0,0,0,42,,,,0.002498208484091896,0.0024985854383622955,0.41025641025641024,0.358974358974359,0.05128205128205128,0.0,0.1282051282051282,0.4523809523809524,0.4523809523809524,0.0,0.0,0.0,0.6666666666666666,0.6428571428571429,0.023809523809523808,0.0,0.07142857142857142,0.7307692307692307,26,0.76,0,42,0.0,28,0.0
llama-3.1-8b-instruct,dev,cure_centred_svd_r1_a0.5,cure_centred_svd,1,0.5,identity,crows_pairs,exploratory,30,30,30,0.0,0.0,0.0,0.0,1.0,0.0,0.0,0.0,,,,0,0,0,30,,,,0.003263139277586356,0.003264221657525974,0.5666666666666667,0.26666666666666666,0.3,0.13333333333333333,0.4666666666666667,0.8,0.6,0.2,0.03333333333333333,0.36666666666666664,0.9333333333333333,0.8666666666666667,0.06666666666666667,0.0,0.16666666666666666,0.8571428571428571,28,0.6923076923076923,0,30,0.0,28,0.0
llama-3.1-8b-instruct,dev,cure_centred_svd_r1_a0.5,cure_centred_svd,1,0.5,identity,stereoset,exploratory,28,28,28,0.0,0.0,0.0,0.0,1.0,0.0,0.0,0.0,,,,0,0,0,28,,,,0.0031509636586250535,0.0031477066187456985,0.42857142857142855,0.42857142857142855,0.0,0.0,0.0,0.35714285714285715,0.35714285714285715,0.0,-0.10714285714285714,0.10714285714285714,0.9642857142857143,0.8214285714285714,0.14285714285714285,0.03571428571428571,0.2857142857142857,0.37037037037037035,27,0.43478260869565216,0,28,0.0,27,0.0
llama-3.1-8b-instruct,dev,cure_centred_svd_r1_a0.5,cure_centred_svd,1,0.5,neutral,pooled,exploratory,42,42,42,0.1246919177827381,0.11713990711030506,0.5238095238095238,0.38095238095238093,0.09523809523809523,0.007552010672433036,-0.021234176272437687,0.03485792250860305,0.060565358258356294,-0.18599865489596287,0.2611408107981488,0,0,0,42,,,,0.008542659128990337,0.005040161511898257,0.38461538461538464,0.358974358974359,0.02564102564102564,0.0,0.0641025641025641,0.4523809523809524,0.42857142857142855,0.023809523809523808,0.0,0.05952380952380952,0.6309523809523809,0.6190476190476191,0.011904761904761904,-0.023809523809523808,0.05952380952380952,0.7884615384615384,26,0.75,1,42,0.023809523809523808,25,0.04
llama-3.1-8b-instruct,dev,cure_centred_svd_r1_a0.5,cure_centred_svd,1,0.5,neutral,bbq,exploratory,42,42,42,0.1246919177827381,0.11713990711030506,0.5238095238095238,0.38095238095238093,0.09523809523809523,0.007552010672433036,-0.021234176272437687,0.03485792250860305,0.060565358258356294,-0.18599865489596287,0.2611408107981488,0,0,0,42,,,,0.008542659128990337,0.005040161511898257,0.38461538461538464,0.358974358974359,0.02564102564102564,0.0,0.0641025641025641,0.4523809523809524,0.42857142857142855,0.023809523809523808,0.0,0.05952380952380952,0.6309523809523809,0.6190476190476191,0.011904761904761904,-0.023809523809523808,0.05952380952380952,0.7884615384615384,26,0.75,1,42,0.023809523809523808,25,0.04
llama-3.1-8b-instruct,dev,cure_centred_svd_r1_a1,cure_centred_svd,1,1.0,demographic,pooled,exploratory,100,100,100,0.131817626953125,0.12096832275390625,0.5,0.42,0.08,0.01084930419921875,-0.012513969421386719,0.0337160720825195,0.08230541278881331,-0.11014684039948348,0.22961377550961612,2,2,0,98,1.0,1.0,1.0,0.00606508788724422,0.0057981899829027605,0.5102040816326531,0.3520408163265306,0.15816326530612246,0.09693877551020408,0.2193877551020408,0.545,0.465,0.08,0.03,0.13,0.795,0.765,0.03,-0.005,0.065,0.7012195121951219,82,0.63125,8,100,0.08,76,0.10526315789473684
llama-3.1-8b-instruct,dev,cure_centred_svd_r1_a1,cure_centred_svd,1,1.0,demographic,bbq,exploratory,42,42,42,0.1263674781436012,0.15004984537760416,0.42857142857142855,0.5714285714285714,0.0,-0.023682367234002976,-0.0606324695405506,0.014071618942987345,-0.18740871925204416,-0.5914582392765871,0.09867028618116226,0,0,0,42,,,,0.006035739895824556,0.005517081767994109,0.45,0.3875,0.0625,0.0125,0.1125,0.42857142857142855,0.42857142857142855,0.0,-0.03571428571428571,0.03571428571428571,0.6071428571428571,0.5952380952380952,0.011904761904761904,-0.023809523809523808,0.047619047619047616,0.75,26,0.78,2,42,0.047619047619047616,24,0.08333333333333333
llama-3.1-8b-instruct,dev,cure_centred_svd_r1_a1,cure_centred_svd,1,1.0,demographic,crows_pairs,exploratory,30,30,30,0.08233235677083334,0.06609090169270833,0.43333333333333335,0.3,0.26666666666666666,0.016241455078125,-0.0041426595052083326,0.03925537109374999,0.19726697637639612,-0.06518815550658318,0.3869801050408989,0,0,0,30,,,,0.006280578411080155,0.006096407047690876,0.6666666666666666,0.23333333333333334,0.43333333333333335,0.3,0.5833333333333334,0.8333333333333334,0.6166666666666667,0.21666666666666667,0.08333333333333333,0.35,0.8833333333333333,0.8833333333333333,0.0,-0.06666666666666667,0.06666666666666667,0.9285714285714286,28,0.7037037037037037,2,30,0.06666666666666667,25,0.08
llama-3.1-8b-instruct,dev,cure_centred_svd_r1_a1,cure_centred_svd,1,1.0,demographic,stereoset,exploratory,28,28,28,0.19301278250558035,0.13614327566964285,0.6785714285714286,0.32142857142857145,0.0,0.0568695068359375,0.0017539433070591522,0.10762944902692519,0.2946411429216782,0.012345922998129132,0.46590337057540726,2,2,0,26,1.0,1.0,1.0,0.005878227170263791,0.005900334021564188,0.42857142857142855,0.42857142857142855,0.0,0.0,0.0,0.4107142857142857,0.35714285714285715,0.05357142857142857,-0.017857142857142856,0.125,0.9821428571428571,0.8928571428571429,0.08928571428571429,0.017857142857142856,0.16071428571428573,0.42857142857142855,28,0.42857142857142855,4,28,0.14285714285714285,27,0.14814814814814814
llama-3.1-8b-instruct,dev,cure_centred_svd_r1_a1,cure_centred_svd,1,1.0,identity,pooled,exploratory,100,100,100,0.0,0.0,0.0,0.0,1.0,0.0,0.0,0.0,,,,0,0,0,100,,,,0.005861758111384832,0.005861183826403877,0.4845360824742268,0.35051546391752575,0.13402061855670103,0.07216494845360824,0.20618556701030927,0.53,0.47,0.06,-0.01,0.13,0.82,0.76,0.06,0.0,0.12,0.6625,80,0.6351351351351351,0,100,0.0,82,0.0
llama-3.1-8b-instruct,dev,cure_centred_svd_r1_a1,cure_centred_svd,1,1.0,identity,bbq,exploratory,42,42,42,0.0,0.0,0.0,0.0,1.0,0.0,0.0,0.0,,,,0,0,0,42,,,,0.005517007166719478,0.005516160208211656,0.41025641025641024,0.358974358974359,0.05128205128205128,0.0,0.1282051282051282,0.42857142857142855,0.4523809523809524,-0.023809523809523808,-0.07142857142857142,0.0,0.6428571428571429,0.6428571428571429,0.0,-0.07142857142857142,0.07142857142857142,0.72,25,0.76,0,42,0.0,27,0.0
llama-3.1-8b-instruct,dev,cure_centred_svd_r1_a1,cure_centred_svd,1,1.0,identity,crows_pairs,exploratory,30,30,30,0.0,0.0,0.0,0.0,1.0,0.0,0.0,0.0,,,,0,0,0,30,,,,0.006076392466086199,0.006078934256559078,0.6333333333333333,0.26666666666666666,0.36666666666666664,0.2,0.5333333333333333,0.8,0.6,0.2,0.03333333333333333,0.36666666666666664,0.9,0.8666666666666667,0.03333333333333333,-0.06666666666666667,0.1341666666666621,0.8888888888888888,27,0.6923076923076923,0,30,0.0,27,0.0
llama-3.1-8b-instruct,dev,cure_centred_svd_r1_a1,cure_centred_svd,1,1.0,identity,stereoset,exploratory,28,28,28,0.0,0.0,0.0,0.0,1.0,0.0,0.0,0.0,,,,0,0,0,28,,,,0.006148919148345683,0.006145415221383062,0.42857142857142855,0.42857142857142855,0.0,0.0,0.0,0.39285714285714285,0.35714285714285715,0.03571428571428571,-0.07142857142857142,0.14285714285714285,1.0,0.8214285714285714,0.17857142857142858,0.03571428571428571,0.32142857142857145,0.39285714285714285,28,0.43478260869565216,0,28,0.0,28,0.0
llama-3.1-8b-instruct,dev,cure_centred_svd_r1_a1,cure_centred_svd,1,1.0,neutral,pooled,exploratory,42,42,42,0.1246919177827381,0.14103335425967262,0.40476190476190477,0.5952380952380952,0.0,-0.016341436476934524,-0.051072002592540924,0.019806271507626472,-0.1310544962938791,-0.4474752157485294,0.14609737883278628,0,0,0,42,,,,0.02058404075707878,0.012595699634938536,0.44871794871794873,0.358974358974359,0.08974358974358974,0.02564102564102564,0.16666666666666666,0.4523809523809524,0.42857142857142855,0.023809523809523808,0.0,0.05952380952380952,0.6190476190476191,0.6190476190476191,0.0,-0.03571428571428571,0.03571428571428571,0.8,25,0.75,2,42,0.047619047619047616,25,0.08
llama-3.1-8b-instruct,dev,cure_centred_svd_r1_a1,cure_centred_svd,1,1.0,neutral,bbq,exploratory,42,42,42,0.1246919177827381,0.14103335425967262,0.40476190476190477,0.5952380952380952,0.0,-0.016341436476934524,-0.051072002592540924,0.019806271507626472,-0.1310544962938791,-0.4474752157485294,0.14609737883278628,0,0,0,42,,,,0.02058404075707878,0.012595699634938536,0.44871794871794873,0.358974358974359,0.08974358974358974,0.02564102564102564,0.16666666666666666,0.4523809523809524,0.42857142857142855,0.023809523809523808,0.0,0.05952380952380952,0.6190476190476191,0.6190476190476191,0.0,-0.03571428571428571,0.03571428571428571,0.8,25,0.75,2,42,0.047619047619047616,25,0.08
llama-3.1-8b-instruct,dev,cure_centred_svd_r2_a1,cure_centred_svd,2,1.0,demographic,pooled,exploratory,100,100,100,0.131817626953125,0.10526596069335938,0.52,0.43,0.05,0.026551666259765624,-0.00038612365722656217,0.05611310958862302,0.20142728156688428,-0.003511761506554042,0.35989025855977547,2,2,0,98,1.0,1.0,1.0,0.010149162816172898,0.0094433006444626,0.5306122448979592,0.3520408163265306,0.17857142857142858,0.11224489795918367,0.25,0.555,0.465,0.09,0.03,0.15,0.805,0.765,0.04,0.005,0.08,0.6987951807228916,83,0.63125,8,100,0.08,77,0.1038961038961039
llama-3.1-8b-instruct,dev,cure_centred_svd_r2_a1,cure_centred_svd,2,1.0,demographic,bbq,exploratory,42,42,42,0.1263674781436012,0.14413561139787948,0.40476190476190477,0.5238095238095238,0.07142857142857142,-0.017768133254278274,-0.05834966387067522,0.023672984895252,-0.1406068516623158,-0.5523346798822028,0.15784719887261892,0,0,0,42,,,,0.011910263972103813,0.01059446637735774,0.45,0.3875,0.0625,0.0,0.1375,0.42857142857142855,0.42857142857142855,0.0,-0.047619047619047616,0.05952380952380952,0.6428571428571429,0.5952380952380952,0.047619047619047616,-0.011904761904761904,0.11904761904761904,0.6785714285714286,28,0.78,3,42,0.07142857142857142,25,0.12
llama-3.1-8b-instruct,dev,cure_centred_svd_r2_a1,cure_centred_svd,2,1.0,demographic,crows_pairs,exploratory,30,30,30,0.08233235677083334,0.06800130208333334,0.5,0.43333333333333335,0.06666666666666667,0.0143310546875,-0.011582438151041666,0.043441975911458326,0.1740634575467036,-0.19919346018877984,0.3930656082253587,0,0,0,30,,,,0.008740327290062496,0.008406684058103138,0.7333333333333333,0.23333333333333334,0.5,0.36666666666666664,0.6333333333333333,0.8333333333333334,0.6166666666666667,0.21666666666666667,0.1,0.35,0.8666666666666667,0.8833333333333333,-0.016666666666666666,-0.08333333333333333,0.03333333333333333,0.9629629629629629,27,0.7037037037037037,2,30,0.06666666666666667,25,0.08
llama-3.1-8b-instruct,dev,cure_centred_svd_r2_a1,cure_centred_svd,2,1.0,demographic,stereoset,exploratory,28,28,28,0.19301278250558035,0.08688790457589286,0.7142857142857143,0.2857142857142857,0.0,0.1061248779296875,0.0467552730015346,0.17828063964843746,0.5498334180360269,0.3645183027356708,0.6802850706148496,2,2,0,26,1.0,1.0,1.0,0.00901697771739482,0.008827212673362167,0.42857142857142855,0.42857142857142855,0.0,0.0,0.0,0.44642857142857145,0.35714285714285715,0.08928571428571429,-0.017857142857142856,0.21428571428571427,0.9821428571428571,0.8928571428571429,0.08928571428571429,0.017857142857142856,0.16071428571428573,0.4642857142857143,28,0.42857142857142855,3,28,0.10714285714285714,27,0.1111111111111111
llama-3.1-8b-instruct,dev,cure_centred_svd_r2_a1,cure_centred_svd,2,1.0,identity,pooled,exploratory,100,100,100,0.0,0.0,0.0,0.0,1.0,0.0,0.0,0.0,,,,0,0,0,100,,,,0.008871486193010533,0.00887567247580922,0.5154639175257731,0.35051546391752575,0.16494845360824742,0.09278350515463918,0.23711340206185566,0.53,0.47,0.06,-0.02,0.14,0.81,0.76,0.05,-0.01,0.11,0.6708860759493671,79,0.6351351351351351,0,100,0.0,81,0.0
llama-3.1-8b-instruct,dev,cure_centred_svd_r2_a1,cure_centred_svd,2,1.0,identity,bbq,exploratory,42,42,42,0.0,0.0,0.0,0.0,1.0,0.0,0.0,0.0,,,,0,0,0,42,,,,0.009594422369123492,0.009601046263502996,0.41025641025641024,0.358974358974359,0.05128205128205128,0.0,0.1282051282051282,0.40476190476190477,0.4523809523809524,-0.047619047619047616,-0.11904761904761904,0.0,0.6666666666666666,0.6428571428571429,0.023809523809523808,-0.047619047619047616,0.11904761904761904,0.6538461538461539,26,0.76,0,42,0.0,28,0.0
llama-3.1-8b-instruct,dev,cure_centred_svd_r2_a1,cure_centred_svd,2,1.0,identity,crows_pairs,exploratory,30,30,30,0.0,0.0,0.0,0.0,1.0,0.0,0.0,0.0,,,,0,0,0,30,,,,0.008122295174958464,0.00812573869631609,0.7333333333333333,0.26666666666666666,0.4666666666666667,0.3,0.6333333333333333,0.7666666666666667,0.6,0.16666666666666666,0.0,0.3333333333333333,0.8333333333333334,0.8666666666666667,-0.03333333333333333,-0.16666666666666666,0.06666666666666667,0.92,25,0.6923076923076923,0,30,0.0,25,0.0
llama-3.1-8b-instruct,dev,cure_centred_svd_r2_a1,cure_centred_svd,2,1.0,identity,stereoset,exploratory,28,28,28,0.0,0.0,0.0,0.0,1.0,0.0,0.0,0.0,,,,0,0,0,28,,,,0.008589786591039737,0.008591112272296902,0.42857142857142855,0.42857142857142855,0.0,0.0,0.0,0.4642857142857143,0.35714285714285715,0.10714285714285714,-0.07142857142857142,0.2857142857142857,1.0,0.8214285714285714,0.17857142857142858,0.03571428571428571,0.32142857142857145,0.4642857142857143,28,0.43478260869565216,0,28,0.0,28,0.0
llama-3.1-8b-instruct,dev,cure_centred_svd_r2_a1,cure_centred_svd,2,1.0,neutral,pooled,exploratory,42,42,42,0.1246919177827381,0.14333316258021764,0.40476190476190477,0.5476190476190477,0.047619047619047616,-0.01864124479747954,-0.050416782924107145,0.016819349924723257,-0.14949842081954223,-0.462849709201505,0.12414323007134337,0,0,0,42,,,,0.025336806761779122,0.01650848716978765,0.46153846153846156,0.358974358974359,0.10256410256410256,0.02564102564102564,0.19230769230769232,0.42857142857142855,0.42857142857142855,0.0,-0.03571428571428571,0.03571428571428571,0.6190476190476191,0.6190476190476191,0.0,-0.03571428571428571,0.03571428571428571,0.76,25,0.75,0,42,0.0,25,0.0
llama-3.1-8b-instruct,dev,cure_centred_svd_r2_a1,cure_centred_svd,2,1.0,neutral,bbq,exploratory,42,42,42,0.1246919177827381,0.14333316258021764,0.40476190476190477,0.5476190476190477,0.047619047619047616,-0.01864124479747954,-0.050416782924107145,0.016819349924723257,-0.14949842081954223,-0.462849709201505,0.12414323007134337,0,0,0,42,,,,0.025336806761779122,0.01650848716978765,0.46153846153846156,0.358974358974359,0.10256410256410256,0.02564102564102564,0.19230769230769232,0.42857142857142855,0.42857142857142855,0.0,-0.03571428571428571,0.03571428571428571,0.6190476190476191,0.6190476190476191,0.0,-0.03571428571428571,0.03571428571428571,0.76,25,0.75,0,42,0.0,25,0.0
llama-3.1-8b-instruct,dev,cure_centred_svd_r4_a1,cure_centred_svd,4,1.0,demographic,pooled,exploratory,100,100,100,0.131817626953125,0.09444580078125,0.5,0.43,0.07,0.037371826171875,0.009924774169921874,0.06681715393066405,0.28351159883317123,0.09221694096091468,0.4289397748941122,2,2,0,98,1.0,1.0,1.0,0.015835012445237644,0.014460638780159806,0.5255102040816326,0.3520408163265306,0.17346938775510204,0.10714285714285714,0.24489795918367346,0.545,0.465,0.08,0.015,0.145,0.8,0.765,0.035,0.0,0.075,0.6987951807228916,83,0.63125,6,100,0.06,76,0.07894736842105263
llama-3.1-8b-instruct,dev,cure_centred_svd_r4_a1,cure_centred_svd,4,1.0,demographic,bbq,exploratory,42,42,42,0.1263674781436012,0.12553478422619047,0.38095238095238093,0.5714285714285714,0.047619047619047616,0.0008326939174107143,-0.038856796991257436,0.0421382359095982,0.006589463757949332,-0.38487001698510864,0.2793799359434852,0,0,0,42,,,,0.018133494652254653,0.015651358623740102,0.4625,0.3875,0.075,0.0,0.1625,0.42857142857142855,0.42857142857142855,0.0,-0.07142857142857142,0.07142857142857142,0.6309523809523809,0.5952380952380952,0.03571428571428571,-0.023809523809523808,0.10714285714285714,0.7037037037037037,27,0.78,2,42,0.047619047619047616,25,0.08
llama-3.1-8b-instruct,dev,cure_centred_svd_r4_a1,cure_centred_svd,4,1.0,demographic,crows_pairs,exploratory,30,30,30,0.08233235677083334,0.06471354166666667,0.5,0.3333333333333333,0.16666666666666666,0.017618815104166668,-0.006398111979166667,0.046630859375,0.21399624394583372,-0.10264037607730486,0.40729323452112043,0,0,0,30,,,,0.012728796572573146,0.012298529809797095,0.7,0.23333333333333334,0.4666666666666667,0.3333333333333333,0.6,0.85,0.6166666666666667,0.23333333333333334,0.11625000000000002,0.36666666666666664,0.8833333333333333,0.8833333333333333,0.0,-0.06666666666666667,0.06666666666666667,0.9642857142857143,28,0.7037037037037037,2,30,0.06666666666666667,25,0.08
llama-3.1-8b-instruct,dev,cure_centred_svd_r4_a1,cure_centred_svd,4,1.0,demographic,stereoset,exploratory,28,28,28,0.19301278250558035,0.07966831752232142,0.6785714285714286,0.32142857142857145,0.0,0.11334446498325892,0.05146991184779576,0.18484115600585932,0.5872381275057881,0.3954587642538705,0.709899360231151,2,2,0,26,1.0,1.0,1.0,0.01571537756970978,0.01499110434017798,0.42857142857142855,0.42857142857142855,0.0,0.0,0.0,0.39285714285714285,0.35714285714285715,0.03571428571428571,-0.08928571428571429,0.16071428571428573,0.9642857142857143,0.8928571428571429,0.07142857142857142,0.0,0.16071428571428573,0.42857142857142855,28,0.42857142857142855,2,28,0.07142857142857142,26,0.07692307692307693
llama-3.1-8b-instruct,dev,cure_centred_svd_r4_a1,cure_centred_svd,4,1.0,identity,pooled,exploratory,100,100,100,0.0,0.0,0.0,0.0,1.0,0.0,0.0,0.0,,,,0,0,0,100,,,,0.013787213503168153,0.013779516987611555,0.5154639175257731,0.35051546391752575,0.16494845360824742,0.09278350515463918,0.24742268041237114,0.53,0.47,0.06,-0.02,0.15,0.81,0.76,0.05,-0.01,0.11024999999999864,0.6708860759493671,79,0.6351351351351351,0,100,0.0,81,0.0
llama-3.1-8b-instruct,dev,cure_centred_svd_r4_a1,cure_centred_svd,4,1.0,identity,bbq,exploratory,42,42,42,0.0,0.0,0.0,0.0,1.0,0.0,0.0,0.0,,,,0,0,0,42,,,,0.014501821152608512,0.014485331870611986,0.4358974358974359,0.358974358974359,0.07692307692307693,0.0,0.1794871794871795,0.40476190476190477,0.4523809523809524,-0.047619047619047616,-0.11904761904761904,0.0,0.6428571428571429,0.6428571428571429,0.0,-0.07142857142857142,0.07142857142857142,0.68,25,0.76,0,42,0.0,27,0.0
llama-3.1-8b-instruct,dev,cure_centred_svd_r4_a1,cure_centred_svd,4,1.0,identity,crows_pairs,exploratory,30,30,30,0.0,0.0,0.0,0.0,1.0,0.0,0.0,0.0,,,,0,0,0,30,,,,0.0121859498718691,0.012186463046002061,0.7,0.26666666666666666,0.43333333333333335,0.26666666666666666,0.6,0.8,0.6,0.2,0.03333333333333333,0.36666666666666664,0.8666666666666667,0.8666666666666667,0.0,-0.13333333333333333,0.13333333333333333,0.9230769230769231,26,0.6923076923076923,0,30,0.0,26,0.0
llama-3.1-8b-instruct,dev,cure_centred_svd_r4_a1,cure_centred_svd,4,1.0,identity,stereoset,exploratory,28,28,28,0.0,0.0,0.0,0.0,1.0,0.0,0.0,0.0,,,,0,0,0,28,,,,0.014430941633970877,0.014427638171978218,0.42857142857142855,0.42857142857142855,0.0,0.0,0.0,0.42857142857142855,0.35714285714285715,0.07142857142857142,-0.10714285714285714,0.2857142857142857,1.0,0.8214285714285714,0.17857142857142858,0.03571428571428571,0.32142857142857145,0.42857142857142855,28,0.43478260869565216,0,28,0.0,28,0.0
llama-3.1-8b-instruct,dev,cure_centred_svd_r4_a1,cure_centred_svd,4,1.0,neutral,pooled,exploratory,42,42,42,0.1246919177827381,0.13203938802083334,0.5,0.4523809523809524,0.047619047619047616,-0.007347470238095238,-0.05089474632626488,0.03389514741443452,-0.058924991841872165,-0.4136744471005663,0.2665218480203607,0,0,1,42,,,,0.028935062992410283,0.021037571850372742,0.47435897435897434,0.358974358974359,0.11538461538461539,0.02564102564102564,0.21794871794871795,0.44047619047619047,0.42857142857142855,0.011904761904761904,-0.023809523809523808,0.05952380952380952,0.6428571428571429,0.6190476190476191,0.023809523809523808,-0.023809523809523808,0.07142857142857142,0.7307692307692307,26,0.75,0,42,0.0,26,0.0
llama-3.1-8b-instruct,dev,cure_centred_svd_r4_a1,cure_centred_svd,4,1.0,neutral,bbq,exploratory,42,42,42,0.1246919177827381,0.13203938802083334,0.5,0.4523809523809524,0.047619047619047616,-0.007347470238095238,-0.05089474632626488,0.03389514741443452,-0.058924991841872165,-0.4136744471005663,0.2665218480203607,0,0,1,42,,,,0.028935062992410283,0.021037571850372742,0.47435897435897434,0.358974358974359,0.11538461538461539,0.02564102564102564,0.21794871794871795,0.44047619047619047,0.42857142857142855,0.011904761904761904,-0.023809523809523808,0.05952380952380952,0.6428571428571429,0.6190476190476191,0.023809523809523808,-0.023809523809523808,0.07142857142857142,0.7307692307692307,26,0.75,0,42,0.0,26,0.0
llama-3.1-8b-instruct,dev,identity_alpha0_r1_a0,identity_alpha0,1,0.0,demographic,pooled,exploratory,100,100,100,0.131817626953125,0.131817626953125,0.0,0.0,1.0,0.0,0.0,0.0,0.0,0.0,0.0,2,0,0,98,0.0,0.0,0.0,0.0,0.0,0.3520408163265306,0.3520408163265306,0.0,0.0,0.0,0.465,0.465,0.0,0.0,0.0,0.765,0.765,0.0,0.0,0.0,0.63125,80,0.63125,15,100,0.15,72,0.20833333333333334
llama-3.1-8b-instruct,dev,identity_alpha0_r1_a0,identity_alpha0,1,0.0,demographic,bbq,exploratory,42,42,42,0.1263674781436012,0.1263674781436012,0.0,0.0,1.0,0.0,0.0,0.0,0.0,0.0,0.0,0,0,0,42,,,,0.0,0.0,0.3875,0.3875,0.0,0.0,0.0,0.42857142857142855,0.42857142857142855,0.0,0.0,0.0,0.5952380952380952,0.5952380952380952,0.0,0.0,0.0,0.78,25,0.78,3,42,0.07142857142857142,24,0.125
llama-3.1-8b-instruct,dev,identity_alpha0_r1_a0,identity_alpha0,1,0.0,demographic,crows_pairs,exploratory,30,30,30,0.08233235677083334,0.08233235677083334,0.0,0.0,1.0,0.0,0.0,0.0,0.0,0.0,0.0,0,0,0,30,,,,0.0,0.0,0.23333333333333334,0.23333333333333334,0.0,0.0,0.0,0.6166666666666667,0.6166666666666667,0.0,0.0,0.0,0.8833333333333333,0.8833333333333333,0.0,0.0,0.0,0.7037037037037037,27,0.7037037037037037,8,30,0.26666666666666666,26,0.3076923076923077
llama-3.1-8b-instruct,dev,identity_alpha0_r1_a0,identity_alpha0,1,0.0,demographic,stereoset,exploratory,28,28,28,0.19301278250558035,0.19301278250558035,0.0,0.0,1.0,0.0,0.0,0.0,0.0,0.0,0.0,2,0,0,26,0.0,0.0,0.0,0.0,0.0,0.42857142857142855,0.42857142857142855,0.0,0.0,0.0,0.35714285714285715,0.35714285714285715,0.0,0.0,0.0,0.8928571428571429,0.8928571428571429,0.0,0.0,0.0,0.42857142857142855,28,0.42857142857142855,4,28,0.14285714285714285,22,0.18181818181818182
llama-3.1-8b-instruct,dev,identity_alpha0_r1_a0,identity_alpha0,1,0.0,identity,pooled,exploratory,100,100,100,0.0,0.0,0.0,0.0,1.0,0.0,0.0,0.0,,,,0,0,0,100,,,,0.0,0.0,0.35051546391752575,0.35051546391752575,0.0,0.0,0.0,0.47,0.47,0.0,0.0,0.0,0.76,0.76,0.0,0.0,0.0,0.6351351351351351,74,0.6351351351351351,0,100,0.0,76,0.0
llama-3.1-8b-instruct,dev,identity_alpha0_r1_a0,identity_alpha0,1,0.0,identity,bbq,exploratory,42,42,42,0.0,0.0,0.0,0.0,1.0,0.0,0.0,0.0,,,,0,0,0,42,,,,0.0,0.0,0.358974358974359,0.358974358974359,0.0,0.0,0.0,0.4523809523809524,0.4523809523809524,0.0,0.0,0.0,0.6428571428571429,0.6428571428571429,0.0,0.0,0.0,0.76,25,0.76,0,42,0.0,27,0.0
llama-3.1-8b-instruct,dev,identity_alpha0_r1_a0,identity_alpha0,1,0.0,identity,crows_pairs,exploratory,30,30,30,0.0,0.0,0.0,0.0,1.0,0.0,0.0,0.0,,,,0,0,0,30,,,,0.0,0.0,0.26666666666666666,0.26666666666666666,0.0,0.0,0.0,0.6,0.6,0.0,0.0,0.0,0.8666666666666667,0.8666666666666667,0.0,0.0,0.0,0.6923076923076923,26,0.6923076923076923,0,30,0.0,26,0.0
llama-3.1-8b-instruct,dev,identity_alpha0_r1_a0,identity_alpha0,1,0.0,identity,stereoset,exploratory,28,28,28,0.0,0.0,0.0,0.0,1.0,0.0,0.0,0.0,,,,0,0,0,28,,,,0.0,0.0,0.42857142857142855,0.42857142857142855,0.0,0.0,0.0,0.35714285714285715,0.35714285714285715,0.0,0.0,0.0,0.8214285714285714,0.8214285714285714,0.0,0.0,0.0,0.43478260869565216,23,0.43478260869565216,0,28,0.0,23,0.0
llama-3.1-8b-instruct,dev,identity_alpha0_r1_a0,identity_alpha0,1,0.0,neutral,pooled,exploratory,42,42,42,0.1246919177827381,0.1246919177827381,0.0,0.0,1.0,0.0,0.0,0.0,0.0,0.0,0.0,0,0,0,42,,,,0.0,0.0,0.358974358974359,0.358974358974359,0.0,0.0,0.0,0.42857142857142855,0.42857142857142855,0.0,0.0,0.0,0.6190476190476191,0.6190476190476191,0.0,0.0,0.0,0.75,26,0.75,3,42,0.07142857142857142,24,0.125
llama-3.1-8b-instruct,dev,identity_alpha0_r1_a0,identity_alpha0,1,0.0,neutral,bbq,exploratory,42,42,42,0.1246919177827381,0.1246919177827381,0.0,0.0,1.0,0.0,0.0,0.0,0.0,0.0,0.0,0,0,0,42,,,,0.0,0.0,0.358974358974359,0.358974358974359,0.0,0.0,0.0,0.42857142857142855,0.42857142857142855,0.0,0.0,0.0,0.6190476190476191,0.6190476190476191,0.0,0.0,0.0,0.75,26,0.75,3,42,0.07142857142857142,24,0.125
llama-3.1-8b-instruct,dev,leace_faithful_r1_a1,leace_faithful,1,1.0,demographic,pooled,exploratory,100,100,100,0.131817626953125,0.13801513671875,0.43,0.49,0.08,-0.006197509765625,-0.020318954467773438,0.008639663696289055,-0.047015789229985616,-0.16573699324628974,0.0641963779673931,2,1,0,98,0.5,0.0,1.0,0.0009110542764319275,0.0009370587005241461,0.3520408163265306,0.3520408163265306,0.0,-0.02040816326530612,0.02040816326530612,0.48,0.465,0.015,0.0,0.035,0.78,0.765,0.015,0.0,0.035,0.6402439024390244,82,0.63125,13,100,0.13,73,0.1780821917808219
llama-3.1-8b-instruct,dev,leace_faithful_r1_a1,leace_faithful,1,1.0,demographic,bbq,exploratory,42,42,42,0.1263674781436012,0.13508823939732142,0.35714285714285715,0.5714285714285714,0.07142857142857142,-0.008720761253720238,-0.030210622151692706,0.013091350737072169,-0.0690111204388375,-0.29767926614377715,0.08563343889384234,0,0,0,42,,,,0.0009544109776604749,0.0010044273313886919,0.3875,0.3875,0.0,0.0,0.0,0.44047619047619047,0.42857142857142855,0.011904761904761904,0.0,0.03571428571428571,0.6190476190476191,0.5952380952380952,0.023809523809523808,0.0,0.05952380952380952,0.7592592592592593,27,0.78,3,42,0.07142857142857142,24,0.125
llama-3.1-8b-instruct,dev,leace_faithful_r1_a1,leace_faithful,1,1.0,demographic,crows_pairs,exploratory,30,30,30,0.08233235677083334,0.09267171223958333,0.43333333333333335,0.43333333333333335,0.13333333333333333,-0.01033935546875,-0.03413370768229167,0.012173563639322855,-0.1255807057428091,-0.4521130493366885,0.15123811144531585,0,0,0,30,,,,0.0009283092380946105,0.0009822999268562455,0.23333333333333334,0.23333333333333334,0.0,-0.06666666666666667,0.06666666666666667,0.65,0.6166666666666667,0.03333333333333333,0.0,0.08333333333333333,0.8833333333333333,0.8833333333333333,0.0,0.0,0.0,0.7407407407407407,27,0.7037037037037037,6,30,0.2,26,0.23076923076923078
llama-3.1-8b-instruct,dev,leace_faithful_r1_a1,leace_faithful,1,1.0,demographic,stereoset,exploratory,28,28,28,0.19301278250558035,0.19098772321428573,0.5357142857142857,0.42857142857142855,0.03571428571428571,0.002025059291294643,-0.03030259268624442,0.032754080636160705,0.010491840307188416,-0.16408457865132373,0.18318285936756878,2,1,0,26,0.5,0.0,1.0,0.000827531765664803,0.0007875330117286492,0.42857142857142855,0.42857142857142855,0.0,0.0,0.0,0.35714285714285715,0.35714285714285715,0.0,0.0,0.0,0.9107142857142857,0.8928571428571429,0.017857142857142856,0.0,0.05357142857142857,0.42857142857142855,28,0.42857142857142855,4,28,0.14285714285714285,23,0.17391304347826086
llama-3.1-8b-instruct,dev,leace_faithful_r1_a1,leace_faithful,1,1.0,identity,pooled,exploratory,100,100,100,0.0,0.0,0.0,0.0,1.0,0.0,0.0,0.0,,,,0,0,0,100,,,,0.0009353684139467608,0.0009361421280064938,0.35051546391752575,0.35051546391752575,0.0,-0.030927835051546393,0.030927835051546393,0.48,0.47,0.01,0.0,0.03,0.77,0.76,0.01,0.0,0.03,0.64,75,0.6351351351351351,0,100,0.0,77,0.0
llama-3.1-8b-instruct,dev,leace_faithful_r1_a1,leace_faithful,1,1.0,identity,bbq,exploratory,42,42,42,0.0,0.0,0.0,0.0,1.0,0.0,0.0,0.0,,,,0,0,0,42,,,,0.0010020299913070289,0.0010022927516020878,0.358974358974359,0.358974358974359,0.0,0.0,0.0,0.4523809523809524,0.4523809523809524,0.0,0.0,0.0,0.6428571428571429,0.6428571428571429,0.0,0.0,0.0,0.76,25,0.76,0,42,0.0,27,0.0
llama-3.1-8b-instruct,dev,leace_faithful_r1_a1,leace_faithful,1,1.0,identity,crows_pairs,exploratory,30,30,30,0.0,0.0,0.0,0.0,1.0,0.0,0.0,0.0,,,,0,0,0,30,,,,0.001027229283378472,0.0010278503151765436,0.26666666666666666,0.26666666666666666,0.0,-0.1,0.1,0.6333333333333333,0.6,0.03333333333333333,0.0,0.1,0.8666666666666667,0.8666666666666667,0.0,0.0,0.0,0.7307692307692307,26,0.6923076923076923,0,30,0.0,26,0.0
llama-3.1-8b-instruct,dev,leace_faithful_r1_a1,leace_faithful,1,1.0,identity,stereoset,exploratory,28,28,28,0.0,0.0,0.0,0.0,1.0,0.0,0.0,0.0,,,,0,0,0,28,,,,0.0007369536878009546,0.0007386574206451926,0.42857142857142855,0.42857142857142855,0.0,0.0,0.0,0.35714285714285715,0.35714285714285715,0.0,0.0,0.0,0.8571428571428571,0.8214285714285714,0.03571428571428571,0.0,0.10714285714285714,0.4166666666666667,24,0.43478260869565216,0,28,0.0,24,0.0
llama-3.1-8b-instruct,dev,leace_faithful_r1_a1,leace_faithful,1,1.0,neutral,pooled,exploratory,42,42,42,0.1246919177827381,0.12844181060791016,0.5238095238095238,0.4523809523809524,0.023809523809523808,-0.0037498928251720612,-0.031881088302249005,0.025145839509509854,-0.030073262901496367,-0.29934241720055194,0.18432034228568403,0,0,0,42,,,,0.0005404039132544238,0.0007964358905837542,0.358974358974359,0.358974358974359,0.0,0.0,0.0,0.44047619047619047,0.42857142857142855,0.011904761904761904,-0.024107142857142837,0.05952380952380952,0.6309523809523809,0.6190476190476191,0.011904761904761904,-0.03571428571428571,0.05952380952380952,0.75,26,0.75,3,42,0.07142857142857142,25,0.12
llama-3.1-8b-instruct,dev,leace_faithful_r1_a1,leace_faithful,1,1.0,neutral,bbq,exploratory,42,42,42,0.1246919177827381,0.12844181060791016,0.5238095238095238,0.4523809523809524,0.023809523809523808,-0.0037498928251720612,-0.031881088302249005,0.025145839509509854,-0.030073262901496367,-0.29934241720055194,0.18432034228568403,0,0,0,42,,,,0.0005404039132544238,0.0007964358905837542,0.358974358974359,0.358974358974359,0.0,0.0,0.0,0.44047619047619047,0.42857142857142855,0.011904761904761904,-0.024107142857142837,0.05952380952380952,0.6309523809523809,0.6190476190476191,0.011904761904761904,-0.03571428571428571,0.05952380952380952,0.75,26,0.75,3,42,0.07142857142857142,25,0.12
llama-3.1-8b-instruct,dev,leace_sequential_r1_a1,leace_sequential,1,1.0,demographic,pooled,exploratory,100,100,100,0.131817626953125,0.1369329833984375,0.43,0.49,0.08,-0.0051153564453125,-0.020315032958984375,0.010757553100585907,-0.03880631569199422,-0.16454640517948935,0.07932758506211203,2,1,0,98,0.5,0.0,1.0,0.0009980773615240709,0.0008968638980251741,0.3520408163265306,0.3520408163265306,0.0,-0.02040816326530612,0.02040816326530612,0.47,0.465,0.005,-0.01,0.02,0.77,0.765,0.005,-0.01,0.02,0.6341463414634146,82,0.63125,14,100,0.14,71,0.19718309859154928
llama-3.1-8b-instruct,dev,leace_sequential_r1_a1,leace_sequential,1,1.0,demographic,bbq,exploratory,42,42,42,0.1263674781436012,0.13650948660714285,0.40476190476190477,0.5476190476190477,0.047619047619047616,-0.010142008463541666,-0.03334466843377976,0.015141005743117535,-0.0802580585806778,-0.3212599961795256,0.10685104624034414,0,0,0,42,,,,0.001030126874252231,0.0009426552775160883,0.3875,0.3875,0.0,0.0,0.0,0.44047619047619047,0.42857142857142855,0.011904761904761904,0.0,0.03571428571428571,0.6071428571428571,0.5952380952380952,0.011904761904761904,0.0,0.03571428571428571,0.7884615384615384,26,0.78,3,42,0.07142857142857142,24,0.125
llama-3.1-8b-instruct,dev,leace_sequential_r1_a1,leace_sequential,1,1.0,demographic,crows_pairs,exploratory,30,30,30,0.08233235677083334,0.103302001953125,0.36666666666666664,0.4666666666666667,0.16666666666666666,-0.020969645182291666,-0.044942626953125,0.0027881876627604114,-0.2546950677078186,-0.558814283981564,0.038092309767851246,0,0,0,30,,,,0.0009174071384164056,0.0008518601119264365,0.23333333333333334,0.23333333333333334,0.0,-0.06666666666666667,0.06666666666666667,0.6333333333333333,0.6166666666666667,0.016666666666666666,0.0,0.05,0.9,0.8833333333333333,0.016666666666666666,0.0,0.05,0.6964285714285714,28,0.7037037037037037,7,30,0.23333333333333334,26,0.2692307692307692
llama-3.1-8b-instruct,dev,leace_sequential_r1_a1,leace_sequential,1,1.0,demographic,stereoset,exploratory,28,28,28,0.19301278250558035,0.17360142299107142,0.5357142857142857,0.42857142857142855,0.03571428571428571,0.019411359514508928,-0.013769149780273436,0.05336821419852118,0.10057033146987404,-0.07363859337050695,0.29602514541881997,2,1,0,26,0.5,0.0,1.0,0.0010364354743329003,0.0008763951710374496,0.42857142857142855,0.42857142857142855,0.0,0.0,0.0,0.3392857142857143,0.35714285714285715,-0.017857142857142856,-0.05357142857142857,0.0,0.875,0.8928571428571429,-0.017857142857142856,-0.05357142857142857,0.0,0.42857142857142855,28,0.42857142857142855,4,28,0.14285714285714285,21,0.19047619047619047
llama-3.1-8b-instruct,dev,leace_sequential_r1_a1,leace_sequential,1,1.0,identity,pooled,exploratory,100,100,100,0.0,0.0,0.0,0.0,1.0,0.0,0.0,0.0,,,,0,0,0,100,,,,0.0008894467767830428,0.0008892074517671375,0.35051546391752575,0.35051546391752575,0.0,-0.030927835051546393,0.030927835051546393,0.47,0.47,0.0,-0.03,0.03,0.75,0.76,-0.01,-0.03,0.0,0.6438356164383562,73,0.6351351351351351,0,100,0.0,75,0.0
llama-3.1-8b-instruct,dev,leace_sequential_r1_a1,leace_sequential,1,1.0,identity,bbq,exploratory,42,42,42,0.0,0.0,0.0,0.0,1.0,0.0,0.0,0.0,,,,0,0,0,42,,,,0.0009980953268703162,0.000996866058400154,0.358974358974359,0.358974358974359,0.0,0.0,0.0,0.4523809523809524,0.4523809523809524,0.0,0.0,0.0,0.6428571428571429,0.6428571428571429,0.0,0.0,0.0,0.76,25,0.76,0,42,0.0,27,0.0
llama-3.1-8b-instruct,dev,leace_sequential_r1_a1,leace_sequential,1,1.0,identity,crows_pairs,exploratory,30,30,30,0.0,0.0,0.0,0.0,1.0,0.0,0.0,0.0,,,,0,0,0,30,,,,0.000826506569439348,0.0008270414744651776,0.26666666666666666,0.26666666666666666,0.0,-0.1,0.1,0.6333333333333333,0.6,0.03333333333333333,0.0,0.1,0.8666666666666667,0.8666666666666667,0.0,0.0,0.0,0.7307692307692307,26,0.6923076923076923,0,30,0.0,26,0.0
llama-3.1-8b-instruct,dev,leace_sequential_r1_a1,leace_sequential,1,1.0,identity,stereoset,exploratory,28,28,28,0.0,0.0,0.0,0.0,1.0,0.0,0.0,0.0,,,,0,0,0,28,,,,0.0007939098880918058,0.0007943259460697125,0.42857142857142855,0.42857142857142855,0.0,0.0,0.0,0.32142857142857145,0.35714285714285715,-0.03571428571428571,-0.10714285714285714,0.0,0.7857142857142857,0.8214285714285714,-0.03571428571428571,-0.10714285714285714,0.0,0.4090909090909091,22,0.43478260869565216,0,28,0.0,22,0.0
llama-3.1-8b-instruct,dev,leace_sequential_r1_a1,leace_sequential,1,1.0,neutral,pooled,exploratory,42,42,42,0.1246919177827381,0.13313220796130953,0.4523809523809524,0.47619047619047616,0.07142857142857142,-0.008440290178571428,-0.034611293247767856,0.016171700613839286,-0.06768915202088488,-0.32170343716061434,0.12087569078374497,0,0,0,42,,,,0.00047198552174555194,0.000827362453406065,0.358974358974359,0.358974358974359,0.0,0.0,0.0,0.4642857142857143,0.42857142857142855,0.03571428571428571,0.0,0.08333333333333333,0.6547619047619048,0.6190476190476191,0.03571428571428571,-0.011904761904761904,0.08333333333333333,0.7678571428571429,28,0.75,3,42,0.07142857142857142,25,0.12
llama-3.1-8b-instruct,dev,leace_sequential_r1_a1,leace_sequential,1,1.0,neutral,bbq,exploratory,42,42,42,0.1246919177827381,0.13313220796130953,0.4523809523809524,0.47619047619047616,0.07142857142857142,-0.008440290178571428,-0.034611293247767856,0.016171700613839286,-0.06768915202088488,-0.32170343716061434,0.12087569078374497,0,0,0,42,,,,0.00047198552174555194,0.000827362453406065,0.358974358974359,0.358974358974359,0.0,0.0,0.0,0.4642857142857143,0.42857142857142855,0.03571428571428571,0.0,0.08333333333333333,0.6547619047619048,0.6190476190476191,0.03571428571428571,-0.011904761904761904,0.08333333333333333,0.7678571428571429,28,0.75,3,42,0.07142857142857142,25,0.12
llama-3.1-8b-instruct,dev,mean_difference_r1_a1,mean_difference,1,1.0,demographic,pooled,exploratory,100,100,100,0.131817626953125,0.1295025634765625,0.48,0.46,0.06,0.0023150634765625,-0.0125355224609375,0.017031204223632808,0.017562624438579477,-0.1056802420878368,0.12076804551720169,2,1,0,98,0.5,0.0,1.0,0.0018731456335033454,0.0018981622213836314,0.37244897959183676,0.3520408163265306,0.02040816326530612,-0.00510204081632653,0.05612244897959184,0.5,0.465,0.035,0.0,0.07,0.77,0.765,0.005,-0.01,0.02,0.6707317073170732,82,0.63125,13,100,0.13,71,0.18309859154929578
llama-3.1-8b-instruct,dev,mean_difference_r1_a1,mean_difference,1,1.0,demographic,bbq,exploratory,42,42,42,0.1263674781436012,0.13612583705357142,0.40476190476190477,0.5476190476190477,0.047619047619047616,-0.009758358909970238,-0.03564979916527158,0.015408470517113087,-0.07722207527858593,-0.33148318624096257,0.10941867217453904,0,0,0,42,,,,0.0023243002970481483,0.0019181573240278265,0.4,0.3875,0.0125,-0.0375,0.075,0.4523809523809524,0.42857142857142855,0.023809523809523808,-0.023809523809523808,0.07142857142857142,0.6190476190476191,0.5952380952380952,0.023809523809523808,0.0,0.05952380952380952,0.7777777777777778,27,0.78,3,42,0.07142857142857142,24,0.125
llama-3.1-8b-instruct,dev,mean_difference_r1_a1,mean_difference,1,1.0,demographic,crows_pairs,exploratory,30,30,30,0.08233235677083334,0.08101603190104166,0.4666666666666667,0.4,0.13333333333333333,0.0013163248697916667,-0.02107213338216146,0.022542928059895828,0.01598794108925572,-0.28595557512079034,0.26411538014483477,0,0,0,30,,,,0.0016275376337839692,0.0018985607114548543,0.2833333333333333,0.23333333333333334,0.05,-0.016666666666666666,0.11666666666666667,0.6666666666666666,0.6166666666666667,0.05,0.0,0.13333333333333333,0.8833333333333333,0.8833333333333333,0.0,0.0,0.0,0.7592592592592593,27,0.7037037037037037,7,30,0.23333333333333334,26,0.2692307692307692
llama-3.1-8b-instruct,dev,mean_difference_r1_a1,mean_difference,1,1.0,demographic,stereoset,exploratory,28,28,28,0.19301278250558035,0.17151750837053573,0.6071428571428571,0.39285714285714285,0.0,0.021495274135044644,-0.009662192208426339,0.058805029732840394,0.11136710147382689,-0.06061617013019058,0.2902338634838134,2,1,0,26,0.5,0.0,1.0,0.0014595650664569009,0.001867742613769601,0.42857142857142855,0.42857142857142855,0.0,0.0,0.0,0.39285714285714285,0.35714285714285715,0.03571428571428571,-0.03571428571428571,0.10714285714285714,0.875,0.8928571428571429,-0.017857142857142856,-0.05357142857142857,0.0,0.48214285714285715,28,0.42857142857142855,3,28,0.10714285714285714,21,0.14285714285714285
llama-3.1-8b-instruct,dev,mean_difference_r1_a1,mean_difference,1,1.0,identity,pooled,exploratory,100,100,100,0.0,0.0,0.0,0.0,1.0,0.0,0.0,0.0,,,,0,0,0,100,,,,0.002112997660578406,0.0021145126453780616,0.3711340206185567,0.35051546391752575,0.020618556701030927,-0.010309278350515464,0.061855670103092786,0.5,0.47,0.03,-0.01,0.07024999999999865,0.75,0.76,-0.01,-0.03,0.0,0.684931506849315,73,0.6351351351351351,0,100,0.0,75,0.0
llama-3.1-8b-instruct,dev,mean_difference_r1_a1,mean_difference,1,1.0,identity,bbq,exploratory,42,42,42,0.0,0.0,0.0,0.0,1.0,0.0,0.0,0.0,,,,0,0,0,42,,,,0.00199595265626889,0.001996910018495701,0.38461538461538464,0.358974358974359,0.02564102564102564,0.0,0.07692307692307693,0.4523809523809524,0.4523809523809524,0.0,0.0,0.0,0.6428571428571429,0.6428571428571429,0.0,0.0,0.0,0.76,25,0.76,0,42,0.0,27,0.0
llama-3.1-8b-instruct,dev,mean_difference_r1_a1,mean_difference,1,1.0,identity,crows_pairs,exploratory,30,30,30,0.0,0.0,0.0,0.0,1.0,0.0,0.0,0.0,,,,0,0,0,30,,,,0.0021396794652811363,0.002141287549470562,0.3,0.26666666666666666,0.03333333333333333,-0.06666666666666667,0.13333333333333333,0.6666666666666666,0.6,0.06666666666666667,0.0,0.16666666666666666,0.8666666666666667,0.8666666666666667,0.0,0.0,0.0,0.7692307692307693,26,0.6923076923076923,0,30,0.0,26,0.0
llama-3.1-8b-instruct,dev,mean_difference_r1_a1,mean_difference,1,1.0,identity,stereoset,exploratory,28,28,28,0.0,0.0,0.0,0.0,1.0,0.0,0.0,0.0,,,,0,0,0,28,,,,0.0022599775191468985,0.00226222918845964,0.42857142857142855,0.42857142857142855,0.0,0.0,0.0,0.39285714285714285,0.35714285714285715,0.03571428571428571,-0.07142857142857142,0.14285714285714285,0.7857142857142857,0.8214285714285714,-0.03571428571428571,-0.10714285714285714,0.0,0.5,22,0.43478260869565216,0,28,0.0,22,0.0
llama-3.1-8b-instruct,dev,mean_difference_r1_a1,mean_difference,1,1.0,neutral,pooled,exploratory,42,42,42,0.1246919177827381,0.13558669317336308,0.38095238095238093,0.5476190476190477,0.07142857142857142,-0.010894775390625,-0.03586153302873884,0.013690585181826621,-0.08737354901869376,-0.32858617274242513,0.09810727675901448,0,0,0,42,,,,0.0014455885324163738,0.0017284123528939716,0.358974358974359,0.358974358974359,0.0,0.0,0.0,0.44047619047619047,0.42857142857142855,0.011904761904761904,-0.024107142857142837,0.05952380952380952,0.6309523809523809,0.6190476190476191,0.011904761904761904,-0.03571428571428571,0.05952380952380952,0.75,26,0.75,3,42,0.07142857142857142,25,0.12
llama-3.1-8b-instruct,dev,mean_difference_r1_a1,mean_difference,1,1.0,neutral,bbq,exploratory,42,42,42,0.1246919177827381,0.13558669317336308,0.38095238095238093,0.5476190476190477,0.07142857142857142,-0.010894775390625,-0.03586153302873884,0.013690585181826621,-0.08737354901869376,-0.32858617274242513,0.09810727675901448,0,0,0,42,,,,0.0014455885324163738,0.0017284123528939716,0.358974358974359,0.358974358974359,0.0,0.0,0.0,0.44047619047619047,0.42857142857142855,0.011904761904761904,-0.024107142857142837,0.05952380952380952,0.6309523809523809,0.6190476190476191,0.011904761904761904,-0.03571428571428571,0.05952380952380952,0.75,26,0.75,3,42,0.07142857142857142,25,0.12
llama-3.1-8b-instruct,dev,neutral_contrast_r1_a1,neutral_contrast,1,1.0,demographic,pooled,exploratory,100,100,100,0.131817626953125,0.135958251953125,0.44,0.5,0.06,-0.004140625,-0.019940170288085937,0.011438385009765612,-0.03141177015326213,-0.16254545779264135,0.08363242579526713,2,1,0,98,0.5,0.0,1.0,0.0013095402853371295,0.0013721895500841857,0.3826530612244898,0.3520408163265306,0.030612244897959183,0.01020408163265306,0.05612244897959184,0.5,0.465,0.035,0.01,0.06,0.785,0.765,0.02,0.005,0.04,0.6524390243902439,82,0.63125,14,100,0.14,74,0.1891891891891892
llama-3.1-8b-instruct,dev,neutral_contrast_r1_a1,neutral_contrast,1,1.0,demographic,bbq,exploratory,42,42,42,0.1263674781436012,0.14856247674851192,0.35714285714285715,0.6190476190476191,0.023809523809523808,-0.022194998604910716,-0.051138596307663695,0.007072993687220973,-0.17563853398806306,-0.4718163377930287,0.04975245015232191,0,0,0,42,,,,0.0017312432694689764,0.0017007916653127362,0.4,0.3875,0.0125,0.0,0.0375,0.44047619047619047,0.42857142857142855,0.011904761904761904,0.0,0.03571428571428571,0.6309523809523809,0.5952380952380952,0.03571428571428571,0.0,0.08333333333333333,0.7222222222222222,27,0.78,2,42,0.047619047619047616,25,0.08
llama-3.1-8b-instruct,dev,neutral_contrast_r1_a1,neutral_contrast,1,1.0,demographic,crows_pairs,exploratory,30,30,30,0.08233235677083334,0.08990071614583334,0.4666666666666667,0.43333333333333335,0.1,-0.007568359375,-0.032537841796875,0.012777506510416663,-0.09192448354255212,-0.35256043520506036,0.17490619878989647,0,0,0,30,,,,0.0010536447076484573,0.0010306478757233432,0.3,0.23333333333333334,0.06666666666666667,0.016666666666666666,0.13333333333333333,0.6833333333333333,0.6166666666666667,0.06666666666666667,0.016666666666666666,0.13333333333333333,0.8833333333333333,0.8833333333333333,0.0,0.0,0.0,0.7777777777777778,27,0.7037037037037037,8,30,0.26666666666666666,26,0.3076923076923077
llama-3.1-8b-instruct,dev,neutral_contrast_r1_a1,neutral_contrast,1,1.0,demographic,stereoset,exploratory,28,28,28,0.19301278250558035,0.16639927455357142,0.5357142857142857,0.39285714285714285,0.07142857142857142,0.026613507952008928,-0.003767177036830357,0.05760111127580914,0.13788469139985315,-0.021362304348942582,0.30391148457036465,2,1,0,26,0.5,0.0,1.0,0.0009511596423772192,0.0012452238854851205,0.44642857142857145,0.42857142857142855,0.017857142857142856,0.0,0.05357142857142857,0.39285714285714285,0.35714285714285715,0.03571428571428571,0.0,0.08928571428571429,0.9107142857142857,0.8928571428571429,0.017857142857142856,0.0,0.05357142857142857,0.4642857142857143,28,0.42857142857142855,4,28,0.14285714285714285,23,0.17391304347826086
llama-3.1-8b-instruct,dev,neutral_contrast_r1_a1,neutral_contrast,1,1.0,identity,pooled,exploratory,100,100,100,0.0,0.0,0.0,0.0,1.0,0.0,0.0,0.0,,,,0,0,0,100,,,,0.0012858978554704157,0.0012855891481894464,0.38144329896907214,0.35051546391752575,0.030927835051546393,0.0,0.07216494845360824,0.5,0.47,0.03,-0.01,0.07,0.77,0.76,0.01,-0.02,0.040249999999998634,0.6666666666666666,75,0.6351351351351351,0,100,0.0,77,0.0
llama-3.1-8b-instruct,dev,neutral_contrast_r1_a1,neutral_contrast,1,1.0,identity,bbq,exploratory,42,42,42,0.0,0.0,0.0,0.0,1.0,0.0,0.0,0.0,,,,0,0,0,42,,,,0.0015570327764918752,0.001556530802023867,0.358974358974359,0.358974358974359,0.0,0.0,0.0,0.42857142857142855,0.4523809523809524,-0.023809523809523808,-0.07142857142857142,0.0,0.6428571428571429,0.6428571428571429,0.0,-0.07142857142857142,0.07142857142857142,0.72,25,0.76,0,42,0.0,27,0.0
llama-3.1-8b-instruct,dev,neutral_contrast_r1_a1,neutral_contrast,1,1.0,identity,crows_pairs,exploratory,30,30,30,0.0,0.0,0.0,0.0,1.0,0.0,0.0,0.0,,,,0,0,0,30,,,,0.0009895792000647432,0.0009899014764335017,0.3333333333333333,0.26666666666666666,0.06666666666666667,0.0,0.16666666666666666,0.6666666666666666,0.6,0.06666666666666667,0.0,0.16666666666666666,0.8666666666666667,0.8666666666666667,0.0,0.0,0.0,0.7692307692307693,26,0.6923076923076923,0,30,0.0,26,0.0
llama-3.1-8b-instruct,dev,neutral_contrast_r1_a1,neutral_contrast,1,1.0,identity,stereoset,exploratory,28,28,28,0.0,0.0,0.0,0.0,1.0,0.0,0.0,0.0,,,,0,0,0,28,,,,0.0011966797475871612,0.0011959848871763263,0.4642857142857143,0.42857142857142855,0.03571428571428571,0.0,0.10714285714285714,0.42857142857142855,0.35714285714285715,0.07142857142857142,0.0,0.17857142857142858,0.8571428571428571,0.8214285714285714,0.03571428571428571,0.0,0.10714285714285714,0.5,24,0.43478260869565216,0,28,0.0,24,0.0
llama-3.1-8b-instruct,dev,neutral_contrast_r1_a1,neutral_contrast,1,1.0,neutral,pooled,exploratory,42,42,42,0.1246919177827381,0.13424827938988096,0.4523809523809524,0.5238095238095238,0.023809523809523808,-0.009556361607142858,-0.047610328311011904,0.029531133742559515,-0.0766397836930679,-0.421577695891337,0.22355897068151848,0,0,0,42,,,,0.018661155184096303,0.009296947501943216,0.4358974358974359,0.358974358974359,0.07692307692307693,0.02564102564102564,0.14102564102564102,0.4523809523809524,0.42857142857142855,0.023809523809523808,-0.023809523809523808,0.07142857142857142,0.6190476190476191,0.6190476190476191,0.0,-0.047619047619047616,0.047619047619047616,0.8,25,0.75,2,42,0.047619047619047616,25,0.08
llama-3.1-8b-instruct,dev,neutral_contrast_r1_a1,neutral_contrast,1,1.0,neutral,bbq,exploratory,42,42,42,0.1246919177827381,0.13424827938988096,0.4523809523809524,0.5238095238095238,0.023809523809523808,-0.009556361607142858,-0.047610328311011904,0.029531133742559515,-0.0766397836930679,-0.421577695891337,0.22355897068151848,0,0,0,42,,,,0.018661155184096303,0.009296947501943216,0.4358974358974359,0.358974358974359,0.07692307692307693,0.02564102564102564,0.14102564102564102,0.4523809523809524,0.42857142857142855,0.023809523809523808,-0.023809523809523808,0.07142857142857142,0.6190476190476191,0.6190476190476191,0.0,-0.047619047619047616,0.047619047619047616,0.8,25,0.75,2,42,0.047619047619047616,25,0.08
llama-3.1-8b-instruct,dev,neutral_contrast_r2_a1,neutral_contrast,2,1.0,demographic,pooled,exploratory,100,100,100,0.131817626953125,0.11905014038085937,0.51,0.43,0.06,0.012767486572265625,-0.010285640716552734,0.034485042572021486,0.09685720238922069,-0.08723571636052024,0.23290249766863932,2,1,0,98,0.5,0.0,1.0,0.006714267596109337,0.005507108298205201,0.44387755102040816,0.3520408163265306,0.09183673469387756,0.04081632653061224,0.14795918367346939,0.505,0.465,0.04,0.0,0.08,0.775,0.765,0.01,-0.005124999999999993,0.03,0.6666666666666666,81,0.63125,13,100,0.13,73,0.1780821917808219
llama-3.1-8b-instruct,dev,neutral_contrast_r2_a1,neutral_contrast,2,1.0,demographic,bbq,exploratory,42,42,42,0.1263674781436012,0.12420581635974702,0.47619047619047616,0.5,0.023809523809523808,0.0021616617838541665,-0.04069800603957403,0.04409412202380952,0.017106155916142507,-0.3835468497962048,0.2915875849502528,0,0,0,42,,,,0.009525258349912167,0.006794987824224859,0.45,0.3875,0.0625,-0.0125,0.15,0.44047619047619047,0.42857142857142855,0.011904761904761904,-0.03571428571428571,0.05952380952380952,0.6071428571428571,0.5952380952380952,0.011904761904761904,-0.023809523809523808,0.05952380952380952,0.75,26,0.78,1,42,0.023809523809523808,24,0.041666666666666664
llama-3.1-8b-instruct,dev,neutral_contrast_r2_a1,neutral_contrast,2,1.0,demographic,crows_pairs,exploratory,30,30,30,0.08233235677083334,0.06591440836588541,0.5666666666666667,0.26666666666666666,0.16666666666666666,0.016417948404947917,-0.0028012593587239576,0.038341077168782545,0.19941064544825537,-0.041108928825357376,0.3813992087854972,0,0,0,30,,,,0.004996831915052278,0.004757651009401575,0.45,0.23333333333333334,0.21666666666666667,0.11666666666666667,0.3333333333333333,0.7166666666666667,0.6166666666666667,0.1,0.0,0.2,0.8833333333333333,0.8833333333333333,0.0,0.0,0.0,0.8148148148148148,27,0.7037037037037037,8,30,0.26666666666666666,26,0.3076923076923077
llama-3.1-8b-instruct,dev,neutral_contrast_r2_a1,neutral_contrast,2,1.0,demographic,stereoset,exploratory,28,28,28,0.19301278250558035,0.16824776785714285,0.5,0.5,0.0,0.0247650146484375,-0.017055021013532366,0.069843019757952,0.12830764018295782,-0.10876167620360327,0.32968271429044205,2,1,0,26,0.5,0.0,1.0,0.004337891123680511,0.004378278961465317,0.42857142857142855,0.42857142857142855,0.0,0.0,0.0,0.375,0.35714285714285715,0.017857142857142856,-0.03571428571428571,0.08928571428571429,0.9107142857142857,0.8928571428571429,0.017857142857142856,0.0,0.05357142857142857,0.44642857142857145,28,0.42857142857142855,4,28,0.14285714285714285,23,0.17391304347826086
llama-3.1-8b-instruct,dev,neutral_contrast_r2_a1,neutral_contrast,2,1.0,identity,pooled,exploratory,100,100,100,0.0,0.0,0.0,0.0,1.0,0.0,0.0,0.0,,,,0,0,0,100,,,,0.00519867700225214,0.005195685170904761,0.4329896907216495,0.35051546391752575,0.08247422680412371,0.030927835051546393,0.14432989690721648,0.48,0.47,0.01,-0.04,0.06,0.75,0.76,-0.01,-0.05,0.02,0.6575342465753424,73,0.6351351351351351,0,100,0.0,75,0.0
llama-3.1-8b-instruct,dev,neutral_contrast_r2_a1,neutral_contrast,2,1.0,identity,bbq,exploratory,42,42,42,0.0,0.0,0.0,0.0,1.0,0.0,0.0,0.0,,,,0,0,0,42,,,,0.0062743322459484115,0.006274550006468442,0.4358974358974359,0.358974358974359,0.07692307692307693,0.0,0.1794871794871795,0.42857142857142855,0.4523809523809524,-0.023809523809523808,-0.07142857142857142,0.0,0.5952380952380952,0.6428571428571429,-0.047619047619047616,-0.11904761904761904,0.0,0.782608695652174,23,0.76,0,42,0.0,25,0.0
llama-3.1-8b-instruct,dev,neutral_contrast_r2_a1,neutral_contrast,2,1.0,identity,crows_pairs,exploratory,30,30,30,0.0,0.0,0.0,0.0,1.0,0.0,0.0,0.0,,,,0,0,0,30,,,,0.00459122188825017,0.004590578348707962,0.43333333333333335,0.26666666666666666,0.16666666666666666,0.03333333333333333,0.3,0.6333333333333333,0.6,0.03333333333333333,-0.06666666666666667,0.13333333333333333,0.8666666666666667,0.8666666666666667,0.0,0.0,0.0,0.7307692307692307,26,0.6923076923076923,0,30,0.0,26,0.0
llama-3.1-8b-instruct,dev,neutral_contrast_r2_a1,neutral_contrast,2,1.0,identity,stereoset,exploratory,28,28,28,0.0,0.0,0.0,0.0,1.0,0.0,0.0,0.0,,,,0,0,0,28,,,,0.0042360389017098475,0.0042257166556272365,0.42857142857142855,0.42857142857142855,0.0,0.0,0.0,0.39285714285714285,0.35714285714285715,0.03571428571428571,-0.07142857142857142,0.17857142857142858,0.8571428571428571,0.8214285714285714,0.03571428571428571,0.0,0.10714285714285714,0.4583333333333333,24,0.43478260869565216,0,28,0.0,24,0.0
llama-3.1-8b-instruct,dev,neutral_contrast_r2_a1,neutral_contrast,2,1.0,neutral,pooled,exploratory,42,42,42,0.1246919177827381,0.11908104306175596,0.5,0.42857142857142855,0.07142857142857142,0.005610874720982143,-0.0327528090704055,0.04663434709821427,0.04499790219570188,-0.291759530431581,0.3448092150613013,0,0,0,42,,,,0.023829212106304086,0.013460730525903972,0.46153846153846156,0.358974358974359,0.10256410256410256,0.02564102564102564,0.19230769230769232,0.42857142857142855,0.42857142857142855,0.0,-0.03571428571428571,0.03571428571428571,0.5952380952380952,0.6190476190476191,-0.023809523809523808,-0.07142857142857142,0.023809523809523808,0.7916666666666666,24,0.75,2,42,0.047619047619047616,23,0.08695652173913043
llama-3.1-8b-instruct,dev,neutral_contrast_r2_a1,neutral_contrast,2,1.0,neutral,bbq,exploratory,42,42,42,0.1246919177827381,0.11908104306175596,0.5,0.42857142857142855,0.07142857142857142,0.005610874720982143,-0.0327528090704055,0.04663434709821427,0.04499790219570188,-0.291759530431581,0.3448092150613013,0,0,0,42,,,,0.023829212106304086,0.013460730525903972,0.46153846153846156,0.358974358974359,0.10256410256410256,0.02564102564102564,0.19230769230769232,0.42857142857142855,0.42857142857142855,0.0,-0.03571428571428571,0.03571428571428571,0.5952380952380952,0.6190476190476191,-0.023809523809523808,-0.07142857142857142,0.023809523809523808,0.7916666666666666,24,0.75,2,42,0.047619047619047616,23,0.08695652173913043
llama-3.1-8b-instruct,dev,neutral_contrast_r4_a1,neutral_contrast,4,1.0,demographic,pooled,exploratory,100,100,100,0.131817626953125,0.1022271728515625,0.56,0.41,0.03,0.0295904541015625,0.0033344573974609377,0.057962226867675756,0.22448025188683618,0.02848250986329019,0.39122099909347924,2,1,0,98,0.5,0.0,1.0,0.015259364472336057,0.013727541868370451,0.5255102040816326,0.3520408163265306,0.17346938775510204,0.10701530612244899,0.24489795918367346,0.55,0.465,0.085,0.035,0.14,0.805,0.765,0.04,0.015,0.07,0.7073170731707317,82,0.63125,10,100,0.1,78,0.1282051282051282
llama-3.1-8b-instruct,dev,neutral_contrast_r4_a1,neutral_contrast,4,1.0,demographic,bbq,exploratory,42,42,42,0.1263674781436012,0.11310577392578125,0.47619047619047616,0.5238095238095238,0.0,0.01326170421781994,-0.02335509345644996,0.05221617562430243,0.10494554779948706,-0.22083684307691862,0.36123770028693636,0,0,0,42,,,,0.01957654246242309,0.016836635680801838,0.4625,0.3875,0.075,-0.0125,0.175,0.44047619047619047,0.42857142857142855,0.011904761904761904,-0.03571428571428571,0.07142857142857142,0.6190476190476191,0.5952380952380952,0.023809523809523808,0.0,0.05952380952380952,0.7777777777777778,27,0.78,3,42,0.07142857142857142,24,0.125
llama-3.1-8b-instruct,dev,neutral_contrast_r4_a1,neutral_contrast,4,1.0,demographic,crows_pairs,exploratory,30,30,30,0.08233235677083334,0.07801055908203125,0.5666666666666667,0.36666666666666664,0.06666666666666667,0.0043217976888020836,-0.014641011555989583,0.022007242838541656,0.05249209251754472,-0.21878325498661233,0.24036076657139135,0,0,0,30,,,,0.01127686630050447,0.01063320191372418,0.7,0.23333333333333334,0.4666666666666667,0.35,0.5833333333333334,0.85,0.6166666666666667,0.23333333333333334,0.11666666666666667,0.35,0.9,0.8833333333333333,0.016666666666666666,0.0,0.05,0.9444444444444444,27,0.7037037037037037,3,30,0.1,27,0.1111111111111111
llama-3.1-8b-instruct,dev,neutral_contrast_r4_a1,neutral_contrast,4,1.0,demographic,stereoset,exploratory,28,28,28,0.19301278250558035,0.11185564313616071,0.6785714285714286,0.2857142857142857,0.03571428571428571,0.08115713936941964,0.016978727068219866,0.15596542358398435,0.4204754644531029,0.1097372391765685,0.6678828461062298,2,1,0,26,0.5,0.0,1.0,0.013050559814167915,0.012379265386844375,0.42857142857142855,0.42857142857142855,0.0,0.0,0.0,0.39285714285714285,0.35714285714285715,0.03571428571428571,-0.07142857142857142,0.14285714285714285,0.9821428571428571,0.8928571428571429,0.08928571428571429,0.017857142857142856,0.16071428571428573,0.4107142857142857,28,0.42857142857142855,4,28,0.14285714285714285,27,0.14814814814814814
llama-3.1-8b-instruct,dev,neutral_contrast_r4_a1,neutral_contrast,4,1.0,identity,pooled,exploratory,100,100,100,0.0,0.0,0.0,0.0,1.0,0.0,0.0,0.0,,,,0,0,0,100,,,,0.013138893397673067,0.013127682268077322,0.5051546391752577,0.35051546391752575,0.15463917525773196,0.07216494845360824,0.2268041237113402,0.52,0.47,0.05,-0.03,0.13,0.82,0.76,0.06,0.0,0.12,0.65,80,0.6351351351351351,0,100,0.0,82,0.0
llama-3.1-8b-instruct,dev,neutral_contrast_r4_a1,neutral_contrast,4,1.0,identity,bbq,exploratory,42,42,42,0.0,0.0,0.0,0.0,1.0,0.0,0.0,0.0,,,,0,0,0,42,,,,0.016510036043472304,0.01648944301728105,0.4358974358974359,0.358974358974359,0.07692307692307693,-0.02564102564102564,0.1794871794871795,0.42857142857142855,0.4523809523809524,-0.023809523809523808,-0.1196428571428571,0.07142857142857142,0.6428571428571429,0.6428571428571429,0.0,-0.09523809523809523,0.09523809523809523,0.72,25,0.76,0,42,0.0,27,0.0
llama-3.1-8b-instruct,dev,neutral_contrast_r4_a1,neutral_contrast,4,1.0,identity,crows_pairs,exploratory,30,30,30,0.0,0.0,0.0,0.0,1.0,0.0,0.0,0.0,,,,0,0,0,30,,,,0.01013872444112469,0.01013504094837865,0.6666666666666666,0.26666666666666666,0.4,0.23333333333333334,0.5674999999999955,0.8,0.6,0.2,0.06666666666666667,0.36666666666666664,0.9,0.8666666666666667,0.03333333333333333,0.0,0.1,0.8888888888888888,27,0.6923076923076923,0,30,0.0,27,0.0
llama-3.1-8b-instruct,dev,neutral_contrast_r4_a1,neutral_contrast,4,1.0,identity,stereoset,exploratory,28,28,28,0.0,0.0,0.0,0.0,1.0,0.0,0.0,0.0,,,,0,0,0,28,,,,0.011296646168133192,0.011291442558234594,0.42857142857142855,0.42857142857142855,0.0,0.0,0.0,0.35714285714285715,0.35714285714285715,0.0,-0.17857142857142858,0.17857142857142858,1.0,0.8214285714285714,0.17857142857142858,0.03571428571428571,0.32142857142857145,0.35714285714285715,28,0.43478260869565216,0,28,0.0,28,0.0
llama-3.1-8b-instruct,dev,neutral_contrast_r4_a1,neutral_contrast,4,1.0,neutral,pooled,exploratory,42,42,42,0.1246919177827381,0.1207304454985119,0.40476190476190477,0.5476190476190477,0.047619047619047616,0.00396147228422619,-0.03235321044921875,0.04156247093563988,0.03177008064892084,-0.30004604303553434,0.3011760781885516,0,0,0,42,,,,0.031121895590764212,0.02246005015420237,0.46153846153846156,0.358974358974359,0.10256410256410256,0.01282051282051282,0.20512820512820512,0.42857142857142855,0.42857142857142855,0.0,-0.03571428571428571,0.03571428571428571,0.6309523809523809,0.6190476190476191,0.011904761904761904,-0.03571428571428571,0.05952380952380952,0.75,26,0.75,1,42,0.023809523809523808,24,0.041666666666666664
llama-3.1-8b-instruct,dev,neutral_contrast_r4_a1,neutral_contrast,4,1.0,neutral,bbq,exploratory,42,42,42,0.1246919177827381,0.1207304454985119,0.40476190476190477,0.5476190476190477,0.047619047619047616,0.00396147228422619,-0.03235321044921875,0.04156247093563988,0.03177008064892084,-0.30004604303553434,0.3011760781885516,0,0,0,42,,,,0.031121895590764212,0.02246005015420237,0.46153846153846156,0.358974358974359,0.10256410256410256,0.01282051282051282,0.20512820512820512,0.42857142857142855,0.42857142857142855,0.0,-0.03571428571428571,0.03571428571428571,0.6309523809523809,0.6190476190476191,0.011904761904761904,-0.03571428571428571,0.05952380952380952,0.75,26,0.75,1,42,0.023809523809523808,24,0.041666666666666664
llama-3.1-8b-instruct,dev,random_ortho_1_r1_a1,random_ortho_1,1,1.0,demographic,pooled,exploratory,100,100,100,0.131817626953125,0.14121578216552735,0.4,0.53,0.07,-0.009398155212402344,-0.024426169395446777,0.00467446804046629,-0.07129664999768481,-0.2006599983483383,0.03337968738117303,2,0,0,98,0.0,0.0,0.0,0.0002546343889688802,0.0002571233275405739,0.35714285714285715,0.3520408163265306,0.00510204081632653,-0.01020408163265306,0.02040816326530612,0.475,0.465,0.01,-0.01,0.03,0.775,0.765,0.01,-0.01,0.03,0.6341463414634146,82,0.63125,16,100,0.16,72,0.2222222222222222
llama-3.1-8b-instruct,dev,random_ortho_1_r1_a1,random_ortho_1,1,1.0,demographic,bbq,exploratory,42,42,42,0.1263674781436012,0.13549141656784786,0.42857142857142855,0.5476190476190477,0.023809523809523808,-0.009123938424246652,-0.034249984650384806,0.015113237925938184,-0.07220163414101233,-0.31605256584212954,0.11291919690810467,0,0,0,42,,,,0.0002567618799625049,0.00025053597625473344,0.3875,0.3875,0.0,0.0,0.0,0.4523809523809524,0.42857142857142855,0.023809523809523808,0.0,0.05952380952380952,0.6190476190476191,0.5952380952380952,0.023809523809523808,0.0,0.05952380952380952,0.7884615384615384,26,0.78,3,42,0.07142857142857142,25,0.12
llama-3.1-8b-instruct,dev,random_ortho_1_r1_a1,random_ortho_1,1,1.0,demographic,crows_pairs,exploratory,30,30,30,0.08233235677083334,0.1171478271484375,0.3,0.5666666666666667,0.13333333333333333,-0.034815470377604164,-0.06005940755208333,-0.011475626627604167,-0.42286497973707626,-0.7907238730129004,-0.14527706075360305,0,0,0,30,,,,0.00025668012499115205,0.00026631396486989867,0.25,0.23333333333333334,0.016666666666666666,-0.03333333333333333,0.08333333333333333,0.6166666666666667,0.6166666666666667,0.0,0.0,0.0,0.9,0.8833333333333333,0.016666666666666666,0.0,0.05,0.6785714285714286,28,0.7037037037037037,8,30,0.26666666666666666,26,0.3076923076923077
llama-3.1-8b-instruct,dev,random_ortho_1_r1_a1,random_ortho_1,1,1.0,demographic,stereoset,exploratory,28,28,28,0.19301278250558035,0.17558942522321427,0.4642857142857143,0.4642857142857143,0.07142857142857142,0.017423357282366072,-0.005175072806222099,0.042250442504882794,0.09027048393472248,-0.026562326756719934,0.24127589033026783,2,0,0,26,0.0,0.0,0.0,0.00024925129245458055,0.00025715724304505814,0.42857142857142855,0.42857142857142855,0.0,0.0,0.0,0.35714285714285715,0.35714285714285715,0.0,-0.05357142857142857,0.05357142857142857,0.875,0.8928571428571429,-0.017857142857142856,-0.05357142857142857,0.0,0.44642857142857145,28,0.42857142857142855,5,28,0.17857142857142858,21,0.23809523809523808
llama-3.1-8b-instruct,dev,random_ortho_1_r1_a1,random_ortho_1,1,1.0,identity,pooled,exploratory,100,100,100,0.0,0.0,0.0,0.0,1.0,0.0,0.0,0.0,,,,0,0,0,100,,,,0.000258597186158537,0.0002587577875175813,0.35051546391752575,0.35051546391752575,0.0,-0.030927835051546393,0.030927835051546393,0.47,0.47,0.0,-0.03,0.03,0.75,0.76,-0.01,-0.03,0.0,0.6438356164383562,73,0.6351351351351351,0,100,0.0,75,0.0
llama-3.1-8b-instruct,dev,random_ortho_1_r1_a1,random_ortho_1,1,1.0,identity,bbq,exploratory,42,42,42,0.0,0.0,0.0,0.0,1.0,0.0,0.0,0.0,,,,0,0,0,42,,,,0.00024254867645382794,0.0002426597998845849,0.358974358974359,0.358974358974359,0.0,0.0,0.0,0.4523809523809524,0.4523809523809524,0.0,0.0,0.0,0.6428571428571429,0.6428571428571429,0.0,0.0,0.0,0.76,25,0.76,0,42,0.0,27,0.0
llama-3.1-8b-instruct,dev,random_ortho_1_r1_a1,random_ortho_1,1,1.0,identity,crows_pairs,exploratory,30,30,30,0.0,0.0,0.0,0.0,1.0,0.0,0.0,0.0,,,,0,0,0,30,,,,0.0002767911683201299,0.00027716217270269266,0.26666666666666666,0.26666666666666666,0.0,-0.1,0.1,0.6,0.6,0.0,0.0,0.0,0.8666666666666667,0.8666666666666667,0.0,0.0,0.0,0.6923076923076923,26,0.6923076923076923,0,30,0.0,26,0.0
llama-3.1-8b-instruct,dev,random_ortho_1_r1_a1,random_ortho_1,1,1.0,identity,stereoset,exploratory,28,28,28,0.0,0.0,0.0,0.0,1.0,0.0,0.0,0.0,,,,0,0,0,28,,,,0.00026317639839960823,0.0002631857848401708,0.42857142857142855,0.42857142857142855,0.0,0.0,0.0,0.35714285714285715,0.35714285714285715,0.0,-0.10714285714285714,0.10714285714285714,0.7857142857142857,0.8214285714285714,-0.03571428571428571,-0.10714285714285714,0.0,0.45454545454545453,22,0.43478260869565216,0,28,0.0,22,0.0
llama-3.1-8b-instruct,dev,random_ortho_1_r1_a1,random_ortho_1,1,1.0,neutral,pooled,exploratory,42,42,42,0.1246919177827381,0.13570949009486608,0.42857142857142855,0.5,0.07142857142857142,-0.011017572312127976,-0.03404415675571986,0.012340146019345228,-0.08835835159200034,-0.3141632604888187,0.09225815210060896,0,0,0,42,,,,0.00027951449813627037,0.00026162161580209125,0.358974358974359,0.358974358974359,0.0,0.0,0.0,0.4642857142857143,0.42857142857142855,0.03571428571428571,0.0,0.08333333333333333,0.6428571428571429,0.6190476190476191,0.023809523809523808,-0.023809523809523808,0.07142857142857142,0.7777777777777778,27,0.75,2,42,0.047619047619047616,25,0.08
llama-3.1-8b-instruct,dev,random_ortho_1_r1_a1,random_ortho_1,1,1.0,neutral,bbq,exploratory,42,42,42,0.1246919177827381,0.13570949009486608,0.42857142857142855,0.5,0.07142857142857142,-0.011017572312127976,-0.03404415675571986,0.012340146019345228,-0.08835835159200034,-0.3141632604888187,0.09225815210060896,0,0,0,42,,,,0.00027951449813627037,0.00026162161580209125,0.358974358974359,0.358974358974359,0.0,0.0,0.0,0.4642857142857143,0.42857142857142855,0.03571428571428571,0.0,0.08333333333333333,0.6428571428571429,0.6190476190476191,0.023809523809523808,-0.023809523809523808,0.07142857142857142,0.7777777777777778,27,0.75,2,42,0.047619047619047616,25,0.08
llama-3.1-8b-instruct,dev,random_ortho_1_r2_a1,random_ortho_1,2,1.0,demographic,pooled,exploratory,100,100,100,0.131817626953125,0.1301300048828125,0.53,0.42,0.05,0.0016876220703125,-0.013928024291992188,0.016466690063476563,0.01280270407927031,-0.11047189367442978,0.12151279060833284,2,0,0,98,0.0,0.0,0.0,0.000510406758397404,0.0004991889693055939,0.3520408163265306,0.3520408163265306,0.0,-0.02040816326530612,0.02040816326530612,0.465,0.465,0.0,-0.015,0.015,0.765,0.765,0.0,-0.015,0.015,0.6358024691358025,81,0.63125,15,100,0.15,71,0.2112676056338028
llama-3.1-8b-instruct,dev,random_ortho_1_r2_a1,random_ortho_1,2,1.0,demographic,bbq,exploratory,42,42,42,0.1263674781436012,0.13290841238839285,0.5,0.42857142857142855,0.07142857142857142,-0.006540934244791667,-0.02818138485863095,0.0142285664876302,-0.05176121531331579,-0.2837038105241398,0.103888142679755,0,0,0,42,,,,0.0005222379671541233,0.0004940672547248345,0.3875,0.3875,0.0,0.0,0.0,0.44047619047619047,0.42857142857142855,0.011904761904761904,0.0,0.03571428571428571,0.6071428571428571,0.5952380952380952,0.011904761904761904,0.0,0.03571428571428571,0.7884615384615384,26,0.78,3,42,0.07142857142857142,24,0.125
llama-3.1-8b-instruct,dev,random_ortho_1_r2_a1,random_ortho_1,2,1.0,demographic,crows_pairs,exploratory,30,30,30,0.08233235677083334,0.08929646809895833,0.5,0.43333333333333335,0.06666666666666667,-0.006964111328125,-0.032902730305989586,0.0167512003580729,-0.08458535138875156,-0.4227383719772368,0.20610752482185257,0,0,0,30,,,,0.0004902336984033404,0.0004983937948082839,0.23333333333333334,0.23333333333333334,0.0,-0.06666666666666667,0.06666666666666667,0.6166666666666667,0.6166666666666667,0.0,0.0,0.0,0.8833333333333333,0.8833333333333333,0.0,0.0,0.0,0.7037037037037037,27,0.7037037037037037,8,30,0.26666666666666666,26,0.3076923076923077
llama-3.1-8b-instruct,dev,random_ortho_1_r2_a1,random_ortho_1,2,1.0,demographic,stereoset,exploratory,28,28,28,0.19301278250558035,0.16971261160714285,0.6071428571428571,0.39285714285714285,0.0,0.0233001708984375,-0.008004706246512276,0.057257025582449765,0.12071827884126718,-0.04269617424997705,0.3146206397865239,2,0,0,26,0.0,0.0,0.0,0.0005142739381131077,0.0005077235138524224,0.42857142857142855,0.42857142857142855,0.0,0.0,0.0,0.3392857142857143,0.35714285714285715,-0.017857142857142856,-0.05357142857142857,0.0,0.875,0.8928571428571429,-0.017857142857142856,-0.05357142857142857,0.0,0.42857142857142855,28,0.42857142857142855,4,28,0.14285714285714285,21,0.19047619047619047
llama-3.1-8b-instruct,dev,random_ortho_1_r2_a1,random_ortho_1,2,1.0,identity,pooled,exploratory,100,100,100,0.0,0.0,0.0,0.0,1.0,0.0,0.0,0.0,,,,0,0,0,100,,,,0.0004955302307376463,0.0004956407011468513,0.35051546391752575,0.35051546391752575,0.0,-0.030927835051546393,0.030927835051546393,0.46,0.47,-0.01,-0.03,0.0,0.75,0.76,-0.01,-0.03,0.0,0.6301369863013698,73,0.6351351351351351,0,100,0.0,75,0.0
llama-3.1-8b-instruct,dev,random_ortho_1_r2_a1,random_ortho_1,2,1.0,identity,bbq,exploratory,42,42,42,0.0,0.0,0.0,0.0,1.0,0.0,0.0,0.0,,,,0,0,0,42,,,,0.0004840076886032089,0.0004840701603371433,0.358974358974359,0.358974358974359,0.0,0.0,0.0,0.4523809523809524,0.4523809523809524,0.0,0.0,0.0,0.6428571428571429,0.6428571428571429,0.0,0.0,0.0,0.76,25,0.76,0,42,0.0,27,0.0
llama-3.1-8b-instruct,dev,random_ortho_1_r2_a1,random_ortho_1,2,1.0,identity,crows_pairs,exploratory,30,30,30,0.0,0.0,0.0,0.0,1.0,0.0,0.0,0.0,,,,0,0,0,30,,,,0.0005087268438037604,0.0005092865538859214,0.26666666666666666,0.26666666666666666,0.0,-0.1,0.1,0.6,0.6,0.0,0.0,0.0,0.8666666666666667,0.8666666666666667,0.0,0.0,0.0,0.6923076923076923,26,0.6923076923076923,0,30,0.0,26,0.0
llama-3.1-8b-instruct,dev,random_ortho_1_r2_a1,random_ortho_1,2,1.0,identity,stereoset,exploratory,28,28,28,0.0,0.0,0.0,0.0,1.0,0.0,0.0,0.0,,,,0,0,0,28,,,,0.00049867481565418,0.0004983759558552668,0.42857142857142855,0.42857142857142855,0.0,0.0,0.0,0.32142857142857145,0.35714285714285715,-0.03571428571428571,-0.10714285714285714,0.0,0.7857142857142857,0.8214285714285714,-0.03571428571428571,-0.10714285714285714,0.0,0.4090909090909091,22,0.43478260869565216,0,28,0.0,22,0.0
llama-3.1-8b-instruct,dev,random_ortho_1_r2_a1,random_ortho_1,2,1.0,neutral,pooled,exploratory,42,42,42,0.1246919177827381,0.1231108165922619,0.47619047619047616,0.40476190476190477,0.11904761904761904,0.0015811011904761905,-0.02396792457217262,0.027856154668898805,0.012680061535592757,-0.20826100244590579,0.2108576779383597,0,0,0,42,,,,0.0005457193438456647,0.0005137132164669707,0.358974358974359,0.358974358974359,0.0,0.0,0.0,0.4523809523809524,0.42857142857142855,0.023809523809523808,0.0,0.05952380952380952,0.6309523809523809,0.6190476190476191,0.011904761904761904,-0.023809523809523808,0.05952380952380952,0.7884615384615384,26,0.75,3,42,0.07142857142857142,25,0.12
llama-3.1-8b-instruct,dev,random_ortho_1_r2_a1,random_ortho_1,2,1.0,neutral,bbq,exploratory,42,42,42,0.1246919177827381,0.1231108165922619,0.47619047619047616,0.40476190476190477,0.11904761904761904,0.0015811011904761905,-0.02396792457217262,0.027856154668898805,0.012680061535592757,-0.20826100244590579,0.2108576779383597,0,0,0,42,,,,0.0005457193438456647,0.0005137132164669707,0.358974358974359,0.358974358974359,0.0,0.0,0.0,0.4523809523809524,0.42857142857142855,0.023809523809523808,0.0,0.05952380952380952,0.6309523809523809,0.6190476190476191,0.011904761904761904,-0.023809523809523808,0.05952380952380952,0.7884615384615384,26,0.75,3,42,0.07142857142857142,25,0.12
llama-3.1-8b-instruct,dev,random_ortho_1_r4_a1,random_ortho_1,4,1.0,demographic,pooled,exploratory,100,100,100,0.131817626953125,0.1405804443359375,0.45,0.49,0.06,-0.0087628173828125,-0.025595352172851565,0.007487442016601557,-0.06647682548502098,-0.20667422441463992,0.05582289050877432,2,1,0,98,0.5,0.0,1.0,0.0009531519330038564,0.0009520639488181435,0.35714285714285715,0.3520408163265306,0.00510204081632653,-0.015306122448979591,0.025510204081632654,0.475,0.465,0.01,-0.01,0.03,0.775,0.765,0.01,-0.01,0.03,0.6341463414634146,82,0.63125,16,100,0.16,72,0.2222222222222222
llama-3.1-8b-instruct,dev,random_ortho_1_r4_a1,random_ortho_1,4,1.0,demographic,bbq,exploratory,42,42,42,0.1263674781436012,0.15082077752976192,0.40476190476190477,0.5714285714285714,0.023809523809523808,-0.024453299386160716,-0.057378569103422615,0.005606769380115318,-0.19350943569810375,-0.5388634700384322,0.04119350781043665,0,0,0,42,,,,0.000941415106089173,0.0009322179042329553,0.3875,0.3875,0.0,0.0,0.0,0.4523809523809524,0.42857142857142855,0.023809523809523808,0.0,0.05952380952380952,0.6190476190476191,0.5952380952380952,0.023809523809523808,0.0,0.05952380952380952,0.7884615384615384,26,0.78,3,42,0.07142857142857142,25,0.12
llama-3.1-8b-instruct,dev,random_ortho_1_r4_a1,random_ortho_1,4,1.0,demographic,crows_pairs,exploratory,30,30,30,0.08233235677083334,0.09123331705729167,0.4666666666666667,0.4,0.13333333333333333,-0.008900960286458334,-0.034795888264973956,0.014041900634765604,-0.10811011169318974,-0.4402377642361918,0.1960742575730643,0,0,0,30,,,,0.0009712556483617822,0.0009768819073552302,0.23333333333333334,0.23333333333333334,0.0,-0.06666666666666667,0.06666666666666667,0.6166666666666667,0.6166666666666667,0.0,0.0,0.0,0.9,0.8833333333333333,0.016666666666666666,0.0,0.05,0.6785714285714286,28,0.7037037037037037,8,30,0.26666666666666666,26,0.3076923076923077
llama-3.1-8b-instruct,dev,random_ortho_1_r4_a1,random_ortho_1,4,1.0,demographic,stereoset,exploratory,28,28,28,0.19301278250558035,0.17809186662946427,0.5,0.4642857142857143,0.03571428571428571,0.014920915876116072,-0.01261122567313058,0.044156319754464275,0.07730532497600096,-0.0640369396568141,0.2489097658246085,2,1,0,26,0.5,0.0,1.0,0.0009513603354923895,0.0009552423458347606,0.44642857142857145,0.42857142857142855,0.017857142857142856,0.0,0.05357142857142857,0.35714285714285715,0.35714285714285715,0.0,-0.05357142857142857,0.05357142857142857,0.875,0.8928571428571429,-0.017857142857142856,-0.05357142857142857,0.0,0.44642857142857145,28,0.42857142857142855,5,28,0.17857142857142858,21,0.23809523809523808
llama-3.1-8b-instruct,dev,random_ortho_1_r4_a1,random_ortho_1,4,1.0,identity,pooled,exploratory,100,100,100,0.0,0.0,0.0,0.0,1.0,0.0,0.0,0.0,,,,0,0,0,100,,,,0.0009518359884546051,0.0009516675652005688,0.36082474226804123,0.35051546391752575,0.010309278350515464,-0.020618556701030927,0.05154639175257732,0.46,0.47,-0.01,-0.03,0.0,0.75,0.76,-0.01,-0.03,0.0,0.6301369863013698,73,0.6351351351351351,0,100,0.0,75,0.0
llama-3.1-8b-instruct,dev,random_ortho_1_r4_a1,random_ortho_1,4,1.0,identity,bbq,exploratory,42,42,42,0.0,0.0,0.0,0.0,1.0,0.0,0.0,0.0,,,,0,0,0,42,,,,0.0009309978391312654,0.0009310375696614646,0.358974358974359,0.358974358974359,0.0,0.0,0.0,0.4523809523809524,0.4523809523809524,0.0,0.0,0.0,0.6428571428571429,0.6428571428571429,0.0,0.0,0.0,0.76,25,0.76,0,42,0.0,27,0.0
llama-3.1-8b-instruct,dev,random_ortho_1_r4_a1,random_ortho_1,4,1.0,identity,crows_pairs,exploratory,30,30,30,0.0,0.0,0.0,0.0,1.0,0.0,0.0,0.0,,,,0,0,0,30,,,,0.0009785462344157135,0.000978171472320626,0.26666666666666666,0.26666666666666666,0.0,-0.1,0.1,0.6,0.6,0.0,0.0,0.0,0.8666666666666667,0.8666666666666667,0.0,0.0,0.0,0.6923076923076923,26,0.6923076923076923,0,30,0.0,26,0.0
llama-3.1-8b-instruct,dev,random_ortho_1_r4_a1,random_ortho_1,4,1.0,identity,stereoset,exploratory,28,28,28,0.0,0.0,0.0,0.0,1.0,0.0,0.0,0.0,,,,0,0,0,28,,,,0.0009544750917669986,0.0009542155151663058,0.4642857142857143,0.42857142857142855,0.03571428571428571,0.0,0.10714285714285714,0.32142857142857145,0.35714285714285715,-0.03571428571428571,-0.10714285714285714,0.0,0.7857142857142857,0.8214285714285714,-0.03571428571428571,-0.10714285714285714,0.0,0.4090909090909091,22,0.43478260869565216,0,28,0.0,22,0.0
llama-3.1-8b-instruct,dev,random_ortho_1_r4_a1,random_ortho_1,4,1.0,neutral,pooled,exploratory,42,42,42,0.1246919177827381,0.11811755952380952,0.5238095238095238,0.40476190476190477,0.07142857142857142,0.006574358258928571,-0.020875476655505952,0.03131655738467257,0.052724814693953626,-0.1868338601708071,0.22994161066928598,0,0,0,42,,,,0.0010002925413598249,0.0009585388194473724,0.358974358974359,0.358974358974359,0.0,0.0,0.0,0.4642857142857143,0.42857142857142855,0.03571428571428571,0.0,0.08333333333333333,0.6428571428571429,0.6190476190476191,0.023809523809523808,-0.023809523809523808,0.07142857142857142,0.7777777777777778,27,0.75,2,42,0.047619047619047616,25,0.08
llama-3.1-8b-instruct,dev,random_ortho_1_r4_a1,random_ortho_1,4,1.0,neutral,bbq,exploratory,42,42,42,0.1246919177827381,0.11811755952380952,0.5238095238095238,0.40476190476190477,0.07142857142857142,0.006574358258928571,-0.020875476655505952,0.03131655738467257,0.052724814693953626,-0.1868338601708071,0.22994161066928598,0,0,0,42,,,,0.0010002925413598249,0.0009585388194473724,0.358974358974359,0.358974358974359,0.0,0.0,0.0,0.4642857142857143,0.42857142857142855,0.03571428571428571,0.0,0.08333333333333333,0.6428571428571429,0.6190476190476191,0.023809523809523808,-0.023809523809523808,0.07142857142857142,0.7777777777777778,27,0.75,2,42,0.047619047619047616,25,0.08
llama-3.1-8b-instruct,dev,random_ortho_2_r1_a1,random_ortho_2,1,1.0,demographic,pooled,exploratory,100,100,100,0.131817626953125,0.13193359375,0.51,0.41,0.08,-0.000115966796875,-0.01489722442626953,0.015769081115722644,-0.0008797518173819796,-0.1164225863865995,0.11867981015591916,2,1,0,98,0.5,0.0,1.0,0.00022351875895940132,0.00022498839434299914,0.35714285714285715,0.3520408163265306,0.00510204081632653,-0.01020408163265306,0.02040816326530612,0.465,0.465,0.0,-0.015,0.015,0.76,0.765,-0.005,-0.015,0.0,0.6375,80,0.63125,16,100,0.16,71,0.22535211267605634
llama-3.1-8b-instruct,dev,random_ortho_2_r1_a1,random_ortho_2,1,1.0,demographic,bbq,exploratory,42,42,42,0.1263674781436012,0.14008367629278273,0.4523809523809524,0.5,0.047619047619047616,-0.013716198149181548,-0.04052846999395461,0.01178045726957775,-0.1085421530181585,-0.3857209221740091,0.08666562879174072,0,0,0,42,,,,0.0002126986066632938,0.000225044959454356,0.3875,0.3875,0.0,0.0,0.0,0.42857142857142855,0.42857142857142855,0.0,0.0,0.0,0.5952380952380952,0.5952380952380952,0.0,0.0,0.0,0.78,25,0.78,3,42,0.07142857142857142,24,0.125
llama-3.1-8b-instruct,dev,random_ortho_2_r1_a1,random_ortho_2,1,1.0,demographic,crows_pairs,exploratory,30,30,30,0.08233235677083334,0.0866790771484375,0.4666666666666667,0.4,0.13333333333333333,-0.004346720377604167,-0.027695159912109375,0.017192713419596328,-0.05279480083028565,-0.3409620512024559,0.23460367853621772,0,0,0,30,,,,0.0002344017852063721,0.00022696158190043417,0.25,0.23333333333333334,0.016666666666666666,-0.03333333333333333,0.08333333333333333,0.6166666666666667,0.6166666666666667,0.0,0.0,0.0,0.8833333333333333,0.8833333333333333,0.0,0.0,0.0,0.7037037037037037,27,0.7037037037037037,8,30,0.26666666666666666,26,0.3076923076923077
llama-3.1-8b-instruct,dev,random_ortho_2_r1_a1,random_ortho_2,1,1.0,demographic,stereoset,exploratory,28,28,28,0.19301278250558035,0.16819545200892858,0.6428571428571429,0.2857142857142857,0.07142857142857142,0.024817330496651784,-0.001985876900809152,0.05359448024204798,0.12857868880230394,-0.01107157499043791,0.302456600272156,2,1,0,26,0.5,0.0,1.0,0.0002280886021389511,0.0002227894171501405,0.42857142857142855,0.42857142857142855,0.0,0.0,0.0,0.35714285714285715,0.35714285714285715,0.0,-0.05357142857142857,0.05357142857142857,0.875,0.8928571428571429,-0.017857142857142856,-0.05357142857142857,0.0,0.44642857142857145,28,0.42857142857142855,5,28,0.17857142857142858,21,0.23809523809523808
llama-3.1-8b-instruct,dev,random_ortho_2_r1_a1,random_ortho_2,1,1.0,identity,pooled,exploratory,100,100,100,0.0,0.0,0.0,0.0,1.0,0.0,0.0,0.0,,,,0,0,0,100,,,,0.00022167523820557563,0.00022170216956310975,0.35051546391752575,0.35051546391752575,0.0,-0.030927835051546393,0.030927835051546393,0.45,0.47,-0.02,-0.05,0.0,0.74,0.76,-0.02,-0.05,0.0,0.625,72,0.6351351351351351,0,100,0.0,74,0.0
llama-3.1-8b-instruct,dev,random_ortho_2_r1_a1,random_ortho_2,1,1.0,identity,bbq,exploratory,42,42,42,0.0,0.0,0.0,0.0,1.0,0.0,0.0,0.0,,,,0,0,0,42,,,,0.00022065108461284536,0.00022057144733047946,0.358974358974359,0.358974358974359,0.0,0.0,0.0,0.42857142857142855,0.4523809523809524,-0.023809523809523808,-0.07142857142857142,0.0,0.6190476190476191,0.6428571428571429,-0.023809523809523808,-0.07142857142857142,0.0,0.75,24,0.76,0,42,0.0,26,0.0
llama-3.1-8b-instruct,dev,random_ortho_2_r1_a1,random_ortho_2,1,1.0,identity,crows_pairs,exploratory,30,30,30,0.0,0.0,0.0,0.0,1.0,0.0,0.0,0.0,,,,0,0,0,30,,,,0.00022012131828180964,0.00022058588853702814,0.26666666666666666,0.26666666666666666,0.0,-0.1,0.1,0.6,0.6,0.0,0.0,0.0,0.8666666666666667,0.8666666666666667,0.0,0.0,0.0,0.6923076923076923,26,0.6923076923076923,0,30,0.0,26,0.0
llama-3.1-8b-instruct,dev,random_ortho_2_r1_a1,random_ortho_2,1,1.0,identity,stereoset,exploratory,28,28,28,0.0,0.0,0.0,0.0,1.0,0.0,0.0,0.0,,,,0,0,0,28,,,,0.0002248763827987061,0.00022459426829714253,0.42857142857142855,0.42857142857142855,0.0,0.0,0.0,0.32142857142857145,0.35714285714285715,-0.03571428571428571,-0.10714285714285714,0.0,0.7857142857142857,0.8214285714285714,-0.03571428571428571,-0.10714285714285714,0.0,0.4090909090909091,22,0.43478260869565216,0,28,0.0,22,0.0
llama-3.1-8b-instruct,dev,random_ortho_2_r1_a1,random_ortho_2,1,1.0,neutral,pooled,exploratory,42,42,42,0.1246919177827381,0.13135564894903273,0.5,0.4523809523809524,0.047619047619047616,-0.006663731166294643,-0.03598812648228236,0.02065371558779762,-0.05344156449582771,-0.33660480215975,0.1581033400209972,0,0,0,42,,,,0.0002289105910016136,0.00022384111162055274,0.358974358974359,0.358974358974359,0.0,0.0,0.0,0.4523809523809524,0.42857142857142855,0.023809523809523808,-0.023809523809523808,0.07142857142857142,0.6190476190476191,0.6190476190476191,0.0,-0.047619047619047616,0.047619047619047616,0.8076923076923077,26,0.75,2,42,0.047619047619047616,24,0.08333333333333333
llama-3.1-8b-instruct,dev,random_ortho_2_r1_a1,random_ortho_2,1,1.0,neutral,bbq,exploratory,42,42,42,0.1246919177827381,0.13135564894903273,0.5,0.4523809523809524,0.047619047619047616,-0.006663731166294643,-0.03598812648228236,0.02065371558779762,-0.05344156449582771,-0.33660480215975,0.1581033400209972,0,0,0,42,,,,0.0002289105910016136,0.00022384111162055274,0.358974358974359,0.358974358974359,0.0,0.0,0.0,0.4523809523809524,0.42857142857142855,0.023809523809523808,-0.023809523809523808,0.07142857142857142,0.6190476190476191,0.6190476190476191,0.0,-0.047619047619047616,0.047619047619047616,0.8076923076923077,26,0.75,2,42,0.047619047619047616,24,0.08333333333333333
llama-3.1-8b-instruct,dev,random_ortho_2_r2_a1,random_ortho_2,2,1.0,demographic,pooled,exploratory,100,100,100,0.131817626953125,0.1371898651123047,0.43,0.5,0.07,-0.005372238159179687,-0.020698013305664065,0.01134266662597656,-0.040755081724313635,-0.17509053183362014,0.08541355148535563,2,1,0,98,0.5,0.0,1.0,0.0004253116745640768,0.00043106467980389313,0.3622448979591837,0.3520408163265306,0.01020408163265306,0.0,0.025510204081632654,0.46,0.465,-0.005,-0.015,0.0,0.76,0.765,-0.005,-0.015,0.0,0.63125,80,0.63125,15,100,0.15,71,0.2112676056338028
llama-3.1-8b-instruct,dev,random_ortho_2_r2_a1,random_ortho_2,2,1.0,demographic,bbq,exploratory,42,42,42,0.1263674781436012,0.1333449227469308,0.40476190476190477,0.5238095238095238,0.07142857142857142,-0.006977444603329613,-0.032726319630940755,0.020926520937965,-0.0552155088147015,-0.30712245766572555,0.15090913565444267,0,0,0,42,,,,0.0003926552084447068,0.0004177870750913652,0.3875,0.3875,0.0,0.0,0.0,0.42857142857142855,0.42857142857142855,0.0,0.0,0.0,0.5952380952380952,0.5952380952380952,0.0,0.0,0.0,0.78,25,0.78,3,42,0.07142857142857142,24,0.125
llama-3.1-8b-instruct,dev,random_ortho_2_r2_a1,random_ortho_2,2,1.0,demographic,crows_pairs,exploratory,30,30,30,0.08233235677083334,0.1065826416015625,0.4,0.4666666666666667,0.13333333333333333,-0.024250284830729166,-0.051386998494466145,0.0007984161376953077,-0.2945413660175942,-0.7079353028147897,0.008423757167334612,0,0,0,30,,,,0.0004264824711401281,0.0004281177268446807,0.26666666666666666,0.23333333333333334,0.03333333333333333,0.0,0.08333333333333333,0.6166666666666667,0.6166666666666667,0.0,0.0,0.0,0.8833333333333333,0.8833333333333333,0.0,0.0,0.0,0.7037037037037037,27,0.7037037037037037,8,30,0.26666666666666666,26,0.3076923076923077
llama-3.1-8b-instruct,dev,random_ortho_2_r2_a1,random_ortho_2,2,1.0,demographic,stereoset,exploratory,28,28,28,0.19301278250558035,0.175750732421875,0.5,0.5,0.0,0.017262050083705356,-0.010850960867745537,0.04837706429617744,0.08943475069173867,-0.06298470184302778,0.2550322931689406,2,1,0,26,0.5,0.0,1.0,0.00047304194884021966,0.0004541385364718411,0.42857142857142855,0.42857142857142855,0.0,0.0,0.0,0.3392857142857143,0.35714285714285715,-0.017857142857142856,-0.05357142857142857,0.0,0.875,0.8928571428571429,-0.017857142857142856,-0.05357142857142857,0.0,0.42857142857142855,28,0.42857142857142855,4,28,0.14285714285714285,21,0.19047619047619047
llama-3.1-8b-instruct,dev,random_ortho_2_r2_a1,random_ortho_2,2,1.0,identity,pooled,exploratory,100,100,100,0.0,0.0,0.0,0.0,1.0,0.0,0.0,0.0,,,,0,0,0,100,,,,0.00042889059370116307,0.0004287853392045776,0.36082474226804123,0.35051546391752575,0.010309278350515464,0.0,0.030927835051546393,0.45,0.47,-0.02,-0.05,0.0,0.74,0.76,-0.02,-0.05,0.0,0.625,72,0.6351351351351351,0,100,0.0,74,0.0
llama-3.1-8b-instruct,dev,random_ortho_2_r2_a1,random_ortho_2,2,1.0,identity,bbq,exploratory,42,42,42,0.0,0.0,0.0,0.0,1.0,0.0,0.0,0.0,,,,0,0,0,42,,,,0.00041971349391855704,0.00041914946890285877,0.358974358974359,0.358974358974359,0.0,0.0,0.0,0.42857142857142855,0.4523809523809524,-0.023809523809523808,-0.07142857142857142,0.0,0.6190476190476191,0.6428571428571429,-0.023809523809523808,-0.07142857142857142,0.0,0.75,24,0.76,0,42,0.0,26,0.0
llama-3.1-8b-instruct,dev,random_ortho_2_r2_a1,random_ortho_2,2,1.0,identity,crows_pairs,exploratory,30,30,30,0.0,0.0,0.0,0.0,1.0,0.0,0.0,0.0,,,,0,0,0,30,,,,0.00042437848551062915,0.0004246634550587666,0.3,0.26666666666666666,0.03333333333333333,0.0,0.1,0.6,0.6,0.0,0.0,0.0,0.8666666666666667,0.8666666666666667,0.0,0.0,0.0,0.6923076923076923,26,0.6923076923076923,0,30,0.0,26,0.0
llama-3.1-8b-instruct,dev,random_ortho_2_r2_a1,random_ortho_2,2,1.0,identity,stereoset,exploratory,28,28,28,0.0,0.0,0.0,0.0,1.0,0.0,0.0,0.0,,,,0,0,0,28,,,,0.0004474906450077872,0.00044765544909909665,0.42857142857142855,0.42857142857142855,0.0,0.0,0.0,0.32142857142857145,0.35714285714285715,-0.03571428571428571,-0.10714285714285714,0.0,0.7857142857142857,0.8214285714285714,-0.03571428571428571,-0.10714285714285714,0.0,0.4090909090909091,22,0.43478260869565216,0,28,0.0,22,0.0
llama-3.1-8b-instruct,dev,random_ortho_2_r2_a1,random_ortho_2,2,1.0,neutral,pooled,exploratory,42,42,42,0.1246919177827381,0.12068975539434523,0.4523809523809524,0.4523809523809524,0.09523809523809523,0.004002162388392857,-0.024896966843377978,0.032331484840029755,0.03209640576196915,-0.22850883369280592,0.2346294415630772,0,0,0,42,,,,0.00047006551720119954,0.00044788562339451296,0.358974358974359,0.358974358974359,0.0,0.0,0.0,0.42857142857142855,0.42857142857142855,0.0,-0.03571428571428571,0.03571428571428571,0.6190476190476191,0.6190476190476191,0.0,-0.047619047619047616,0.047619047619047616,0.75,26,0.75,3,42,0.07142857142857142,24,0.125
llama-3.1-8b-instruct,dev,random_ortho_2_r2_a1,random_ortho_2,2,1.0,neutral,bbq,exploratory,42,42,42,0.1246919177827381,0.12068975539434523,0.4523809523809524,0.4523809523809524,0.09523809523809523,0.004002162388392857,-0.024896966843377978,0.032331484840029755,0.03209640576196915,-0.22850883369280592,0.2346294415630772,0,0,0,42,,,,0.00047006551720119954,0.00044788562339451296,0.358974358974359,0.358974358974359,0.0,0.0,0.0,0.42857142857142855,0.42857142857142855,0.0,-0.03571428571428571,0.03571428571428571,0.6190476190476191,0.6190476190476191,0.0,-0.047619047619047616,0.047619047619047616,0.75,26,0.75,3,42,0.07142857142857142,24,0.125
llama-3.1-8b-instruct,dev,random_ortho_2_r4_a1,random_ortho_2,4,1.0,demographic,pooled,exploratory,100,100,100,0.131817626953125,0.129951171875,0.46,0.47,0.07,0.001866455078125,-0.01293914794921875,0.01661376953124999,0.014159373987127855,-0.10167848217595549,0.12269557184134797,2,0,0,98,0.0,0.0,0.0,0.0008739203009354056,0.000889097082740655,0.35714285714285715,0.3520408163265306,0.00510204081632653,-0.01020408163265306,0.025510204081632654,0.47,0.465,0.005,-0.015,0.03,0.775,0.765,0.01,-0.015,0.035,0.6219512195121951,82,0.63125,14,100,0.14,72,0.19444444444444445
llama-3.1-8b-instruct,dev,random_ortho_2_r4_a1,random_ortho_2,4,1.0,demographic,bbq,exploratory,42,42,42,0.1263674781436012,0.12740652901785715,0.47619047619047616,0.4523809523809524,0.07142857142857142,-0.0010390508742559525,-0.02947013491675967,0.026630219959077366,-0.008222454776498633,-0.2748505750931499,0.19947461829926297,0,0,0,42,,,,0.0008392660592524895,0.0008735431721388681,0.3875,0.3875,0.0,0.0,0.0,0.44047619047619047,0.42857142857142855,0.011904761904761904,-0.024107142857142837,0.047619047619047616,0.6309523809523809,0.5952380952380952,0.03571428571428571,-0.011904761904761904,0.08363095238095075,0.7222222222222222,27,0.78,3,42,0.07142857142857142,25,0.12
llama-3.1-8b-instruct,dev,random_ortho_2_r4_a1,random_ortho_2,4,1.0,demographic,crows_pairs,exploratory,30,30,30,0.08233235677083334,0.09412434895833334,0.43333333333333335,0.5,0.06666666666666667,-0.0117919921875,-0.03336690266927083,0.00955932617187497,-0.14322427597113774,-0.42594724403149514,0.12531707675385714,0,0,0,30,,,,0.0008718940944971167,0.0008938916520166769,0.25,0.23333333333333334,0.016666666666666666,-0.03333333333333333,0.06708333333333105,0.6166666666666667,0.6166666666666667,0.0,0.0,0.0,0.8833333333333333,0.8833333333333333,0.0,0.0,0.0,0.7037037037037037,27,0.7037037037037037,8,30,0.26666666666666666,26,0.3076923076923077
llama-3.1-8b-instruct,dev,random_ortho_2_r4_a1,random_ortho_2,4,1.0,demographic,stereoset,exploratory,28,28,28,0.19301278250558035,0.17215401785714285,0.4642857142857143,0.4642857142857143,0.07142857142857142,0.0208587646484375,-0.0026820591517857143,0.04768366132463726,0.10806934327178275,-0.014006202037648907,0.2612464224506355,2,0,0,26,0.0,0.0,0.0,0.0009280725989293744,0.0009072909101333118,0.42857142857142855,0.42857142857142855,0.0,0.0,0.0,0.35714285714285715,0.35714285714285715,0.0,-0.05357142857142857,0.05357142857142857,0.875,0.8928571428571429,-0.017857142857142856,-0.05357142857142857,0.0,0.44642857142857145,28,0.42857142857142855,3,28,0.10714285714285714,21,0.14285714285714285
llama-3.1-8b-instruct,dev,random_ortho_2_r4_a1,random_ortho_2,4,1.0,identity,pooled,exploratory,100,100,100,0.0,0.0,0.0,0.0,1.0,0.0,0.0,0.0,,,,0,0,0,100,,,,0.0008923316242142478,0.0008918699117760833,0.36082474226804123,0.35051546391752575,0.010309278350515464,0.0,0.030927835051546393,0.47,0.47,0.0,-0.03,0.03,0.76,0.76,0.0,-0.03,0.03,0.6351351351351351,74,0.6351351351351351,0,100,0.0,76,0.0
llama-3.1-8b-instruct,dev,random_ortho_2_r4_a1,random_ortho_2,4,1.0,identity,bbq,exploratory,42,42,42,0.0,0.0,0.0,0.0,1.0,0.0,0.0,0.0,,,,0,0,0,42,,,,0.0008785538872843786,0.0008786802741728742,0.358974358974359,0.358974358974359,0.0,0.0,0.0,0.4523809523809524,0.4523809523809524,0.0,0.0,0.0,0.6666666666666666,0.6428571428571429,0.023809523809523808,0.0,0.07142857142857142,0.7307692307692307,26,0.76,0,42,0.0,28,0.0
llama-3.1-8b-instruct,dev,random_ortho_2_r4_a1,random_ortho_2,4,1.0,identity,crows_pairs,exploratory,30,30,30,0.0,0.0,0.0,0.0,1.0,0.0,0.0,0.0,,,,0,0,0,30,,,,0.0009017403432233061,0.0009009338505221981,0.3,0.26666666666666666,0.03333333333333333,0.0,0.1,0.6,0.6,0.0,0.0,0.0,0.8666666666666667,0.8666666666666667,0.0,0.0,0.0,0.6923076923076923,26,0.6923076923076923,0,30,0.0,26,0.0
llama-3.1-8b-instruct,dev,random_ortho_2_r4_a1,random_ortho_2,4,1.0,identity,stereoset,exploratory,28,28,28,0.0,0.0,0.0,0.0,1.0,0.0,0.0,0.0,,,,0,0,0,28,,,,0.0009029174592422032,0.0009019430052386315,0.42857142857142855,0.42857142857142855,0.0,0.0,0.0,0.35714285714285715,0.35714285714285715,0.0,-0.10714285714285714,0.10714285714285714,0.7857142857142857,0.8214285714285714,-0.03571428571428571,-0.10714285714285714,0.0,0.45454545454545453,22,0.43478260869565216,0,28,0.0,22,0.0
llama-3.1-8b-instruct,dev,random_ortho_2_r4_a1,random_ortho_2,4,1.0,neutral,pooled,exploratory,42,42,42,0.1246919177827381,0.12887718563988096,0.5238095238095238,0.4523809523809524,0.023809523809523808,-0.004185267857142857,-0.030000523158482142,0.02137988862537202,-0.03356486877068665,-0.27986197109566735,0.1635769927657787,0,0,0,42,,,,0.0008615984386001717,0.0008818891960661484,0.358974358974359,0.358974358974359,0.0,0.0,0.0,0.4523809523809524,0.42857142857142855,0.023809523809523808,-0.023809523809523808,0.07142857142857142,0.6309523809523809,0.6190476190476191,0.011904761904761904,-0.03571428571428571,0.05952380952380952,0.78,25,0.75,3,42,0.07142857142857142,26,0.11538461538461539
llama-3.1-8b-instruct,dev,random_ortho_2_r4_a1,random_ortho_2,4,1.0,neutral,bbq,exploratory,42,42,42,0.1246919177827381,0.12887718563988096,0.5238095238095238,0.4523809523809524,0.023809523809523808,-0.004185267857142857,-0.030000523158482142,0.02137988862537202,-0.03356486877068665,-0.27986197109566735,0.1635769927657787,0,0,0,42,,,,0.0008615984386001717,0.0008818891960661484,0.358974358974359,0.358974358974359,0.0,0.0,0.0,0.4523809523809524,0.42857142857142855,0.023809523809523808,-0.023809523809523808,0.07142857142857142,0.6309523809523809,0.6190476190476191,0.011904761904761904,-0.03571428571428571,0.05952380952380952,0.78,25,0.75,3,42,0.07142857142857142,26,0.11538461538461539
llama-3.1-8b-instruct,dev,random_ortho_3_r1_a1,random_ortho_3,1,1.0,demographic,pooled,exploratory,100,100,100,0.131817626953125,0.13971607208251954,0.41,0.53,0.06,-0.007898445129394532,-0.025101672172546385,0.010899496078491201,-0.059919491133027636,-0.21208884244223786,0.07718503509046783,2,1,0,98,0.5,0.0,1.0,0.0002695867134198679,0.00025616618658169714,0.3520408163265306,0.3520408163265306,0.0,-0.025637755102040808,0.02040816326530612,0.465,0.465,0.0,-0.015,0.015,0.77,0.765,0.005,-0.01,0.02,0.6234567901234568,81,0.63125,15,100,0.15,72,0.20833333333333334
llama-3.1-8b-instruct,dev,random_ortho_3_r1_a1,random_ortho_3,1,1.0,demographic,bbq,exploratory,42,42,42,0.1263674781436012,0.14720844087146578,0.35714285714285715,0.6190476190476191,0.023809523809523808,-0.020840962727864582,-0.0529199963524228,0.011736388433547245,-0.16492346792092638,-0.5130557694983278,0.0828589435189551,0,0,0,42,,,,0.0002759083896761383,0.00025928137814218975,0.3875,0.3875,0.0,0.0,0.0,0.42857142857142855,0.42857142857142855,0.0,-0.03571428571428571,0.03571428571428571,0.6071428571428571,0.5952380952380952,0.011904761904761904,-0.023809523809523808,0.05952380952380952,0.75,26,0.78,3,42,0.07142857142857142,24,0.125
llama-3.1-8b-instruct,dev,random_ortho_3_r1_a1,random_ortho_3,1,1.0,demographic,crows_pairs,exploratory,30,30,30,0.08233235677083334,0.09888013203938802,0.3333333333333333,0.5,0.16666666666666666,-0.016547775268554686,-0.04284475326538086,0.007729082107543939,-0.20098750864880888,-0.5612010817915746,0.09837013174387048,0,0,0,30,,,,0.00024440864745771347,0.0002435900262266819,0.23333333333333334,0.23333333333333334,0.0,-0.08333333333333333,0.06666666666666667,0.6166666666666667,0.6166666666666667,0.0,0.0,0.0,0.8833333333333333,0.8833333333333333,0.0,0.0,0.0,0.7037037037037037,27,0.7037037037037037,8,30,0.26666666666666666,26,0.3076923076923077
llama-3.1-8b-instruct,dev,random_ortho_3_r1_a1,random_ortho_3,1,1.0,demographic,stereoset,exploratory,28,28,28,0.19301278250558035,0.17223031180245535,0.5714285714285714,0.42857142857142855,0.0,0.020782470703125,-0.009510149274553572,0.0555861336844308,0.10767406403523627,-0.05526256580042603,0.28424666369272106,2,1,0,26,0.5,0.0,1.0,0.0002870806982806277,0.00026496785676418874,0.42857142857142855,0.42857142857142855,0.0,0.0,0.0,0.35714285714285715,0.35714285714285715,0.0,0.0,0.0,0.8928571428571429,0.8928571428571429,0.0,0.0,0.0,0.42857142857142855,28,0.42857142857142855,4,28,0.14285714285714285,22,0.18181818181818182
llama-3.1-8b-instruct,dev,random_ortho_3_r1_a1,random_ortho_3,1,1.0,identity,pooled,exploratory,100,100,100,0.0,0.0,0.0,0.0,1.0,0.0,0.0,0.0,,,,0,0,0,100,,,,0.0002504975951681742,0.00025029598371550347,0.35051546391752575,0.35051546391752575,0.0,-0.030927835051546393,0.030927835051546393,0.47,0.47,0.0,0.0,0.0,0.77,0.76,0.01,0.0,0.03,0.6266666666666667,75,0.6351351351351351,0,100,0.0,77,0.0
llama-3.1-8b-instruct,dev,random_ortho_3_r1_a1,random_ortho_3,1,1.0,identity,bbq,exploratory,42,42,42,0.0,0.0,0.0,0.0,1.0,0.0,0.0,0.0,,,,0,0,0,42,,,,0.00024756588347736835,0.00024751504326597166,0.358974358974359,0.358974358974359,0.0,0.0,0.0,0.4523809523809524,0.4523809523809524,0.0,0.0,0.0,0.6666666666666666,0.6428571428571429,0.023809523809523808,0.0,0.07142857142857142,0.7307692307692307,26,0.76,0,42,0.0,28,0.0
llama-3.1-8b-instruct,dev,random_ortho_3_r1_a1,random_ortho_3,1,1.0,identity,crows_pairs,exploratory,30,30,30,0.0,0.0,0.0,0.0,1.0,0.0,0.0,0.0,,,,0,0,0,30,,,,0.0002443930756686831,0.00024424185749107936,0.26666666666666666,0.26666666666666666,0.0,-0.1,0.1,0.6,0.6,0.0,0.0,0.0,0.8666666666666667,0.8666666666666667,0.0,0.0,0.0,0.6923076923076923,26,0.6923076923076923,0,30,0.0,26,0.0
llama-3.1-8b-instruct,dev,random_ortho_3_r1_a1,random_ortho_3,1,1.0,identity,stereoset,exploratory,28,28,28,0.0,0.0,0.0,0.0,1.0,0.0,0.0,0.0,,,,0,0,0,28,,,,0.00026143571931098043,0.0002609539582016839,0.42857142857142855,0.42857142857142855,0.0,0.0,0.0,0.35714285714285715,0.35714285714285715,0.0,0.0,0.0,0.8214285714285714,0.8214285714285714,0.0,0.0,0.0,0.43478260869565216,23,0.43478260869565216,0,28,0.0,23,0.0
llama-3.1-8b-instruct,dev,random_ortho_3_r1_a1,random_ortho_3,1,1.0,neutral,pooled,exploratory,42,42,42,0.1246919177827381,0.12897019159226192,0.4523809523809524,0.47619047619047616,0.07142857142857142,-0.00427827380952381,-0.027739606584821427,0.0200558617001488,-0.03431075474336853,-0.2478691167777954,0.14973782608563393,0,0,0,42,,,,0.0002813379085187934,0.00025874567987698533,0.358974358974359,0.358974358974359,0.0,0.0,0.0,0.4642857142857143,0.42857142857142855,0.03571428571428571,-0.011904761904761904,0.08333333333333333,0.6547619047619048,0.6190476190476191,0.03571428571428571,-0.023809523809523808,0.09523809523809523,0.7592592592592593,27,0.75,3,42,0.07142857142857142,26,0.11538461538461539
llama-3.1-8b-instruct,dev,random_ortho_3_r1_a1,random_ortho_3,1,1.0,neutral,bbq,exploratory,42,42,42,0.1246919177827381,0.12897019159226192,0.4523809523809524,0.47619047619047616,0.07142857142857142,-0.00427827380952381,-0.027739606584821427,0.0200558617001488,-0.03431075474336853,-0.2478691167777954,0.14973782608563393,0,0,0,42,,,,0.0002813379085187934,0.00025874567987698533,0.358974358974359,0.358974358974359,0.0,0.0,0.0,0.4642857142857143,0.42857142857142855,0.03571428571428571,-0.011904761904761904,0.08333333333333333,0.6547619047619048,0.6190476190476191,0.03571428571428571,-0.023809523809523808,0.09523809523809523,0.7592592592592593,27,0.75,3,42,0.07142857142857142,26,0.11538461538461539
llama-3.1-8b-instruct,dev,random_ortho_3_r2_a1,random_ortho_3,2,1.0,demographic,pooled,exploratory,100,100,100,0.131817626953125,0.130953369140625,0.46,0.46,0.08,0.0008642578125,-0.016760757446289062,0.01790776062011718,0.006556466175857811,-0.1395363028442157,0.12879134989962276,2,1,1,98,0.5,0.0,1.0,0.0005026247573991645,0.0004936952105442131,0.35714285714285715,0.3520408163265306,0.00510204081632653,-0.015306122448979591,0.025510204081632654,0.47,0.465,0.005,-0.01,0.02,0.78,0.765,0.015,-0.005,0.035,0.6144578313253012,83,0.63125,14,100,0.14,72,0.19444444444444445
llama-3.1-8b-instruct,dev,random_ortho_3_r2_a1,random_ortho_3,2,1.0,demographic,bbq,exploratory,42,42,42,0.1263674781436012,0.13527425130208334,0.4523809523809524,0.47619047619047616,0.07142857142857142,-0.008906773158482142,-0.039550127301897324,0.019609033493768597,-0.07048311234288218,-0.382352585379404,0.1396952271253981,0,0,0,42,,,,0.0004949237657992734,0.0004849858472253033,0.3875,0.3875,0.0,0.0,0.0,0.42857142857142855,0.42857142857142855,0.0,-0.03571428571428571,0.03571428571428571,0.6190476190476191,0.5952380952380952,0.023809523809523808,-0.023809523809523808,0.07142857142857142,0.7222222222222222,27,0.78,3,42,0.07142857142857142,24,0.125
llama-3.1-8b-instruct,dev,random_ortho_3_r2_a1,random_ortho_3,2,1.0,demographic,crows_pairs,exploratory,30,30,30,0.08233235677083334,0.08047688802083333,0.5333333333333333,0.36666666666666664,0.1,0.00185546875,-0.023857828776041666,0.0293741861979166,0.02253632499752889,-0.3742750085429193,0.29885091232700145,0,0,0,30,,,,0.0004826687865449528,0.00048373946123037205,0.25,0.23333333333333334,0.016666666666666666,-0.05,0.1,0.6166666666666667,0.6166666666666667,0.0,0.0,0.0,0.9,0.8833333333333333,0.016666666666666666,0.0,0.05,0.6785714285714286,28,0.7037037037037037,8,30,0.26666666666666666,26,0.3076923076923077
llama-3.1-8b-instruct,dev,random_ortho_3_r2_a1,random_ortho_3,2,1.0,demographic,stereoset,exploratory,28,28,28,0.19301278250558035,0.17855398995535715,0.39285714285714285,0.5357142857142857,0.07142857142857142,0.014458792550223214,-0.018831961495535714,0.049829483032226535,0.07491106217177701,-0.09934067323045688,0.25890510294612445,2,1,1,26,0.5,0.0,1.0,0.0005355576421427994,0.0005174261297874077,0.42857142857142855,0.42857142857142855,0.0,0.0,0.0,0.375,0.35714285714285715,0.017857142857142856,0.0,0.05357142857142857,0.8928571428571429,0.8928571428571429,0.0,0.0,0.0,0.44642857142857145,28,0.42857142857142855,3,28,0.10714285714285714,22,0.13636363636363635
llama-3.1-8b-instruct,dev,random_ortho_3_r2_a1,random_ortho_3,2,1.0,identity,pooled,exploratory,100,100,100,0.0,0.0,0.0,0.0,1.0,0.0,0.0,0.0,,,,0,0,0,100,,,,0.0004863466899370706,0.00048637532329267875,0.35051546391752575,0.35051546391752575,0.0,-0.030927835051546393,0.030927835051546393,0.48,0.47,0.01,0.0,0.03,0.77,0.76,0.01,0.0,0.03,0.64,75,0.6351351351351351,0,100,0.0,77,0.0
llama-3.1-8b-instruct,dev,random_ortho_3_r2_a1,random_ortho_3,2,1.0,identity,bbq,exploratory,42,42,42,0.0,0.0,0.0,0.0,1.0,0.0,0.0,0.0,,,,0,0,0,42,,,,0.00047851602697257886,0.00047834431130505293,0.358974358974359,0.358974358974359,0.0,0.0,0.0,0.4523809523809524,0.4523809523809524,0.0,0.0,0.0,0.6666666666666666,0.6428571428571429,0.023809523809523808,0.0,0.07142857142857142,0.7307692307692307,26,0.76,0,42,0.0,28,0.0
llama-3.1-8b-instruct,dev,random_ortho_3_r2_a1,random_ortho_3,2,1.0,identity,crows_pairs,exploratory,30,30,30,0.0,0.0,0.0,0.0,1.0,0.0,0.0,0.0,,,,0,0,0,30,,,,0.00048031841971748535,0.0004804011486193799,0.26666666666666666,0.26666666666666666,0.0,-0.1,0.1,0.6,0.6,0.0,0.0,0.0,0.8666666666666667,0.8666666666666667,0.0,0.0,0.0,0.6923076923076923,26,0.6923076923076923,0,30,0.0,26,0.0
llama-3.1-8b-instruct,dev,random_ortho_3_r2_a1,random_ortho_3,2,1.0,identity,stereoset,exploratory,28,28,28,0.0,0.0,0.0,0.0,1.0,0.0,0.0,0.0,,,,0,0,0,28,,,,0.000504551545333364,0.0005048227427097947,0.42857142857142855,0.42857142857142855,0.0,0.0,0.0,0.39285714285714285,0.35714285714285715,0.03571428571428571,0.0,0.10714285714285714,0.8214285714285714,0.8214285714285714,0.0,0.0,0.0,0.4782608695652174,23,0.43478260869565216,0,28,0.0,23,0.0
llama-3.1-8b-instruct,dev,random_ortho_3_r2_a1,random_ortho_3,2,1.0,neutral,pooled,exploratory,42,42,42,0.1246919177827381,0.11042712983630952,0.40476190476190477,0.5,0.09523809523809523,0.014264787946428572,-0.010359700520833334,0.04156218029203866,0.11440026106009049,-0.09588053449021507,0.3093685180505171,0,0,0,42,,,,0.00047476478509054815,0.000477717247401965,0.358974358974359,0.358974358974359,0.0,0.0,0.0,0.4523809523809524,0.42857142857142855,0.023809523809523808,0.0,0.05952380952380952,0.6428571428571429,0.6190476190476191,0.023809523809523808,-0.023809523809523808,0.07142857142857142,0.7592592592592593,27,0.75,3,42,0.07142857142857142,25,0.12
llama-3.1-8b-instruct,dev,random_ortho_3_r2_a1,random_ortho_3,2,1.0,neutral,bbq,exploratory,42,42,42,0.1246919177827381,0.11042712983630952,0.40476190476190477,0.5,0.09523809523809523,0.014264787946428572,-0.010359700520833334,0.04156218029203866,0.11440026106009049,-0.09588053449021507,0.3093685180505171,0,0,0,42,,,,0.00047476478509054815,0.000477717247401965,0.358974358974359,0.358974358974359,0.0,0.0,0.0,0.4523809523809524,0.42857142857142855,0.023809523809523808,0.0,0.05952380952380952,0.6428571428571429,0.6190476190476191,0.023809523809523808,-0.023809523809523808,0.07142857142857142,0.7592592592592593,27,0.75,3,42,0.07142857142857142,25,0.12
llama-3.1-8b-instruct,dev,random_ortho_3_r4_a1,random_ortho_3,4,1.0,demographic,pooled,exploratory,100,100,100,0.131817626953125,0.12882476806640625,0.51,0.45,0.04,0.00299285888671875,-0.012119415283203124,0.018844474792480456,0.022704542297541375,-0.09663732667661148,0.13892053178071753,2,1,0,98,0.5,0.0,1.0,0.000997010741419034,0.000995763296576303,0.3469387755102041,0.3520408163265306,-0.00510204081632653,-0.03571428571428571,0.02040816326530612,0.48,0.465,0.015,0.0,0.03,0.78,0.765,0.015,0.0,0.035,0.6325301204819277,83,0.63125,15,100,0.15,72,0.20833333333333334
llama-3.1-8b-instruct,dev,random_ortho_3_r4_a1,random_ortho_3,4,1.0,demographic,bbq,exploratory,42,42,42,0.1263674781436012,0.13256472632998512,0.47619047619047616,0.47619047619047616,0.047619047619047616,-0.006197248186383929,-0.030971672421409968,0.016512135096958685,-0.049041480271858395,-0.2917100552702997,0.12046445741271172,0,0,0,42,,,,0.0009922063466832852,0.0009824397021612637,0.3875,0.3875,0.0,0.0,0.0,0.44047619047619047,0.42857142857142855,0.011904761904761904,0.0,0.03571428571428571,0.6190476190476191,0.5952380952380952,0.023809523809523808,0.0,0.05952380952380952,0.7592592592592593,27,0.78,3,42,0.07142857142857142,24,0.125
llama-3.1-8b-instruct,dev,random_ortho_3_r4_a1,random_ortho_3,4,1.0,demographic,crows_pairs,exploratory,30,30,30,0.08233235677083334,0.089886474609375,0.4666666666666667,0.4666666666666667,0.06666666666666667,-0.007554117838541667,-0.03546976725260417,0.015446726481119787,-0.09175150736384308,-0.38103506191076886,0.21058344693986716,0,0,0,30,,,,0.0009922855212022889,0.0010054442267887103,0.21666666666666667,0.23333333333333334,-0.016666666666666666,-0.11666666666666667,0.06666666666666667,0.6166666666666667,0.6166666666666667,0.0,0.0,0.0,0.9,0.8833333333333333,0.016666666666666666,0.0,0.05,0.6785714285714286,28,0.7037037037037037,8,30,0.26666666666666666,26,0.3076923076923077
llama-3.1-8b-instruct,dev,random_ortho_3_r4_a1,random_ortho_3,4,1.0,demographic,stereoset,exploratory,28,28,28,0.19301278250558035,0.16493443080357142,0.6071428571428571,0.39285714285714285,0.0,0.028078351702008928,-0.0022687639508928567,0.06201918465750554,0.1454740527415439,-0.01413370476168938,0.3122153006851492,2,1,0,26,0.5,0.0,1.0,0.00100928006946917,0.0010053762629712822,0.42857142857142855,0.42857142857142855,0.0,0.0,0.0,0.39285714285714285,0.35714285714285715,0.03571428571428571,0.0,0.08928571428571429,0.8928571428571429,0.8928571428571429,0.0,0.0,0.0,0.4642857142857143,28,0.42857142857142855,4,28,0.14285714285714285,22,0.18181818181818182
llama-3.1-8b-instruct,dev,random_ortho_3_r4_a1,random_ortho_3,4,1.0,identity,pooled,exploratory,100,100,100,0.0,0.0,0.0,0.0,1.0,0.0,0.0,0.0,,,,0,0,0,100,,,,0.0009893242620180411,0.0009892117706977576,0.35051546391752575,0.35051546391752575,0.0,-0.030927835051546393,0.030927835051546393,0.48,0.47,0.01,0.0,0.03,0.76,0.76,0.0,0.0,0.0,0.6486486486486487,74,0.6351351351351351,0,100,0.0,76,0.0
llama-3.1-8b-instruct,dev,random_ortho_3_r4_a1,random_ortho_3,4,1.0,identity,bbq,exploratory,42,42,42,0.0,0.0,0.0,0.0,1.0,0.0,0.0,0.0,,,,0,0,0,42,,,,0.0009625531966112643,0.0009625702921204522,0.358974358974359,0.358974358974359,0.0,0.0,0.0,0.4523809523809524,0.4523809523809524,0.0,0.0,0.0,0.6428571428571429,0.6428571428571429,0.0,0.0,0.0,0.76,25,0.76,0,42,0.0,27,0.0
llama-3.1-8b-instruct,dev,random_ortho_3_r4_a1,random_ortho_3,4,1.0,identity,crows_pairs,exploratory,30,30,30,0.0,0.0,0.0,0.0,1.0,0.0,0.0,0.0,,,,0,0,0,30,,,,0.0010036360078498109,0.0010034276523450693,0.26666666666666666,0.26666666666666666,0.0,-0.1,0.1,0.6,0.6,0.0,0.0,0.0,0.8666666666666667,0.8666666666666667,0.0,0.0,0.0,0.6923076923076923,26,0.6923076923076923,0,30,0.0,26,0.0
llama-3.1-8b-instruct,dev,random_ortho_3_r4_a1,random_ortho_3,4,1.0,identity,stereoset,exploratory,28,28,28,0.0,0.0,0.0,0.0,1.0,0.0,0.0,0.0,,,,0,0,0,28,,,,0.0010141468467370245,0.0010139426867987386,0.42857142857142855,0.42857142857142855,0.0,0.0,0.0,0.39285714285714285,0.35714285714285715,0.03571428571428571,0.0,0.10714285714285714,0.8214285714285714,0.8214285714285714,0.0,0.0,0.0,0.4782608695652174,23,0.43478260869565216,0,28,0.0,23,0.0
llama-3.1-8b-instruct,dev,random_ortho_3_r4_a1,random_ortho_3,4,1.0,neutral,pooled,exploratory,42,42,42,0.1246919177827381,0.12881905691964285,0.38095238095238093,0.5476190476190477,0.07142857142857142,-0.004127139136904762,-0.026179286411830354,0.01985270182291666,-0.03309869003776056,-0.23314050571304154,0.15419179130271513,0,0,0,42,,,,0.0010041624726452056,0.0009736153470486049,0.358974358974359,0.358974358974359,0.0,0.0,0.0,0.4642857142857143,0.42857142857142855,0.03571428571428571,0.0,0.08333333333333333,0.6547619047619048,0.6190476190476191,0.03571428571428571,-0.011904761904761904,0.08333333333333333,0.7678571428571429,28,0.75,3,42,0.07142857142857142,25,0.12
llama-3.1-8b-instruct,dev,random_ortho_3_r4_a1,random_ortho_3,4,1.0,neutral,bbq,exploratory,42,42,42,0.1246919177827381,0.12881905691964285,0.38095238095238093,0.5476190476190477,0.07142857142857142,-0.004127139136904762,-0.026179286411830354,0.01985270182291666,-0.03309869003776056,-0.23314050571304154,0.15419179130271513,0,0,0,42,,,,0.0010041624726452056,0.0009736153470486049,0.358974358974359,0.358974358974359,0.0,0.0,0.0,0.4642857142857143,0.42857142857142855,0.03571428571428571,0.0,0.08333333333333333,0.6547619047619048,0.6190476190476191,0.03571428571428571,-0.011904761904761904,0.08333333333333333,0.7678571428571429,28,0.75,3,42,0.07142857142857142,25,0.12
llama-3.1-8b-instruct,dev,uncentred_svd_r1_a1,uncentred_svd,1,1.0,demographic,pooled,exploratory,100,100,100,0.131817626953125,0.11389427185058594,0.53,0.4,0.07,0.017923355102539062,-0.006115554809570312,0.04385996437072753,0.13597085243320828,-0.054354995554684024,0.29631810587469026,2,2,0,98,1.0,1.0,1.0,0.006116137606845547,0.00584502775728119,0.5102040816326531,0.3520408163265306,0.15816326530612246,0.10204081632653061,0.2193877551020408,0.54,0.465,0.075,0.025,0.125,0.79,0.765,0.025,-0.005,0.05512499999999932,0.6975308641975309,81,0.63125,8,100,0.08,76,0.10526315789473684
llama-3.1-8b-instruct,dev,uncentred_svd_r1_a1,uncentred_svd,1,1.0,demographic,bbq,exploratory,42,42,42,0.1263674781436012,0.15216990879603795,0.38095238095238093,0.5476190476190477,0.07142857142857142,-0.025802430652436755,-0.06631518318539574,0.0135720752534412,-0.20418568947870797,-0.6237590425937313,0.09857510050472688,0,0,0,42,,,,0.006121022467155911,0.0055803810262452305,0.45,0.3875,0.0625,0.0125,0.1125,0.42857142857142855,0.42857142857142855,0.0,-0.03571428571428571,0.03571428571428571,0.6071428571428571,0.5952380952380952,0.011904761904761904,-0.023809523809523808,0.047619047619047616,0.75,26,0.78,2,42,0.047619047619047616,24,0.08333333333333333
llama-3.1-8b-instruct,dev,uncentred_svd_r1_a1,uncentred_svd,1,1.0,demographic,crows_pairs,exploratory,30,30,30,0.08233235677083334,0.05685221354166667,0.6,0.3333333333333333,0.06666666666666667,0.025480143229166665,0.001680704752604167,0.05640624999999999,0.30947909459325884,0.02660796533219435,0.4990512381719347,0,0,0,30,,,,0.006306918078985091,0.006124265482691891,0.6666666666666666,0.23333333333333334,0.43333333333333335,0.3,0.5666666666666667,0.8166666666666667,0.6166666666666667,0.2,0.06666666666666667,0.3333333333333333,0.8666666666666667,0.8833333333333333,-0.016666666666666666,-0.06666666666666667,0.03333333333333333,0.9259259259259259,27,0.7037037037037037,2,30,0.06666666666666667,25,0.08
llama-3.1-8b-instruct,dev,uncentred_svd_r1_a1,uncentred_svd,1,1.0,demographic,stereoset,exploratory,28,28,28,0.19301278250558035,0.11759730747767858,0.6785714285714286,0.25,0.07142857142857142,0.07541547502790179,0.02338169642857143,0.13260993957519532,0.390727878479869,0.15958848301125783,0.5592285638320214,2,2,0,26,1.0,1.0,1.0,0.00590440266765906,0.005942814576609378,0.42857142857142855,0.42857142857142855,0.0,0.0,0.0,0.4107142857142857,0.35714285714285715,0.05357142857142857,-0.017857142857142856,0.125,0.9821428571428571,0.8928571428571429,0.08928571428571429,0.017857142857142856,0.16071428571428573,0.42857142857142855,28,0.42857142857142855,4,28,0.14285714285714285,27,0.14814814814814814
llama-3.1-8b-instruct,dev,uncentred_svd_r1_a1,uncentred_svd,1,1.0,identity,pooled,exploratory,100,100,100,0.0,0.0,0.0,0.0,1.0,0.0,0.0,0.0,,,,0,0,0,100,,,,0.0059092049639886705,0.0059083776876935725,0.4948453608247423,0.35051546391752575,0.14432989690721648,0.08247422680412371,0.21649484536082475,0.52,0.47,0.05,-0.01,0.12,0.81,0.76,0.05,-0.01,0.11,0.6582278481012658,79,0.6351351351351351,0,100,0.0,81,0.0
llama-3.1-8b-instruct,dev,uncentred_svd_r1_a1,uncentred_svd,1,1.0,identity,bbq,exploratory,42,42,42,0.0,0.0,0.0,0.0,1.0,0.0,0.0,0.0,,,,0,0,0,42,,,,0.005576727477759981,0.005568696836285665,0.41025641025641024,0.358974358974359,0.05128205128205128,0.0,0.1282051282051282,0.42857142857142855,0.4523809523809524,-0.023809523809523808,-0.07142857142857142,0.0,0.6428571428571429,0.6428571428571429,0.0,-0.07142857142857142,0.07142857142857142,0.72,25,0.76,0,42,0.0,27,0.0
llama-3.1-8b-instruct,dev,uncentred_svd_r1_a1,uncentred_svd,1,1.0,identity,crows_pairs,exploratory,30,30,30,0.0,0.0,0.0,0.0,1.0,0.0,0.0,0.0,,,,0,0,0,30,,,,0.006104263361130234,0.006108623000578154,0.6666666666666666,0.26666666666666666,0.4,0.23333333333333334,0.5666666666666667,0.7666666666666667,0.6,0.16666666666666666,0.0,0.3333333333333333,0.8666666666666667,0.8666666666666667,0.0,-0.1,0.1,0.8846153846153846,26,0.6923076923076923,0,30,0.0,26,0.0
llama-3.1-8b-instruct,dev,uncentred_svd_r1_a1,uncentred_svd,1,1.0,identity,stereoset,exploratory,28,28,28,0.0,0.0,0.0,0.0,1.0,0.0,0.0,0.0,,,,0,0,0,28,,,,0.006198930053537167,0.006203350415286239,0.42857142857142855,0.42857142857142855,0.0,0.0,0.0,0.39285714285714285,0.35714285714285715,0.03571428571428571,-0.07142857142857142,0.14285714285714285,1.0,0.8214285714285714,0.17857142857142858,0.03571428571428571,0.32142857142857145,0.39285714285714285,28,0.43478260869565216,0,28,0.0,28,0.0
llama-3.1-8b-instruct,dev,uncentred_svd_r1_a1,uncentred_svd,1,1.0,neutral,pooled,exploratory,42,42,42,0.1246919177827381,0.12907191685267858,0.5,0.47619047619047616,0.023809523809523808,-0.004379999069940476,-0.04525081089564732,0.035772051130022214,-0.03512656752598953,-0.41834672722468397,0.2655632176471581,0,0,0,42,,,,0.020618289499329683,0.012636117060311782,0.44871794871794873,0.358974358974359,0.08974358974358974,0.02564102564102564,0.16666666666666666,0.4642857142857143,0.42857142857142855,0.03571428571428571,0.0,0.08333333333333333,0.6190476190476191,0.6190476190476191,0.0,-0.03571428571428571,0.03571428571428571,0.82,25,0.75,1,42,0.023809523809523808,25,0.04
llama-3.1-8b-instruct,dev,uncentred_svd_r1_a1,uncentred_svd,1,1.0,neutral,bbq,exploratory,42,42,42,0.1246919177827381,0.12907191685267858,0.5,0.47619047619047616,0.023809523809523808,-0.004379999069940476,-0.04525081089564732,0.035772051130022214,-0.03512656752598953,-0.41834672722468397,0.2655632176471581,0,0,0,42,,,,0.020618289499329683,0.012636117060311782,0.44871794871794873,0.358974358974359,0.08974358974358974,0.02564102564102564,0.16666666666666666,0.4642857142857143,0.42857142857142855,0.03571428571428571,0.0,0.08333333333333333,0.6190476190476191,0.6190476190476191,0.0,-0.03571428571428571,0.03571428571428571,0.82,25,0.75,1,42,0.023809523809523808,25,0.04
llama-3.1-8b-instruct,dev,uncentred_svd_r2_a1,uncentred_svd,2,1.0,demographic,pooled,exploratory,100,100,100,0.131817626953125,0.09740234375,0.6,0.35,0.05,0.034415283203125,0.009295837402343752,0.062330368041992164,0.2610825577626522,0.08446354674786521,0.3997224253560313,2,2,0,98,1.0,1.0,1.0,0.01023278938958893,0.009596285946700893,0.5255102040816326,0.3520408163265306,0.17346938775510204,0.10714285714285714,0.24489795918367346,0.555,0.465,0.09,0.03,0.15,0.8,0.765,0.035,-0.005,0.075,0.7073170731707317,82,0.63125,8,100,0.08,77,0.1038961038961039
llama-3.1-8b-instruct,dev,uncentred_svd_r2_a1,uncentred_svd,2,1.0,demographic,bbq,exploratory,42,42,42,0.1263674781436012,0.12701706659226192,0.5476190476190477,0.42857142857142855,0.023809523809523808,-0.0006495884486607143,-0.03504685901460193,0.03488555181594121,-0.0051404717274055045,-0.33956065741759034,0.23459321948137565,0,0,0,42,,,,0.012064635435065751,0.010726499083519029,0.45,0.3875,0.0625,0.0,0.1375,0.4166666666666667,0.42857142857142855,-0.011904761904761904,-0.07142857142857142,0.05952380952380952,0.6190476190476191,0.5952380952380952,0.023809523809523808,-0.03571428571428571,0.09523809523809523,0.6923076923076923,26,0.78,3,42,0.07142857142857142,25,0.12
llama-3.1-8b-instruct,dev,uncentred_svd_r2_a1,uncentred_svd,2,1.0,demographic,crows_pairs,exploratory,30,30,30,0.08233235677083334,0.06826985677083333,0.6,0.3333333333333333,0.06666666666666667,0.0140625,-0.008333333333333333,0.0382080078125,0.17080162103390328,-0.13004714790542404,0.35892025734548844,0,0,0,30,,,,0.008807862512362078,0.008580479031812638,0.7166666666666667,0.23333333333333334,0.48333333333333334,0.35,0.6166666666666667,0.85,0.6166666666666667,0.23333333333333334,0.11625000000000002,0.36666666666666664,0.8833333333333333,0.8833333333333333,0.0,-0.06666666666666667,0.06666666666666667,0.9642857142857143,28,0.7037037037037037,2,30,0.06666666666666667,25,0.08
llama-3.1-8b-instruct,dev,uncentred_svd_r2_a1,uncentred_svd,2,1.0,demographic,stereoset,exploratory,28,28,28,0.19301278250558035,0.08419363839285714,0.6785714285714286,0.25,0.07142857142857142,0.10881914411272321,0.04790594918387277,0.17940107073102676,0.5637924219323508,0.35494221455782554,0.6985744040846972,2,2,0,26,1.0,1.0,1.0,0.009011727689831037,0.008989330793139686,0.42857142857142855,0.42857142857142855,0.0,0.0,0.0,0.44642857142857145,0.35714285714285715,0.08928571428571429,-0.017857142857142856,0.21428571428571427,0.9821428571428571,0.8928571428571429,0.08928571428571429,0.017857142857142856,0.16071428571428573,0.4642857142857143,28,0.42857142857142855,3,28,0.10714285714285714,27,0.1111111111111111
llama-3.1-8b-instruct,dev,uncentred_svd_r2_a1,uncentred_svd,2,1.0,identity,pooled,exploratory,100,100,100,0.0,0.0,0.0,0.0,1.0,0.0,0.0,0.0,,,,0,0,0,100,,,,0.00914885263991726,0.009145066609431598,0.5051546391752577,0.35051546391752575,0.15463917525773196,0.08247422680412371,0.22706185567010168,0.54,0.47,0.07,-0.01,0.15024999999999863,0.82,0.76,0.06,0.0,0.13,0.675,80,0.6351351351351351,0,100,0.0,82,0.0
llama-3.1-8b-instruct,dev,uncentred_svd_r2_a1,uncentred_svd,2,1.0,identity,bbq,exploratory,42,42,42,0.0,0.0,0.0,0.0,1.0,0.0,0.0,0.0,,,,0,0,0,42,,,,0.00980740995141559,0.00981084882569673,0.41025641025641024,0.358974358974359,0.05128205128205128,0.0,0.1282051282051282,0.40476190476190477,0.4523809523809524,-0.047619047619047616,-0.11904761904761904,0.0,0.6666666666666666,0.6428571428571429,0.023809523809523808,-0.047619047619047616,0.11904761904761904,0.6538461538461539,26,0.76,0,42,0.0,28,0.0
llama-3.1-8b-instruct,dev,uncentred_svd_r2_a1,uncentred_svd,2,1.0,identity,crows_pairs,exploratory,30,30,30,0.0,0.0,0.0,0.0,1.0,0.0,0.0,0.0,,,,0,0,0,30,,,,0.008421204485768101,0.00841721209476949,0.7,0.26666666666666666,0.43333333333333335,0.26666666666666666,0.6,0.8,0.6,0.2,0.03333333333333333,0.36666666666666664,0.8666666666666667,0.8666666666666667,0.0,-0.13333333333333333,0.13333333333333333,0.9230769230769231,26,0.6923076923076923,0,30,0.0,26,0.0
llama-3.1-8b-instruct,dev,uncentred_svd_r2_a1,uncentred_svd,2,1.0,identity,stereoset,exploratory,28,28,28,0.0,0.0,0.0,0.0,1.0,0.0,0.0,0.0,,,,0,0,0,28,,,,0.008940639694972432,0.008926237407886157,0.42857142857142855,0.42857142857142855,0.0,0.0,0.0,0.4642857142857143,0.35714285714285715,0.10714285714285714,-0.07142857142857142,0.2857142857142857,1.0,0.8214285714285714,0.17857142857142858,0.03571428571428571,0.32142857142857145,0.4642857142857143,28,0.43478260869565216,0,28,0.0,28,0.0
llama-3.1-8b-instruct,dev,uncentred_svd_r2_a1,uncentred_svd,2,1.0,neutral,pooled,exploratory,42,42,42,0.1246919177827381,0.1344926016671317,0.4523809523809524,0.5476190476190477,0.0,-0.009800683884393601,-0.04410358156476702,0.026903088887532543,-0.07859919117989844,-0.39548891440449396,0.19549940455025913,0,0,0,42,,,,0.02564476023602149,0.016734952589555627,0.46153846153846156,0.358974358974359,0.10256410256410256,0.02564102564102564,0.19230769230769232,0.42857142857142855,0.42857142857142855,0.0,-0.03571428571428571,0.03571428571428571,0.6309523809523809,0.6190476190476191,0.011904761904761904,0.0,0.03571428571428571,0.7307692307692307,26,0.75,0,42,0.0,25,0.0
llama-3.1-8b-instruct,dev,uncentred_svd_r2_a1,uncentred_svd,2,1.0,neutral,bbq,exploratory,42,42,42,0.1246919177827381,0.1344926016671317,0.4523809523809524,0.5476190476190477,0.0,-0.009800683884393601,-0.04410358156476702,0.026903088887532543,-0.07859919117989844,-0.39548891440449396,0.19549940455025913,0,0,0,42,,,,0.02564476023602149,0.016734952589555627,0.46153846153846156,0.358974358974359,0.10256410256410256,0.02564102564102564,0.19230769230769232,0.42857142857142855,0.42857142857142855,0.0,-0.03571428571428571,0.03571428571428571,0.6309523809523809,0.6190476190476191,0.011904761904761904,0.0,0.03571428571428571,0.7307692307692307,26,0.75,0,42,0.0,25,0.0
llama-3.1-8b-instruct,dev,uncentred_svd_r4_a1,uncentred_svd,4,1.0,demographic,pooled,exploratory,100,100,100,0.131817626953125,0.1099591064453125,0.52,0.44,0.04,0.0218585205078125,-0.004161163330078125,0.05052432250976557,0.1658239570310691,-0.038443882676141565,0.32675067112386424,2,2,0,98,1.0,1.0,1.0,0.015744339982766697,0.014350048133482552,0.5306122448979592,0.3520408163265306,0.17857142857142858,0.11224489795918367,0.24502551020408092,0.54,0.465,0.075,0.01,0.14,0.795,0.765,0.03,-0.01,0.07012499999999933,0.6951219512195121,82,0.63125,6,100,0.06,76,0.07894736842105263
llama-3.1-8b-instruct,dev,uncentred_svd_r4_a1,uncentred_svd,4,1.0,demographic,bbq,exploratory,42,42,42,0.1263674781436012,0.13715326218377977,0.40476190476190477,0.5714285714285714,0.023809523809523808,-0.010785784040178572,-0.048454175676618305,0.027625892275855556,-0.08535253056108183,-0.48084929811600824,0.18413832215060644,0,0,0,42,,,,0.018187559467748398,0.015471212597676334,0.4625,0.3875,0.075,0.0,0.1625,0.44047619047619047,0.42857142857142855,0.011904761904761904,-0.05952380952380952,0.09523809523809523,0.6428571428571429,0.5952380952380952,0.047619047619047616,-0.011904761904761904,0.11904761904761904,0.7037037037037037,27,0.78,2,42,0.047619047619047616,26,0.07692307692307693
llama-3.1-8b-instruct,dev,uncentred_svd_r4_a1,uncentred_svd,4,1.0,demographic,crows_pairs,exploratory,30,30,30,0.08233235677083334,0.0642333984375,0.6,0.3,0.1,0.018098958333333335,-0.0025419108072916668,0.04036661783854166,0.21982801225659776,-0.04377472069603006,0.38796765833185853,0,0,0,30,,,,0.012606251845210616,0.012237046662287995,0.7166666666666667,0.23333333333333334,0.48333333333333334,0.35,0.6166666666666667,0.8166666666666667,0.6166666666666667,0.2,0.08333333333333333,0.3333333333333333,0.85,0.8833333333333333,-0.03333333333333333,-0.11708333333333332,0.03333333333333333,0.9629629629629629,27,0.7037037037037037,2,30,0.06666666666666667,24,0.08333333333333333
llama-3.1-8b-instruct,dev,uncentred_svd_r4_a1,uncentred_svd,4,1.0,demographic,stereoset,exploratory,28,28,28,0.19301278250558035,0.11815970284598214,0.6071428571428571,0.39285714285714285,0.0,0.07485307965959821,0.005787604195731027,0.14484525408063595,0.38781410582189846,0.04539327183905286,0.5613049354946259,2,2,0,26,1.0,1.0,1.0,0.01544174804553281,0.014932231584900337,0.42857142857142855,0.42857142857142855,0.0,0.0,0.0,0.39285714285714285,0.35714285714285715,0.03571428571428571,-0.08928571428571429,0.16071428571428573,0.9642857142857143,0.8928571428571429,0.07142857142857142,0.0,0.16071428571428573,0.42857142857142855,28,0.42857142857142855,2,28,0.07142857142857142,26,0.07692307692307693
llama-3.1-8b-instruct,dev,uncentred_svd_r4_a1,uncentred_svd,4,1.0,identity,pooled,exploratory,100,100,100,0.0,0.0,0.0,0.0,1.0,0.0,0.0,0.0,,,,0,0,0,100,,,,0.013647993061774196,0.013652180166956365,0.5257731958762887,0.35051546391752575,0.17525773195876287,0.10309278350515463,0.24742268041237114,0.52,0.47,0.05,-0.03,0.13,0.8,0.76,0.04,-0.02,0.1,0.6666666666666666,78,0.6351351351351351,0,100,0.0,80,0.0
llama-3.1-8b-instruct,dev,uncentred_svd_r4_a1,uncentred_svd,4,1.0,identity,bbq,exploratory,42,42,42,0.0,0.0,0.0,0.0,1.0,0.0,0.0,0.0,,,,0,0,0,42,,,,0.0142180781911849,0.014209751912889782,0.4358974358974359,0.358974358974359,0.07692307692307693,0.0,0.1794871794871795,0.40476190476190477,0.4523809523809524,-0.047619047619047616,-0.11904761904761904,0.0,0.6428571428571429,0.6428571428571429,0.0,-0.07142857142857142,0.07142857142857142,0.68,25,0.76,0,42,0.0,27,0.0
llama-3.1-8b-instruct,dev,uncentred_svd_r4_a1,uncentred_svd,4,1.0,identity,crows_pairs,exploratory,30,30,30,0.0,0.0,0.0,0.0,1.0,0.0,0.0,0.0,,,,0,0,0,30,,,,0.012115193666524407,0.012127527931682088,0.7333333333333333,0.26666666666666666,0.4666666666666667,0.3,0.6666666666666666,0.7666666666666667,0.6,0.16666666666666666,0.0,0.3333333333333333,0.8333333333333334,0.8666666666666667,-0.03333333333333333,-0.16666666666666666,0.06666666666666667,0.92,25,0.6923076923076923,0,30,0.0,25,0.0
llama-3.1-8b-instruct,dev,uncentred_svd_r4_a1,uncentred_svd,4,1.0,identity,stereoset,exploratory,28,28,28,0.0,0.0,0.0,0.0,1.0,0.0,0.0,0.0,,,,0,0,0,28,,,,0.014435150433997209,0.014449378514421534,0.42857142857142855,0.42857142857142855,0.0,0.0,0.0,0.42857142857142855,0.35714285714285715,0.07142857142857142,-0.10714285714285714,0.2857142857142857,1.0,0.8214285714285714,0.17857142857142858,0.03571428571428571,0.32142857142857145,0.42857142857142855,28,0.43478260869565216,0,28,0.0,28,0.0
llama-3.1-8b-instruct,dev,uncentred_svd_r4_a1,uncentred_svd,4,1.0,neutral,pooled,exploratory,42,42,42,0.1246919177827381,0.10825892857142858,0.5714285714285714,0.40476190476190477,0.023809523809523808,0.016432989211309524,-0.017711675734747023,0.05171973818824403,0.1317887277982378,-0.1520334241654546,0.39044999879278663,0,0,0,42,,,,0.02885608166582999,0.02075967926800176,0.47435897435897434,0.358974358974359,0.11538461538461539,0.02564102564102564,0.21794871794871795,0.44047619047619047,0.42857142857142855,0.011904761904761904,-0.023809523809523808,0.05952380952380952,0.6428571428571429,0.6190476190476191,0.023809523809523808,-0.023809523809523808,0.07142857142857142,0.7307692307692307,26,0.75,0,42,0.0,26,0.0
llama-3.1-8b-instruct,dev,uncentred_svd_r4_a1,uncentred_svd,4,1.0,neutral,bbq,exploratory,42,42,42,0.1246919177827381,0.10825892857142858,0.5714285714285714,0.40476190476190477,0.023809523809523808,0.016432989211309524,-0.017711675734747023,0.05171973818824403,0.1317887277982378,-0.1520334241654546,0.39044999879278663,0,0,0,42,,,,0.02885608166582999,0.02075967926800176,0.47435897435897434,0.358974358974359,0.11538461538461539,0.02564102564102564,0.21794871794871795,0.44047619047619047,0.42857142857142855,0.011904761904761904,-0.023809523809523808,0.05952380952380952,0.6428571428571429,0.6190476190476191,0.023809523809523808,-0.023809523809523808,0.07142857142857142,0.7307692307692307,26,0.75,0,42,0.0,26,0.0
llama-3.1-8b-instruct,test,cure_centred_svd_r1_a1,cure_centred_svd,1,1.0,demographic,pooled,confirmatory-input,160,160,160,0.15823893547058104,0.11380391120910645,0.5375,0.425,0.0375,0.04443502426147461,0.018525450229644774,0.07190297126770019,0.2808096763879945,0.13375758521669376,0.39534358433936806,5,5,1,155,1.0,1.0,1.0,0.006184695871281617,0.00586548262511939,0.4119496855345912,0.2610062893081761,0.1509433962264151,0.10377358490566038,0.20440251572327045,0.628125,0.59375,0.034375,0.009375,0.059375,0.953125,0.95,0.003125,-0.021875,0.028125,0.6624203821656051,157,0.6282051282051282,30,160,0.1875,148,0.20270270270270271
llama-3.1-8b-instruct,test,cure_centred_svd_r1_a1,cure_centred_svd,1,1.0,demographic,bbq,exploratory,70,70,70,0.12477231706891741,0.11388124738420759,0.44285714285714284,0.5142857142857142,0.04285714285714286,0.010891069684709822,-0.015019163404192244,0.03856918607439309,0.08728754855689813,-0.1368924125171863,0.2743756381305521,0,0,0,70,,,,0.005725533600472469,0.005280198559000104,0.34782608695652173,0.35507246376811596,-0.007246376811594203,-0.029166666666666657,0.014492753623188406,0.6642857142857143,0.65,0.014285714285714285,-0.014285714285714285,0.04285714285714286,0.9857142857142858,0.9857142857142858,0.0,0.0,0.0,0.6884057971014492,69,0.6739130434782609,15,70,0.21428571428571427,69,0.21739130434782608
llama-3.1-8b-instruct,test,cure_centred_svd_r1_a1,cure_centred_svd,1,1.0,demographic,crows_pairs,exploratory,49,49,49,0.11347556600765306,0.08597735969387756,0.5510204081632653,0.42857142857142855,0.02040816326530612,0.02749820631377551,-0.015953967036033162,0.07438117825255099,0.2423271130625686,-0.17685623495325573,0.5022519569315028,1,1,1,48,1.0,1.0,1.0,0.0062311266864246454,0.0064416183701777,0.6632653061224489,0.16326530612244897,0.5,0.3877551020408163,0.6122448979591837,0.8877551020408163,0.826530612244898,0.061224489795918366,0.02040816326530612,0.11224489795918367,0.9183673469387755,0.9591836734693877,-0.04081632653061224,-0.10204081632653061,0.01020408163265306,0.9574468085106383,47,0.8645833333333334,2,49,0.04081632653061224,43,0.046511627906976744
llama-3.1-8b-instruct,test,cure_centred_svd_r1_a1,cure_centred_svd,1,1.0,demographic,stereoset,exploratory,41,41,41,0.2688747499047256,0.14692799637957318,0.6829268292682927,0.2682926829268293,0.04878048780487805,0.12194675352515244,0.05461883544921875,0.19963635700504956,0.45354483293192704,0.277639576039502,0.5703810569611193,4,4,0,37,1.0,1.0,1.0,0.006913140969199469,0.006176195628058244,0.21951219512195122,0.21951219512195122,0.0,0.0,0.0,0.25609756097560976,0.21951219512195122,0.036585365853658534,-0.024390243902439025,0.0975609756097561,0.9390243902439024,0.8780487804878049,0.06097560975609756,0.0,0.13414634146341464,0.2804878048780488,41,0.2564102564102564,13,41,0.3170731707317073,36,0.3611111111111111
llama-3.1-8b-instruct,test,cure_centred_svd_r1_a1,cure_centred_svd,1,1.0,identity,pooled,exploratory,160,160,160,0.0,0.0,0.0,0.0,1.0,0.0,0.0,0.0,,,,0,0,0,160,,,,0.0058427180012951855,0.005845593523605705,0.4140127388535032,0.267515923566879,0.1464968152866242,0.08917197452229299,0.21019108280254778,0.64375,0.6,0.04375,0.01859375000000001,0.075,0.94375,0.9375,0.00625,-0.01875,0.03125,0.6912751677852349,149,0.6486486486486487,0,160,0.0,151,0.0
llama-3.1-8b-instruct,test,cure_centred_svd_r1_a1,cure_centred_svd,1,1.0,identity,bbq,exploratory,70,70,70,0.0,0.0,0.0,0.0,1.0,0.0,0.0,0.0,,,,0,0,0,70,,,,0.005426646797821888,0.005427919998401545,0.34328358208955223,0.3582089552238806,-0.014925373134328358,-0.04477611940298507,0.0,0.6857142857142857,0.6714285714285714,0.014285714285714285,0.0,0.04285714285714286,0.9857142857142858,0.9857142857142858,0.0,0.0,0.0,0.7164179104477612,67,0.7014925373134329,0,70,0.0,69,0.0
llama-3.1-8b-instruct,test,cure_centred_svd_r1_a1,cure_centred_svd,1,1.0,identity,crows_pairs,exploratory,49,49,49,0.0,0.0,0.0,0.0,1.0,0.0,0.0,0.0,,,,0,0,0,49,,,,0.006611361787404773,0.006618368114993833,0.673469387755102,0.1836734693877551,0.4897959183673469,0.3464285714285715,0.6326530612244898,0.9183673469387755,0.8367346938775511,0.08163265306122448,0.02040816326530612,0.16326530612244897,0.9183673469387755,0.9591836734693877,-0.04081632653061224,-0.10204081632653061,0.0,1.0,45,0.8723404255319149,0,49,0.0,45,0.0
llama-3.1-8b-instruct,test,cure_centred_svd_r1_a1,cure_centred_svd,1,1.0,identity,stereoset,exploratory,41,41,41,0.0,0.0,0.0,0.0,1.0,0.0,0.0,0.0,,,,0,0,0,41,,,,0.005634460409191792,0.005635134786685534,0.21951219512195122,0.21951219512195122,0.0,0.0,0.0,0.24390243902439024,0.1951219512195122,0.04878048780487805,0.0,0.12195121951219512,0.9024390243902439,0.8292682926829268,0.07317073170731707,0.0,0.17073170731707318,0.2702702702702703,37,0.23529411764705882,0,41,0.0,37,0.0
llama-3.1-8b-instruct,test,cure_centred_svd_r1_a1,cure_centred_svd,1,1.0,neutral,pooled,exploratory,70,70,70,0.13967067173549108,0.09161900111607142,0.6285714285714286,0.34285714285714286,0.02857142857142857,0.048051670619419645,0.022146878923688613,0.07551267351422988,0.344035508831948,0.1816796872971763,0.4766667885437738,0,0,0,70,,,,0.01941611721801221,0.01238330606201385,0.3582089552238806,0.35074626865671643,0.007462686567164179,-0.014925373134328358,0.03731343283582089,0.6714285714285714,0.6857142857142857,-0.014285714285714285,-0.04285714285714286,0.014285714285714285,0.9857142857142858,0.9857142857142858,0.0,0.0,0.0,0.7014925373134329,67,0.7164179104477612,6,70,0.08571428571428572,69,0.08695652173913043
llama-3.1-8b-instruct,test,cure_centred_svd_r1_a1,cure_centred_svd,1,1.0,neutral,bbq,exploratory,70,70,70,0.13967067173549108,0.09161900111607142,0.6285714285714286,0.34285714285714286,0.02857142857142857,0.048051670619419645,0.022146878923688613,0.07551267351422988,0.344035508831948,0.1816796872971763,0.4766667885437738,0,0,0,70,,,,0.01941611721801221,0.01238330606201385,0.3582089552238806,0.35074626865671643,0.007462686567164179,-0.014925373134328358,0.03731343283582089,0.6714285714285714,0.6857142857142857,-0.014285714285714285,-0.04285714285714286,0.014285714285714285,0.9857142857142858,0.9857142857142858,0.0,0.0,0.0,0.7014925373134329,67,0.7164179104477612,6,70,0.08571428571428572,69,0.08695652173913043
llama-3.1-8b-instruct,test,cure_centred_svd_r2_a1,cure_centred_svd,2,1.0,demographic,pooled,exploratory,160,160,160,0.15823893547058104,0.13027994632720946,0.48125,0.48125,0.0375,0.027958989143371582,0.0032420170307159426,0.05454257607460018,0.1766884304436538,0.02344013119384821,0.30945815229886653,5,4,0,155,0.8,0.3333333333333333,1.0,0.010396738735524732,0.009562170198731521,0.4025157232704403,0.2610062893081761,0.14150943396226415,0.09119496855345911,0.19504716981132034,0.6125,0.59375,0.01875,-0.015625,0.05,0.953125,0.95,0.003125,-0.021875,0.028125,0.6410256410256411,156,0.6282051282051282,27,160,0.16875,149,0.18120805369127516
llama-3.1-8b-instruct,test,cure_centred_svd_r2_a1,cure_centred_svd,2,1.0,demographic,bbq,exploratory,70,70,70,0.12477231706891741,0.13987955365862165,0.42857142857142855,0.5285714285714286,0.04285714285714286,-0.015107236589704242,-0.046232109069824216,0.016901464462280205,-0.12107843265714013,-0.43314912186315246,0.12087303910330681,0,0,0,70,,,,0.011652485585297028,0.010323310745306997,0.34057971014492755,0.35507246376811596,-0.014492753623188406,-0.043478260869565216,0.014492753623188406,0.6428571428571429,0.65,-0.007142857142857143,-0.04285714285714286,0.02857142857142857,0.9857142857142858,0.9857142857142858,0.0,0.0,0.0,0.6594202898550725,69,0.6739130434782609,16,70,0.22857142857142856,69,0.2318840579710145
llama-3.1-8b-instruct,test,cure_centred_svd_r2_a1,cure_centred_svd,2,1.0,demographic,crows_pairs,exploratory,49,49,49,0.11347556600765306,0.08490114795918367,0.46938775510204084,0.46938775510204084,0.061224489795918366,0.02857441804846939,-0.009149792729591835,0.07370231784119897,0.2518111964873765,-0.10964172639078003,0.47501570699940754,1,1,0,48,1.0,1.0,1.0,0.009039424606706179,0.00884672540207193,0.6632653061224489,0.16326530612244897,0.5,0.3979591836734694,0.6020408163265306,0.8877551020408163,0.826530612244898,0.061224489795918366,0.01020408163265306,0.12244897959183673,0.9183673469387755,0.9591836734693877,-0.04081632653061224,-0.10204081632653061,0.01020408163265306,0.9565217391304348,46,0.8645833333333334,2,49,0.04081632653061224,44,0.045454545454545456
llama-3.1-8b-instruct,test,cure_centred_svd_r2_a1,cure_centred_svd,2,1.0,demographic,stereoset,exploratory,41,41,41,0.2688747499047256,0.16812357088414634,0.5853658536585366,0.4146341463414634,0.0,0.10075117902057927,0.04115697348990091,0.16688857660060966,0.3747141710267696,0.1793329440430671,0.5495894784711001,4,3,0,37,0.75,0.0,1.0,0.00987493660937957,0.009117705729854368,0.1951219512195122,0.21951219512195122,-0.024390243902439025,-0.07317073170731707,0.0,0.23170731707317074,0.21951219512195122,0.012195121951219513,-0.08536585365853659,0.10975609756097561,0.9390243902439024,0.8780487804878049,0.06097560975609756,0.0,0.13414634146341464,0.25609756097560976,41,0.2564102564102564,9,41,0.21951219512195122,36,0.25
llama-3.1-8b-instruct,test,cure_centred_svd_r2_a1,cure_centred_svd,2,1.0,identity,pooled,exploratory,160,160,160,0.0,0.0,0.0,0.0,1.0,0.0,0.0,0.0,,,,0,0,0,160,,,,0.009024356304523187,0.009026519385162949,0.39490445859872614,0.267515923566879,0.12738853503184713,0.07006369426751592,0.1910828025477707,0.63125,0.6,0.03125,-0.00625,0.06875,0.94375,0.9375,0.00625,-0.01875,0.03125,0.6778523489932886,149,0.6486486486486487,0,160,0.0,151,0.0
llama-3.1-8b-instruct,test,cure_centred_svd_r2_a1,cure_centred_svd,2,1.0,identity,bbq,exploratory,70,70,70,0.0,0.0,0.0,0.0,1.0,0.0,0.0,0.0,,,,0,0,0,70,,,,0.009639499628507336,0.009638136192673476,0.34328358208955223,0.3582089552238806,-0.014925373134328358,-0.04477611940298507,0.0,0.6857142857142857,0.6714285714285714,0.014285714285714285,0.0,0.04285714285714286,0.9857142857142858,0.9857142857142858,0.0,0.0,0.0,0.7164179104477612,67,0.7014925373134329,0,70,0.0,69,0.0
llama-3.1-8b-instruct,test,cure_centred_svd_r2_a1,cure_centred_svd,2,1.0,identity,crows_pairs,exploratory,49,49,49,0.0,0.0,0.0,0.0,1.0,0.0,0.0,0.0,,,,0,0,0,49,,,,0.008600800791224118,0.00860697172327351,0.6326530612244898,0.1836734693877551,0.4489795918367347,0.2857142857142857,0.5918367346938775,0.9183673469387755,0.8367346938775511,0.08163265306122448,0.02040816326530612,0.16326530612244897,0.9183673469387755,0.9591836734693877,-0.04081632653061224,-0.10204081632653061,0.0,1.0,45,0.8723404255319149,0,49,0.0,45,0.0
llama-3.1-8b-instruct,test,cure_centred_svd_r2_a1,cure_centred_svd,2,1.0,identity,stereoset,exploratory,41,41,41,0.0,0.0,0.0,0.0,1.0,0.0,0.0,0.0,,,,0,0,0,41,,,,0.008480312096541818,0.008483706187768938,0.1951219512195122,0.21951219512195122,-0.024390243902439025,-0.07317073170731707,0.0,0.1951219512195122,0.1951219512195122,0.0,-0.0975609756097561,0.0975609756097561,0.9024390243902439,0.8292682926829268,0.07317073170731707,0.0,0.17073170731707318,0.21621621621621623,37,0.23529411764705882,0,41,0.0,37,0.0
llama-3.1-8b-instruct,test,cure_centred_svd_r2_a1,cure_centred_svd,2,1.0,neutral,pooled,exploratory,70,70,70,0.13967067173549108,0.09541495186941965,0.6142857142857143,0.35714285714285715,0.02857142857142857,0.04425571986607143,0.015420079912458147,0.0745602416992187,0.3168576431699498,0.12523797576823556,0.47800644910881956,0,0,0,70,,,,0.023829123415420823,0.01576411442563373,0.35074626865671643,0.35074626865671643,0.0,-0.029850746268656716,0.029850746268656716,0.6785714285714286,0.6857142857142857,-0.007142857142857143,-0.03571428571428571,0.02142857142857143,0.9857142857142858,0.9857142857142858,0.0,0.0,0.0,0.7089552238805971,67,0.7164179104477612,6,70,0.08571428571428572,69,0.08695652173913043
llama-3.1-8b-instruct,test,cure_centred_svd_r2_a1,cure_centred_svd,2,1.0,neutral,bbq,exploratory,70,70,70,0.13967067173549108,0.09541495186941965,0.6142857142857143,0.35714285714285715,0.02857142857142857,0.04425571986607143,0.015420079912458147,0.0745602416992187,0.3168576431699498,0.12523797576823556,0.47800644910881956,0,0,0,70,,,,0.023829123415420823,0.01576411442563373,0.35074626865671643,0.35074626865671643,0.0,-0.029850746268656716,0.029850746268656716,0.6785714285714286,0.6857142857142857,-0.007142857142857143,-0.03571428571428571,0.02142857142857143,0.9857142857142858,0.9857142857142858,0.0,0.0,0.0,0.7089552238805971,67,0.7164179104477612,6,70,0.08571428571428572,69,0.08695652173913043
llama-3.1-8b-instruct,test,cure_centred_svd_r4_a1,cure_centred_svd,4,1.0,demographic,pooled,exploratory,160,160,160,0.15823893547058104,0.11456031799316406,0.55,0.425,0.025,0.04367861747741699,0.014854645729064942,0.07028787016868591,0.276029520468668,0.09950746209368737,0.41872527946875265,5,4,0,155,0.8,0.3333333333333333,1.0,0.015881244562175212,0.014460800272462309,0.3867924528301887,0.2610062893081761,0.12578616352201258,0.07547169811320754,0.1792452830188679,0.640625,0.59375,0.046875,0.00625,0.0875,0.959375,0.95,0.009375,-0.01875,0.0375,0.6719745222929936,157,0.6282051282051282,23,160,0.14375,150,0.15333333333333332
llama-3.1-8b-instruct,test,cure_centred_svd_r4_a1,cure_centred_svd,4,1.0,demographic,bbq,exploratory,70,70,70,0.12477231706891741,0.10147530691964286,0.4857142857142857,0.4857142857142857,0.02857142857142857,0.023297010149274554,-0.0039412307739257815,0.050699432918003585,0.18671617788749217,-0.037459890553416746,0.3696307797438036,0,0,0,70,,,,0.01712869346169523,0.01482914800127586,0.34057971014492755,0.35507246376811596,-0.014492753623188406,-0.043478260869565216,0.014492753623188406,0.65,0.65,0.0,-0.05,0.05,0.9857142857142858,0.9857142857142858,0.0,0.0,0.0,0.6594202898550725,69,0.6739130434782609,13,70,0.18571428571428572,69,0.18840579710144928
llama-3.1-8b-instruct,test,cure_centred_svd_r4_a1,cure_centred_svd,4,1.0,demographic,crows_pairs,exploratory,49,49,49,0.11347556600765306,0.0651382134885204,0.5714285714285714,0.40816326530612246,0.02040816326530612,0.048337352519132654,0.009274478834502551,0.09500028649154967,0.4259714599341383,0.1175573560251695,0.612016963709308,1,1,0,48,1.0,1.0,1.0,0.0132311593284851,0.012764286162350244,0.6020408163265306,0.16326530612244897,0.4387755102040816,0.3163265306122449,0.5510204081632653,0.9081632653061225,0.826530612244898,0.08163265306122448,0.02040816326530612,0.15306122448979592,0.9183673469387755,0.9591836734693877,-0.04081632653061224,-0.10204081632653061,0.01020408163265306,0.9893617021276596,47,0.8645833333333334,1,49,0.02040816326530612,43,0.023255813953488372
llama-3.1-8b-instruct,test,cure_centred_svd_r4_a1,cure_centred_svd,4,1.0,demographic,stereoset,exploratory,41,41,41,0.2688747499047256,0.19596602277057926,0.6341463414634146,0.34146341463414637,0.024390243902439025,0.07290872713414634,-0.009727924626048018,0.1510664032726753,0.2711624172964593,-0.03799031986531983,0.5248198655076914,4,3,0,37,0.75,0.0,1.0,0.016918628793502387,0.01585945515974384,0.2073170731707317,0.21951219512195122,-0.012195121951219513,-0.07317073170731707,0.036585365853658534,0.3048780487804878,0.21951219512195122,0.08536585365853659,-0.012195121951219513,0.18292682926829268,0.9634146341463414,0.8780487804878049,0.08536585365853659,0.012195121951219513,0.17073170731707318,0.32926829268292684,41,0.2564102564102564,9,41,0.21951219512195122,38,0.23684210526315788
llama-3.1-8b-instruct,test,cure_centred_svd_r4_a1,cure_centred_svd,4,1.0,identity,pooled,exploratory,160,160,160,0.0,0.0,0.0,0.0,1.0,0.0,0.0,0.0,,,,0,0,0,160,,,,0.014025206953297379,0.014021848205867299,0.3885350318471338,0.267515923566879,0.12101910828025478,0.05732484076433121,0.1910828025477707,0.6375,0.6,0.0375,-0.00625,0.0875,0.95,0.9375,0.0125,-0.025,0.05,0.68,150,0.6486486486486487,0,160,0.0,152,0.0
llama-3.1-8b-instruct,test,cure_centred_svd_r4_a1,cure_centred_svd,4,1.0,identity,bbq,exploratory,70,70,70,0.0,0.0,0.0,0.0,1.0,0.0,0.0,0.0,,,,0,0,0,70,,,,0.014441391898893282,0.014436287504430781,0.3283582089552239,0.3582089552238806,-0.029850746268656716,-0.07462686567164178,0.0,0.6714285714285714,0.6714285714285714,0.0,-0.04285714285714286,0.04285714285714286,0.9857142857142858,0.9857142857142858,0.0,0.0,0.0,0.7014925373134329,67,0.7014925373134329,0,70,0.0,69,0.0
llama-3.1-8b-instruct,test,cure_centred_svd_r4_a1,cure_centred_svd,4,1.0,identity,crows_pairs,exploratory,49,49,49,0.0,0.0,0.0,0.0,1.0,0.0,0.0,0.0,,,,0,0,0,49,,,,0.012528626578158333,0.012525339689192023,0.6326530612244898,0.1836734693877551,0.4489795918367347,0.2857142857142857,0.6122448979591837,0.8979591836734694,0.8367346938775511,0.061224489795918366,-0.04081632653061224,0.16326530612244897,0.8979591836734694,0.9591836734693877,-0.061224489795918366,-0.14285714285714285,0.0,1.0,44,0.8723404255319149,0,49,0.0,44,0.0
llama-3.1-8b-instruct,test,cure_centred_svd_r4_a1,cure_centred_svd,4,1.0,identity,stereoset,exploratory,41,41,41,0.0,0.0,0.0,0.0,1.0,0.0,0.0,0.0,,,,0,0,0,41,,,,0.01510324334817786,0.015102779094102535,0.1951219512195122,0.21951219512195122,-0.024390243902439025,-0.07317073170731707,0.0,0.2682926829268293,0.1951219512195122,0.07317073170731707,-0.04878048780487805,0.1951219512195122,0.9512195121951219,0.8292682926829268,0.12195121951219512,0.024390243902439025,0.21951219512195122,0.28205128205128205,39,0.23529411764705882,0,41,0.0,39,0.0
llama-3.1-8b-instruct,test,cure_centred_svd_r4_a1,cure_centred_svd,4,1.0,neutral,pooled,exploratory,70,70,70,0.13967067173549108,0.12010846819196429,0.5428571428571428,0.44285714285714284,0.014285714285714285,0.019562203543526786,-0.013982718331473215,0.053533586774553554,0.14005949352469482,-0.11147823822602031,0.34944166820061845,0,0,1,70,,,,0.02742752702982217,0.020131052288856116,0.35074626865671643,0.35074626865671643,0.0,-0.029850746268656716,0.029850746268656716,0.6857142857142857,0.6857142857142857,0.0,-0.03571428571428571,0.03571428571428571,0.9857142857142858,0.9857142857142858,0.0,0.0,0.0,0.7164179104477612,67,0.7164179104477612,4,70,0.05714285714285714,69,0.057971014492753624
llama-3.1-8b-instruct,test,cure_centred_svd_r4_a1,cure_centred_svd,4,1.0,neutral,bbq,exploratory,70,70,70,0.13967067173549108,0.12010846819196429,0.5428571428571428,0.44285714285714284,0.014285714285714285,0.019562203543526786,-0.013982718331473215,0.053533586774553554,0.14005949352469482,-0.11147823822602031,0.34944166820061845,0,0,1,70,,,,0.02742752702982217,0.020131052288856116,0.35074626865671643,0.35074626865671643,0.0,-0.029850746268656716,0.029850746268656716,0.6857142857142857,0.6857142857142857,0.0,-0.03571428571428571,0.03571428571428571,0.9857142857142858,0.9857142857142858,0.0,0.0,0.0,0.7164179104477612,67,0.7164179104477612,4,70,0.05714285714285714,69,0.057971014492753624
llama-3.1-8b-instruct,test,identity_alpha0_r1_a0,identity_alpha0,1,0.0,demographic,pooled,exploratory,160,160,160,0.15823893547058104,0.15823893547058104,0.0,0.0,1.0,0.0,0.0,0.0,0.0,0.0,0.0,5,0,0,155,0.0,0.0,0.0,0.0,0.0,0.2610062893081761,0.2610062893081761,0.0,0.0,0.0,0.59375,0.59375,0.0,0.0,0.0,0.95,0.95,0.0,0.0,0.0,0.6282051282051282,156,0.6282051282051282,34,160,0.2125,148,0.22972972972972974
llama-3.1-8b-instruct,test,identity_alpha0_r1_a0,identity_alpha0,1,0.0,demographic,bbq,exploratory,70,70,70,0.12477231706891741,0.12477231706891741,0.0,0.0,1.0,0.0,0.0,0.0,0.0,0.0,0.0,0,0,0,70,,,,0.0,0.0,0.35507246376811596,0.35507246376811596,0.0,0.0,0.0,0.65,0.65,0.0,0.0,0.0,0.9857142857142858,0.9857142857142858,0.0,0.0,0.0,0.6739130434782609,69,0.6739130434782609,17,70,0.24285714285714285,69,0.2463768115942029
llama-3.1-8b-instruct,test,identity_alpha0_r1_a0,identity_alpha0,1,0.0,demographic,crows_pairs,exploratory,49,49,49,0.11347556600765306,0.11347556600765306,0.0,0.0,1.0,0.0,0.0,0.0,0.0,0.0,0.0,1,0,0,48,0.0,0.0,0.0,0.0,0.0,0.16326530612244897,0.16326530612244897,0.0,0.0,0.0,0.826530612244898,0.826530612244898,0.0,0.0,0.0,0.9591836734693877,0.9591836734693877,0.0,0.0,0.0,0.8645833333333334,48,0.8645833333333334,7,49,0.14285714285714285,46,0.15217391304347827
llama-3.1-8b-instruct,test,identity_alpha0_r1_a0,identity_alpha0,1,0.0,demographic,stereoset,exploratory,41,41,41,0.2688747499047256,0.2688747499047256,0.0,0.0,1.0,0.0,0.0,0.0,0.0,0.0,0.0,4,0,0,37,0.0,0.0,0.0,0.0,0.0,0.21951219512195122,0.21951219512195122,0.0,0.0,0.0,0.21951219512195122,0.21951219512195122,0.0,0.0,0.0,0.8780487804878049,0.8780487804878049,0.0,0.0,0.0,0.2564102564102564,39,0.2564102564102564,10,41,0.24390243902439024,33,0.30303030303030304
llama-3.1-8b-instruct,test,identity_alpha0_r1_a0,identity_alpha0,1,0.0,identity,pooled,exploratory,160,160,160,0.0,0.0,0.0,0.0,1.0,0.0,0.0,0.0,,,,0,0,0,160,,,,0.0,0.0,0.267515923566879,0.267515923566879,0.0,0.0,0.0,0.6,0.6,0.0,0.0,0.0,0.9375,0.9375,0.0,0.0,0.0,0.6486486486486487,148,0.6486486486486487,0,160,0.0,150,0.0
llama-3.1-8b-instruct,test,identity_alpha0_r1_a0,identity_alpha0,1,0.0,identity,bbq,exploratory,70,70,70,0.0,0.0,0.0,0.0,1.0,0.0,0.0,0.0,,,,0,0,0,70,,,,0.0,0.0,0.3582089552238806,0.3582089552238806,0.0,0.0,0.0,0.6714285714285714,0.6714285714285714,0.0,0.0,0.0,0.9857142857142858,0.9857142857142858,0.0,0.0,0.0,0.7014925373134329,67,0.7014925373134329,0,70,0.0,69,0.0
llama-3.1-8b-instruct,test,identity_alpha0_r1_a0,identity_alpha0,1,0.0,identity,crows_pairs,exploratory,49,49,49,0.0,0.0,0.0,0.0,1.0,0.0,0.0,0.0,,,,0,0,0,49,,,,0.0,0.0,0.1836734693877551,0.1836734693877551,0.0,0.0,0.0,0.8367346938775511,0.8367346938775511,0.0,0.0,0.0,0.9591836734693877,0.9591836734693877,0.0,0.0,0.0,0.8723404255319149,47,0.8723404255319149,0,49,0.0,47,0.0
llama-3.1-8b-instruct,test,identity_alpha0_r1_a0,identity_alpha0,1,0.0,identity,stereoset,exploratory,41,41,41,0.0,0.0,0.0,0.0,1.0,0.0,0.0,0.0,,,,0,0,0,41,,,,0.0,0.0,0.21951219512195122,0.21951219512195122,0.0,0.0,0.0,0.1951219512195122,0.1951219512195122,0.0,0.0,0.0,0.8292682926829268,0.8292682926829268,0.0,0.0,0.0,0.23529411764705882,34,0.23529411764705882,0,41,0.0,34,0.0
llama-3.1-8b-instruct,test,identity_alpha0_r1_a0,identity_alpha0,1,0.0,neutral,pooled,exploratory,70,70,70,0.13967067173549108,0.13967067173549108,0.0,0.0,1.0,0.0,0.0,0.0,0.0,0.0,0.0,0,0,0,70,,,,0.0,0.0,0.35074626865671643,0.35074626865671643,0.0,0.0,0.0,0.6857142857142857,0.6857142857142857,0.0,0.0,0.0,0.9857142857142858,0.9857142857142858,0.0,0.0,0.0,0.7164179104477612,67,0.7164179104477612,5,70,0.07142857142857142,69,0.07246376811594203
llama-3.1-8b-instruct,test,identity_alpha0_r1_a0,identity_alpha0,1,0.0,neutral,bbq,exploratory,70,70,70,0.13967067173549108,0.13967067173549108,0.0,0.0,1.0,0.0,0.0,0.0,0.0,0.0,0.0,0,0,0,70,,,,0.0,0.0,0.35074626865671643,0.35074626865671643,0.0,0.0,0.0,0.6857142857142857,0.6857142857142857,0.0,0.0,0.0,0.9857142857142858,0.9857142857142858,0.0,0.0,0.0,0.7164179104477612,67,0.7164179104477612,5,70,0.07142857142857142,69,0.07246376811594203
llama-3.1-8b-instruct,test,leace_faithful_r1_a1,leace_faithful,1,1.0,demographic,pooled,exploratory,160,160,160,0.15823893547058104,0.147003173828125,0.5,0.4625,0.0375,0.011235761642456054,-0.00344233751296997,0.025849286317825307,0.07100503810293235,-0.02472257981218955,0.15346556554237603,5,1,1,155,0.2,0.0,0.6,0.0008997756839757988,0.00095672151193137,0.27672955974842767,0.2610062893081761,0.015723270440251572,0.0031446540880503146,0.031446540880503145,0.59375,0.59375,0.0,-0.015625,0.015625,0.946875,0.95,-0.003125,-0.009375,0.0,0.6290322580645161,155,0.6282051282051282,32,160,0.2,148,0.21621621621621623
llama-3.1-8b-instruct,test,leace_faithful_r1_a1,leace_faithful,1,1.0,demographic,bbq,exploratory,70,70,70,0.12477231706891741,0.11296037946428572,0.5285714285714286,0.44285714285714284,0.02857142857142857,0.011811937604631697,-0.010053580147879465,0.0339557375226702,0.09466793502045356,-0.09008275284301545,0.25132825066964426,0,0,0,70,,,,0.0009716767525637073,0.0010731377334199526,0.35507246376811596,0.35507246376811596,0.0,0.0,0.0,0.6571428571428571,0.65,0.007142857142857143,0.0,0.02142857142857143,0.9857142857142858,0.9857142857142858,0.0,0.0,0.0,0.6811594202898551,69,0.6739130434782609,17,70,0.24285714285714285,69,0.2463768115942029
llama-3.1-8b-instruct,test,leace_faithful_r1_a1,leace_faithful,1,1.0,demographic,crows_pairs,exploratory,49,49,49,0.11347556600765306,0.10885682397959184,0.4489795918367347,0.5306122448979592,0.02040816326530612,0.004618742028061225,-0.01879122987085459,0.02882503587372448,0.04070252469813396,-0.20075007471623363,0.2261904542682004,1,1,0,48,1.0,1.0,1.0,0.0009117583825921342,0.0008656732210378436,0.21428571428571427,0.16326530612244897,0.05102040816326531,0.01020408163265306,0.10204081632653061,0.8367346938775511,0.826530612244898,0.01020408163265306,-0.02040816326530612,0.05102040816326531,0.9591836734693877,0.9591836734693877,0.0,0.0,0.0,0.875,48,0.8645833333333334,6,49,0.12244897959183673,46,0.13043478260869565
llama-3.1-8b-instruct,test,leace_faithful_r1_a1,leace_faithful,1,1.0,demographic,stereoset,exploratory,41,41,41,0.2688747499047256,0.2507145579268293,0.5121951219512195,0.4146341463414634,0.07317073170731707,0.018160191977896343,-0.009481588224085366,0.045459319324028184,0.06754145558231595,-0.040531735104590884,0.1582066558579628,4,0,1,37,0.0,0.0,0.0,0.0007626969758452117,0.0008667759204577607,0.21951219512195122,0.21951219512195122,0.0,0.0,0.0,0.1951219512195122,0.21951219512195122,-0.024390243902439025,-0.06097560975609756,0.0,0.8658536585365854,0.8780487804878049,-0.012195121951219513,-0.036585365853658534,0.0,0.2236842105263158,38,0.2564102564102564,9,41,0.21951219512195122,33,0.2727272727272727
llama-3.1-8b-instruct,test,leace_faithful_r1_a1,leace_faithful,1,1.0,identity,pooled,exploratory,160,160,160,0.0,0.0,0.0,0.0,1.0,0.0,0.0,0.0,,,,0,0,0,160,,,,0.0009477892073185525,0.0009479801899984593,0.28662420382165604,0.267515923566879,0.01910828025477707,0.0,0.044585987261146494,0.59375,0.6,-0.00625,-0.03125,0.01875,0.93125,0.9375,-0.00625,-0.01875,0.0,0.6462585034013606,147,0.6486486486486487,0,160,0.0,149,0.0
llama-3.1-8b-instruct,test,leace_faithful_r1_a1,leace_faithful,1,1.0,identity,bbq,exploratory,70,70,70,0.0,0.0,0.0,0.0,1.0,0.0,0.0,0.0,,,,0,0,0,70,,,,0.00102742365525576,0.001027098759897279,0.3582089552238806,0.3582089552238806,0.0,0.0,0.0,0.6714285714285714,0.6714285714285714,0.0,0.0,0.0,0.9857142857142858,0.9857142857142858,0.0,0.0,0.0,0.7014925373134329,67,0.7014925373134329,0,70,0.0,69,0.0
llama-3.1-8b-instruct,test,leace_faithful_r1_a1,leace_faithful,1,1.0,identity,crows_pairs,exploratory,49,49,49,0.0,0.0,0.0,0.0,1.0,0.0,0.0,0.0,,,,0,0,0,49,,,,0.0008183381693307891,0.0008180577225972773,0.24489795918367346,0.1836734693877551,0.061224489795918366,0.0,0.14285714285714285,0.8571428571428571,0.8367346938775511,0.02040816326530612,-0.04081632653061224,0.10204081632653061,0.9591836734693877,0.9591836734693877,0.0,0.0,0.0,0.8936170212765957,47,0.8723404255319149,0,49,0.0,47,0.0
llama-3.1-8b-instruct,test,leace_faithful_r1_a1,leace_faithful,1,1.0,identity,stereoset,exploratory,41,41,41,0.0,0.0,0.0,0.0,1.0,0.0,0.0,0.0,,,,0,0,0,41,,,,0.0009665377318501588,0.0009681728975531069,0.21951219512195122,0.21951219512195122,0.0,0.0,0.0,0.14634146341463414,0.1951219512195122,-0.04878048780487805,-0.12195121951219512,0.0,0.8048780487804879,0.8292682926829268,-0.024390243902439025,-0.07317073170731707,0.0,0.18181818181818182,33,0.23529411764705882,0,41,0.0,33,0.0
llama-3.1-8b-instruct,test,leace_faithful_r1_a1,leace_faithful,1,1.0,neutral,pooled,exploratory,70,70,70,0.13967067173549108,0.1443202427455357,0.4142857142857143,0.5142857142857142,0.07142857142857142,-0.004649571010044643,-0.024590835571289063,0.014402269635881693,-0.033289529951212815,-0.1942926718479875,0.09576639957367938,0,0,0,70,,,,0.0006554818525611427,0.0008573140379686305,0.35074626865671643,0.35074626865671643,0.0,0.0,0.0,0.6857142857142857,0.6857142857142857,0.0,0.0,0.0,0.9857142857142858,0.9857142857142858,0.0,0.0,0.0,0.7164179104477612,67,0.7164179104477612,5,70,0.07142857142857142,69,0.07246376811594203
llama-3.1-8b-instruct,test,leace_faithful_r1_a1,leace_faithful,1,1.0,neutral,bbq,exploratory,70,70,70,0.13967067173549108,0.1443202427455357,0.4142857142857143,0.5142857142857142,0.07142857142857142,-0.004649571010044643,-0.024590835571289063,0.014402269635881693,-0.033289529951212815,-0.1942926718479875,0.09576639957367938,0,0,0,70,,,,0.0006554818525611427,0.0008573140379686305,0.35074626865671643,0.35074626865671643,0.0,0.0,0.0,0.6857142857142857,0.6857142857142857,0.0,0.0,0.0,0.9857142857142858,0.9857142857142858,0.0,0.0,0.0,0.7164179104477612,67,0.7164179104477612,5,70,0.07142857142857142,69,0.07246376811594203
llama-3.1-8b-instruct,test,leace_sequential_r1_a1,leace_sequential,1,1.0,demographic,pooled,exploratory,160,160,160,0.15823893547058104,0.14923477172851562,0.53125,0.425,0.04375,0.009004163742065429,-0.007215290069580078,0.027387951612472518,0.056902327580050205,-0.04857408937792383,0.15704957513680387,5,1,0,155,0.2,0.0,0.6666666666666666,0.0009594386757416747,0.0009047810098605401,0.27044025157232704,0.2610062893081761,0.009433962264150943,0.0,0.025157232704402517,0.5875,0.59375,-0.00625,-0.01875,0.00625,0.94375,0.95,-0.00625,-0.015625,0.0,0.6266233766233766,154,0.6282051282051282,33,160,0.20625,148,0.22297297297297297
llama-3.1-8b-instruct,test,leace_sequential_r1_a1,leace_sequential,1,1.0,demographic,bbq,exploratory,70,70,70,0.12477231706891741,0.12647356305803573,0.5,0.4714285714285714,0.02857142857142857,-0.0017012459891183036,-0.0204864011492048,0.01663053240094865,-0.01363480320862065,-0.18589082524044498,0.12556826395072063,0,0,0,70,,,,0.0010336618387233863,0.0009628740646275534,0.35507246376811596,0.35507246376811596,0.0,0.0,0.0,0.65,0.65,0.0,0.0,0.0,0.9857142857142858,0.9857142857142858,0.0,0.0,0.0,0.6739130434782609,69,0.6739130434782609,17,70,0.24285714285714285,69,0.2463768115942029
llama-3.1-8b-instruct,test,leace_sequential_r1_a1,leace_sequential,1,1.0,demographic,crows_pairs,exploratory,49,49,49,0.11347556600765306,0.10915826291454081,0.4897959183673469,0.42857142857142855,0.08163265306122448,0.004317303093112245,-0.010670440051020408,0.019564819335937494,0.03804610318331503,-0.11984061324486393,0.1657690144386618,1,0,0,48,0.0,0.0,0.0,0.0009769411321207896,0.0008477604009271588,0.19387755102040816,0.16326530612244897,0.030612244897959183,0.0,0.08163265306122448,0.826530612244898,0.826530612244898,0.0,-0.030612244897959183,0.030612244897959183,0.9591836734693877,0.9591836734693877,0.0,0.0,0.0,0.8645833333333334,48,0.8645833333333334,7,49,0.14285714285714285,46,0.15217391304347827
llama-3.1-8b-instruct,test,leace_sequential_r1_a1,leace_sequential,1,1.0,demographic,stereoset,exploratory,41,41,41,0.2688747499047256,0.23599168730945122,0.6341463414634146,0.34146341463414637,0.024390243902439025,0.03288306259527439,-0.012997176007526676,0.09053731778772862,0.12229881239099738,-0.05224961464843162,0.29435751028389434,4,1,0,37,0.25,0.0,1.0,0.000811798632539323,0.0008737443270323637,0.21951219512195122,0.21951219512195122,0.0,0.0,0.0,0.1951219512195122,0.21951219512195122,-0.024390243902439025,-0.06097560975609756,0.0,0.8536585365853658,0.8780487804878049,-0.024390243902439025,-0.06097560975609756,0.0,0.22972972972972974,37,0.2564102564102564,9,41,0.21951219512195122,33,0.2727272727272727
llama-3.1-8b-instruct,test,leace_sequential_r1_a1,leace_sequential,1,1.0,identity,pooled,exploratory,160,160,160,0.0,0.0,0.0,0.0,1.0,0.0,0.0,0.0,,,,0,0,0,160,,,,0.0009022449210105792,0.0009020484165613345,0.27388535031847133,0.267515923566879,0.006369426751592357,0.0,0.01910828025477707,0.5875,0.6,-0.0125,-0.0375,0.0125,0.93125,0.9375,-0.00625,-0.01875,0.0,0.6394557823129252,147,0.6486486486486487,0,160,0.0,149,0.0
llama-3.1-8b-instruct,test,leace_sequential_r1_a1,leace_sequential,1,1.0,identity,bbq,exploratory,70,70,70,0.0,0.0,0.0,0.0,1.0,0.0,0.0,0.0,,,,0,0,0,70,,,,0.0009566902981543013,0.0009570349055973024,0.3582089552238806,0.3582089552238806,0.0,0.0,0.0,0.6714285714285714,0.6714285714285714,0.0,0.0,0.0,0.9857142857142858,0.9857142857142858,0.0,0.0,0.0,0.7014925373134329,67,0.7014925373134329,0,70,0.0,69,0.0
llama-3.1-8b-instruct,test,leace_sequential_r1_a1,leace_sequential,1,1.0,identity,crows_pairs,exploratory,49,49,49,0.0,0.0,0.0,0.0,1.0,0.0,0.0,0.0,,,,0,0,0,49,,,,0.0007694004258275414,0.0007706232693582098,0.20408163265306123,0.1836734693877551,0.02040816326530612,0.0,0.061224489795918366,0.8367346938775511,0.8367346938775511,0.0,-0.061224489795918366,0.061224489795918366,0.9591836734693877,0.9591836734693877,0.0,0.0,0.0,0.8723404255319149,47,0.8723404255319149,0,49,0.0,47,0.0
llama-3.1-8b-instruct,test,leace_sequential_r1_a1,leace_sequential,1,1.0,identity,stereoset,exploratory,41,41,41,0.0,0.0,0.0,0.0,1.0,0.0,0.0,0.0,,,,0,0,0,41,,,,0.0009680547713498067,0.0009652381234012212,0.21951219512195122,0.21951219512195122,0.0,0.0,0.0,0.14634146341463414,0.1951219512195122,-0.04878048780487805,-0.12195121951219512,0.0,0.8048780487804879,0.8292682926829268,-0.024390243902439025,-0.07317073170731707,0.0,0.18181818181818182,33,0.23529411764705882,0,41,0.0,33,0.0
llama-3.1-8b-instruct,test,leace_sequential_r1_a1,leace_sequential,1,1.0,neutral,pooled,exploratory,70,70,70,0.13967067173549108,0.12500730242047992,0.5714285714285714,0.37142857142857144,0.05714285714285714,0.01466336931501116,-0.0032576669965471536,0.032396281106131415,0.10498531390169519,-0.026830641993202547,0.2185172903803518,0,0,0,70,,,,0.0006192173839441177,0.0008424445944441594,0.35074626865671643,0.35074626865671643,0.0,0.0,0.0,0.6857142857142857,0.6857142857142857,0.0,0.0,0.0,0.9857142857142858,0.9857142857142858,0.0,0.0,0.0,0.7164179104477612,67,0.7164179104477612,5,70,0.07142857142857142,69,0.07246376811594203
llama-3.1-8b-instruct,test,leace_sequential_r1_a1,leace_sequential,1,1.0,neutral,bbq,exploratory,70,70,70,0.13967067173549108,0.12500730242047992,0.5714285714285714,0.37142857142857144,0.05714285714285714,0.01466336931501116,-0.0032576669965471536,0.032396281106131415,0.10498531390169519,-0.026830641993202547,0.2185172903803518,0,0,0,70,,,,0.0006192173839441177,0.0008424445944441594,0.35074626865671643,0.35074626865671643,0.0,0.0,0.0,0.6857142857142857,0.6857142857142857,0.0,0.0,0.0,0.9857142857142858,0.9857142857142858,0.0,0.0,0.0,0.7164179104477612,67,0.7164179104477612,5,70,0.07142857142857142,69,0.07246376811594203
llama-3.1-8b-instruct,test,mean_difference_r1_a1,mean_difference,1,1.0,demographic,pooled,exploratory,160,160,160,0.15823893547058104,0.1509166717529297,0.4625,0.4875,0.05,0.007322263717651367,-0.007057849168777466,0.0227475357055664,0.04627346421331735,-0.049763077961786306,0.13201877566178422,5,0,0,155,0.0,0.0,0.0,0.0019645761138947352,0.0018927790727523044,0.27358490566037735,0.2610062893081761,0.012578616352201259,-0.0031446540880503146,0.031446540880503145,0.59375,0.59375,0.0,-0.021875,0.01875,0.95,0.95,0.0,0.0,0.0,0.625,156,0.6282051282051282,34,160,0.2125,148,0.22972972972972974
llama-3.1-8b-instruct,test,mean_difference_r1_a1,mean_difference,1,1.0,demographic,bbq,exploratory,70,70,70,0.12477231706891741,0.11959751674107143,0.5,0.4714285714285714,0.02857142857142857,0.005174800327845982,-0.017675764901297433,0.026309599195207863,0.041473945899295206,-0.1547714843784818,0.19518252047160503,0,0,0,70,,,,0.0024643065960044002,0.001961369014595756,0.35507246376811596,0.35507246376811596,0.0,0.0,0.0,0.6357142857142857,0.65,-0.014285714285714285,-0.05714285714285714,0.02857142857142857,0.9857142857142858,0.9857142857142858,0.0,0.0,0.0,0.6521739130434783,69,0.6739130434782609,19,70,0.2714285714285714,69,0.2753623188405797
llama-3.1-8b-instruct,test,mean_difference_r1_a1,mean_difference,1,1.0,demographic,crows_pairs,exploratory,49,49,49,0.11347556600765306,0.11850785235969388,0.3673469387755102,0.5510204081632653,0.08163265306122448,-0.005032286352040816,-0.021120779854910714,0.011353037308673453,-0.044346871569703517,-0.2193671169178289,0.09506627992945534,1,0,0,48,0.0,0.0,0.0,0.0016681413899294292,0.0017995230099678266,0.20408163265306123,0.16326530612244897,0.04081632653061224,-0.01020408163265306,0.09183673469387756,0.8469387755102041,0.826530612244898,0.02040816326530612,-0.02040816326530612,0.061224489795918366,0.9591836734693877,0.9591836734693877,0.0,0.0,0.0,0.8854166666666666,48,0.8645833333333334,5,49,0.10204081632653061,46,0.10869565217391304
llama-3.1-8b-instruct,test,mean_difference_r1_a1,mean_difference,1,1.0,demographic,stereoset,exploratory,41,41,41,0.2688747499047256,0.24312089129192074,0.5121951219512195,0.43902439024390244,0.04878048780487805,0.025753858612804877,-0.00986410001429116,0.06525372761051826,0.09578384962489273,-0.045329360163726906,0.20461609916509146,4,0,0,37,0.0,0.0,0.0,0.0014656533755196984,0.001887126661713227,0.21951219512195122,0.21951219512195122,0.0,0.0,0.0,0.21951219512195122,0.21951219512195122,0.0,0.0,0.0,0.8780487804878049,0.8780487804878049,0.0,0.0,0.0,0.2564102564102564,39,0.2564102564102564,10,41,0.24390243902439024,33,0.30303030303030304
llama-3.1-8b-instruct,test,mean_difference_r1_a1,mean_difference,1,1.0,identity,pooled,exploratory,160,160,160,0.0,0.0,0.0,0.0,1.0,0.0,0.0,0.0,,,,0,0,0,160,,,,0.0020738398987422257,0.0020756486317882747,0.27388535031847133,0.267515923566879,0.006369426751592357,-0.012738853503184714,0.03184713375796178,0.61875,0.6,0.01875,0.0,0.04375,0.9375,0.9375,0.0,0.0,0.0,0.668918918918919,148,0.6486486486486487,0,160,0.0,150,0.0
llama-3.1-8b-instruct,test,mean_difference_r1_a1,mean_difference,1,1.0,identity,bbq,exploratory,70,70,70,0.0,0.0,0.0,0.0,1.0,0.0,0.0,0.0,,,,0,0,0,70,,,,0.002075353958399644,0.002076854720424859,0.3582089552238806,0.3582089552238806,0.0,0.0,0.0,0.6857142857142857,0.6714285714285714,0.014285714285714285,0.0,0.04285714285714286,0.9857142857142858,0.9857142857142858,0.0,0.0,0.0,0.7164179104477612,67,0.7014925373134329,0,70,0.0,69,0.0
llama-3.1-8b-instruct,test,mean_difference_r1_a1,mean_difference,1,1.0,identity,crows_pairs,exploratory,49,49,49,0.0,0.0,0.0,0.0,1.0,0.0,0.0,0.0,,,,0,0,0,49,,,,0.001933236044214166,0.0019343212705452185,0.20408163265306123,0.1836734693877551,0.02040816326530612,-0.04081632653061224,0.08163265306122448,0.8775510204081632,0.8367346938775511,0.04081632653061224,0.0,0.10204081632653061,0.9591836734693877,0.9591836734693877,0.0,0.0,0.0,0.9148936170212766,47,0.8723404255319149,0,49,0.0,47,0.0
llama-3.1-8b-instruct,test,mean_difference_r1_a1,mean_difference,1,1.0,identity,stereoset,exploratory,41,41,41,0.0,0.0,0.0,0.0,1.0,0.0,0.0,0.0,,,,0,0,0,41,,,,0.002239293671811875,0.002242492887796784,0.21951219512195122,0.21951219512195122,0.0,0.0,0.0,0.1951219512195122,0.1951219512195122,0.0,0.0,0.0,0.8292682926829268,0.8292682926829268,0.0,0.0,0.0,0.23529411764705882,34,0.23529411764705882,0,41,0.0,34,0.0
llama-3.1-8b-instruct,test,mean_difference_r1_a1,mean_difference,1,1.0,neutral,pooled,exploratory,70,70,70,0.13967067173549108,0.13719133649553572,0.4714285714285714,0.44285714285714284,0.08571428571428572,0.0024793352399553573,-0.015468641008649553,0.02082132611955915,0.017751294592831424,-0.12312993420536543,0.13412892625394804,0,0,0,70,,,,0.0015546323428881615,0.0018024741717176513,0.35074626865671643,0.35074626865671643,0.0,0.0,0.0,0.6928571428571428,0.6857142857142857,0.007142857142857143,0.0,0.02142857142857143,0.9857142857142858,0.9857142857142858,0.0,0.0,0.0,0.7238805970149254,67,0.7164179104477612,4,70,0.05714285714285714,69,0.057971014492753624
llama-3.1-8b-instruct,test,mean_difference_r1_a1,mean_difference,1,1.0,neutral,bbq,exploratory,70,70,70,0.13967067173549108,0.13719133649553572,0.4714285714285714,0.44285714285714284,0.08571428571428572,0.0024793352399553573,-0.015468641008649553,0.02082132611955915,0.017751294592831424,-0.12312993420536543,0.13412892625394804,0,0,0,70,,,,0.0015546323428881615,0.0018024741717176513,0.35074626865671643,0.35074626865671643,0.0,0.0,0.0,0.6928571428571428,0.6857142857142857,0.007142857142857143,0.0,0.02142857142857143,0.9857142857142858,0.9857142857142858,0.0,0.0,0.0,0.7238805970149254,67,0.7164179104477612,4,70,0.05714285714285714,69,0.057971014492753624
llama-3.1-8b-instruct,test,neutral_contrast_r1_a1,neutral_contrast,1,1.0,demographic,pooled,exploratory,160,160,160,0.15823893547058104,0.15091323852539062,0.4625,0.48125,0.05625,0.00732569694519043,-0.005932128429412842,0.02081130027770996,0.04629516069104489,-0.04021439916650828,0.12568764233710417,5,0,0,155,0.0,0.0,0.0,0.001310384999230046,0.001447787959833131,0.27672955974842767,0.2610062893081761,0.015723270440251572,-0.0031446540880503146,0.03773584905660377,0.6,0.59375,0.00625,-0.009375,0.021875,0.95,0.95,0.0,-0.0125,0.0125,0.6314102564102564,156,0.6282051282051282,30,160,0.1875,148,0.20270270270270271
llama-3.1-8b-instruct,test,neutral_contrast_r1_a1,neutral_contrast,1,1.0,demographic,bbq,exploratory,70,70,70,0.12477231706891741,0.10934884207589286,0.5285714285714286,0.42857142857142855,0.04285714285714286,0.015423474993024553,-0.005740007672991071,0.03580081939697264,0.12361295642610748,-0.05191254926016336,0.2674040413646648,0,0,0,70,,,,0.0016949807439404112,0.0017902738217323074,0.35507246376811596,0.35507246376811596,0.0,-0.021739130434782608,0.021739130434782608,0.6428571428571429,0.65,-0.007142857142857143,-0.02142857142857143,0.0,0.9785714285714285,0.9857142857142858,-0.007142857142857143,-0.02142857142857143,0.0,0.6739130434782609,69,0.6739130434782609,16,70,0.22857142857142856,68,0.23529411764705882
llama-3.1-8b-instruct,test,neutral_contrast_r1_a1,neutral_contrast,1,1.0,demographic,crows_pairs,exploratory,49,49,49,0.11347556600765306,0.12647480867346939,0.2857142857142857,0.6122448979591837,0.10204081632653061,-0.012999242665816327,-0.03241390306122449,0.0072564572704081525,-0.11455543358946207,-0.3387642999470964,0.061832980776464506,1,0,0,48,0.0,0.0,0.0,0.001065986070254548,0.0011590708643247503,0.20408163265306123,0.16326530612244897,0.04081632653061224,-0.01020408163265306,0.10204081632653061,0.8571428571428571,0.826530612244898,0.030612244897959183,0.0,0.07142857142857142,0.9693877551020408,0.9591836734693877,0.01020408163265306,0.0,0.030612244897959183,0.8854166666666666,48,0.8645833333333334,5,49,0.10204081632653061,47,0.10638297872340426
llama-3.1-8b-instruct,test,neutral_contrast_r1_a1,neutral_contrast,1,1.0,demographic,stereoset,exploratory,41,41,41,0.2688747499047256,0.2510837461890244,0.5609756097560976,0.4146341463414634,0.024390243902439025,0.01779100371570122,-0.012247262349942835,0.05054697176305255,0.06616836918306901,-0.0509023113282181,0.16593731727837338,4,0,0,37,0.0,0.0,0.0,0.0009458446428903846,0.0012081081390274793,0.23170731707317074,0.21951219512195122,0.012195121951219513,0.0,0.036585365853658534,0.21951219512195122,0.21951219512195122,0.0,-0.036585365853658534,0.036585365853658534,0.8780487804878049,0.8780487804878049,0.0,-0.036585365853658534,0.036585365853658534,0.24358974358974358,39,0.2564102564102564,9,41,0.21951219512195122,33,0.2727272727272727
llama-3.1-8b-instruct,test,neutral_contrast_r1_a1,neutral_contrast,1,1.0,identity,pooled,exploratory,160,160,160,0.0,0.0,0.0,0.0,1.0,0.0,0.0,0.0,,,,0,0,0,160,,,,0.0014046494580445563,0.0014049894471619855,0.2802547770700637,0.267515923566879,0.012738853503184714,-0.012738853503184714,0.03821656050955414,0.60625,0.6,0.00625,-0.01875,0.0375,0.9375,0.9375,0.0,-0.01875,0.01875,0.6554054054054054,148,0.6486486486486487,0,160,0.0,150,0.0
llama-3.1-8b-instruct,test,neutral_contrast_r1_a1,neutral_contrast,1,1.0,identity,bbq,exploratory,70,70,70,0.0,0.0,0.0,0.0,1.0,0.0,0.0,0.0,,,,0,0,0,70,,,,0.0015970988758664225,0.0015976646263479051,0.34328358208955223,0.3582089552238806,-0.014925373134328358,-0.04477611940298507,0.0,0.6571428571428571,0.6714285714285714,-0.014285714285714285,-0.04285714285714286,0.0,0.9857142857142858,0.9857142857142858,0.0,0.0,0.0,0.6865671641791045,67,0.7014925373134329,0,70,0.0,69,0.0
llama-3.1-8b-instruct,test,neutral_contrast_r1_a1,neutral_contrast,1,1.0,identity,crows_pairs,exploratory,49,49,49,0.0,0.0,0.0,0.0,1.0,0.0,0.0,0.0,,,,0,0,0,49,,,,0.0012315368950657187,0.0012313943655143738,0.24489795918367346,0.1836734693877551,0.061224489795918366,0.0,0.14285714285714285,0.8775510204081632,0.8367346938775511,0.04081632653061224,0.0,0.10204081632653061,0.9591836734693877,0.9591836734693877,0.0,0.0,0.0,0.9148936170212766,47,0.8723404255319149,0,49,0.0,47,0.0
llama-3.1-8b-instruct,test,neutral_contrast_r1_a1,neutral_contrast,1,1.0,identity,stereoset,exploratory,41,41,41,0.0,0.0,0.0,0.0,1.0,0.0,0.0,0.0,,,,0,0,0,41,,,,0.001282967905323396,0.0012834991168624388,0.21951219512195122,0.21951219512195122,0.0,0.0,0.0,0.1951219512195122,0.1951219512195122,0.0,-0.07317073170731707,0.07317073170731707,0.8292682926829268,0.8292682926829268,0.0,-0.07317073170731707,0.07317073170731707,0.23529411764705882,34,0.23529411764705882,0,41,0.0,34,0.0
llama-3.1-8b-instruct,test,neutral_contrast_r1_a1,neutral_contrast,1,1.0,neutral,pooled,exploratory,70,70,70,0.13967067173549108,0.12218453543526786,0.4714285714285714,0.45714285714285713,0.07142857142857142,0.017486136300223214,-0.010171214512416295,0.04495690482003348,0.1251954764944393,-0.08374788122904643,0.29547881670217274,0,0,0,70,,,,0.01749420852188114,0.009058584246305504,0.3582089552238806,0.35074626865671643,0.007462686567164179,-0.014925373134328358,0.03731343283582089,0.6785714285714286,0.6857142857142857,-0.007142857142857143,-0.03571428571428571,0.02142857142857143,0.9857142857142858,0.9857142857142858,0.0,0.0,0.0,0.7089552238805971,67,0.7164179104477612,5,70,0.07142857142857142,69,0.07246376811594203
llama-3.1-8b-instruct,test,neutral_contrast_r1_a1,neutral_contrast,1,1.0,neutral,bbq,exploratory,70,70,70,0.13967067173549108,0.12218453543526786,0.4714285714285714,0.45714285714285713,0.07142857142857142,0.017486136300223214,-0.010171214512416295,0.04495690482003348,0.1251954764944393,-0.08374788122904643,0.29547881670217274,0,0,0,70,,,,0.01749420852188114,0.009058584246305504,0.3582089552238806,0.35074626865671643,0.007462686567164179,-0.014925373134328358,0.03731343283582089,0.6785714285714286,0.6857142857142857,-0.007142857142857143,-0.03571428571428571,0.02142857142857143,0.9857142857142858,0.9857142857142858,0.0,0.0,0.0,0.7089552238805971,67,0.7164179104477612,5,70,0.07142857142857142,69,0.07246376811594203
llama-3.1-8b-instruct,test,neutral_contrast_r2_a1,neutral_contrast,2,1.0,demographic,pooled,exploratory,160,160,160,0.15823893547058104,0.12792768478393554,0.55,0.41875,0.03125,0.03031125068664551,0.012305303812026979,0.05017499327659606,0.19155368175666743,0.08644201604989697,0.28623224092973515,5,3,0,155,0.6,0.0,1.0,0.007416954166403661,0.005715225028406048,0.33962264150943394,0.2610062893081761,0.07861635220125786,0.0440251572327044,0.11635220125786164,0.5875,0.59375,-0.00625,-0.034375,0.021875,0.953125,0.95,0.003125,-0.0125,0.015703124999999575,0.6210191082802548,157,0.6282051282051282,33,160,0.20625,148,0.22297297297297297
llama-3.1-8b-instruct,test,neutral_contrast_r2_a1,neutral_contrast,2,1.0,demographic,bbq,exploratory,70,70,70,0.12477231706891741,0.11034981863839285,0.5142857142857142,0.44285714285714284,0.04285714285714286,0.014422498430524554,-0.012944965362548829,0.04129752840314588,0.11559053137210196,-0.12099187034670779,0.2959301859372174,0,0,0,70,,,,0.010465791403837538,0.006913363760142346,0.34782608695652173,0.35507246376811596,-0.007246376811594203,-0.029166666666666657,0.014492753623188406,0.6142857142857143,0.65,-0.03571428571428571,-0.08571428571428572,0.014285714285714285,0.9857142857142858,0.9857142857142858,0.0,0.0,0.0,0.6304347826086957,69,0.6739130434782609,19,70,0.2714285714285714,69,0.2753623188405797
llama-3.1-8b-instruct,test,neutral_contrast_r2_a1,neutral_contrast,2,1.0,demographic,crows_pairs,exploratory,49,49,49,0.11347556600765306,0.09854748784279337,0.4897959183673469,0.46938775510204084,0.04081632653061224,0.014928078164859694,-0.01285911092952806,0.04556148295499837,0.1315532381997805,-0.15265655898605038,0.3150304612905716,1,1,0,48,1.0,1.0,1.0,0.005216792978194873,0.005009437335964018,0.41836734693877553,0.16326530612244897,0.25510204081632654,0.16326530612244897,0.35714285714285715,0.8673469387755102,0.826530612244898,0.04081632653061224,-0.01020408163265306,0.09183673469387756,0.9591836734693877,0.9591836734693877,0.0,-0.030612244897959183,0.030612244897959183,0.90625,48,0.8645833333333334,5,49,0.10204081632653061,46,0.10869565217391304
llama-3.1-8b-instruct,test,neutral_contrast_r2_a1,neutral_contrast,2,1.0,demographic,stereoset,exploratory,41,41,41,0.2688747499047256,0.19305159405964176,0.6829268292682927,0.3170731707317073,0.0,0.07582315584508384,0.03618176157881574,0.12039836790503522,0.2820017717243861,0.1542331295122852,0.40175580186491777,4,2,0,37,0.5,0.0,1.0,0.004841083229863642,0.004513124679823575,0.23170731707317074,0.21951219512195122,0.012195121951219513,0.0,0.036585365853658534,0.2073170731707317,0.21951219512195122,-0.012195121951219513,-0.04878048780487805,0.024390243902439025,0.8902439024390244,0.8780487804878049,0.012195121951219513,-0.024390243902439025,0.06097560975609756,0.2625,40,0.2564102564102564,9,41,0.21951219512195122,33,0.2727272727272727
llama-3.1-8b-instruct,test,neutral_contrast_r2_a1,neutral_contrast,2,1.0,identity,pooled,exploratory,160,160,160,0.0,0.0,0.0,0.0,1.0,0.0,0.0,0.0,,,,0,0,0,160,,,,0.0054295985102581915,0.0054287471302910855,0.3375796178343949,0.267515923566879,0.07006369426751592,0.03184713375796178,0.11464968152866242,0.6,0.6,0.0,-0.03125,0.03125,0.94375,0.9375,0.00625,-0.0125,0.025,0.6442953020134228,149,0.6486486486486487,0,160,0.0,151,0.0
llama-3.1-8b-instruct,test,neutral_contrast_r2_a1,neutral_contrast,2,1.0,identity,bbq,exploratory,70,70,70,0.0,0.0,0.0,0.0,1.0,0.0,0.0,0.0,,,,0,0,0,70,,,,0.006568708349064135,0.006569280693981084,0.34328358208955223,0.3582089552238806,-0.014925373134328358,-0.04477611940298507,0.0,0.6428571428571429,0.6714285714285714,-0.02857142857142857,-0.07142857142857142,0.0,0.9857142857142858,0.9857142857142858,0.0,0.0,0.0,0.6716417910447762,67,0.7014925373134329,0,70,0.0,69,0.0
llama-3.1-8b-instruct,test,neutral_contrast_r2_a1,neutral_contrast,2,1.0,identity,crows_pairs,exploratory,49,49,49,0.0,0.0,0.0,0.0,1.0,0.0,0.0,0.0,,,,0,0,0,49,,,,0.00485335624593739,0.004848909217721336,0.42857142857142855,0.1836734693877551,0.24489795918367346,0.12244897959183673,0.3673469387755102,0.8979591836734694,0.8367346938775511,0.061224489795918366,0.0,0.14285714285714285,0.9591836734693877,0.9591836734693877,0.0,0.0,0.0,0.9361702127659575,47,0.8723404255319149,0,49,0.0,47,0.0
llama-3.1-8b-instruct,test,neutral_contrast_r2_a1,neutral_contrast,2,1.0,identity,stereoset,exploratory,41,41,41,0.0,0.0,0.0,0.0,1.0,0.0,0.0,0.0,,,,0,0,0,41,,,,0.00417345661355827,0.004174471721940297,0.21951219512195122,0.21951219512195122,0.0,0.0,0.0,0.17073170731707318,0.1951219512195122,-0.024390243902439025,-0.12195121951219512,0.04878048780487805,0.8536585365853658,0.8292682926829268,0.024390243902439025,-0.04878048780487805,0.12195121951219512,0.2,35,0.23529411764705882,0,41,0.0,35,0.0
llama-3.1-8b-instruct,test,neutral_contrast_r2_a1,neutral_contrast,2,1.0,neutral,pooled,exploratory,70,70,70,0.13967067173549108,0.10082659040178571,0.5857142857142857,0.38571428571428573,0.02857142857142857,0.03884408133370536,0.010120729718889509,0.06951520647321428,0.2781119389707558,0.08344112583745335,0.43822277833389217,0,0,0,70,,,,0.02282592993990986,0.013159807710360379,0.3582089552238806,0.35074626865671643,0.007462686567164179,-0.014925373134328358,0.03731343283582089,0.6714285714285714,0.6857142857142857,-0.014285714285714285,-0.05714285714285714,0.02857142857142857,0.9857142857142858,0.9857142857142858,0.0,0.0,0.0,0.7014925373134329,67,0.7164179104477612,4,70,0.05714285714285714,69,0.057971014492753624
llama-3.1-8b-instruct,test,neutral_contrast_r2_a1,neutral_contrast,2,1.0,neutral,bbq,exploratory,70,70,70,0.13967067173549108,0.10082659040178571,0.5857142857142857,0.38571428571428573,0.02857142857142857,0.03884408133370536,0.010120729718889509,0.06951520647321428,0.2781119389707558,0.08344112583745335,0.43822277833389217,0,0,0,70,,,,0.02282592993990986,0.013159807710360379,0.3582089552238806,0.35074626865671643,0.007462686567164179,-0.014925373134328358,0.03731343283582089,0.6714285714285714,0.6857142857142857,-0.014285714285714285,-0.05714285714285714,0.02857142857142857,0.9857142857142858,0.9857142857142858,0.0,0.0,0.0,0.7014925373134329,67,0.7164179104477612,4,70,0.05714285714285714,69,0.057971014492753624
llama-3.1-8b-instruct,test,neutral_contrast_r4_a1,neutral_contrast,4,1.0,demographic,pooled,exploratory,160,160,160,0.15823893547058104,0.1172707885503769,0.6125,0.375,0.0125,0.04096814692020416,0.017593158707022667,0.06499266445636749,0.25890054681150676,0.12515045890032794,0.3624400869935754,5,4,0,155,0.8,0.3333333333333333,1.0,0.015508778125018875,0.01410894901004268,0.4056603773584906,0.2610062893081761,0.14465408805031446,0.09119496855345911,0.19819182389937065,0.596875,0.59375,0.003125,-0.03125,0.034375,0.953125,0.95,0.003125,-0.025,0.03125,0.6282051282051282,156,0.6282051282051282,24,160,0.15,149,0.1610738255033557
llama-3.1-8b-instruct,test,neutral_contrast_r4_a1,neutral_contrast,4,1.0,demographic,bbq,exploratory,70,70,70,0.12477231706891741,0.11047537667410715,0.5857142857142857,0.4,0.014285714285714285,0.014296940394810267,-0.01267360142299107,0.040775669642857136,0.11458423415278418,-0.11413588637338636,0.2911885492826762,0,0,0,70,,,,0.01900703896230593,0.01650479516775836,0.35507246376811596,0.35507246376811596,0.0,-0.036231884057971016,0.036231884057971016,0.6214285714285714,0.65,-0.02857142857142857,-0.08571428571428572,0.02857142857142857,0.9857142857142858,0.9857142857142858,0.0,0.0,0.0,0.6304347826086957,69,0.6739130434782609,13,70,0.18571428571428572,69,0.18840579710144928
llama-3.1-8b-instruct,test,neutral_contrast_r4_a1,neutral_contrast,4,1.0,demographic,crows_pairs,exploratory,49,49,49,0.11347556600765306,0.07638934193825235,0.5510204081632653,0.42857142857142855,0.02040816326530612,0.03708622406940071,-0.005548932600994499,0.08551961353846957,0.326821230104281,-0.07088464541937517,0.5806422863632821,1,1,0,48,1.0,1.0,1.0,0.01208127081351218,0.011547223838330484,0.6428571428571429,0.16326530612244897,0.47959183673469385,0.3673469387755102,0.5918367346938775,0.8775510204081632,0.826530612244898,0.05102040816326531,0.01020408163265306,0.10204081632653061,0.8979591836734694,0.9591836734693877,-0.061224489795918366,-0.1326530612244898,0.0,0.9782608695652174,46,0.8645833333333334,2,49,0.04081632653061224,42,0.047619047619047616
llama-3.1-8b-instruct,test,neutral_contrast_r4_a1,neutral_contrast,4,1.0,demographic,stereoset,exploratory,41,41,41,0.2688747499047256,0.17773102550971798,0.7317073170731707,0.2682926829268293,0.0,0.09114372439500762,0.035684632091987425,0.15065362511611566,0.338982088973784,0.17958948848652365,0.45352104199942417,4,3,0,37,0.75,0.0,1.0,0.01363242689706117,0.013080053945989024,0.2073170731707317,0.21951219512195122,-0.012195121951219513,-0.07317073170731707,0.036585365853658534,0.21951219512195122,0.21951219512195122,0.0,-0.06097560975609756,0.06097560975609756,0.9634146341463414,0.8780487804878049,0.08536585365853659,0.024390243902439025,0.15853658536585366,0.23170731707317074,41,0.2564102564102564,9,41,0.21951219512195122,38,0.23684210526315788
llama-3.1-8b-instruct,test,neutral_contrast_r4_a1,neutral_contrast,4,1.0,identity,pooled,exploratory,160,160,160,0.0,0.0,0.0,0.0,1.0,0.0,0.0,0.0,,,,0,0,0,160,,,,0.014009250329503096,0.014000349030877119,0.3885350318471338,0.267515923566879,0.12101910828025478,0.06369426751592357,0.18471337579617833,0.59375,0.6,-0.00625,-0.04375,0.03125,0.9375,0.9375,0.0,-0.0375,0.0375,0.6418918918918919,148,0.6486486486486487,0,160,0.0,150,0.0
llama-3.1-8b-instruct,test,neutral_contrast_r4_a1,neutral_contrast,4,1.0,identity,bbq,exploratory,70,70,70,0.0,0.0,0.0,0.0,1.0,0.0,0.0,0.0,,,,0,0,0,70,,,,0.017037260574374723,0.0170376976966299,0.3582089552238806,0.3582089552238806,0.0,-0.05970149253731343,0.05970149253731343,0.6428571428571429,0.6714285714285714,-0.02857142857142857,-0.07142857142857142,0.0,0.9857142857142858,0.9857142857142858,0.0,0.0,0.0,0.6716417910447762,67,0.7014925373134329,0,70,0.0,69,0.0
llama-3.1-8b-instruct,test,neutral_contrast_r4_a1,neutral_contrast,4,1.0,identity,crows_pairs,exploratory,49,49,49,0.0,0.0,0.0,0.0,1.0,0.0,0.0,0.0,,,,0,0,0,49,,,,0.010961992763797,0.010941359191715226,0.5918367346938775,0.1836734693877551,0.40816326530612246,0.2653061224489796,0.5510204081632653,0.8775510204081632,0.8367346938775511,0.04081632653061224,-0.061224489795918366,0.14285714285714285,0.8775510204081632,0.9591836734693877,-0.08163265306122448,-0.16326530612244897,-0.02040816326530612,1.0,43,0.8723404255319149,0,49,0.0,43,0.0
llama-3.1-8b-instruct,test,neutral_contrast_r4_a1,neutral_contrast,4,1.0,identity,stereoset,exploratory,41,41,41,0.0,0.0,0.0,0.0,1.0,0.0,0.0,0.0,,,,0,0,0,41,,,,0.01248132114849297,0.012470497702004884,0.1951219512195122,0.21951219512195122,-0.024390243902439025,-0.07317073170731707,0.0,0.17073170731707318,0.1951219512195122,-0.024390243902439025,-0.07317073170731707,0.0,0.926829268292683,0.8292682926829268,0.0975609756097561,0.024390243902439025,0.1951219512195122,0.18421052631578946,38,0.23529411764705882,0,41,0.0,38,0.0
llama-3.1-8b-instruct,test,neutral_contrast_r4_a1,neutral_contrast,4,1.0,neutral,pooled,exploratory,70,70,70,0.13967067173549108,0.09466029575892858,0.6285714285714286,0.34285714285714286,0.02857142857142857,0.0450103759765625,0.013237413678850446,0.07922847202845981,0.3222607539384027,0.10586626751234136,0.5037999096322411,0,0,0,70,,,,0.030181688473473255,0.02179802750519791,0.3656716417910448,0.35074626865671643,0.014925373134328358,-0.022388059701492536,0.05970149253731343,0.6785714285714286,0.6857142857142857,-0.007142857142857143,-0.03571428571428571,0.02142857142857143,0.9857142857142858,0.9857142857142858,0.0,0.0,0.0,0.7089552238805971,67,0.7164179104477612,3,70,0.04285714285714286,69,0.043478260869565216
llama-3.1-8b-instruct,test,neutral_contrast_r4_a1,neutral_contrast,4,1.0,neutral,bbq,exploratory,70,70,70,0.13967067173549108,0.09466029575892858,0.6285714285714286,0.34285714285714286,0.02857142857142857,0.0450103759765625,0.013237413678850446,0.07922847202845981,0.3222607539384027,0.10586626751234136,0.5037999096322411,0,0,0,70,,,,0.030181688473473255,0.02179802750519791,0.3656716417910448,0.35074626865671643,0.014925373134328358,-0.022388059701492536,0.05970149253731343,0.6785714285714286,0.6857142857142857,-0.007142857142857143,-0.03571428571428571,0.02142857142857143,0.9857142857142858,0.9857142857142858,0.0,0.0,0.0,0.7089552238805971,67,0.7164179104477612,3,70,0.04285714285714286,69,0.043478260869565216
llama-3.1-8b-instruct,test,random_ortho_1_r1_a1,random_ortho_1,1,1.0,demographic,pooled,confirmatory-input,160,160,160,0.15823893547058104,0.15491256713867188,0.49375,0.44375,0.0625,0.0033263683319091795,-0.00933090090751648,0.015373982191085805,0.021021174858242175,-0.0605597781592311,0.0942658295914318,5,0,1,155,0.0,0.0,0.0,0.00024757728029209077,0.0002513667968842766,0.2578616352201258,0.2610062893081761,-0.0031446540880503146,-0.015723270440251572,0.006289308176100629,0.590625,0.59375,-0.003125,-0.009375,0.0,0.95,0.95,0.0,0.0,0.0,0.625,156,0.6282051282051282,35,160,0.21875,148,0.23648648648648649
llama-3.1-8b-instruct,test,random_ortho_1_r1_a1,random_ortho_1,1,1.0,demographic,bbq,exploratory,70,70,70,0.12477231706891741,0.11730433872767858,0.5285714285714286,0.4142857142857143,0.05714285714285714,0.007467978341238839,-0.011365944998604912,0.02707827704293387,0.059852846502112644,-0.09614332461767838,0.21461211679814998,0,0,0,70,,,,0.00024606631122035615,0.0002483718085134976,0.34782608695652173,0.35507246376811596,-0.007246376811594203,-0.021739130434782608,0.0,0.65,0.65,0.0,0.0,0.0,0.9857142857142858,0.9857142857142858,0.0,0.0,0.0,0.6739130434782609,69,0.6739130434782609,17,70,0.24285714285714285,69,0.2463768115942029
llama-3.1-8b-instruct,test,random_ortho_1_r1_a1,random_ortho_1,1,1.0,demographic,crows_pairs,exploratory,49,49,49,0.11347556600765306,0.11870715082908163,0.42857142857142855,0.5102040816326531,0.061224489795918366,-0.005231584821428571,-0.02403701470822704,0.014623649752869897,-0.04610318331503849,-0.23898050946712535,0.1282396202617944,1,0,0,48,0.0,0.0,0.0,0.00024265399591930716,0.00024936390250554095,0.16326530612244897,0.16326530612244897,0.0,-0.030612244897959183,0.030612244897959183,0.8163265306122449,0.826530612244898,-0.01020408163265306,-0.030612244897959183,0.0,0.9591836734693877,0.9591836734693877,0.0,0.0,0.0,0.8541666666666666,48,0.8645833333333334,8,49,0.16326530612244897,46,0.17391304347826086
llama-3.1-8b-instruct,test,random_ortho_1_r1_a1,random_ortho_1,1,1.0,demographic,stereoset,exploratory,41,41,41,0.2688747499047256,0.26239162538109756,0.5121951219512195,0.4146341463414634,0.07317073170731707,0.006483124523628049,-0.01819867389958079,0.032403787752477126,0.024112061567422405,-0.08032428074565535,0.11653387871741017,4,0,1,37,0.0,0.0,0.0,0.00025604090881130575,0.0002588738947016564,0.21951219512195122,0.21951219512195122,0.0,0.0,0.0,0.21951219512195122,0.21951219512195122,0.0,0.0,0.0,0.8780487804878049,0.8780487804878049,0.0,0.0,0.0,0.2564102564102564,39,0.2564102564102564,10,41,0.24390243902439024,33,0.30303030303030304
llama-3.1-8b-instruct,test,random_ortho_1_r1_a1,random_ortho_1,1,1.0,identity,pooled,exploratory,160,160,160,0.0,0.0,0.0,0.0,1.0,0.0,0.0,0.0,,,,0,0,0,160,,,,0.0002509840008756431,0.0002508613901310701,0.267515923566879,0.267515923566879,0.0,-0.01910828025477707,0.01910828025477707,0.59375,0.6,-0.00625,-0.01875,0.0,0.9375,0.9375,0.0,0.0,0.0,0.6418918918918919,148,0.6486486486486487,0,160,0.0,150,0.0
llama-3.1-8b-instruct,test,random_ortho_1_r1_a1,random_ortho_1,1,1.0,identity,bbq,exploratory,70,70,70,0.0,0.0,0.0,0.0,1.0,0.0,0.0,0.0,,,,0,0,0,70,,,,0.00024173878772954242,0.00024144498392603955,0.34328358208955223,0.3582089552238806,-0.014925373134328358,-0.04477611940298507,0.0,0.6714285714285714,0.6714285714285714,0.0,0.0,0.0,0.9857142857142858,0.9857142857142858,0.0,0.0,0.0,0.7014925373134329,67,0.7014925373134329,0,70,0.0,69,0.0
llama-3.1-8b-instruct,test,random_ortho_1_r1_a1,random_ortho_1,1,1.0,identity,crows_pairs,exploratory,49,49,49,0.0,0.0,0.0,0.0,1.0,0.0,0.0,0.0,,,,0,0,0,49,,,,0.00025585626257212403,0.0002558732302416529,0.20408163265306123,0.1836734693877551,0.02040816326530612,0.0,0.061224489795918366,0.8163265306122449,0.8367346938775511,-0.02040816326530612,-0.061224489795918366,0.0,0.9591836734693877,0.9591836734693877,0.0,0.0,0.0,0.851063829787234,47,0.8723404255319149,0,49,0.0,47,0.0
llama-3.1-8b-instruct,test,random_ortho_1_r1_a1,random_ortho_1,1,1.0,identity,stereoset,exploratory,41,41,41,0.0,0.0,0.0,0.0,1.0,0.0,0.0,0.0,,,,0,0,0,41,,,,0.0002609455642195326,0.0002609484210806697,0.21951219512195122,0.21951219512195122,0.0,0.0,0.0,0.1951219512195122,0.1951219512195122,0.0,0.0,0.0,0.8292682926829268,0.8292682926829268,0.0,0.0,0.0,0.23529411764705882,34,0.23529411764705882,0,41,0.0,34,0.0
llama-3.1-8b-instruct,test,random_ortho_1_r1_a1,random_ortho_1,1,1.0,neutral,pooled,exploratory,70,70,70,0.13967067173549108,0.1318603515625,0.4857142857142857,0.4,0.11428571428571428,0.007810320172991071,-0.009926888602120536,0.025124075753348175,0.05591954327951032,-0.07679894880518584,0.16908227700306414,0,0,0,70,,,,0.0002834300973259584,0.00025882268236261083,0.34328358208955223,0.35074626865671643,-0.007462686567164179,-0.022388059701492536,0.0,0.6857142857142857,0.6857142857142857,0.0,0.0,0.0,0.9857142857142858,0.9857142857142858,0.0,0.0,0.0,0.7164179104477612,67,0.7164179104477612,5,70,0.07142857142857142,69,0.07246376811594203
llama-3.1-8b-instruct,test,random_ortho_1_r1_a1,random_ortho_1,1,1.0,neutral,bbq,exploratory,70,70,70,0.13967067173549108,0.1318603515625,0.4857142857142857,0.4,0.11428571428571428,0.007810320172991071,-0.009926888602120536,0.025124075753348175,0.05591954327951032,-0.07679894880518584,0.16908227700306414,0,0,0,70,,,,0.0002834300973259584,0.00025882268236261083,0.34328358208955223,0.35074626865671643,-0.007462686567164179,-0.022388059701492536,0.0,0.6857142857142857,0.6857142857142857,0.0,0.0,0.0,0.9857142857142858,0.9857142857142858,0.0,0.0,0.0,0.7164179104477612,67,0.7164179104477612,5,70,0.07142857142857142,69,0.07246376811594203
llama-3.1-8b-instruct,test,random_ortho_1_r2_a1,random_ortho_1,2,1.0,demographic,pooled,exploratory,160,160,160,0.15823893547058104,0.151812744140625,0.5375,0.4,0.0625,0.006426191329956055,-0.005667208433151245,0.018197480440139767,0.04061068352643704,-0.03857042736625943,0.11032819251332607,5,1,0,155,0.2,0.0,0.6,0.0005042967998735872,0.0004948595262745393,0.27044025157232704,0.2610062893081761,0.009433962264150943,-0.0031446540880503146,0.025157232704402517,0.590625,0.59375,-0.003125,-0.015625,0.00625,0.95,0.95,0.0,0.0,0.0,0.625,156,0.6282051282051282,33,160,0.20625,148,0.22297297297297297
llama-3.1-8b-instruct,test,random_ortho_1_r2_a1,random_ortho_1,2,1.0,demographic,bbq,exploratory,70,70,70,0.12477231706891741,0.11235177176339285,0.6142857142857143,0.32857142857142857,0.05714285714285714,0.012420545305524553,-0.0025314113071986605,0.028033112117222366,0.09954568126409102,-0.021032418936946132,0.2078467249242134,0,0,0,70,,,,0.0005022042237184508,0.0004948160092654562,0.34782608695652173,0.35507246376811596,-0.007246376811594203,-0.021739130434782608,0.0,0.65,0.65,0.0,0.0,0.0,0.9857142857142858,0.9857142857142858,0.0,0.0,0.0,0.6739130434782609,69,0.6739130434782609,17,70,0.24285714285714285,69,0.2463768115942029
llama-3.1-8b-instruct,test,random_ortho_1_r2_a1,random_ortho_1,2,1.0,demographic,crows_pairs,exploratory,49,49,49,0.11347556600765306,0.11374212771045919,0.40816326530612246,0.4897959183673469,0.10204081632653061,-0.00026656170280612245,-0.019225825095663264,0.01851775500239158,-0.002349066959385304,-0.213431318313468,0.14224923855609192,1,1,0,48,1.0,1.0,1.0,0.0004973052589401924,0.00048689087142597123,0.19387755102040816,0.16326530612244897,0.030612244897959183,0.0,0.07142857142857142,0.8163265306122449,0.826530612244898,-0.01020408163265306,-0.030612244897959183,0.0,0.9591836734693877,0.9591836734693877,0.0,0.0,0.0,0.8541666666666666,48,0.8645833333333334,8,49,0.16326530612244897,46,0.17391304347826086
llama-3.1-8b-instruct,test,random_ortho_1_r2_a1,random_ortho_1,2,1.0,demographic,stereoset,exploratory,41,41,41,0.2688747499047256,0.2646841653963415,0.5609756097560976,0.4146341463414634,0.024390243902439025,0.004190584508384146,-0.02660596894054878,0.03526525730040006,0.015585637959194987,-0.10637698241746836,0.13335425727234038,4,0,0,37,0.0,0.0,0.0,0.0005162252349125114,0.0005044573379383363,0.23170731707317074,0.21951219512195122,0.012195121951219513,0.0,0.036585365853658534,0.21951219512195122,0.21951219512195122,0.0,-0.036585365853658534,0.036585365853658534,0.8780487804878049,0.8780487804878049,0.0,0.0,0.0,0.2564102564102564,39,0.2564102564102564,8,41,0.1951219512195122,33,0.24242424242424243
llama-3.1-8b-instruct,test,random_ortho_1_r2_a1,random_ortho_1,2,1.0,identity,pooled,exploratory,160,160,160,0.0,0.0,0.0,0.0,1.0,0.0,0.0,0.0,,,,0,0,0,160,,,,0.0004881248314455638,0.0004879225163776619,0.27388535031847133,0.267515923566879,0.006369426751592357,-0.012738853503184714,0.03184713375796178,0.59375,0.6,-0.00625,-0.03125,0.0125,0.9375,0.9375,0.0,0.0,0.0,0.6418918918918919,148,0.6486486486486487,0,160,0.0,150,0.0
llama-3.1-8b-instruct,test,random_ortho_1_r2_a1,random_ortho_1,2,1.0,identity,bbq,exploratory,70,70,70,0.0,0.0,0.0,0.0,1.0,0.0,0.0,0.0,,,,0,0,0,70,,,,0.0004865818943337194,0.0004863792016535826,0.34328358208955223,0.3582089552238806,-0.014925373134328358,-0.04477611940298507,0.0,0.6714285714285714,0.6714285714285714,0.0,0.0,0.0,0.9857142857142858,0.9857142857142858,0.0,0.0,0.0,0.7014925373134329,67,0.7014925373134329,0,70,0.0,69,0.0
llama-3.1-8b-instruct,test,random_ortho_1_r2_a1,random_ortho_1,2,1.0,identity,crows_pairs,exploratory,49,49,49,0.0,0.0,0.0,0.0,1.0,0.0,0.0,0.0,,,,0,0,0,49,,,,0.0004842391135859191,0.0004842260220190595,0.22448979591836735,0.1836734693877551,0.04081632653061224,0.0,0.10204081632653061,0.8163265306122449,0.8367346938775511,-0.02040816326530612,-0.061224489795918366,0.0,0.9591836734693877,0.9591836734693877,0.0,0.0,0.0,0.851063829787234,47,0.8723404255319149,0,49,0.0,47,0.0
llama-3.1-8b-instruct,test,random_ortho_1_r2_a1,random_ortho_1,2,1.0,identity,stereoset,exploratory,41,41,41,0.0,0.0,0.0,0.0,1.0,0.0,0.0,0.0,,,,0,0,0,41,,,,0.0004954030210297515,0.0004949752055058831,0.21951219512195122,0.21951219512195122,0.0,0.0,0.0,0.1951219512195122,0.1951219512195122,0.0,-0.07317073170731707,0.07317073170731707,0.8292682926829268,0.8292682926829268,0.0,0.0,0.0,0.23529411764705882,34,0.23529411764705882,0,41,0.0,34,0.0
llama-3.1-8b-instruct,test,random_ortho_1_r2_a1,random_ortho_1,2,1.0,neutral,pooled,exploratory,70,70,70,0.13967067173549108,0.14752589634486607,0.4714285714285714,0.5142857142857142,0.014285714285714285,-0.007855224609375,-0.02901501246861049,0.012237047467912942,-0.05624104553782949,-0.22850951791530946,0.08075485467923833,0,0,0,70,,,,0.0005475702824110297,0.0005115981974302971,0.34328358208955223,0.35074626865671643,-0.007462686567164179,-0.022388059701492536,0.0,0.6857142857142857,0.6857142857142857,0.0,0.0,0.0,0.9857142857142858,0.9857142857142858,0.0,0.0,0.0,0.7164179104477612,67,0.7164179104477612,5,70,0.07142857142857142,69,0.07246376811594203
llama-3.1-8b-instruct,test,random_ortho_1_r2_a1,random_ortho_1,2,1.0,neutral,bbq,exploratory,70,70,70,0.13967067173549108,0.14752589634486607,0.4714285714285714,0.5142857142857142,0.014285714285714285,-0.007855224609375,-0.02901501246861049,0.012237047467912942,-0.05624104553782949,-0.22850951791530946,0.08075485467923833,0,0,0,70,,,,0.0005475702824110297,0.0005115981974302971,0.34328358208955223,0.35074626865671643,-0.007462686567164179,-0.022388059701492536,0.0,0.6857142857142857,0.6857142857142857,0.0,0.0,0.0,0.9857142857142858,0.9857142857142858,0.0,0.0,0.0,0.7164179104477612,67,0.7164179104477612,5,70,0.07142857142857142,69,0.07246376811594203
llama-3.1-8b-instruct,test,random_ortho_1_r4_a1,random_ortho_1,4,1.0,demographic,pooled,exploratory,160,160,160,0.15823893547058104,0.15430544018745423,0.48125,0.425,0.09375,0.003933495283126831,-0.009792654216289519,0.0173298081755638,0.024857948338878444,-0.06453211454179246,0.10713892121800872,5,0,0,155,0.0,0.0,0.0,0.0009452968597682606,0.000941229127960471,0.2672955974842767,0.2610062893081761,0.006289308176100629,-0.009433962264150943,0.0220125786163522,0.590625,0.59375,-0.003125,-0.01875,0.009375,0.95,0.95,0.0,0.0,0.0,0.625,156,0.6282051282051282,35,160,0.21875,148,0.23648648648648649
llama-3.1-8b-instruct,test,random_ortho_1_r4_a1,random_ortho_1,4,1.0,demographic,bbq,exploratory,70,70,70,0.12477231706891741,0.11642146791730608,0.5428571428571428,0.4,0.05714285714285714,0.008350849151611328,-0.010552843298230852,0.029114500454493913,0.06692870139615004,-0.09145962068575203,0.21349793176441295,0,0,0,70,,,,0.0009335876199345281,0.0009363499913458504,0.34782608695652173,0.35507246376811596,-0.007246376811594203,-0.021739130434782608,0.0,0.65,0.65,0.0,0.0,0.0,0.9857142857142858,0.9857142857142858,0.0,0.0,0.0,0.6739130434782609,69,0.6739130434782609,17,70,0.24285714285714285,69,0.2463768115942029
llama-3.1-8b-instruct,test,random_ortho_1_r4_a1,random_ortho_1,4,1.0,demographic,crows_pairs,exploratory,49,49,49,0.11347556600765306,0.10773701570471939,0.42857142857142855,0.4489795918367347,0.12244897959183673,0.005738550302933673,-0.01823883056640625,0.03112307178730866,0.05057080131723379,-0.1745208619445596,0.27364298413146426,1,0,0,48,0.0,0.0,0.0,0.0009481807701346296,0.0009376365107788028,0.1836734693877551,0.16326530612244897,0.02040816326530612,-0.02040816326530612,0.061224489795918366,0.8163265306122449,0.826530612244898,-0.01020408163265306,-0.030612244897959183,0.0,0.9591836734693877,0.9591836734693877,0.0,0.0,0.0,0.8541666666666666,48,0.8645833333333334,8,49,0.16326530612244897,46,0.17391304347826086
llama-3.1-8b-instruct,test,random_ortho_1_r4_a1,random_ortho_1,4,1.0,demographic,stereoset,exploratory,41,41,41,0.2688747499047256,0.2746403391768293,0.43902439024390244,0.43902439024390244,0.12195121951219512,-0.005765589272103659,-0.03144374940453506,0.020796575778868117,-0.021443401710821375,-0.12711367925836095,0.07933072394602109,4,0,0,37,0.0,0.0,0.0,0.0009618416202660455,0.0009538529768610859,0.23170731707317074,0.21951219512195122,0.012195121951219513,0.0,0.036585365853658534,0.21951219512195122,0.21951219512195122,0.0,-0.04878048780487805,0.04878048780487805,0.8780487804878049,0.8780487804878049,0.0,0.0,0.0,0.2564102564102564,39,0.2564102564102564,10,41,0.24390243902439024,33,0.30303030303030304
llama-3.1-8b-instruct,test,random_ortho_1_r4_a1,random_ortho_1,4,1.0,identity,pooled,exploratory,160,160,160,0.0,0.0,0.0,0.0,1.0,0.0,0.0,0.0,,,,0,0,0,160,,,,0.0009347388840656029,0.0009347989469213516,0.2611464968152866,0.267515923566879,-0.006369426751592357,-0.03184713375796178,0.012738853503184714,0.59375,0.6,-0.00625,-0.0375,0.01875,0.9375,0.9375,0.0,0.0,0.0,0.6418918918918919,148,0.6486486486486487,0,160,0.0,150,0.0
llama-3.1-8b-instruct,test,random_ortho_1_r4_a1,random_ortho_1,4,1.0,identity,bbq,exploratory,70,70,70,0.0,0.0,0.0,0.0,1.0,0.0,0.0,0.0,,,,0,0,0,70,,,,0.0009261187145859572,0.0009261188236903169,0.34328358208955223,0.3582089552238806,-0.014925373134328358,-0.04477611940298507,0.0,0.6714285714285714,0.6714285714285714,0.0,0.0,0.0,0.9857142857142858,0.9857142857142858,0.0,0.0,0.0,0.7014925373134329,67,0.7014925373134329,0,70,0.0,69,0.0
llama-3.1-8b-instruct,test,random_ortho_1_r4_a1,random_ortho_1,4,1.0,identity,crows_pairs,exploratory,49,49,49,0.0,0.0,0.0,0.0,1.0,0.0,0.0,0.0,,,,0,0,0,49,,,,0.000932637487150353,0.0009329805187279946,0.1836734693877551,0.1836734693877551,0.0,-0.061224489795918366,0.061224489795918366,0.8163265306122449,0.8367346938775511,-0.02040816326530612,-0.061224489795918366,0.0,0.9591836734693877,0.9591836734693877,0.0,0.0,0.0,0.851063829787234,47,0.8723404255319149,0,49,0.0,47,0.0
llama-3.1-8b-instruct,test,random_ortho_1_r4_a1,random_ortho_1,4,1.0,identity,stereoset,exploratory,41,41,41,0.0,0.0,0.0,0.0,1.0,0.0,0.0,0.0,,,,0,0,0,41,,,,0.000951967672173467,0.0009517919129615203,0.21951219512195122,0.21951219512195122,0.0,0.0,0.0,0.1951219512195122,0.1951219512195122,0.0,-0.0975609756097561,0.0975609756097561,0.8292682926829268,0.8292682926829268,0.0,0.0,0.0,0.23529411764705882,34,0.23529411764705882,0,41,0.0,34,0.0
llama-3.1-8b-instruct,test,random_ortho_1_r4_a1,random_ortho_1,4,1.0,neutral,pooled,exploratory,70,70,70,0.13967067173549108,0.14554268973214285,0.4714285714285714,0.5,0.02857142857142857,-0.005872017996651786,-0.02559053693498884,0.013520823887416291,-0.04204188269225373,-0.21498267644537444,0.08656518277425415,0,0,0,70,,,,0.0009929224027180935,0.00094818635720648,0.34328358208955223,0.35074626865671643,-0.007462686567164179,-0.022388059701492536,0.0,0.6785714285714286,0.6857142857142857,-0.007142857142857143,-0.02142857142857143,0.0,0.9857142857142858,0.9857142857142858,0.0,0.0,0.0,0.7089552238805971,67,0.7164179104477612,5,70,0.07142857142857142,69,0.07246376811594203
llama-3.1-8b-instruct,test,random_ortho_1_r4_a1,random_ortho_1,4,1.0,neutral,bbq,exploratory,70,70,70,0.13967067173549108,0.14554268973214285,0.4714285714285714,0.5,0.02857142857142857,-0.005872017996651786,-0.02559053693498884,0.013520823887416291,-0.04204188269225373,-0.21498267644537444,0.08656518277425415,0,0,0,70,,,,0.0009929224027180935,0.00094818635720648,0.34328358208955223,0.35074626865671643,-0.007462686567164179,-0.022388059701492536,0.0,0.6785714285714286,0.6857142857142857,-0.007142857142857143,-0.02142857142857143,0.0,0.9857142857142858,0.9857142857142858,0.0,0.0,0.0,0.7089552238805971,67,0.7164179104477612,5,70,0.07142857142857142,69,0.07246376811594203
llama-3.1-8b-instruct,test,random_ortho_2_r1_a1,random_ortho_2,1,1.0,demographic,pooled,confirmatory-input,160,160,160,0.15823893547058104,0.15034828186035157,0.475,0.4625,0.0625,0.007890653610229493,-0.005754269361495972,0.023068875074386583,0.049865436637094196,-0.03978269910993934,0.13049672572996474,5,0,0,155,0.0,0.0,0.0,0.00022080812972918767,0.0002236543034835661,0.27358490566037735,0.2610062893081761,0.012578616352201259,0.0,0.02830188679245283,0.584375,0.59375,-0.009375,-0.021875,0.0,0.95,0.95,0.0,0.0,0.0,0.6185897435897436,156,0.6282051282051282,35,160,0.21875,148,0.23648648648648649
llama-3.1-8b-instruct,test,random_ortho_2_r1_a1,random_ortho_2,1,1.0,demographic,bbq,exploratory,70,70,70,0.12477231706891741,0.11620309012276786,0.44285714285714284,0.5142857142857142,0.04285714285714286,0.008569226946149554,-0.009509250095912388,0.026507677350725446,0.0686789116965455,-0.08123113142820229,0.1991458114726995,0,0,0,70,,,,0.00021994857927094287,0.00022796621977321324,0.34782608695652173,0.35507246376811596,-0.007246376811594203,-0.021739130434782608,0.0,0.65,0.65,0.0,0.0,0.0,0.9857142857142858,0.9857142857142858,0.0,0.0,0.0,0.6739130434782609,69,0.6739130434782609,17,70,0.24285714285714285,69,0.2463768115942029
llama-3.1-8b-instruct,test,random_ortho_2_r1_a1,random_ortho_2,1,1.0,demographic,crows_pairs,exploratory,49,49,49,0.11347556600765306,0.11988301179846939,0.4489795918367347,0.4489795918367347,0.10204081632653061,-0.006407445790816327,-0.02208251953125,0.009622130102040811,-0.05646542261251364,-0.24769050163506864,0.07737309212338872,1,0,0,48,0.0,0.0,0.0,0.00022132211933729737,0.0002236347194689182,0.21428571428571427,0.16326530612244897,0.05102040816326531,0.01020408163265306,0.10204081632653061,0.8061224489795918,0.826530612244898,-0.02040816326530612,-0.05102040816326531,0.0,0.9591836734693877,0.9591836734693877,0.0,0.0,0.0,0.84375,48,0.8645833333333334,9,49,0.1836734693877551,46,0.1956521739130435
llama-3.1-8b-instruct,test,random_ortho_2_r1_a1,random_ortho_2,1,1.0,demographic,stereoset,exploratory,41,41,41,0.2688747499047256,0.24505466368140244,0.5609756097560976,0.3902439024390244,0.04878048780487805,0.02382008622332317,-0.00824357939929497,0.06307317222036966,0.08859175594496582,-0.034918677089979006,0.2060810718597509,4,0,0,37,0.0,0.0,0.0,0.00022166137463845026,0.00021631590046996714,0.21951219512195122,0.21951219512195122,0.0,0.0,0.0,0.2073170731707317,0.21951219512195122,-0.012195121951219513,-0.036585365853658534,0.0,0.8780487804878049,0.8780487804878049,0.0,0.0,0.0,0.24358974358974358,39,0.2564102564102564,9,41,0.21951219512195122,33,0.2727272727272727
llama-3.1-8b-instruct,test,random_ortho_2_r1_a1,random_ortho_2,1,1.0,identity,pooled,exploratory,160,160,160,0.0,0.0,0.0,0.0,1.0,0.0,0.0,0.0,,,,0,0,0,160,,,,0.00021939153892370757,0.00021938393392331688,0.2802547770700637,0.267515923566879,0.012738853503184714,-0.012738853503184714,0.03821656050955414,0.58125,0.6,-0.01875,-0.04375,0.0,0.9375,0.9375,0.0,0.0,0.0,0.6283783783783784,148,0.6486486486486487,0,160,0.0,150,0.0
llama-3.1-8b-instruct,test,random_ortho_2_r1_a1,random_ortho_2,1,1.0,identity,bbq,exploratory,70,70,70,0.0,0.0,0.0,0.0,1.0,0.0,0.0,0.0,,,,0,0,0,70,,,,0.000218373756067055,0.00021837899267926746,0.34328358208955223,0.3582089552238806,-0.014925373134328358,-0.04477611940298507,0.0,0.6714285714285714,0.6714285714285714,0.0,0.0,0.0,0.9857142857142858,0.9857142857142858,0.0,0.0,0.0,0.7014925373134329,67,0.7014925373134329,0,70,0.0,69,0.0
llama-3.1-8b-instruct,test,random_ortho_2_r1_a1,random_ortho_2,1,1.0,identity,crows_pairs,exploratory,49,49,49,0.0,0.0,0.0,0.0,1.0,0.0,0.0,0.0,,,,0,0,0,49,,,,0.00022545875919819384,0.0002254683820530411,0.24489795918367346,0.1836734693877551,0.061224489795918366,0.0,0.14285714285714285,0.7959183673469388,0.8367346938775511,-0.04081632653061224,-0.10204081632653061,0.0,0.9591836734693877,0.9591836734693877,0.0,0.0,0.0,0.8297872340425532,47,0.8723404255319149,0,49,0.0,47,0.0
llama-3.1-8b-instruct,test,random_ortho_2_r1_a1,random_ortho_2,1,1.0,identity,stereoset,exploratory,41,41,41,0.0,0.0,0.0,0.0,1.0,0.0,0.0,0.0,,,,0,0,0,41,,,,0.00021387814883872832,0.000213828029745926,0.21951219512195122,0.21951219512195122,0.0,0.0,0.0,0.17073170731707318,0.1951219512195122,-0.024390243902439025,-0.07317073170731707,0.0,0.8292682926829268,0.8292682926829268,0.0,0.0,0.0,0.20588235294117646,34,0.23529411764705882,0,41,0.0,34,0.0
llama-3.1-8b-instruct,test,random_ortho_2_r1_a1,random_ortho_2,1,1.0,neutral,pooled,exploratory,70,70,70,0.13967067173549108,0.13981497628348213,0.4142857142857143,0.5,0.08571428571428572,-0.00014430454799107143,-0.01833636692592076,0.018989889962332578,-0.0010331771602298812,-0.14821807350571167,0.12272197807477832,0,0,0,70,,,,0.00022167155359298005,0.0002183153990655547,0.34328358208955223,0.35074626865671643,-0.007462686567164179,-0.022388059701492536,0.0,0.6857142857142857,0.6857142857142857,0.0,0.0,0.0,0.9857142857142858,0.9857142857142858,0.0,0.0,0.0,0.7164179104477612,67,0.7164179104477612,5,70,0.07142857142857142,69,0.07246376811594203
llama-3.1-8b-instruct,test,random_ortho_2_r1_a1,random_ortho_2,1,1.0,neutral,bbq,exploratory,70,70,70,0.13967067173549108,0.13981497628348213,0.4142857142857143,0.5,0.08571428571428572,-0.00014430454799107143,-0.01833636692592076,0.018989889962332578,-0.0010331771602298812,-0.14821807350571167,0.12272197807477832,0,0,0,70,,,,0.00022167155359298005,0.0002183153990655547,0.34328358208955223,0.35074626865671643,-0.007462686567164179,-0.022388059701492536,0.0,0.6857142857142857,0.6857142857142857,0.0,0.0,0.0,0.9857142857142858,0.9857142857142858,0.0,0.0,0.0,0.7164179104477612,67,0.7164179104477612,5,70,0.07142857142857142,69,0.07246376811594203
llama-3.1-8b-instruct,test,random_ortho_2_r2_a1,random_ortho_2,2,1.0,demographic,pooled,exploratory,160,160,160,0.15823893547058104,0.14781875610351564,0.5625,0.3625,0.075,0.01042017936706543,-0.002883719205856323,0.024139622449874863,0.06585091928277476,-0.01932507417809547,0.14259366010800545,5,0,0,155,0.0,0.0,0.0,0.00042006270331289796,0.0004271477441842326,0.27358490566037735,0.2610062893081761,0.012578616352201259,0.0,0.02830188679245283,0.59375,0.59375,0.0,-0.0125,0.0125,0.953125,0.95,0.003125,0.0,0.009375,0.6242038216560509,157,0.6282051282051282,32,160,0.2,148,0.21621621621621623
llama-3.1-8b-instruct,test,random_ortho_2_r2_a1,random_ortho_2,2,1.0,demographic,bbq,exploratory,70,70,70,0.12477231706891741,0.12475237165178571,0.5857142857142857,0.35714285714285715,0.05714285714285714,1.994541713169643e-05,-0.0205029787336077,0.02054050990513392,0.00015985450619371289,-0.1764422509626947,0.16097680526796593,0,0,0,70,,,,0.00040066864728488966,0.000419962402346026,0.35507246376811596,0.35507246376811596,0.0,0.0,0.0,0.65,0.65,0.0,0.0,0.0,0.9857142857142858,0.9857142857142858,0.0,0.0,0.0,0.6739130434782609,69,0.6739130434782609,17,70,0.24285714285714285,69,0.2463768115942029
llama-3.1-8b-instruct,test,random_ortho_2_r2_a1,random_ortho_2,2,1.0,demographic,crows_pairs,exploratory,49,49,49,0.11347556600765306,0.09838368941326531,0.5306122448979592,0.3673469387755102,0.10204081632653061,0.015091876594387755,-0.004252655652104592,0.03436491051498724,0.1329967069154775,-0.042728256705921654,0.29325815504507846,1,0,0,48,0.0,0.0,0.0,0.00041633024846094373,0.00041474118135772673,0.19387755102040816,0.16326530612244897,0.030612244897959183,0.0,0.08163265306122448,0.826530612244898,0.826530612244898,0.0,-0.030612244897959183,0.030612244897959183,0.9591836734693877,0.9591836734693877,0.0,0.0,0.0,0.8645833333333334,48,0.8645833333333334,7,49,0.14285714285714285,46,0.15217391304347827
llama-3.1-8b-instruct,test,random_ortho_2_r2_a1,random_ortho_2,2,1.0,demographic,stereoset,exploratory,41,41,41,0.2688747499047256,0.24628132145579268,0.5609756097560976,0.36585365853658536,0.07317073170731707,0.022593428448932928,-0.005847502917778201,0.05397424465272478,0.08402956565069342,-0.02513916537568755,0.17764166131476888,4,0,0,37,0.0,0.0,0.0,0.00045763524501305256,0.00045424275655431176,0.23170731707317074,0.21951219512195122,0.012195121951219513,0.0,0.036585365853658534,0.21951219512195122,0.21951219512195122,0.0,-0.036585365853658534,0.036585365853658534,0.8902439024390244,0.8780487804878049,0.012195121951219513,0.0,0.036585365853658534,0.25,40,0.2564102564102564,8,41,0.1951219512195122,33,0.24242424242424243
llama-3.1-8b-instruct,test,random_ortho_2_r2_a1,random_ortho_2,2,1.0,identity,pooled,exploratory,160,160,160,0.0,0.0,0.0,0.0,1.0,0.0,0.0,0.0,,,,0,0,0,160,,,,0.0004239377179746597,0.0004241910136182015,0.27388535031847133,0.267515923566879,0.006369426751592357,0.0,0.01910828025477707,0.6,0.6,0.0,-0.025,0.025,0.94375,0.9375,0.00625,0.0,0.01875,0.6442953020134228,149,0.6486486486486487,0,160,0.0,151,0.0
llama-3.1-8b-instruct,test,random_ortho_2_r2_a1,random_ortho_2,2,1.0,identity,bbq,exploratory,70,70,70,0.0,0.0,0.0,0.0,1.0,0.0,0.0,0.0,,,,0,0,0,70,,,,0.00041450484643395765,0.00041470338536994867,0.3582089552238806,0.3582089552238806,0.0,0.0,0.0,0.6714285714285714,0.6714285714285714,0.0,0.0,0.0,0.9857142857142858,0.9857142857142858,0.0,0.0,0.0,0.7014925373134329,67,0.7014925373134329,0,70,0.0,69,0.0
llama-3.1-8b-instruct,test,random_ortho_2_r2_a1,random_ortho_2,2,1.0,identity,crows_pairs,exploratory,49,49,49,0.0,0.0,0.0,0.0,1.0,0.0,0.0,0.0,,,,0,0,0,49,,,,0.0004147669909317843,0.00041506307867612694,0.20408163265306123,0.1836734693877551,0.02040816326530612,0.0,0.061224489795918366,0.8367346938775511,0.8367346938775511,0.0,-0.061224489795918366,0.061224489795918366,0.9591836734693877,0.9591836734693877,0.0,0.0,0.0,0.8723404255319149,47,0.8723404255319149,0,49,0.0,47,0.0
llama-3.1-8b-instruct,test,random_ortho_2_r2_a1,random_ortho_2,2,1.0,identity,stereoset,exploratory,41,41,41,0.0,0.0,0.0,0.0,1.0,0.0,0.0,0.0,,,,0,0,0,41,,,,0.0004510027578027098,0.0004512983987289172,0.21951219512195122,0.21951219512195122,0.0,0.0,0.0,0.1951219512195122,0.1951219512195122,0.0,-0.07317073170731707,0.07317073170731707,0.8536585365853658,0.8292682926829268,0.024390243902439025,0.0,0.07317073170731707,0.22857142857142856,35,0.23529411764705882,0,41,0.0,35,0.0
llama-3.1-8b-instruct,test,random_ortho_2_r2_a1,random_ortho_2,2,1.0,neutral,pooled,exploratory,70,70,70,0.13967067173549108,0.13945748465401786,0.5142857142857142,0.4142857142857143,0.07142857142857142,0.0002131870814732143,-0.022231249128069196,0.021222991943359366,0.001526355381729294,-0.17274085676653528,0.14343245328418675,0,0,0,70,,,,0.00046101607865843243,0.00044197337674238747,0.35074626865671643,0.35074626865671643,0.0,0.0,0.0,0.6857142857142857,0.6857142857142857,0.0,0.0,0.0,0.9857142857142858,0.9857142857142858,0.0,0.0,0.0,0.7164179104477612,67,0.7164179104477612,5,70,0.07142857142857142,69,0.07246376811594203
llama-3.1-8b-instruct,test,random_ortho_2_r2_a1,random_ortho_2,2,1.0,neutral,bbq,exploratory,70,70,70,0.13967067173549108,0.13945748465401786,0.5142857142857142,0.4142857142857143,0.07142857142857142,0.0002131870814732143,-0.022231249128069196,0.021222991943359366,0.001526355381729294,-0.17274085676653528,0.14343245328418675,0,0,0,70,,,,0.00046101607865843243,0.00044197337674238747,0.35074626865671643,0.35074626865671643,0.0,0.0,0.0,0.6857142857142857,0.6857142857142857,0.0,0.0,0.0,0.9857142857142858,0.9857142857142858,0.0,0.0,0.0,0.7164179104477612,67,0.7164179104477612,5,70,0.07142857142857142,69,0.07246376811594203
llama-3.1-8b-instruct,test,random_ortho_2_r4_a1,random_ortho_2,4,1.0,demographic,pooled,exploratory,160,160,160,0.15823893547058104,0.16023573875427247,0.475,0.48125,0.04375,-0.0019968032836914064,-0.01682408571243286,0.01231517553329467,-0.012618912518295167,-0.1127666141062733,0.07507319265185287,5,0,0,155,0.0,0.0,0.0,0.0008705365031953637,0.000887983673887451,0.2672955974842767,0.2610062893081761,0.006289308176100629,-0.006289308176100629,0.018867924528301886,0.584375,0.59375,-0.009375,-0.021875,0.0,0.953125,0.95,0.003125,0.0,0.009375,0.6146496815286624,157,0.6282051282051282,35,160,0.21875,148,0.23648648648648649
llama-3.1-8b-instruct,test,random_ortho_2_r4_a1,random_ortho_2,4,1.0,demographic,bbq,exploratory,70,70,70,0.12477231706891741,0.12867082868303573,0.5,0.45714285714285713,0.04285714285714286,-0.0038985116141183034,-0.027087296077183312,0.01637989589146205,-0.031245004546681443,-0.23445913767591517,0.12278096458224987,0,0,0,70,,,,0.000854100773251815,0.000877580705645077,0.34782608695652173,0.35507246376811596,-0.007246376811594203,-0.021739130434782608,0.0,0.65,0.65,0.0,0.0,0.0,0.9857142857142858,0.9857142857142858,0.0,0.0,0.0,0.6739130434782609,69,0.6739130434782609,17,70,0.24285714285714285,69,0.2463768115942029
llama-3.1-8b-instruct,test,random_ortho_2_r4_a1,random_ortho_2,4,1.0,demographic,crows_pairs,exploratory,49,49,49,0.11347556600765306,0.12268611363002233,0.40816326530612246,0.5306122448979592,0.061224489795918366,-0.00921054762236926,-0.03286643514827806,0.015225935955436847,-0.08116767288693749,-0.32413893748324196,0.13878878348181595,1,0,0,48,0.0,0.0,0.0,0.0008599611380747682,0.0008828616306865134,0.1836734693877551,0.16326530612244897,0.02040816326530612,0.0,0.05102040816326531,0.8163265306122449,0.826530612244898,-0.01020408163265306,-0.030612244897959183,0.0,0.9591836734693877,0.9591836734693877,0.0,0.0,0.0,0.8541666666666666,48,0.8645833333333334,8,49,0.16326530612244897,46,0.17391304347826086
llama-3.1-8b-instruct,test,random_ortho_2_r4_a1,random_ortho_2,4,1.0,demographic,stereoset,exploratory,41,41,41,0.2688747499047256,0.2590034298780488,0.5121951219512195,0.4634146341463415,0.024390243902439025,0.009871320026676829,-0.01964111328125,0.03945733047113184,0.03671345126373782,-0.08055279423553958,0.14589651369393347,4,0,0,37,0.0,0.0,0.0,0.0009112363565357928,0.0009118663054438444,0.23170731707317074,0.21951219512195122,0.012195121951219513,0.0,0.036585365853658534,0.1951219512195122,0.21951219512195122,-0.024390243902439025,-0.06097560975609756,0.0,0.8902439024390244,0.8780487804878049,0.012195121951219513,0.0,0.036585365853658534,0.225,40,0.2564102564102564,10,41,0.24390243902439024,33,0.30303030303030304
llama-3.1-8b-instruct,test,random_ortho_2_r4_a1,random_ortho_2,4,1.0,identity,pooled,exploratory,160,160,160,0.0,0.0,0.0,0.0,1.0,0.0,0.0,0.0,,,,0,0,0,160,,,,0.0008953067177628283,0.0008954766752808936,0.2611464968152866,0.267515923566879,-0.006369426751592357,-0.01910828025477707,0.0,0.58125,0.6,-0.01875,-0.04375,0.0,0.94375,0.9375,0.00625,0.0,0.01875,0.6241610738255033,149,0.6486486486486487,0,160,0.0,151,0.0
llama-3.1-8b-instruct,test,random_ortho_2_r4_a1,random_ortho_2,4,1.0,identity,bbq,exploratory,70,70,70,0.0,0.0,0.0,0.0,1.0,0.0,0.0,0.0,,,,0,0,0,70,,,,0.0008825593160571184,0.0008826018810156776,0.34328358208955223,0.3582089552238806,-0.014925373134328358,-0.04477611940298507,0.0,0.6714285714285714,0.6714285714285714,0.0,0.0,0.0,0.9857142857142858,0.9857142857142858,0.0,0.0,0.0,0.7014925373134329,67,0.7014925373134329,0,70,0.0,69,0.0
llama-3.1-8b-instruct,test,random_ortho_2_r4_a1,random_ortho_2,4,1.0,identity,crows_pairs,exploratory,49,49,49,0.0,0.0,0.0,0.0,1.0,0.0,0.0,0.0,,,,0,0,0,49,,,,0.0008945018826155792,0.0008951431427849096,0.1836734693877551,0.1836734693877551,0.0,0.0,0.0,0.8163265306122449,0.8367346938775511,-0.02040816326530612,-0.061224489795918366,0.0,0.9591836734693877,0.9591836734693877,0.0,0.0,0.0,0.851063829787234,47,0.8723404255319149,0,49,0.0,47,0.0
llama-3.1-8b-instruct,test,random_ortho_2_r4_a1,random_ortho_2,4,1.0,identity,stereoset,exploratory,41,41,41,0.0,0.0,0.0,0.0,1.0,0.0,0.0,0.0,,,,0,0,0,41,,,,0.0009180324504851432,0.0009178566433508532,0.21951219512195122,0.21951219512195122,0.0,0.0,0.0,0.14634146341463414,0.1951219512195122,-0.04878048780487805,-0.12195121951219512,0.0,0.8536585365853658,0.8292682926829268,0.024390243902439025,0.0,0.07317073170731707,0.17142857142857143,35,0.23529411764705882,0,41,0.0,35,0.0
llama-3.1-8b-instruct,test,random_ortho_2_r4_a1,random_ortho_2,4,1.0,neutral,pooled,exploratory,70,70,70,0.13967067173549108,0.12864031110491073,0.5428571428571428,0.4142857142857143,0.04285714285714286,0.011030360630580356,-0.00867748805454799,0.029339130946568065,0.07897406444403521,-0.06972861339155627,0.19609599383034051,0,0,0,70,,,,0.0008656420603339046,0.0008903023437858629,0.34328358208955223,0.35074626865671643,-0.007462686567164179,-0.022388059701492536,0.0,0.6857142857142857,0.6857142857142857,0.0,0.0,0.0,0.9857142857142858,0.9857142857142858,0.0,0.0,0.0,0.7164179104477612,67,0.7164179104477612,5,70,0.07142857142857142,69,0.07246376811594203
llama-3.1-8b-instruct,test,random_ortho_2_r4_a1,random_ortho_2,4,1.0,neutral,bbq,exploratory,70,70,70,0.13967067173549108,0.12864031110491073,0.5428571428571428,0.4142857142857143,0.04285714285714286,0.011030360630580356,-0.00867748805454799,0.029339130946568065,0.07897406444403521,-0.06972861339155627,0.19609599383034051,0,0,0,70,,,,0.0008656420603339046,0.0008903023437858629,0.34328358208955223,0.35074626865671643,-0.007462686567164179,-0.022388059701492536,0.0,0.6857142857142857,0.6857142857142857,0.0,0.0,0.0,0.9857142857142858,0.9857142857142858,0.0,0.0,0.0,0.7164179104477612,67,0.7164179104477612,5,70,0.07142857142857142,69,0.07246376811594203
llama-3.1-8b-instruct,test,random_ortho_3_r1_a1,random_ortho_3,1,1.0,demographic,pooled,confirmatory-input,160,160,160,0.15823893547058104,0.15253009796142578,0.475,0.43125,0.09375,0.005708837509155273,-0.007410086393356323,0.018404577970504758,0.03607732504126093,-0.04777822242199845,0.11578975329874551,5,0,1,155,0.0,0.0,0.0,0.00026854554338756294,0.00025434030133854237,0.27358490566037735,0.2610062893081761,0.012578616352201259,-0.0031446540880503146,0.02830188679245283,0.584375,0.59375,-0.009375,-0.021875,0.0,0.946875,0.95,-0.003125,-0.009375,0.0,0.6225806451612903,155,0.6282051282051282,35,160,0.21875,148,0.23648648648648649
llama-3.1-8b-instruct,test,random_ortho_3_r1_a1,random_ortho_3,1,1.0,demographic,bbq,exploratory,70,70,70,0.12477231706891741,0.12006181989397322,0.45714285714285713,0.44285714285714284,0.1,0.004710497174944196,-0.013988091605050223,0.022311741965157644,0.03775274264035966,-0.12022344470708693,0.16880813745609566,0,0,0,70,,,,0.00026530276931213264,0.0002503081955728628,0.34782608695652173,0.35507246376811596,-0.007246376811594203,-0.021739130434782608,0.0,0.6428571428571429,0.65,-0.007142857142857143,-0.02142857142857143,0.0,0.9857142857142858,0.9857142857142858,0.0,0.0,0.0,0.6666666666666666,69,0.6739130434782609,18,70,0.2571428571428571,69,0.2608695652173913
llama-3.1-8b-instruct,test,random_ortho_3_r1_a1,random_ortho_3,1,1.0,demographic,crows_pairs,exploratory,49,49,49,0.11347556600765306,0.10610650510204081,0.46938775510204084,0.40816326530612246,0.12244897959183673,0.007369060905612245,-0.014356465242346938,0.03275682099011478,0.06493962678375409,-0.13024729235458155,0.2728889054055826,1,0,0,48,0.0,0.0,0.0,0.00026995755868860794,0.00025635236284319023,0.20408163265306123,0.16326530612244897,0.04081632653061224,0.01020408163265306,0.08163265306122448,0.8163265306122449,0.826530612244898,-0.01020408163265306,-0.030612244897959183,0.0,0.9591836734693877,0.9591836734693877,0.0,0.0,0.0,0.8541666666666666,48,0.8645833333333334,8,49,0.16326530612244897,46,0.17391304347826086
llama-3.1-8b-instruct,test,random_ortho_3_r1_a1,random_ortho_3,1,1.0,demographic,stereoset,exploratory,41,41,41,0.2688747499047256,0.2634455983231707,0.5121951219512195,0.43902439024390244,0.04878048780487805,0.005429151581554878,-0.017498890946551066,0.028148334782298005,0.02019212136312043,-0.07038588956224232,0.11173113058379498,4,0,1,37,0.0,0.0,0.0,0.0002723944564492437,0.00025881972548170886,0.23170731707317074,0.21951219512195122,0.012195121951219513,0.0,0.036585365853658534,0.2073170731707317,0.21951219512195122,-0.012195121951219513,-0.036585365853658534,0.0,0.8658536585365854,0.8780487804878049,-0.012195121951219513,-0.036585365853658534,0.0,0.25,38,0.2564102564102564,9,41,0.21951219512195122,33,0.2727272727272727
llama-3.1-8b-instruct,test,random_ortho_3_r1_a1,random_ortho_3,1,1.0,identity,pooled,exploratory,160,160,160,0.0,0.0,0.0,0.0,1.0,0.0,0.0,0.0,,,,0,0,0,160,,,,0.00024558182243048345,0.00024549648509708137,0.27388535031847133,0.267515923566879,0.006369426751592357,-0.012738853503184714,0.03184713375796178,0.58125,0.6,-0.01875,-0.04375,0.0,0.9375,0.9375,0.0,0.0,0.0,0.6283783783783784,148,0.6486486486486487,0,160,0.0,150,0.0
llama-3.1-8b-instruct,test,random_ortho_3_r1_a1,random_ortho_3,1,1.0,identity,bbq,exploratory,70,70,70,0.0,0.0,0.0,0.0,1.0,0.0,0.0,0.0,,,,0,0,0,70,,,,0.00023995002399041654,0.00024020415358675325,0.34328358208955223,0.3582089552238806,-0.014925373134328358,-0.04477611940298507,0.0,0.6571428571428571,0.6714285714285714,-0.014285714285714285,-0.04285714285714286,0.0,0.9857142857142858,0.9857142857142858,0.0,0.0,0.0,0.6865671641791045,67,0.7014925373134329,0,70,0.0,69,0.0
llama-3.1-8b-instruct,test,random_ortho_3_r1_a1,random_ortho_3,1,1.0,identity,crows_pairs,exploratory,49,49,49,0.0,0.0,0.0,0.0,1.0,0.0,0.0,0.0,,,,0,0,0,49,,,,0.00024634043823663947,0.0002461930183202701,0.22448979591836735,0.1836734693877551,0.04081632653061224,0.0,0.10204081632653061,0.8163265306122449,0.8367346938775511,-0.02040816326530612,-0.061224489795918366,0.0,0.9591836734693877,0.9591836734693877,0.0,0.0,0.0,0.851063829787234,47,0.8723404255319149,0,49,0.0,47,0.0
llama-3.1-8b-instruct,test,random_ortho_3_r1_a1,random_ortho_3,1,1.0,identity,stereoset,exploratory,41,41,41,0.0,0.0,0.0,0.0,1.0,0.0,0.0,0.0,,,,0,0,0,41,,,,0.0002542904496573869,0.00025369973089675753,0.21951219512195122,0.21951219512195122,0.0,0.0,0.0,0.17073170731707318,0.1951219512195122,-0.024390243902439025,-0.07317073170731707,0.0,0.8292682926829268,0.8292682926829268,0.0,0.0,0.0,0.20588235294117646,34,0.23529411764705882,0,41,0.0,34,0.0
llama-3.1-8b-instruct,test,random_ortho_3_r1_a1,random_ortho_3,1,1.0,neutral,pooled,exploratory,70,70,70,0.13967067173549108,0.1345364706856864,0.45714285714285713,0.45714285714285713,0.08571428571428572,0.005134201049804688,-0.011412785393851144,0.022274708066667825,0.036759335270670546,-0.09180296667763167,0.15066469562416634,0,0,0,70,,,,0.0002649254245214259,0.0002515229249607309,0.34328358208955223,0.35074626865671643,-0.007462686567164179,-0.022388059701492536,0.0,0.6785714285714286,0.6857142857142857,-0.007142857142857143,-0.02142857142857143,0.0,0.9857142857142858,0.9857142857142858,0.0,0.0,0.0,0.7089552238805971,67,0.7164179104477612,6,70,0.08571428571428572,69,0.08695652173913043
llama-3.1-8b-instruct,test,random_ortho_3_r1_a1,random_ortho_3,1,1.0,neutral,bbq,exploratory,70,70,70,0.13967067173549108,0.1345364706856864,0.45714285714285713,0.45714285714285713,0.08571428571428572,0.005134201049804688,-0.011412785393851144,0.022274708066667825,0.036759335270670546,-0.09180296667763167,0.15066469562416634,0,0,0,70,,,,0.0002649254245214259,0.0002515229249607309,0.34328358208955223,0.35074626865671643,-0.007462686567164179,-0.022388059701492536,0.0,0.6785714285714286,0.6857142857142857,-0.007142857142857143,-0.02142857142857143,0.0,0.9857142857142858,0.9857142857142858,0.0,0.0,0.0,0.7089552238805971,67,0.7164179104477612,6,70,0.08571428571428572,69,0.08695652173913043
llama-3.1-8b-instruct,test,random_ortho_3_r2_a1,random_ortho_3,2,1.0,demographic,pooled,exploratory,160,160,160,0.15823893547058104,0.1590815544128418,0.45625,0.4875,0.05625,-0.0008426189422607421,-0.014095680713653564,0.013069956302642821,-0.0053249785822617746,-0.0953162257399951,0.07561828029464256,5,0,1,155,0.0,0.0,0.0,0.0004984522092179406,0.0004930012242673539,0.2672955974842767,0.2610062893081761,0.006289308176100629,0.0,0.015723270440251572,0.59375,0.59375,0.0,-0.0125,0.0125,0.95,0.95,0.0,0.0,0.0,0.6282051282051282,156,0.6282051282051282,36,160,0.225,148,0.24324324324324326
llama-3.1-8b-instruct,test,random_ortho_3_r2_a1,random_ortho_3,2,1.0,demographic,bbq,exploratory,70,70,70,0.12477231706891741,0.12194453648158482,0.5142857142857142,0.44285714285714284,0.04285714285714286,0.0028277805873325895,-0.014917245592389787,0.020435968126569466,0.022663525481943836,-0.13011563638161283,0.15820940283204898,0,0,0,70,,,,0.0004883691149970662,0.00048310623149587197,0.35507246376811596,0.35507246376811596,0.0,0.0,0.0,0.65,0.65,0.0,0.0,0.0,0.9857142857142858,0.9857142857142858,0.0,0.0,0.0,0.6739130434782609,69,0.6739130434782609,17,70,0.24285714285714285,69,0.2463768115942029
llama-3.1-8b-instruct,test,random_ortho_3_r2_a1,random_ortho_3,2,1.0,demographic,crows_pairs,exploratory,49,49,49,0.11347556600765306,0.1294132154815051,0.3469387755102041,0.5918367346938775,0.061224489795918366,-0.01593764947385204,-0.03381537612603635,0.00307184336136797,-0.14045005488474205,-0.38643333360919685,0.023622118238552217,1,0,0,48,0.0,0.0,0.0,0.0005006424821211771,0.0004959417180987651,0.1836734693877551,0.16326530612244897,0.02040816326530612,0.0,0.05102040816326531,0.8061224489795918,0.826530612244898,-0.02040816326530612,-0.05102040816326531,0.0,0.9591836734693877,0.9591836734693877,0.0,0.0,0.0,0.84375,48,0.8645833333333334,9,49,0.1836734693877551,46,0.1956521739130435
llama-3.1-8b-instruct,test,random_ortho_3_r2_a1,random_ortho_3,2,1.0,demographic,stereoset,exploratory,41,41,41,0.2688747499047256,0.25794350228658536,0.4878048780487805,0.43902439024390244,0.07317073170731707,0.010931247618140244,-0.023500619283536583,0.04804624231850226,0.04065553802286637,-0.09638766901163554,0.16738884044298988,4,0,1,37,0.0,0.0,0.0,0.0005130496049058093,0.0005063808656396608,0.21951219512195122,0.21951219512195122,0.0,0.0,0.0,0.24390243902439024,0.21951219512195122,0.024390243902439025,0.0,0.06097560975609756,0.8780487804878049,0.8780487804878049,0.0,0.0,0.0,0.28205128205128205,39,0.2564102564102564,10,41,0.24390243902439024,33,0.30303030303030304
llama-3.1-8b-instruct,test,random_ortho_3_r2_a1,random_ortho_3,2,1.0,identity,pooled,exploratory,160,160,160,0.0,0.0,0.0,0.0,1.0,0.0,0.0,0.0,,,,0,0,0,160,,,,0.00048562315453450306,0.0004855113423760186,0.267515923566879,0.267515923566879,0.0,0.0,0.0,0.6,0.6,0.0,-0.025,0.025,0.9375,0.9375,0.0,0.0,0.0,0.6486486486486487,148,0.6486486486486487,0,160,0.0,150,0.0
llama-3.1-8b-instruct,test,random_ortho_3_r2_a1,random_ortho_3,2,1.0,identity,bbq,exploratory,70,70,70,0.0,0.0,0.0,0.0,1.0,0.0,0.0,0.0,,,,0,0,0,70,,,,0.0004699086766869231,0.0004698944777570077,0.3582089552238806,0.3582089552238806,0.0,0.0,0.0,0.6714285714285714,0.6714285714285714,0.0,0.0,0.0,0.9857142857142858,0.9857142857142858,0.0,0.0,0.0,0.7014925373134329,67,0.7014925373134329,0,70,0.0,69,0.0
llama-3.1-8b-instruct,test,random_ortho_3_r2_a1,random_ortho_3,2,1.0,identity,crows_pairs,exploratory,49,49,49,0.0,0.0,0.0,0.0,1.0,0.0,0.0,0.0,,,,0,0,0,49,,,,0.0004954500178710427,0.0004954491991873107,0.1836734693877551,0.1836734693877551,0.0,0.0,0.0,0.7959183673469388,0.8367346938775511,-0.04081632653061224,-0.10204081632653061,0.0,0.9591836734693877,0.9591836734693877,0.0,0.0,0.0,0.8297872340425532,47,0.8723404255319149,0,49,0.0,47,0.0
llama-3.1-8b-instruct,test,random_ortho_3_r2_a1,random_ortho_3,2,1.0,identity,stereoset,exploratory,41,41,41,0.0,0.0,0.0,0.0,1.0,0.0,0.0,0.0,,,,0,0,0,41,,,,0.0005007084507745071,0.0005002973311462,0.21951219512195122,0.21951219512195122,0.0,0.0,0.0,0.24390243902439024,0.1951219512195122,0.04878048780487805,0.0,0.12195121951219512,0.8292682926829268,0.8292682926829268,0.0,0.0,0.0,0.29411764705882354,34,0.23529411764705882,0,41,0.0,34,0.0
llama-3.1-8b-instruct,test,random_ortho_3_r2_a1,random_ortho_3,2,1.0,neutral,pooled,exploratory,70,70,70,0.13967067173549108,0.13527657645089286,0.5142857142857142,0.4714285714285714,0.014285714285714285,0.0043940952845982146,-0.01692277090890067,0.02415357317243303,0.03146040059805666,-0.12938423192318196,0.16113815602190454,0,0,0,70,,,,0.0004623406069546604,0.00047361733856513883,0.35074626865671643,0.35074626865671643,0.0,0.0,0.0,0.6785714285714286,0.6857142857142857,-0.007142857142857143,-0.02142857142857143,0.0,0.9857142857142858,0.9857142857142858,0.0,0.0,0.0,0.7089552238805971,67,0.7164179104477612,5,70,0.07142857142857142,69,0.07246376811594203
llama-3.1-8b-instruct,test,random_ortho_3_r2_a1,random_ortho_3,2,1.0,neutral,bbq,exploratory,70,70,70,0.13967067173549108,0.13527657645089286,0.5142857142857142,0.4714285714285714,0.014285714285714285,0.0043940952845982146,-0.01692277090890067,0.02415357317243303,0.03146040059805666,-0.12938423192318196,0.16113815602190454,0,0,0,70,,,,0.0004623406069546604,0.00047361733856513883,0.35074626865671643,0.35074626865671643,0.0,0.0,0.0,0.6785714285714286,0.6857142857142857,-0.007142857142857143,-0.02142857142857143,0.0,0.9857142857142858,0.9857142857142858,0.0,0.0,0.0,0.7089552238805971,67,0.7164179104477612,5,70,0.07142857142857142,69,0.07246376811594203
llama-3.1-8b-instruct,test,random_ortho_3_r4_a1,random_ortho_3,4,1.0,demographic,pooled,exploratory,160,160,160,0.15823893547058104,0.14783506393432616,0.5125,0.41875,0.06875,0.010403871536254883,-0.003738420009613037,0.024480669498443602,0.065747861013569,-0.02610193206546401,0.14372351984015233,5,0,0,155,0.0,0.0,0.0,0.0009943043526579837,0.000992459931715553,0.2610062893081761,0.2610062893081761,0.0,-0.009433962264150943,0.009433962264150943,0.590625,0.59375,-0.003125,-0.015625,0.00625,0.953125,0.95,0.003125,0.0,0.009375,0.6242038216560509,157,0.6282051282051282,34,160,0.2125,148,0.22972972972972974
llama-3.1-8b-instruct,test,random_ortho_3_r4_a1,random_ortho_3,4,1.0,demographic,bbq,exploratory,70,70,70,0.12477231706891741,0.11655055454799107,0.5857142857142857,0.38571428571428573,0.02857142857142857,0.008221762520926339,-0.014181049891880581,0.030805751255580355,0.06589412390558624,-0.12324149578016665,0.2234038428674084,0,0,0,70,,,,0.0009950283919402123,0.0009833385233152182,0.34782608695652173,0.35507246376811596,-0.007246376811594203,-0.021739130434782608,0.0,0.65,0.65,0.0,0.0,0.0,0.9857142857142858,0.9857142857142858,0.0,0.0,0.0,0.6739130434782609,69,0.6739130434782609,17,70,0.24285714285714285,69,0.2463768115942029
llama-3.1-8b-instruct,test,random_ortho_3_r4_a1,random_ortho_3,4,1.0,demographic,crows_pairs,exploratory,49,49,49,0.11347556600765306,0.10573437749123087,0.46938775510204084,0.46938775510204084,0.061224489795918366,0.007741188516422194,-0.010959757590780451,0.027272010336116825,0.06821899012074639,-0.10403761372277184,0.23495185465949034,1,0,0,48,0.0,0.0,0.0,0.0009972213053962048,0.0010007899858084722,0.17346938775510204,0.16326530612244897,0.01020408163265306,0.0,0.030612244897959183,0.8163265306122449,0.826530612244898,-0.01020408163265306,-0.030612244897959183,0.0,0.9591836734693877,0.9591836734693877,0.0,0.0,0.0,0.8541666666666666,48,0.8645833333333334,8,49,0.16326530612244897,46,0.17391304347826086
llama-3.1-8b-instruct,test,random_ortho_3_r4_a1,random_ortho_3,4,1.0,demographic,stereoset,exploratory,41,41,41,0.2688747499047256,0.25156309546493905,0.43902439024390244,0.4146341463414634,0.14634146341463414,0.017311654439786585,-0.011001400831269055,0.050077670957983926,0.0643855715195305,-0.04872139214011521,0.16515881317215356,4,0,0,37,0.0,0.0,0.0,0.0009895820737816706,0.0009980776375075138,0.21951219512195122,0.21951219512195122,0.0,0.0,0.0,0.21951219512195122,0.21951219512195122,0.0,-0.036585365853658534,0.036585365853658534,0.8902439024390244,0.8780487804878049,0.012195121951219513,0.0,0.036585365853658534,0.2625,40,0.2564102564102564,9,41,0.21951219512195122,33,0.2727272727272727
llama-3.1-8b-instruct,test,random_ortho_3_r4_a1,random_ortho_3,4,1.0,identity,pooled,exploratory,160,160,160,0.0,0.0,0.0,0.0,1.0,0.0,0.0,0.0,,,,0,0,0,160,,,,0.0009817396868501498,0.0009815935017741223,0.2611464968152866,0.267515923566879,-0.006369426751592357,-0.01910828025477707,0.0,0.59375,0.6,-0.00625,-0.03125,0.0125,0.94375,0.9375,0.00625,0.0,0.01875,0.6375838926174496,149,0.6486486486486487,0,160,0.0,151,0.0
llama-3.1-8b-instruct,test,random_ortho_3_r4_a1,random_ortho_3,4,1.0,identity,bbq,exploratory,70,70,70,0.0,0.0,0.0,0.0,1.0,0.0,0.0,0.0,,,,0,0,0,70,,,,0.0009507854618049156,0.0009503960151903672,0.34328358208955223,0.3582089552238806,-0.014925373134328358,-0.04477611940298507,0.0,0.6714285714285714,0.6714285714285714,0.0,0.0,0.0,0.9857142857142858,0.9857142857142858,0.0,0.0,0.0,0.7014925373134329,67,0.7014925373134329,0,70,0.0,69,0.0
llama-3.1-8b-instruct,test,random_ortho_3_r4_a1,random_ortho_3,4,1.0,identity,crows_pairs,exploratory,49,49,49,0.0,0.0,0.0,0.0,1.0,0.0,0.0,0.0,,,,0,0,0,49,,,,0.0010053752215865462,0.0010058040417337069,0.1836734693877551,0.1836734693877551,0.0,0.0,0.0,0.8163265306122449,0.8367346938775511,-0.02040816326530612,-0.061224489795918366,0.0,0.9591836734693877,0.9591836734693877,0.0,0.0,0.0,0.851063829787234,47,0.8723404255319149,0,49,0.0,47,0.0
llama-3.1-8b-instruct,test,random_ortho_3_r4_a1,random_ortho_3,4,1.0,identity,stereoset,exploratory,41,41,41,0.0,0.0,0.0,0.0,1.0,0.0,0.0,0.0,,,,0,0,0,41,,,,0.0010063410173643688,0.0010059229555020059,0.21951219512195122,0.21951219512195122,0.0,0.0,0.0,0.1951219512195122,0.1951219512195122,0.0,-0.07317073170731707,0.07317073170731707,0.8536585365853658,0.8292682926829268,0.024390243902439025,0.0,0.07317073170731707,0.22857142857142856,35,0.23529411764705882,0,41,0.0,35,0.0
llama-3.1-8b-instruct,test,random_ortho_3_r4_a1,random_ortho_3,4,1.0,neutral,pooled,exploratory,70,70,70,0.13967067173549108,0.13905814034598216,0.4142857142857143,0.5428571428571428,0.04285714285714286,0.0006125313895089286,-0.016806422642299108,0.01770212445940289,0.004385540513966668,-0.13142690184847858,0.12013072269903476,0,0,0,70,,,,0.0009925184651921012,0.0009751028948633835,0.34328358208955223,0.35074626865671643,-0.007462686567164179,-0.022388059701492536,0.0,0.6857142857142857,0.6857142857142857,0.0,0.0,0.0,0.9857142857142858,0.9857142857142858,0.0,0.0,0.0,0.7164179104477612,67,0.7164179104477612,5,70,0.07142857142857142,69,0.07246376811594203
llama-3.1-8b-instruct,test,random_ortho_3_r4_a1,random_ortho_3,4,1.0,neutral,bbq,exploratory,70,70,70,0.13967067173549108,0.13905814034598216,0.4142857142857143,0.5428571428571428,0.04285714285714286,0.0006125313895089286,-0.016806422642299108,0.01770212445940289,0.004385540513966668,-0.13142690184847858,0.12013072269903476,0,0,0,70,,,,0.0009925184651921012,0.0009751028948633835,0.34328358208955223,0.35074626865671643,-0.007462686567164179,-0.022388059701492536,0.0,0.6857142857142857,0.6857142857142857,0.0,0.0,0.0,0.9857142857142858,0.9857142857142858,0.0,0.0,0.0,0.7164179104477612,67,0.7164179104477612,5,70,0.07142857142857142,69,0.07246376811594203
llama-3.1-8b-instruct,test,uncentred_svd_r1_a1,uncentred_svd,1,1.0,demographic,pooled,exploratory,160,160,160,0.15823893547058104,0.11012001037597656,0.51875,0.43125,0.05,0.04811892509460449,0.02305930972099304,0.07623137354850769,0.3040902983295821,0.17283475486722774,0.41576417383548686,5,5,0,155,1.0,1.0,1.0,0.006242764901312509,0.005913179291339237,0.41509433962264153,0.2610062893081761,0.1540880503144654,0.1069182389937107,0.20754716981132076,0.628125,0.59375,0.034375,0.0125,0.059375,0.953125,0.95,0.003125,-0.021875,0.028125,0.6624203821656051,157,0.6282051282051282,30,160,0.1875,148,0.20270270270270271
llama-3.1-8b-instruct,test,uncentred_svd_r1_a1,uncentred_svd,1,1.0,demographic,bbq,exploratory,70,70,70,0.12477231706891741,0.10841064453125,0.4857142857142857,0.5,0.014285714285714285,0.01636167253766741,-0.010102212088448661,0.045234121595110206,0.13113223287045406,-0.09735176990271745,0.3225596298586262,0,0,0,70,,,,0.005808690181700109,0.005340248646342731,0.34782608695652173,0.35507246376811596,-0.007246376811594203,-0.029166666666666657,0.014492753623188406,0.6642857142857143,0.65,0.014285714285714285,-0.014285714285714285,0.04285714285714286,0.9857142857142858,0.9857142857142858,0.0,0.0,0.0,0.6884057971014492,69,0.6739130434782609,15,70,0.21428571428571427,69,0.21739130434782608
llama-3.1-8b-instruct,test,uncentred_svd_r1_a1,uncentred_svd,1,1.0,demographic,crows_pairs,exploratory,49,49,49,0.11347556600765306,0.08132124920280612,0.5102040816326531,0.3469387755102041,0.14285714285714285,0.03215431680484694,-0.003373437998246173,0.07357040716677295,0.28335894621295277,-0.032920814495042944,0.4923858222629874,1,1,0,48,1.0,1.0,1.0,0.006254813743509942,0.006468109735232386,0.6632653061224489,0.16326530612244897,0.5,0.3877551020408163,0.6122448979591837,0.8877551020408163,0.826530612244898,0.061224489795918366,0.02040816326530612,0.11224489795918367,0.9183673469387755,0.9591836734693877,-0.04081632653061224,-0.10204081632653061,0.01020408163265306,0.9574468085106383,47,0.8645833333333334,2,49,0.04081632653061224,43,0.046511627906976744
llama-3.1-8b-instruct,test,uncentred_svd_r1_a1,uncentred_svd,1,1.0,demographic,stereoset,exploratory,41,41,41,0.2688747499047256,0.14745647151295732,0.5853658536585366,0.4146341463414634,0.0,0.12141827839176829,0.05119472596703506,0.20526629192073167,0.45157932619106944,0.27085594282547815,0.5718676114222018,4,4,0,37,1.0,1.0,1.0,0.006969468245341624,0.006228144008387798,0.23170731707317074,0.21951219512195122,0.012195121951219513,0.0,0.036585365853658534,0.25609756097560976,0.21951219512195122,0.036585365853658534,-0.012195121951219513,0.0975609756097561,0.9390243902439024,0.8780487804878049,0.06097560975609756,0.0,0.13414634146341464,0.2804878048780488,41,0.2564102564102564,13,41,0.3170731707317073,36,0.3611111111111111
llama-3.1-8b-instruct,test,uncentred_svd_r1_a1,uncentred_svd,1,1.0,identity,pooled,exploratory,160,160,160,0.0,0.0,0.0,0.0,1.0,0.0,0.0,0.0,,,,0,0,0,160,,,,0.005887963253206209,0.005890887954252166,0.4140127388535032,0.267515923566879,0.1464968152866242,0.08917197452229299,0.21019108280254778,0.64375,0.6,0.04375,0.0125,0.075,0.94375,0.9375,0.00625,-0.01875,0.03125,0.6912751677852349,149,0.6486486486486487,0,160,0.0,151,0.0
llama-3.1-8b-instruct,test,uncentred_svd_r1_a1,uncentred_svd,1,1.0,identity,bbq,exploratory,70,70,70,0.0,0.0,0.0,0.0,1.0,0.0,0.0,0.0,,,,0,0,0,70,,,,0.005482651128149311,0.0054847745466802805,0.34328358208955223,0.3582089552238806,-0.014925373134328358,-0.04477611940298507,0.0,0.6857142857142857,0.6714285714285714,0.014285714285714285,0.0,0.04285714285714286,0.9857142857142858,0.9857142857142858,0.0,0.0,0.0,0.7164179104477612,67,0.7014925373134329,0,70,0.0,69,0.0
llama-3.1-8b-instruct,test,uncentred_svd_r1_a1,uncentred_svd,1,1.0,identity,crows_pairs,exploratory,49,49,49,0.0,0.0,0.0,0.0,1.0,0.0,0.0,0.0,,,,0,0,0,49,,,,0.006642672884751746,0.0066432544046622286,0.673469387755102,0.1836734693877551,0.4897959183673469,0.3464285714285715,0.6326530612244898,0.9183673469387755,0.8367346938775511,0.08163265306122448,0.02040816326530612,0.16326530612244897,0.9183673469387755,0.9591836734693877,-0.04081632653061224,-0.10204081632653061,0.0,1.0,45,0.8723404255319149,0,49,0.0,45,0.0
llama-3.1-8b-instruct,test,uncentred_svd_r1_a1,uncentred_svd,1,1.0,identity,stereoset,exploratory,41,41,41,0.0,0.0,0.0,0.0,1.0,0.0,0.0,0.0,,,,0,0,0,41,,,,0.005677989516822097,0.00568508264839702,0.21951219512195122,0.21951219512195122,0.0,0.0,0.0,0.24390243902439024,0.1951219512195122,0.04878048780487805,0.0,0.12195121951219512,0.9024390243902439,0.8292682926829268,0.07317073170731707,0.0,0.17073170731707318,0.2702702702702703,37,0.23529411764705882,0,41,0.0,37,0.0
llama-3.1-8b-instruct,test,uncentred_svd_r1_a1,uncentred_svd,1,1.0,neutral,pooled,exploratory,70,70,70,0.13967067173549108,0.09920610700334821,0.5,0.45714285714285713,0.04285714285714286,0.040464564732142855,0.012905992780412948,0.07001326424734929,0.2897141127005878,0.10995108191438285,0.4342576628916006,0,0,0,70,,,,0.0194603886198958,0.012421403455126358,0.3582089552238806,0.35074626865671643,0.007462686567164179,-0.014925373134328358,0.03731343283582089,0.6714285714285714,0.6857142857142857,-0.014285714285714285,-0.04285714285714286,0.014285714285714285,0.9857142857142858,0.9857142857142858,0.0,0.0,0.0,0.7014925373134329,67,0.7164179104477612,6,70,0.08571428571428572,69,0.08695652173913043
llama-3.1-8b-instruct,test,uncentred_svd_r1_a1,uncentred_svd,1,1.0,neutral,bbq,exploratory,70,70,70,0.13967067173549108,0.09920610700334821,0.5,0.45714285714285713,0.04285714285714286,0.040464564732142855,0.012905992780412948,0.07001326424734929,0.2897141127005878,0.10995108191438285,0.4342576628916006,0,0,0,70,,,,0.0194603886198958,0.012421403455126358,0.3582089552238806,0.35074626865671643,0.007462686567164179,-0.014925373134328358,0.03731343283582089,0.6714285714285714,0.6857142857142857,-0.014285714285714285,-0.04285714285714286,0.014285714285714285,0.9857142857142858,0.9857142857142858,0.0,0.0,0.0,0.7014925373134329,67,0.7164179104477612,6,70,0.08571428571428572,69,0.08695652173913043
llama-3.1-8b-instruct,test,uncentred_svd_r2_a1,uncentred_svd,2,1.0,demographic,pooled,exploratory,160,160,160,0.15823893547058104,0.1228240966796875,0.55625,0.3625,0.08125,0.035414838790893556,0.011306402683258056,0.06130986094474791,0.22380609857854927,0.07866592431480898,0.3492257910652148,5,4,0,155,0.8,0.3333333333333333,1.0,0.010544079450089023,0.009723614192224103,0.4025157232704403,0.2610062893081761,0.14150943396226415,0.09119496855345911,0.19811320754716982,0.615625,0.59375,0.021875,-0.009375,0.053125,0.953125,0.95,0.003125,-0.021875,0.028125,0.6442307692307693,156,0.6282051282051282,28,160,0.175,149,0.18791946308724833
llama-3.1-8b-instruct,test,uncentred_svd_r2_a1,uncentred_svd,2,1.0,demographic,bbq,exploratory,70,70,70,0.12477231706891741,0.128369140625,0.4857142857142857,0.45714285714285713,0.05714285714285714,-0.003596823556082589,-0.03429573876517159,0.028196018763950885,-0.028827095950265225,-0.31348906354822487,0.19906430953461698,0,0,0,70,,,,0.011966047591495924,0.010511773617755078,0.34057971014492755,0.35507246376811596,-0.014492753623188406,-0.043478260869565216,0.014492753623188406,0.6428571428571429,0.65,-0.007142857142857143,-0.04285714285714286,0.02857142857142857,0.9857142857142858,0.9857142857142858,0.0,0.0,0.0,0.6594202898550725,69,0.6739130434782609,16,70,0.22857142857142856,69,0.2318840579710145
llama-3.1-8b-instruct,test,uncentred_svd_r2_a1,uncentred_svd,2,1.0,demographic,crows_pairs,exploratory,49,49,49,0.11347556600765306,0.07724808673469388,0.5306122448979592,0.32653061224489793,0.14285714285714285,0.03622747927295918,-0.00017911949936224463,0.07916234853316326,0.31925356750823275,-0.0025480525007317476,0.5344507777428213,1,1,0,48,1.0,1.0,1.0,0.009064505383480661,0.008982363536842761,0.6530612244897959,0.16326530612244897,0.4897959183673469,0.37755102040816324,0.6020408163265306,0.8877551020408163,0.826530612244898,0.061224489795918366,0.01020408163265306,0.12244897959183673,0.9183673469387755,0.9591836734693877,-0.04081632653061224,-0.10204081632653061,0.01020408163265306,0.9565217391304348,46,0.8645833333333334,2,49,0.04081632653061224,44,0.045454545454545456
llama-3.1-8b-instruct,test,uncentred_svd_r2_a1,uncentred_svd,2,1.0,demographic,stereoset,exploratory,41,41,41,0.2688747499047256,0.16782583841463414,0.7073170731707317,0.24390243902439024,0.04878048780487805,0.10104891149009146,0.043449587938262195,0.1694026295731707,0.3758214987680979,0.18455627471324118,0.5428845868408657,4,3,0,37,0.75,0.0,1.0,0.009884600410218939,0.009263861078236723,0.2073170731707317,0.21951219512195122,-0.012195121951219513,-0.07317073170731707,0.036585365853658534,0.24390243902439024,0.21951219512195122,0.024390243902439025,-0.06097560975609756,0.10975609756097561,0.9390243902439024,0.8780487804878049,0.06097560975609756,0.0,0.13414634146341464,0.2682926829268293,41,0.2564102564102564,10,41,0.24390243902439024,36,0.2777777777777778
llama-3.1-8b-instruct,test,uncentred_svd_r2_a1,uncentred_svd,2,1.0,identity,pooled,exploratory,160,160,160,0.0,0.0,0.0,0.0,1.0,0.0,0.0,0.0,,,,0,0,0,160,,,,0.009256827571272499,0.009255636990157896,0.39490445859872614,0.267515923566879,0.12738853503184713,0.06369426751592357,0.1910828025477707,0.6375,0.6,0.0375,0.0,0.075,0.94375,0.9375,0.00625,-0.01875,0.03125,0.6845637583892618,149,0.6486486486486487,0,160,0.0,151,0.0
llama-3.1-8b-instruct,test,uncentred_svd_r2_a1,uncentred_svd,2,1.0,identity,bbq,exploratory,70,70,70,0.0,0.0,0.0,0.0,1.0,0.0,0.0,0.0,,,,0,0,0,70,,,,0.009801473277349863,0.009803549699734578,0.34328358208955223,0.3582089552238806,-0.014925373134328358,-0.04477611940298507,0.0,0.6857142857142857,0.6714285714285714,0.014285714285714285,0.0,0.04285714285714286,0.9857142857142858,0.9857142857142858,0.0,0.0,0.0,0.7164179104477612,67,0.7014925373134329,0,70,0.0,69,0.0
llama-3.1-8b-instruct,test,uncentred_svd_r2_a1,uncentred_svd,2,1.0,identity,crows_pairs,exploratory,49,49,49,0.0,0.0,0.0,0.0,1.0,0.0,0.0,0.0,,,,0,0,0,49,,,,0.00886815480173527,0.00886208952389342,0.6326530612244898,0.1836734693877551,0.4489795918367347,0.2857142857142857,0.6122448979591837,0.9183673469387755,0.8367346938775511,0.08163265306122448,0.02040816326530612,0.16326530612244897,0.9183673469387755,0.9591836734693877,-0.04081632653061224,-0.10204081632653061,0.0,1.0,45,0.8723404255319149,0,49,0.0,45,0.0
llama-3.1-8b-instruct,test,uncentred_svd_r2_a1,uncentred_svd,2,1.0,identity,stereoset,exploratory,41,41,41,0.0,0.0,0.0,0.0,1.0,0.0,0.0,0.0,,,,0,0,0,41,,,,0.008791456017172712,0.008790513482269884,0.1951219512195122,0.21951219512195122,-0.024390243902439025,-0.07317073170731707,0.0,0.21951219512195122,0.1951219512195122,0.024390243902439025,-0.07317073170731707,0.12195121951219512,0.9024390243902439,0.8292682926829268,0.07317073170731707,0.0,0.17073170731707318,0.24324324324324326,37,0.23529411764705882,0,41,0.0,37,0.0
llama-3.1-8b-instruct,test,uncentred_svd_r2_a1,uncentred_svd,2,1.0,neutral,pooled,exploratory,70,70,70,0.13967067173549108,0.09317125592912946,0.5714285714285714,0.38571428571428573,0.04285714285714286,0.046499415806361605,0.020836497715541295,0.07494071960449215,0.33292183125189234,0.16788926195942844,0.47330150786826636,0,0,0,70,,,,0.02413888093203022,0.01597598168578467,0.35074626865671643,0.35074626865671643,0.0,-0.029850746268656716,0.029850746268656716,0.6785714285714286,0.6857142857142857,-0.007142857142857143,-0.03571428571428571,0.02142857142857143,0.9857142857142858,0.9857142857142858,0.0,0.0,0.0,0.7089552238805971,67,0.7164179104477612,6,70,0.08571428571428572,69,0.08695652173913043
llama-3.1-8b-instruct,test,uncentred_svd_r2_a1,uncentred_svd,2,1.0,neutral,bbq,exploratory,70,70,70,0.13967067173549108,0.09317125592912946,0.5714285714285714,0.38571428571428573,0.04285714285714286,0.046499415806361605,0.020836497715541295,0.07494071960449215,0.33292183125189234,0.16788926195942844,0.47330150786826636,0,0,0,70,,,,0.02413888093203022,0.01597598168578467,0.35074626865671643,0.35074626865671643,0.0,-0.029850746268656716,0.029850746268656716,0.6785714285714286,0.6857142857142857,-0.007142857142857143,-0.03571428571428571,0.02142857142857143,0.9857142857142858,0.9857142857142858,0.0,0.0,0.0,0.7089552238805971,67,0.7164179104477612,6,70,0.08571428571428572,69,0.08695652173913043
llama-3.1-8b-instruct,test,uncentred_svd_r4_a1,uncentred_svd,4,1.0,demographic,pooled,exploratory,160,160,160,0.15823893547058104,0.12207012176513672,0.56875,0.4,0.03125,0.036168813705444336,0.006287717819213867,0.06503305792808532,0.2285708861594854,0.04398413177945095,0.38467371075711504,5,4,0,155,0.8,0.3333333333333333,1.0,0.015874604851727363,0.01432111013829045,0.3805031446540881,0.2610062893081761,0.11949685534591195,0.06918238993710692,0.16981132075471697,0.634375,0.59375,0.040625,0.003125,0.08125,0.95625,0.95,0.00625,-0.021875,0.034375,0.6656050955414012,157,0.6282051282051282,21,160,0.13125,149,0.14093959731543623
llama-3.1-8b-instruct,test,uncentred_svd_r4_a1,uncentred_svd,4,1.0,demographic,bbq,exploratory,70,70,70,0.12477231706891741,0.10432782854352679,0.5714285714285714,0.4,0.02857142857142857,0.020444488525390624,-0.008382437569754465,0.04965133666992187,0.16385436293611677,-0.07816888516094768,0.3574343359948167,0,0,0,70,,,,0.017298884693035747,0.01468504607819995,0.34057971014492755,0.35507246376811596,-0.014492753623188406,-0.043478260869565216,0.014492753623188406,0.65,0.65,0.0,-0.04285714285714286,0.04285714285714286,0.9857142857142858,0.9857142857142858,0.0,0.0,0.0,0.6594202898550725,69,0.6739130434782609,11,70,0.15714285714285714,69,0.15942028985507245
llama-3.1-8b-instruct,test,uncentred_svd_r4_a1,uncentred_svd,4,1.0,demographic,crows_pairs,exploratory,49,49,49,0.11347556600765306,0.07836166693239796,0.5102040816326531,0.46938775510204084,0.02040816326530612,0.035113899075255105,0.0010318055444834184,0.07824962382413898,0.30944017563117454,0.012734143883372922,0.5119239918095729,1,1,0,48,1.0,1.0,1.0,0.013228082176758018,0.012698744781729585,0.5816326530612245,0.16326530612244897,0.41836734693877553,0.29591836734693877,0.5306122448979592,0.8979591836734694,0.826530612244898,0.07142857142857142,0.01020408163265306,0.1326530612244898,0.9081632653061225,0.9591836734693877,-0.05102040816326531,-0.11224489795918367,0.0,0.9893617021276596,47,0.8645833333333334,1,49,0.02040816326530612,42,0.023809523809523808
llama-3.1-8b-instruct,test,uncentred_svd_r4_a1,uncentred_svd,4,1.0,demographic,stereoset,exploratory,41,41,41,0.2688747499047256,0.20459877572408536,0.6341463414634146,0.3170731707317073,0.04878048780487805,0.06427597418064024,-0.02832418302210366,0.14564640696455794,0.23905544943664703,-0.0996922522878936,0.5020977892250826,4,3,0,37,0.75,0.0,1.0,0.016605824904944708,0.01563868054506648,0.2073170731707317,0.21951219512195122,-0.012195121951219513,-0.07317073170731707,0.036585365853658534,0.2926829268292683,0.21951219512195122,0.07317073170731707,-0.036585365853658534,0.18292682926829268,0.9634146341463414,0.8780487804878049,0.08536585365853659,0.012195121951219513,0.17073170731707318,0.3048780487804878,41,0.2564102564102564,9,41,0.21951219512195122,38,0.23684210526315788
llama-3.1-8b-instruct,test,uncentred_svd_r4_a1,uncentred_svd,4,1.0,identity,pooled,exploratory,160,160,160,0.0,0.0,0.0,0.0,1.0,0.0,0.0,0.0,,,,0,0,0,160,,,,0.0138122652184622,0.013810451822339911,0.3821656050955414,0.267515923566879,0.11464968152866242,0.050955414012738856,0.18471337579617833,0.6375,0.6,0.0375,-0.00625,0.0875,0.95,0.9375,0.0125,-0.025,0.05,0.68,150,0.6486486486486487,0,160,0.0,152,0.0
llama-3.1-8b-instruct,test,uncentred_svd_r4_a1,uncentred_svd,4,1.0,identity,bbq,exploratory,70,70,70,0.0,0.0,0.0,0.0,1.0,0.0,0.0,0.0,,,,0,0,0,70,,,,0.014196960788217396,0.014187041787636207,0.3283582089552239,0.3582089552238806,-0.029850746268656716,-0.07462686567164178,0.0,0.6857142857142857,0.6714285714285714,0.014285714285714285,0.0,0.04285714285714286,0.9857142857142858,0.9857142857142858,0.0,0.0,0.0,0.7164179104477612,67,0.7014925373134329,0,70,0.0,69,0.0
llama-3.1-8b-instruct,test,uncentred_svd_r4_a1,uncentred_svd,4,1.0,identity,crows_pairs,exploratory,49,49,49,0.0,0.0,0.0,0.0,1.0,0.0,0.0,0.0,,,,0,0,0,49,,,,0.012365753144916138,0.012360268076629193,0.6122448979591837,0.1836734693877551,0.42857142857142855,0.2653061224489796,0.5918367346938775,0.8979591836734694,0.8367346938775511,0.061224489795918366,-0.04081632653061224,0.16326530612244897,0.8979591836734694,0.9591836734693877,-0.061224489795918366,-0.14285714285714285,0.0,1.0,44,0.8723404255319149,0,49,0.0,44,0.0
llama-3.1-8b-instruct,test,uncentred_svd_r4_a1,uncentred_svd,4,1.0,identity,stereoset,exploratory,41,41,41,0.0,0.0,0.0,0.0,1.0,0.0,0.0,0.0,,,,0,0,0,41,,,,0.014884226236044955,0.014900639772805386,0.1951219512195122,0.21951219512195122,-0.024390243902439025,-0.07317073170731707,0.0,0.24390243902439024,0.1951219512195122,0.04878048780487805,-0.07317073170731707,0.1951219512195122,0.9512195121951219,0.8292682926829268,0.12195121951219512,0.024390243902439025,0.21951219512195122,0.2564102564102564,39,0.23529411764705882,0,41,0.0,39,0.0
llama-3.1-8b-instruct,test,uncentred_svd_r4_a1,uncentred_svd,4,1.0,neutral,pooled,exploratory,70,70,70,0.13967067173549108,0.10227399553571428,0.5285714285714286,0.45714285714285713,0.014285714285714285,0.03739667619977679,0.0058654676164899555,0.06940777369907916,0.2677489535569699,0.05006868475639276,0.4420634072773798,0,0,0,70,,,,0.027411061911491685,0.019803773130375794,0.35074626865671643,0.35074626865671643,0.0,-0.029850746268656716,0.029850746268656716,0.6857142857142857,0.6857142857142857,0.0,-0.03571428571428571,0.03571428571428571,0.9857142857142858,0.9857142857142858,0.0,0.0,0.0,0.7164179104477612,67,0.7164179104477612,4,70,0.05714285714285714,69,0.057971014492753624
llama-3.1-8b-instruct,test,uncentred_svd_r4_a1,uncentred_svd,4,1.0,neutral,bbq,exploratory,70,70,70,0.13967067173549108,0.10227399553571428,0.5285714285714286,0.45714285714285713,0.014285714285714285,0.03739667619977679,0.0058654676164899555,0.06940777369907916,0.2677489535569699,0.05006868475639276,0.4420634072773798,0,0,0,70,,,,0.027411061911491685,0.019803773130375794,0.35074626865671643,0.35074626865671643,0.0,-0.029850746268656716,0.029850746268656716,0.6857142857142857,0.6857142857142857,0.0,-0.03571428571428571,0.03571428571428571,0.9857142857142858,0.9857142857142858,0.0,0.0,0.0,0.7164179104477612,67,0.7164179104477612,4,70,0.05714285714285714,69,0.057971014492753624
