model_name,phase,cond_id,condition,rank,alpha,pair_type,stratum,label,n_seeds,n_items,n_audit,absC_pre_mean,absC_post_mean,W,L,U,D,D_lo,D_hi,R,R_lo,R_hi,X_den,X_num,X_reverse_num,X_reverse_den,X,X_lo,X_hi,energy_audit_mean,energy_gen_mean,opt_acc,opt_acc_pre,d_opt_acc,d_opt_acc_lo,d_opt_acc_hi,gen_acc_attempted,gen_acc_attempted_pre,d_gen_acc_attempted,d_gen_acc_attempted_lo,d_gen_acc_attempted_hi,validity,validity_pre,d_validity,d_validity_lo,d_validity_hi,gen_acc_usable,gen_acc_usable_n,gen_acc_usable_pre,flip_attempted_num,flip_attempted_den,flip_attempted,flip_usable_den,flip_usable
gemma-2-2b-it,dev,cure_centred_svd_r1_a0.25,cure_centred_svd,1,0.25,demographic,pooled,exploratory,100,100,100,0.6788427734375,0.640517578125,0.49,0.48,0.03,0.0383251953125,-0.04190020751953125,0.11723345947265625,0.056456659497795436,-0.06955773482084587,0.16185694677780008,29,8,5,71,0.27586206896551724,0.13043478260869565,0.45168621700879724,0.0026936985939605097,0.0027745822586934367,0.4292929292929293,0.4444444444444444,-0.015151515151515152,-0.06565656565656566,0.03535353535353535,0.515,0.415,0.1,0.045,0.16,0.92,0.905,0.015,-0.025,0.055,0.5691489361702128,94,0.4627659574468085,23,100,0.23,89,0.25842696629213485
gemma-2-2b-it,dev,cure_centred_svd_r1_a0.25,cure_centred_svd,1,0.25,demographic,bbq,exploratory,42,42,42,0.44104585193452384,0.5059058779761905,0.38095238095238093,0.5952380952380952,0.023809523809523808,-0.06486002604166667,-0.1611509777250744,0.01867007300967256,-0.14705959880855102,-0.43538715329629746,0.03790011207240922,7,2,3,35,0.2857142857142857,0.0,0.6666666666666666,0.0018856805417861633,0.0022621763278053027,0.5487804878048781,0.5487804878048781,0.0,-0.08536585365853659,0.07317073170731707,0.5119047619047619,0.5238095238095238,-0.011904761904761904,-0.047619047619047616,0.023809523809523808,0.9880952380952381,1.0,-0.011904761904761904,-0.03571428571428571,0.0,0.5609756097560976,41,0.573170731707317,11,42,0.2619047619047619,41,0.2682926829268293
gemma-2-2b-it,dev,cure_centred_svd_r1_a0.25,cure_centred_svd,1,0.25,demographic,crows_pairs,exploratory,30,30,30,0.9345377604166667,0.8245768229166667,0.6666666666666666,0.3333333333333333,0.0,0.1099609375,0.0010660807291666672,0.2205452473958333,0.11766345048591031,0.0010518623030626232,0.22737025954767148,10,1,1,20,0.1,0.0,0.3333333333333333,0.0032821627993543092,0.003180208486409233,0.3333333333333333,0.36666666666666664,-0.03333333333333333,-0.13333333333333333,0.06666666666666667,0.75,0.43333333333333335,0.31666666666666665,0.18333333333333332,0.45,0.8666666666666667,0.9,-0.03333333333333333,-0.1,0.03333333333333333,0.8518518518518519,27,0.4642857142857143,6,30,0.2,25,0.24
gemma-2-2b-it,dev,cure_centred_svd_r1_a0.25,cure_centred_svd,1,0.25,demographic,stereoset,exploratory,28,28,28,0.7615792410714286,0.6452287946428571,0.4642857142857143,0.4642857142857143,0.07142857142857142,0.11635044642857142,-0.09656808035714286,0.3447265625,0.15277523355925993,-0.15719107439045032,0.388419640604232,12,5,1,16,0.4166666666666667,0.13312500000000002,0.7,0.0032752283093001,0.003108591625330142,0.35714285714285715,0.375,-0.017857142857142856,-0.125,0.08928571428571429,0.26785714285714285,0.23214285714285715,0.03571428571428571,-0.05357142857142857,0.14285714285714285,0.875,0.7678571428571429,0.10714285714285714,0.0,0.23214285714285715,0.28846153846153844,26,0.28,6,28,0.21428571428571427,23,0.2608695652173913
gemma-2-2b-it,dev,cure_centred_svd_r1_a0.25,cure_centred_svd,1,0.25,identity,pooled,exploratory,100,100,100,0.0,0.0,0.0,0.0,1.0,0.0,0.0,0.0,,,,0,0,0,100,,,,0.002973879319968531,0.002973114936268908,0.41237113402061853,0.41237113402061853,0.0,-0.07216494845360824,0.07216494845360824,0.51,0.41,0.1,0.03,0.18,0.91,0.9,0.01,-0.04,0.06,0.5795454545454546,88,0.47126436781609193,0,100,0.0,91,0.0
gemma-2-2b-it,dev,cure_centred_svd_r1_a0.25,cure_centred_svd,1,0.25,identity,bbq,exploratory,42,42,42,0.0,0.0,0.0,0.0,1.0,0.0,0.0,0.0,,,,0,0,0,42,,,,0.002758512721140636,0.0027576751781319604,0.5128205128205128,0.5128205128205128,0.0,-0.10256410256410256,0.10256410256410256,0.5,0.5238095238095238,-0.023809523809523808,-0.09523809523809523,0.047619047619047616,1.0,1.0,0.0,0.0,0.0,0.5384615384615384,39,0.5641025641025641,0,42,0.0,42,0.0
gemma-2-2b-it,dev,cure_centred_svd_r1_a0.25,cure_centred_svd,1,0.25,identity,crows_pairs,exploratory,30,30,30,0.0,0.0,0.0,0.0,1.0,0.0,0.0,0.0,,,,0,0,0,30,,,,0.0031973858353561415,0.003197632285413557,0.3333333333333333,0.3,0.03333333333333333,-0.06666666666666667,0.13333333333333333,0.7,0.4,0.3,0.13333333333333333,0.4666666666666667,0.8333333333333334,0.9333333333333333,-0.1,-0.23333333333333334,0.0,0.84,25,0.42857142857142855,0,30,0.0,25,0.0
gemma-2-2b-it,dev,cure_centred_svd_r1_a0.25,cure_centred_svd,1,0.25,identity,stereoset,exploratory,28,28,28,0.0,0.0,0.0,0.0,1.0,0.0,0.0,0.0,,,,0,0,0,28,,,,0.0030574579517236478,0.0030557202708193488,0.35714285714285715,0.39285714285714285,-0.03571428571428571,-0.17857142857142858,0.10714285714285714,0.32142857142857145,0.25,0.07142857142857142,-0.07142857142857142,0.21428571428571427,0.8571428571428571,0.7142857142857143,0.14285714285714285,0.03571428571428571,0.2857142857142857,0.375,24,0.35,0,28,0.0,24,0.0
gemma-2-2b-it,dev,cure_centred_svd_r1_a0.25,cure_centred_svd,1,0.25,neutral,pooled,exploratory,42,42,42,0.35793340773809523,0.23811412992931547,0.5952380952380952,0.35714285714285715,0.047619047619047616,0.11981927780877977,0.051706368582589285,0.19555002848307287,0.3347529881772119,0.1645572792599533,0.4885180776087426,5,4,0,37,0.8,0.3333333333333333,1.0,0.0054004866285584,0.004072604683016364,0.5769230769230769,0.5641025641025641,0.01282051282051282,-0.038461538461538464,0.0641025641025641,0.5476190476190477,0.5833333333333334,-0.03571428571428571,-0.08333333333333333,0.0,0.9880952380952381,0.9880952380952381,0.0,0.0,0.0,0.5897435897435898,39,0.6410256410256411,8,42,0.19047619047619047,41,0.1951219512195122
gemma-2-2b-it,dev,cure_centred_svd_r1_a0.25,cure_centred_svd,1,0.25,neutral,bbq,exploratory,42,42,42,0.35793340773809523,0.23811412992931547,0.5952380952380952,0.35714285714285715,0.047619047619047616,0.11981927780877977,0.051706368582589285,0.19555002848307287,0.3347529881772119,0.1645572792599533,0.4885180776087426,5,4,0,37,0.8,0.3333333333333333,1.0,0.0054004866285584,0.004072604683016364,0.5769230769230769,0.5641025641025641,0.01282051282051282,-0.038461538461538464,0.0641025641025641,0.5476190476190477,0.5833333333333334,-0.03571428571428571,-0.08333333333333333,0.0,0.9880952380952381,0.9880952380952381,0.0,0.0,0.0,0.5897435897435898,39,0.6410256410256411,8,42,0.19047619047619047,41,0.1951219512195122
gemma-2-2b-it,dev,cure_centred_svd_r1_a0.5,cure_centred_svd,1,0.5,demographic,pooled,exploratory,100,100,100,0.6788427734375,0.59435302734375,0.56,0.4,0.04,0.08448974609375,-0.00515509033203125,0.1701687622070312,0.12446143554849054,-0.007881433815372823,0.22802728135966538,29,12,7,71,0.41379310344827586,0.2413793103448276,0.5926215277777775,0.00580535401055126,0.006066527507573093,0.494949494949495,0.4444444444444444,0.050505050505050504,-0.005050505050505051,0.1111111111111111,0.535,0.415,0.12,0.06,0.18,0.9,0.905,-0.005,-0.055,0.045,0.6098901098901099,91,0.4627659574468085,19,100,0.19,88,0.2159090909090909
gemma-2-2b-it,dev,cure_centred_svd_r1_a0.5,cure_centred_svd,1,0.5,demographic,bbq,exploratory,42,42,42,0.44104585193452384,0.4952276320684524,0.40476190476190477,0.5238095238095238,0.07142857142857142,-0.05418178013392857,-0.17597234816778276,0.054652622767857144,-0.12284840656878515,-0.4835317859348227,0.11174385845849247,7,2,2,35,0.2857142857142857,0.0,0.6666666666666666,0.0047298271910868874,0.0054857760212848996,0.573170731707317,0.5487804878048781,0.024390243902439025,-0.036585365853658534,0.08536585365853659,0.5714285714285714,0.5238095238095238,0.047619047619047616,-0.011904761904761904,0.11904761904761904,0.9880952380952381,1.0,-0.011904761904761904,-0.03571428571428571,0.0,0.6219512195121951,41,0.573170731707317,9,42,0.21428571428571427,41,0.21951219512195122
gemma-2-2b-it,dev,cure_centred_svd_r1_a0.5,cure_centred_svd,1,0.5,demographic,crows_pairs,exploratory,30,30,30,0.9345377604166667,0.73408203125,0.6333333333333333,0.36666666666666664,0.0,0.20045572916666668,0.028802083333333336,0.3693408203125,0.21449719600125394,0.04191547123123391,0.36442029766331957,10,3,3,20,0.3,0.0,0.625,0.006562436814253913,0.006504754348786721,0.5,0.36666666666666664,0.13333333333333333,0.0,0.26666666666666666,0.7333333333333333,0.43333333333333335,0.3,0.16666666666666666,0.45,0.8166666666666667,0.9,-0.08333333333333333,-0.2,0.016666666666666666,0.9,25,0.4642857142857143,5,30,0.16666666666666666,24,0.20833333333333334
gemma-2-2b-it,dev,cure_centred_svd_r1_a0.5,cure_centred_svd,1,0.5,demographic,stereoset,exploratory,28,28,28,0.7615792410714286,0.5933314732142857,0.7142857142857143,0.25,0.03571428571428571,0.16824776785714285,-0.019813755580357143,0.3677525111607142,0.2209195823410881,-0.030415272691007376,0.4089897432721176,12,7,2,16,0.5833333333333334,0.3,0.8571428571428571,0.006607484092923546,0.006468125978562209,0.375,0.375,0.0,-0.10714285714285714,0.10714285714285714,0.26785714285714285,0.23214285714285715,0.03571428571428571,-0.05357142857142857,0.14285714285714285,0.8571428571428571,0.7678571428571429,0.08928571428571429,-0.017857142857142856,0.23214285714285715,0.3,25,0.28,5,28,0.17857142857142858,23,0.21739130434782608
gemma-2-2b-it,dev,cure_centred_svd_r1_a0.5,cure_centred_svd,1,0.5,identity,pooled,exploratory,100,100,100,0.0,0.0,0.0,0.0,1.0,0.0,0.0,0.0,,,,0,0,0,100,,,,0.006278458641426549,0.006276952465395935,0.4742268041237113,0.41237113402061853,0.061855670103092786,-0.020618556701030927,0.14432989690721648,0.55,0.41,0.14,0.06,0.23,0.89,0.9,-0.01,-0.07,0.05,0.6395348837209303,86,0.47126436781609193,0,100,0.0,89,0.0
gemma-2-2b-it,dev,cure_centred_svd_r1_a0.5,cure_centred_svd,1,0.5,identity,bbq,exploratory,42,42,42,0.0,0.0,0.0,0.0,1.0,0.0,0.0,0.0,,,,0,0,0,42,,,,0.006026906691643653,0.006028498018917876,0.5641025641025641,0.5128205128205128,0.05128205128205128,-0.05128205128205128,0.15384615384615385,0.5952380952380952,0.5238095238095238,0.07142857142857142,-0.047619047619047616,0.19047619047619047,1.0,1.0,0.0,0.0,0.0,0.6410256410256411,39,0.5641025641025641,0,42,0.0,42,0.0
gemma-2-2b-it,dev,cure_centred_svd_r1_a0.5,cure_centred_svd,1,0.5,identity,crows_pairs,exploratory,30,30,30,0.0,0.0,0.0,0.0,1.0,0.0,0.0,0.0,,,,0,0,0,30,,,,0.006529765320576251,0.006528027738165835,0.4666666666666667,0.3,0.16666666666666666,0.0,0.3333333333333333,0.7,0.4,0.3,0.13333333333333333,0.4666666666666667,0.8,0.9333333333333333,-0.13333333333333333,-0.26666666666666666,-0.03333333333333333,0.875,24,0.42857142857142855,0,30,0.0,24,0.0
gemma-2-2b-it,dev,cure_centred_svd_r1_a0.5,cure_centred_svd,1,0.5,identity,stereoset,exploratory,28,28,28,0.0,0.0,0.0,0.0,1.0,0.0,0.0,0.0,,,,0,0,0,28,,,,0.0063865294098690685,0.0063806249142881275,0.35714285714285715,0.39285714285714285,-0.03571428571428571,-0.17857142857142858,0.10714285714285714,0.32142857142857145,0.25,0.07142857142857142,-0.07142857142857142,0.21428571428571427,0.8214285714285714,0.7142857142857143,0.10714285714285714,-0.03571428571428571,0.25,0.391304347826087,23,0.35,0,28,0.0,23,0.0
gemma-2-2b-it,dev,cure_centred_svd_r1_a0.5,cure_centred_svd,1,0.5,neutral,pooled,exploratory,42,42,42,0.35793340773809523,0.2631022135416667,0.5714285714285714,0.38095238095238093,0.047619047619047616,0.09483119419642858,0.011030796595982145,0.18750930059523804,0.2649408860595037,0.03645899286153271,0.4437090160005088,5,5,0,37,1.0,1.0,1.0,0.013926266893336632,0.009733302635219885,0.6025641025641025,0.5641025641025641,0.038461538461538464,-0.01282051282051282,0.10256410256410256,0.5833333333333334,0.5833333333333334,0.0,-0.07142857142857142,0.07142857142857142,0.9880952380952381,0.9880952380952381,0.0,0.0,0.0,0.6282051282051282,39,0.6410256410256411,4,42,0.09523809523809523,41,0.0975609756097561
gemma-2-2b-it,dev,cure_centred_svd_r1_a0.5,cure_centred_svd,1,0.5,neutral,bbq,exploratory,42,42,42,0.35793340773809523,0.2631022135416667,0.5714285714285714,0.38095238095238093,0.047619047619047616,0.09483119419642858,0.011030796595982145,0.18750930059523804,0.2649408860595037,0.03645899286153271,0.4437090160005088,5,5,0,37,1.0,1.0,1.0,0.013926266893336632,0.009733302635219885,0.6025641025641025,0.5641025641025641,0.038461538461538464,-0.01282051282051282,0.10256410256410256,0.5833333333333334,0.5833333333333334,0.0,-0.07142857142857142,0.07142857142857142,0.9880952380952381,0.9880952380952381,0.0,0.0,0.0,0.6282051282051282,39,0.6410256410256411,4,42,0.09523809523809523,41,0.0975609756097561
gemma-2-2b-it,dev,cure_centred_svd_r1_a1,cure_centred_svd,1,1.0,demographic,pooled,exploratory,100,100,100,0.6788427734375,0.54458984375,0.6,0.35,0.05,0.1342529296875,0.046125976562500004,0.2245863037109375,0.19776734015694797,0.07789237739786227,0.30298867661791634,29,13,8,71,0.4482758620689655,0.2758405172413793,0.6364545454545449,0.015577738030578957,0.016347649116920163,0.5808080808080808,0.4444444444444444,0.13636363636363635,0.06565656565656566,0.20707070707070707,0.53,0.415,0.115,0.045,0.18,0.9,0.905,-0.005,-0.055,0.04,0.5934065934065934,91,0.4627659574468085,15,100,0.15,88,0.17045454545454544
gemma-2-2b-it,dev,cure_centred_svd_r1_a1,cure_centred_svd,1,1.0,demographic,bbq,exploratory,42,42,42,0.44104585193452384,0.4437779017857143,0.5476190476190477,0.42857142857142855,0.023809523809523808,-0.002732049851190476,-0.1265988304501488,0.10954095749627968,-0.006194480322640139,-0.3437597345139183,0.21959374074462887,7,5,3,35,0.7142857142857143,0.3333333333333333,1.0,0.01502552608107608,0.016469384301926508,0.6219512195121951,0.5487804878048781,0.07317073170731707,0.012195121951219513,0.13414634146341464,0.5357142857142857,0.5238095238095238,0.011904761904761904,-0.05952380952380952,0.08333333333333333,0.9761904761904762,1.0,-0.023809523809523808,-0.05952380952380952,0.0,0.573170731707317,41,0.573170731707317,8,42,0.19047619047619047,40,0.2
gemma-2-2b-it,dev,cure_centred_svd_r1_a1,cure_centred_svd,1,1.0,demographic,crows_pairs,exploratory,30,30,30,0.9345377604166667,0.6674479166666667,0.6666666666666666,0.26666666666666666,0.06666666666666667,0.26708984375,0.08840250651041666,0.46204508463541666,0.28579887840050155,0.12181147801597011,0.4488286646634095,10,3,3,20,0.3,0.0,0.625,0.015294865678930606,0.01573272610613276,0.7,0.36666666666666664,0.3333333333333333,0.16666666666666666,0.5,0.7833333333333333,0.43333333333333335,0.35,0.2,0.5,0.8333333333333334,0.9,-0.06666666666666667,-0.18333333333333332,0.03333333333333333,0.94,25,0.4642857142857143,3,30,0.1,25,0.12
gemma-2-2b-it,dev,cure_centred_svd_r1_a1,cure_centred_svd,1,1.0,demographic,stereoset,exploratory,28,28,28,0.7615792410714286,0.5641741071428571,0.6071428571428571,0.32142857142857145,0.07142857142857142,0.19740513392857142,0.025669642857142856,0.37573590959821407,0.2592049825975453,0.04268310003006222,0.4268781485590891,12,5,2,16,0.4166666666666667,0.14285714285714285,0.7142857142857143,0.016709133474456496,0.01682389242239715,0.39285714285714285,0.375,0.017857142857142856,-0.08928571428571429,0.125,0.25,0.23214285714285715,0.017857142857142856,-0.07142857142857142,0.125,0.8571428571428571,0.7678571428571429,0.08928571428571429,-0.017857142857142856,0.23214285714285715,0.28,25,0.28,4,28,0.14285714285714285,23,0.17391304347826086
gemma-2-2b-it,dev,cure_centred_svd_r1_a1,cure_centred_svd,1,1.0,identity,pooled,exploratory,100,100,100,0.0,0.0,0.0,0.0,1.0,0.0,0.0,0.0,,,,0,0,0,100,,,,0.016387776548544376,0.016389001738552587,0.5670103092783505,0.41237113402061853,0.15463917525773196,0.061855670103092786,0.24742268041237114,0.54,0.41,0.13,0.05,0.22,0.88,0.9,-0.02,-0.08,0.04,0.627906976744186,86,0.47126436781609193,0,100,0.0,88,0.0
gemma-2-2b-it,dev,cure_centred_svd_r1_a1,cure_centred_svd,1,1.0,identity,bbq,exploratory,42,42,42,0.0,0.0,0.0,0.0,1.0,0.0,0.0,0.0,,,,0,0,0,42,,,,0.016427154594966787,0.016431007624003253,0.6153846153846154,0.5128205128205128,0.10256410256410256,0.0,0.23076923076923078,0.5714285714285714,0.5238095238095238,0.047619047619047616,-0.07142857142857142,0.16666666666666666,0.9761904761904762,1.0,-0.023809523809523808,-0.07142857142857142,0.0,0.6153846153846154,39,0.5641025641025641,0,42,0.0,41,0.0
gemma-2-2b-it,dev,cure_centred_svd_r1_a1,cure_centred_svd,1,1.0,identity,crows_pairs,exploratory,30,30,30,0.0,0.0,0.0,0.0,1.0,0.0,0.0,0.0,,,,0,0,0,30,,,,0.0160393909448467,0.016038745588604103,0.7,0.3,0.4,0.23333333333333334,0.5666666666666667,0.7333333333333333,0.4,0.3333333333333333,0.16666666666666666,0.5,0.8,0.9333333333333333,-0.13333333333333333,-0.26666666666666666,-0.03333333333333333,0.9166666666666666,24,0.42857142857142855,0,30,0.0,24,0.0
gemma-2-2b-it,dev,cure_centred_svd_r1_a1,cure_centred_svd,1,1.0,identity,stereoset,exploratory,28,28,28,0.0,0.0,0.0,0.0,1.0,0.0,0.0,0.0,,,,0,0,0,28,,,,0.016701979768586832,0.016701267356749972,0.35714285714285715,0.39285714285714285,-0.03571428571428571,-0.17857142857142858,0.10714285714285714,0.2857142857142857,0.25,0.03571428571428571,-0.10714285714285714,0.17857142857142858,0.8214285714285714,0.7142857142857143,0.10714285714285714,-0.03571428571428571,0.25,0.34782608695652173,23,0.35,0,28,0.0,23,0.0
gemma-2-2b-it,dev,cure_centred_svd_r1_a1,cure_centred_svd,1,1.0,neutral,pooled,exploratory,42,42,42,0.35793340773809523,0.22501627604166666,0.5952380952380952,0.38095238095238093,0.023809523809523808,0.13291713169642858,0.04682442801339286,0.23140142531622024,0.3713459789528387,0.1574069223457148,0.5430319184305602,5,5,1,37,1.0,1.0,1.0,0.0386809887244831,0.027464992711295856,0.6025641025641025,0.5641025641025641,0.038461538461538464,-0.01282051282051282,0.08974358974358974,0.5952380952380952,0.5833333333333334,0.011904761904761904,-0.05952380952380952,0.08333333333333333,0.9761904761904762,0.9880952380952381,-0.011904761904761904,-0.03571428571428571,0.0,0.6410256410256411,39,0.6410256410256411,5,42,0.11904761904761904,41,0.12195121951219512
gemma-2-2b-it,dev,cure_centred_svd_r1_a1,cure_centred_svd,1,1.0,neutral,bbq,exploratory,42,42,42,0.35793340773809523,0.22501627604166666,0.5952380952380952,0.38095238095238093,0.023809523809523808,0.13291713169642858,0.04682442801339286,0.23140142531622024,0.3713459789528387,0.1574069223457148,0.5430319184305602,5,5,1,37,1.0,1.0,1.0,0.0386809887244831,0.027464992711295856,0.6025641025641025,0.5641025641025641,0.038461538461538464,-0.01282051282051282,0.08974358974358974,0.5952380952380952,0.5833333333333334,0.011904761904761904,-0.05952380952380952,0.08333333333333333,0.9761904761904762,0.9880952380952381,-0.011904761904761904,-0.03571428571428571,0.0,0.6410256410256411,39,0.6410256410256411,5,42,0.11904761904761904,41,0.12195121951219512
gemma-2-2b-it,dev,cure_centred_svd_r2_a1,cure_centred_svd,2,1.0,demographic,pooled,exploratory,100,100,100,0.6788427734375,0.51947265625,0.59,0.4,0.01,0.1593701171875,0.0354744873046875,0.2831137695312498,0.23476734734979532,0.06150041030660039,0.36880831492092403,29,18,11,71,0.6206896551724138,0.4444444444444444,0.8,0.026649418234319756,0.025726102359992772,0.5808080808080808,0.4444444444444444,0.13636363636363635,0.06565656565656566,0.20719696969696902,0.495,0.415,0.08,0.015,0.145,0.885,0.905,-0.02,-0.075,0.03,0.5659340659340659,91,0.4627659574468085,13,100,0.13,85,0.15294117647058825
gemma-2-2b-it,dev,cure_centred_svd_r2_a1,cure_centred_svd,2,1.0,demographic,bbq,exploratory,42,42,42,0.44104585193452384,0.42868768601190477,0.5476190476190477,0.42857142857142855,0.023809523809523808,0.012358165922619048,-0.14967215401785713,0.15265299479166655,0.028020138650921234,-0.42789105255525434,0.2983796936467865,7,6,4,35,0.8571428571428571,0.5,1.0,0.03258275258972702,0.0296311068742948,0.6219512195121951,0.5487804878048781,0.07317073170731707,-0.012195121951219513,0.15853658536585366,0.5,0.5238095238095238,-0.023809523809523808,-0.09523809523809523,0.047619047619047616,0.9880952380952381,1.0,-0.011904761904761904,-0.03571428571428571,0.0,0.5121951219512195,41,0.573170731707317,10,42,0.23809523809523808,41,0.24390243902439024
gemma-2-2b-it,dev,cure_centred_svd_r2_a1,cure_centred_svd,2,1.0,demographic,crows_pairs,exploratory,30,30,30,0.9345377604166667,0.6871419270833333,0.6333333333333333,0.36666666666666664,0.0,0.24739583333333334,0.002584635416666668,0.5044466145833332,0.2647253474520185,0.0026684891198935808,0.4502835012234371,10,4,5,20,0.4,0.1,0.727840909090906,0.01996031954726363,0.02122431974700468,0.6666666666666666,0.36666666666666664,0.3,0.13333333333333333,0.4666666666666667,0.75,0.43333333333333335,0.31666666666666665,0.16666666666666666,0.4666666666666667,0.8,0.9,-0.1,-0.21666666666666667,0.0,0.94,25,0.4642857142857143,3,30,0.1,23,0.13043478260869565
gemma-2-2b-it,dev,cure_centred_svd_r2_a1,cure_centred_svd,2,1.0,demographic,stereoset,exploratory,28,28,28,0.7615792410714286,0.4760044642857143,0.6071428571428571,0.39285714285714285,0.0,0.2855747767857143,0.05913783482142857,0.5431535993303569,0.37497710203333945,0.10171695054049601,0.5735759165885731,12,8,2,16,0.6666666666666666,0.38461538461538464,0.9166666666666666,0.024916308151626158,0.024691934102455525,0.42857142857142855,0.375,0.05357142857142857,-0.05357142857142857,0.16071428571428573,0.21428571428571427,0.23214285714285715,-0.017857142857142856,-0.10714285714285714,0.08928571428571429,0.8214285714285714,0.7678571428571429,0.05357142857142857,-0.07142857142857142,0.19642857142857142,0.28,25,0.28,0,28,0.0,21,0.0
gemma-2-2b-it,dev,cure_centred_svd_r2_a1,cure_centred_svd,2,1.0,identity,pooled,exploratory,100,100,100,0.0,0.0,0.0,0.0,1.0,0.0,0.0,0.0,,,,0,0,0,100,,,,0.024798094662762324,0.024809858964967547,0.5670103092783505,0.41237113402061853,0.15463917525773196,0.05154639175257732,0.24742268041237114,0.47,0.41,0.06,-0.02,0.14,0.86,0.9,-0.04,-0.11,0.02,0.5662650602409639,83,0.47126436781609193,0,100,0.0,86,0.0
gemma-2-2b-it,dev,cure_centred_svd_r2_a1,cure_centred_svd,2,1.0,identity,bbq,exploratory,42,42,42,0.0,0.0,0.0,0.0,1.0,0.0,0.0,0.0,,,,0,0,0,42,,,,0.027157247739362504,0.027178154666154926,0.6410256410256411,0.5128205128205128,0.1282051282051282,0.0,0.2564102564102564,0.5,0.5238095238095238,-0.023809523809523808,-0.14285714285714285,0.07142857142857142,1.0,1.0,0.0,0.0,0.0,0.5384615384615384,39,0.5641025641025641,0,42,0.0,42,0.0
gemma-2-2b-it,dev,cure_centred_svd_r2_a1,cure_centred_svd,2,1.0,identity,crows_pairs,exploratory,30,30,30,0.0,0.0,0.0,0.0,1.0,0.0,0.0,0.0,,,,0,0,0,30,,,,0.021833137787133708,0.021839866410832676,0.6333333333333333,0.3,0.3333333333333333,0.13333333333333333,0.5333333333333333,0.7,0.4,0.3,0.13333333333333333,0.4666666666666667,0.7666666666666667,0.9333333333333333,-0.16666666666666666,-0.3,-0.03333333333333333,0.9130434782608695,23,0.42857142857142855,0,30,0.0,23,0.0
gemma-2-2b-it,dev,cure_centred_svd_r2_a1,cure_centred_svd,2,1.0,identity,stereoset,exploratory,28,28,28,0.0,0.0,0.0,0.0,1.0,0.0,0.0,0.0,,,,0,0,0,28,,,,0.024436104557464148,0.024439550292616692,0.39285714285714285,0.39285714285714285,0.0,-0.17857142857142858,0.17857142857142858,0.17857142857142858,0.25,-0.07142857142857142,-0.21428571428571427,0.03571428571428571,0.75,0.7142857142857143,0.03571428571428571,-0.10714285714285714,0.21428571428571427,0.23809523809523808,21,0.35,0,28,0.0,21,0.0
gemma-2-2b-it,dev,cure_centred_svd_r2_a1,cure_centred_svd,2,1.0,neutral,pooled,exploratory,42,42,42,0.35793340773809523,0.27181570870535715,0.6190476190476191,0.38095238095238093,0.0,0.0861176990327381,-0.014341808500744046,0.19385681152343734,0.24059698583863842,-0.04478997824117422,0.46871924192989434,5,5,1,37,1.0,1.0,1.0,0.050578372114075204,0.037229800317940015,0.6153846153846154,0.5641025641025641,0.05128205128205128,-0.038461538461538464,0.1282051282051282,0.5714285714285714,0.5833333333333334,-0.011904761904761904,-0.08333333333333333,0.05952380952380952,0.9880952380952381,0.9880952380952381,0.0,0.0,0.0,0.6153846153846154,39,0.6410256410256411,9,42,0.21428571428571427,41,0.21951219512195122
gemma-2-2b-it,dev,cure_centred_svd_r2_a1,cure_centred_svd,2,1.0,neutral,bbq,exploratory,42,42,42,0.35793340773809523,0.27181570870535715,0.6190476190476191,0.38095238095238093,0.0,0.0861176990327381,-0.014341808500744046,0.19385681152343734,0.24059698583863842,-0.04478997824117422,0.46871924192989434,5,5,1,37,1.0,1.0,1.0,0.050578372114075204,0.037229800317940015,0.6153846153846154,0.5641025641025641,0.05128205128205128,-0.038461538461538464,0.1282051282051282,0.5714285714285714,0.5833333333333334,-0.011904761904761904,-0.08333333333333333,0.05952380952380952,0.9880952380952381,0.9880952380952381,0.0,0.0,0.0,0.6153846153846154,39,0.6410256410256411,9,42,0.21428571428571427,41,0.21951219512195122
gemma-2-2b-it,dev,cure_centred_svd_r4_a1,cure_centred_svd,4,1.0,demographic,pooled,exploratory,100,100,100,0.6788427734375,0.504454345703125,0.58,0.4,0.02,0.174388427734375,0.05232937622070312,0.297805694580078,0.2568907478403476,0.08977259736261431,0.3830993520380595,29,17,9,71,0.5862068965517241,0.4074074074074074,0.7667307692307689,0.03703124198309246,0.03384183543972061,0.5757575757575758,0.4444444444444444,0.13131313131313133,0.05555555555555555,0.20707070707070707,0.53,0.415,0.115,0.05,0.1801249999999993,0.895,0.905,-0.01,-0.06,0.035,0.6043956043956044,91,0.4627659574468085,19,100,0.19,87,0.21839080459770116
gemma-2-2b-it,dev,cure_centred_svd_r4_a1,cure_centred_svd,4,1.0,demographic,bbq,exploratory,42,42,42,0.44104585193452384,0.3916131882440476,0.5238095238095238,0.42857142857142855,0.047619047619047616,0.04943266369047619,-0.1138276599702381,0.19212355840773798,0.11208055460368505,-0.31340965503309126,0.37277302483429126,7,6,2,35,0.8571428571428571,0.5,1.0,0.04324265802692667,0.035917652461343055,0.5975609756097561,0.5487804878048781,0.04878048780487805,-0.06097560975609756,0.15853658536585366,0.5357142857142857,0.5238095238095238,0.011904761904761904,-0.05952380952380952,0.08333333333333333,0.9880952380952381,1.0,-0.011904761904761904,-0.03571428571428571,0.0,0.5609756097560976,41,0.573170731707317,12,42,0.2857142857142857,41,0.2926829268292683
gemma-2-2b-it,dev,cure_centred_svd_r4_a1,cure_centred_svd,4,1.0,demographic,crows_pairs,exploratory,30,30,30,0.9345377604166667,0.6602091471354167,0.6666666666666666,0.3333333333333333,0.0,0.27432861328125,0.007796223958333333,0.5495063273111976,0.2935447072346651,0.011779398425817177,0.4617218294408108,10,3,5,20,0.3,0.0,0.625,0.03125968560728161,0.031106500392765912,0.6833333333333333,0.36666666666666664,0.31666666666666665,0.16666666666666666,0.4666666666666667,0.8,0.43333333333333335,0.36666666666666664,0.21666666666666667,0.5166666666666667,0.85,0.9,-0.05,-0.15,0.03333333333333333,0.9423076923076923,26,0.4642857142857143,3,30,0.1,25,0.12
gemma-2-2b-it,dev,cure_centred_svd_r4_a1,cure_centred_svd,4,1.0,demographic,stereoset,exploratory,28,28,28,0.7615792410714286,0.5068359375,0.5714285714285714,0.42857142857142855,0.0,0.25474330357142855,0.027605329241071428,0.526381138392857,0.33449349697746844,0.04994041851972444,0.5573185881044038,12,8,2,16,0.6666666666666666,0.375,0.9166666666666666,0.03389792831999562,0.03365882602902411,0.42857142857142855,0.375,0.05357142857142857,-0.03571428571428571,0.14285714285714285,0.23214285714285715,0.23214285714285715,0.0,-0.08928571428571429,0.10714285714285714,0.8035714285714286,0.7678571428571429,0.03571428571428571,-0.08928571428571429,0.17857142857142858,0.3125,24,0.28,4,28,0.14285714285714285,21,0.19047619047619047
gemma-2-2b-it,dev,cure_centred_svd_r4_a1,cure_centred_svd,4,1.0,identity,pooled,exploratory,100,100,100,0.0,0.0,0.0,0.0,1.0,0.0,0.0,0.0,,,,0,0,0,100,,,,0.03280166383769027,0.0328112461992278,0.5979381443298969,0.41237113402061853,0.18556701030927836,0.09278350515463918,0.27835051546391754,0.51,0.41,0.1,0.01,0.19,0.87,0.9,-0.03,-0.09,0.03,0.6071428571428571,84,0.47126436781609193,0,100,0.0,87,0.0
gemma-2-2b-it,dev,cure_centred_svd_r4_a1,cure_centred_svd,4,1.0,identity,bbq,exploratory,42,42,42,0.0,0.0,0.0,0.0,1.0,0.0,0.0,0.0,,,,0,0,0,42,,,,0.03358993880702629,0.0336059508259791,0.6666666666666666,0.5128205128205128,0.15384615384615385,0.02564102564102564,0.28205128205128205,0.5238095238095238,0.5238095238095238,0.0,-0.14285714285714285,0.11904761904761904,1.0,1.0,0.0,0.0,0.0,0.5641025641025641,39,0.5641025641025641,0,42,0.0,42,0.0
gemma-2-2b-it,dev,cure_centred_svd_r4_a1,cure_centred_svd,4,1.0,identity,crows_pairs,exploratory,30,30,30,0.0,0.0,0.0,0.0,1.0,0.0,0.0,0.0,,,,0,0,0,30,,,,0.031096070844231653,0.03109058882193406,0.6666666666666666,0.3,0.36666666666666664,0.2,0.5333333333333333,0.7666666666666667,0.4,0.36666666666666664,0.2,0.5333333333333333,0.8333333333333334,0.9333333333333333,-0.1,-0.23333333333333334,0.0,0.92,25,0.42857142857142855,0,30,0.0,25,0.0
gemma-2-2b-it,dev,cure_centred_svd_r4_a1,cure_centred_svd,4,1.0,identity,stereoset,exploratory,28,28,28,0.0,0.0,0.0,0.0,1.0,0.0,0.0,0.0,,,,0,0,0,28,,,,0.03344667244810616,0.03346275073477274,0.42857142857142855,0.39285714285714285,0.03571428571428571,-0.10714285714285714,0.21428571428571427,0.21428571428571427,0.25,-0.03571428571428571,-0.17857142857142858,0.07142857142857142,0.7142857142857143,0.7142857142857143,0.0,-0.17857142857142858,0.17857142857142858,0.3,20,0.35,0,28,0.0,20,0.0
gemma-2-2b-it,dev,cure_centred_svd_r4_a1,cure_centred_svd,4,1.0,neutral,pooled,exploratory,42,42,42,0.35793340773809523,0.20747302827380953,0.6904761904761905,0.23809523809523808,0.07142857142857142,0.15046037946428573,0.05641973586309524,0.25218331473214284,0.42035858126542813,0.18597065646387376,0.5970005666924207,5,5,1,37,1.0,1.0,1.0,0.0592171864619197,0.04416273119493586,0.6153846153846154,0.5641025641025641,0.05128205128205128,-0.038461538461538464,0.1282051282051282,0.5714285714285714,0.5833333333333334,-0.011904761904761904,-0.08333333333333333,0.05952380952380952,0.9880952380952381,0.9880952380952381,0.0,0.0,0.0,0.6153846153846154,39,0.6410256410256411,8,42,0.19047619047619047,41,0.1951219512195122
gemma-2-2b-it,dev,cure_centred_svd_r4_a1,cure_centred_svd,4,1.0,neutral,bbq,exploratory,42,42,42,0.35793340773809523,0.20747302827380953,0.6904761904761905,0.23809523809523808,0.07142857142857142,0.15046037946428573,0.05641973586309524,0.25218331473214284,0.42035858126542813,0.18597065646387376,0.5970005666924207,5,5,1,37,1.0,1.0,1.0,0.0592171864619197,0.04416273119493586,0.6153846153846154,0.5641025641025641,0.05128205128205128,-0.038461538461538464,0.1282051282051282,0.5714285714285714,0.5833333333333334,-0.011904761904761904,-0.08333333333333333,0.05952380952380952,0.9880952380952381,0.9880952380952381,0.0,0.0,0.0,0.6153846153846154,39,0.6410256410256411,8,42,0.19047619047619047,41,0.1951219512195122
gemma-2-2b-it,dev,identity_alpha0_r1_a0,identity_alpha0,1,0.0,demographic,pooled,exploratory,100,100,100,0.6788427734375,0.6788427734375,0.0,0.0,1.0,0.0,0.0,0.0,0.0,0.0,0.0,29,0,0,71,0.0,0.0,0.0,0.0,0.0,0.4444444444444444,0.4444444444444444,0.0,0.0,0.0,0.415,0.415,0.0,0.0,0.0,0.905,0.905,0.0,0.0,0.0,0.4627659574468085,94,0.4627659574468085,28,100,0.28,86,0.32558139534883723
gemma-2-2b-it,dev,identity_alpha0_r1_a0,identity_alpha0,1,0.0,demographic,bbq,exploratory,42,42,42,0.44104585193452384,0.44104585193452384,0.0,0.0,1.0,0.0,0.0,0.0,0.0,0.0,0.0,7,0,0,35,0.0,0.0,0.0,0.0,0.0,0.5487804878048781,0.5487804878048781,0.0,0.0,0.0,0.5238095238095238,0.5238095238095238,0.0,0.0,0.0,1.0,1.0,0.0,0.0,0.0,0.573170731707317,41,0.573170731707317,12,42,0.2857142857142857,42,0.2857142857142857
gemma-2-2b-it,dev,identity_alpha0_r1_a0,identity_alpha0,1,0.0,demographic,crows_pairs,exploratory,30,30,30,0.9345377604166667,0.9345377604166667,0.0,0.0,1.0,0.0,0.0,0.0,0.0,0.0,0.0,10,0,0,20,0.0,0.0,0.0,0.0,0.0,0.36666666666666664,0.36666666666666664,0.0,0.0,0.0,0.43333333333333335,0.43333333333333335,0.0,0.0,0.0,0.9,0.9,0.0,0.0,0.0,0.4642857142857143,28,0.4642857142857143,10,30,0.3333333333333333,26,0.38461538461538464
gemma-2-2b-it,dev,identity_alpha0_r1_a0,identity_alpha0,1,0.0,demographic,stereoset,exploratory,28,28,28,0.7615792410714286,0.7615792410714286,0.0,0.0,1.0,0.0,0.0,0.0,0.0,0.0,0.0,12,0,0,16,0.0,0.0,0.0,0.0,0.0,0.375,0.375,0.0,0.0,0.0,0.23214285714285715,0.23214285714285715,0.0,0.0,0.0,0.7678571428571429,0.7678571428571429,0.0,0.0,0.0,0.28,25,0.28,6,28,0.21428571428571427,18,0.3333333333333333
gemma-2-2b-it,dev,identity_alpha0_r1_a0,identity_alpha0,1,0.0,identity,pooled,exploratory,100,100,100,0.0,0.0,0.0,0.0,1.0,0.0,0.0,0.0,,,,0,0,0,100,,,,0.0,0.0,0.41237113402061853,0.41237113402061853,0.0,0.0,0.0,0.41,0.41,0.0,0.0,0.0,0.9,0.9,0.0,0.0,0.0,0.47126436781609193,87,0.47126436781609193,0,100,0.0,90,0.0
gemma-2-2b-it,dev,identity_alpha0_r1_a0,identity_alpha0,1,0.0,identity,bbq,exploratory,42,42,42,0.0,0.0,0.0,0.0,1.0,0.0,0.0,0.0,,,,0,0,0,42,,,,0.0,0.0,0.5128205128205128,0.5128205128205128,0.0,0.0,0.0,0.5238095238095238,0.5238095238095238,0.0,0.0,0.0,1.0,1.0,0.0,0.0,0.0,0.5641025641025641,39,0.5641025641025641,0,42,0.0,42,0.0
gemma-2-2b-it,dev,identity_alpha0_r1_a0,identity_alpha0,1,0.0,identity,crows_pairs,exploratory,30,30,30,0.0,0.0,0.0,0.0,1.0,0.0,0.0,0.0,,,,0,0,0,30,,,,0.0,0.0,0.3,0.3,0.0,0.0,0.0,0.4,0.4,0.0,0.0,0.0,0.9333333333333333,0.9333333333333333,0.0,0.0,0.0,0.42857142857142855,28,0.42857142857142855,0,30,0.0,28,0.0
gemma-2-2b-it,dev,identity_alpha0_r1_a0,identity_alpha0,1,0.0,identity,stereoset,exploratory,28,28,28,0.0,0.0,0.0,0.0,1.0,0.0,0.0,0.0,,,,0,0,0,28,,,,0.0,0.0,0.39285714285714285,0.39285714285714285,0.0,0.0,0.0,0.25,0.25,0.0,0.0,0.0,0.7142857142857143,0.7142857142857143,0.0,0.0,0.0,0.35,20,0.35,0,28,0.0,20,0.0
gemma-2-2b-it,dev,identity_alpha0_r1_a0,identity_alpha0,1,0.0,neutral,pooled,exploratory,42,42,42,0.35793340773809523,0.35793340773809523,0.0,0.0,1.0,0.0,0.0,0.0,0.0,0.0,0.0,5,0,0,37,0.0,0.0,0.0,0.0,0.0,0.5641025641025641,0.5641025641025641,0.0,0.0,0.0,0.5833333333333334,0.5833333333333334,0.0,0.0,0.0,0.9880952380952381,0.9880952380952381,0.0,0.0,0.0,0.6410256410256411,39,0.6410256410256411,9,42,0.21428571428571427,41,0.21951219512195122
gemma-2-2b-it,dev,identity_alpha0_r1_a0,identity_alpha0,1,0.0,neutral,bbq,exploratory,42,42,42,0.35793340773809523,0.35793340773809523,0.0,0.0,1.0,0.0,0.0,0.0,0.0,0.0,0.0,5,0,0,37,0.0,0.0,0.0,0.0,0.0,0.5641025641025641,0.5641025641025641,0.0,0.0,0.0,0.5833333333333334,0.5833333333333334,0.0,0.0,0.0,0.9880952380952381,0.9880952380952381,0.0,0.0,0.0,0.6410256410256411,39,0.6410256410256411,9,42,0.21428571428571427,41,0.21951219512195122
gemma-2-2b-it,dev,leace_faithful_r1_a1,leace_faithful,1,1.0,demographic,pooled,exploratory,100,100,100,0.6788427734375,0.6703680419921875,0.45,0.47,0.08,0.0084747314453125,-0.037385574340820314,0.052922531127929634,0.012484085825055558,-0.05669677879787687,0.07489739475978605,29,4,6,71,0.13793103448275862,0.03330645161290323,0.2813616071428565,0.001129848661802864,0.0013716354792940191,0.45454545454545453,0.4444444444444444,0.010101010101010102,-0.010101010101010102,0.03535353535353535,0.42,0.415,0.005,-0.015,0.025,0.9,0.905,-0.005,-0.015,0.0,0.46236559139784944,93,0.4627659574468085,28,100,0.28,86,0.32558139534883723
gemma-2-2b-it,dev,leace_faithful_r1_a1,leace_faithful,1,1.0,demographic,bbq,exploratory,42,42,42,0.44104585193452384,0.45363653273809523,0.38095238095238093,0.47619047619047616,0.14285714285714285,-0.012590680803571428,-0.06077154250372024,0.03744652157738095,-0.02854732846561414,-0.15667228175045286,0.08354611110954663,7,1,0,35,0.14285714285714285,0.0,0.5,0.0012617405947329449,0.0015159965485234109,0.5609756097560976,0.5487804878048781,0.012195121951219513,0.0,0.036585365853658534,0.5119047619047619,0.5238095238095238,-0.011904761904761904,-0.03571428571428571,0.0,1.0,1.0,0.0,0.0,0.0,0.5487804878048781,41,0.573170731707317,11,42,0.2619047619047619,42,0.2619047619047619
gemma-2-2b-it,dev,leace_faithful_r1_a1,leace_faithful,1,1.0,demographic,crows_pairs,exploratory,30,30,30,0.9345377604166667,0.8298075358072917,0.6666666666666666,0.3333333333333333,0.0,0.104730224609375,0.021199188232421874,0.2039257812499999,0.11206633808213451,0.022075972494998423,0.21870768136259086,10,1,2,20,0.1,0.0,0.3333333333333333,0.0012080594501683722,0.0013850483772244644,0.38333333333333336,0.36666666666666664,0.016666666666666666,-0.03333333333333333,0.06666666666666667,0.4666666666666667,0.43333333333333335,0.03333333333333333,0.0,0.08333333333333333,0.9,0.9,0.0,0.0,0.0,0.5,28,0.4642857142857143,10,30,0.3333333333333333,26,0.38461538461538464
gemma-2-2b-it,dev,leace_faithful_r1_a1,leace_faithful,1,1.0,demographic,stereoset,exploratory,28,28,28,0.7615792410714286,0.8246372767857143,0.32142857142857145,0.6071428571428571,0.07142857142857142,-0.06305803571428571,-0.15137416294642858,0.024009486607142784,-0.08279904744458699,-0.23394489227944357,0.028434853429636215,12,2,4,16,0.16666666666666666,0.0,0.4004166666666644,0.000848213489158984,0.0011407229133815994,0.375,0.375,0.0,-0.05357142857142857,0.05357142857142857,0.23214285714285715,0.23214285714285715,0.0,-0.05357142857142857,0.05357142857142857,0.75,0.7678571428571429,-0.017857142857142856,-0.05357142857142857,0.0,0.2708333333333333,24,0.28,7,28,0.25,18,0.3888888888888889
gemma-2-2b-it,dev,leace_faithful_r1_a1,leace_faithful,1,1.0,identity,pooled,exploratory,100,100,100,0.0,0.0,0.0,0.0,1.0,0.0,0.0,0.0,,,,0,0,0,100,,,,0.0014040972452722459,0.0014027169236434406,0.4329896907216495,0.41237113402061853,0.020618556701030927,-0.020618556701030927,0.061855670103092786,0.4,0.41,-0.01,-0.05,0.02,0.9,0.9,0.0,0.0,0.0,0.45977011494252873,87,0.47126436781609193,0,100,0.0,90,0.0
gemma-2-2b-it,dev,leace_faithful_r1_a1,leace_faithful,1,1.0,identity,bbq,exploratory,42,42,42,0.0,0.0,0.0,0.0,1.0,0.0,0.0,0.0,,,,0,0,0,42,,,,0.001355692560415347,0.0013541638692757762,0.5384615384615384,0.5128205128205128,0.02564102564102564,0.0,0.07692307692307693,0.47619047619047616,0.5238095238095238,-0.047619047619047616,-0.11904761904761904,0.0,1.0,1.0,0.0,0.0,0.0,0.5128205128205128,39,0.5641025641025641,0,42,0.0,42,0.0
gemma-2-2b-it,dev,leace_faithful_r1_a1,leace_faithful,1,1.0,identity,crows_pairs,exploratory,30,30,30,0.0,0.0,0.0,0.0,1.0,0.0,0.0,0.0,,,,0,0,0,30,,,,0.0015144995590418095,0.0015110669669587812,0.36666666666666664,0.3,0.06666666666666667,0.0,0.16666666666666666,0.43333333333333335,0.4,0.03333333333333333,0.0,0.1,0.9333333333333333,0.9333333333333333,0.0,0.0,0.0,0.4642857142857143,28,0.42857142857142855,0,30,0.0,28,0.0
gemma-2-2b-it,dev,leace_faithful_r1_a1,leace_faithful,1,1.0,identity,stereoset,exploratory,28,28,28,0.0,0.0,0.0,0.0,1.0,0.0,0.0,0.0,,,,0,0,0,28,,,,0.0013584160792330623,0.001359457173071357,0.35714285714285715,0.39285714285714285,-0.03571428571428571,-0.10714285714285714,0.0,0.25,0.25,0.0,0.0,0.0,0.7142857142857143,0.7142857142857143,0.0,0.0,0.0,0.35,20,0.35,0,28,0.0,20,0.0
gemma-2-2b-it,dev,leace_faithful_r1_a1,leace_faithful,1,1.0,neutral,pooled,exploratory,42,42,42,0.35793340773809523,0.36685325985863093,0.38095238095238093,0.5,0.11904761904761904,-0.008919852120535714,-0.0574950445265997,0.03964400518508184,-0.02492042354163959,-0.17384377086167757,0.11547332688944119,5,1,0,37,0.2,0.0,0.6666666666666666,0.0005749864965695713,0.0009924241122307403,0.5641025641025641,0.5641025641025641,0.0,-0.038461538461538464,0.038461538461538464,0.5595238095238095,0.5833333333333334,-0.023809523809523808,-0.05952380952380952,0.0,0.9880952380952381,0.9880952380952381,0.0,0.0,0.0,0.6025641025641025,39,0.6410256410256411,9,42,0.21428571428571427,41,0.21951219512195122
gemma-2-2b-it,dev,leace_faithful_r1_a1,leace_faithful,1,1.0,neutral,bbq,exploratory,42,42,42,0.35793340773809523,0.36685325985863093,0.38095238095238093,0.5,0.11904761904761904,-0.008919852120535714,-0.0574950445265997,0.03964400518508184,-0.02492042354163959,-0.17384377086167757,0.11547332688944119,5,1,0,37,0.2,0.0,0.6666666666666666,0.0005749864965695713,0.0009924241122307403,0.5641025641025641,0.5641025641025641,0.0,-0.038461538461538464,0.038461538461538464,0.5595238095238095,0.5833333333333334,-0.023809523809523808,-0.05952380952380952,0.0,0.9880952380952381,0.9880952380952381,0.0,0.0,0.0,0.6025641025641025,39,0.6410256410256411,9,42,0.21428571428571427,41,0.21951219512195122
gemma-2-2b-it,dev,leace_sequential_r1_a1,leace_sequential,1,1.0,demographic,pooled,exploratory,100,100,100,0.6788427734375,0.67400390625,0.5,0.41,0.09,0.0048388671875,-0.042976806640625,0.05276623535156249,0.007128111805620452,-0.0676553700362937,0.07543763670769185,29,5,3,71,0.1724137931034483,0.03842592592592593,0.32142857142857145,0.0008551794931100349,0.001029759978833678,0.45454545454545453,0.4444444444444444,0.010101010101010102,-0.015151515151515152,0.03535353535353535,0.415,0.415,0.0,-0.025,0.02,0.895,0.905,-0.01,-0.025,0.0,0.46774193548387094,93,0.4627659574468085,28,100,0.28,85,0.32941176470588235
gemma-2-2b-it,dev,leace_sequential_r1_a1,leace_sequential,1,1.0,demographic,bbq,exploratory,42,42,42,0.44104585193452384,0.4206659226190476,0.5476190476190477,0.3333333333333333,0.11904761904761904,0.020379929315476192,-0.023811558314732143,0.06951700846354163,0.046208187257822164,-0.05778612664388529,0.15614064624604257,7,1,0,35,0.14285714285714285,0.0,0.5,0.0008959043879955515,0.0010403078346528222,0.5609756097560976,0.5487804878048781,0.012195121951219513,0.0,0.036585365853658534,0.5119047619047619,0.5238095238095238,-0.011904761904761904,-0.03571428571428571,0.0,0.9880952380952381,1.0,-0.011904761904761904,-0.03571428571428571,0.0,0.573170731707317,41,0.573170731707317,12,42,0.2857142857142857,41,0.2926829268292683
gemma-2-2b-it,dev,leace_sequential_r1_a1,leace_sequential,1,1.0,demographic,crows_pairs,exploratory,30,30,30,0.9345377604166667,0.8568359375,0.6666666666666666,0.3,0.03333333333333333,0.07770182291666666,-0.005140787760416665,0.15819905598958317,0.0831446584694695,-0.007233754982659816,0.1729464735261394,10,1,1,20,0.1,0.0,0.3333333333333333,0.0007981870008673549,0.0010284100154477897,0.36666666666666664,0.36666666666666664,0.0,-0.05,0.05,0.48333333333333334,0.43333333333333335,0.05,0.0,0.11666666666666667,0.9,0.9,0.0,0.0,0.0,0.5178571428571429,28,0.4642857142857143,11,30,0.36666666666666664,26,0.4230769230769231
gemma-2-2b-it,dev,leace_sequential_r1_a1,leace_sequential,1,1.0,demographic,stereoset,exploratory,28,28,28,0.7615792410714286,0.8581194196428571,0.25,0.6428571428571429,0.10714285714285714,-0.09654017857142858,-0.20341796874999998,0.01707589285714255,-0.1267631434328631,-0.290796095166655,0.02403219422321538,12,3,2,16,0.25,0.0,0.5,0.0008551555353274885,0.0010153845844469852,0.39285714285714285,0.375,0.017857142857142856,-0.03571428571428571,0.08928571428571429,0.19642857142857142,0.23214285714285715,-0.03571428571428571,-0.08928571428571429,0.0,0.75,0.7678571428571429,-0.017857142857142856,-0.05357142857142857,0.0,0.22916666666666666,24,0.28,5,28,0.17857142857142858,18,0.2777777777777778
gemma-2-2b-it,dev,leace_sequential_r1_a1,leace_sequential,1,1.0,identity,pooled,exploratory,100,100,100,0.0,0.0,0.0,0.0,1.0,0.0,0.0,0.0,,,,0,0,0,100,,,,0.0011688217653224378,0.001168708915590836,0.4329896907216495,0.41237113402061853,0.020618556701030927,-0.020618556701030927,0.061855670103092786,0.41,0.41,0.0,-0.03,0.03,0.9,0.9,0.0,0.0,0.0,0.47126436781609193,87,0.47126436781609193,0,100,0.0,90,0.0
gemma-2-2b-it,dev,leace_sequential_r1_a1,leace_sequential,1,1.0,identity,bbq,exploratory,42,42,42,0.0,0.0,0.0,0.0,1.0,0.0,0.0,0.0,,,,0,0,0,42,,,,0.0011149902429215912,0.0011147193592721517,0.5384615384615384,0.5128205128205128,0.02564102564102564,0.0,0.07692307692307693,0.5238095238095238,0.5238095238095238,0.0,0.0,0.0,1.0,1.0,0.0,0.0,0.0,0.5641025641025641,39,0.5641025641025641,0,42,0.0,42,0.0
gemma-2-2b-it,dev,leace_sequential_r1_a1,leace_sequential,1,1.0,identity,crows_pairs,exploratory,30,30,30,0.0,0.0,0.0,0.0,1.0,0.0,0.0,0.0,,,,0,0,0,30,,,,0.001275056458976343,0.0012758356071090947,0.3333333333333333,0.3,0.03333333333333333,0.0,0.1,0.43333333333333335,0.4,0.03333333333333333,0.0,0.1,0.9333333333333333,0.9333333333333333,0.0,0.0,0.0,0.4642857142857143,28,0.42857142857142855,0,30,0.0,28,0.0
gemma-2-2b-it,dev,leace_sequential_r1_a1,leace_sequential,1,1.0,identity,stereoset,exploratory,28,28,28,0.0,0.0,0.0,0.0,1.0,0.0,0.0,0.0,,,,0,0,0,28,,,,0.0011357461628659518,0.001134914652013586,0.39285714285714285,0.39285714285714285,0.0,-0.10714285714285714,0.10714285714285714,0.21428571428571427,0.25,-0.03571428571428571,-0.10714285714285714,0.0,0.7142857142857143,0.7142857142857143,0.0,0.0,0.0,0.3,20,0.35,0,28,0.0,20,0.0
gemma-2-2b-it,dev,leace_sequential_r1_a1,leace_sequential,1,1.0,neutral,pooled,exploratory,42,42,42,0.35793340773809523,0.3697102864583333,0.42857142857142855,0.40476190476190477,0.16666666666666666,-0.011776878720238096,-0.05240856352306548,0.02771838960193451,-0.03290242951799405,-0.15538932334857591,0.07732228001046412,5,0,0,37,0.0,0.0,0.0,0.000318633985998138,0.0007926929529144113,0.5769230769230769,0.5641025641025641,0.01282051282051282,0.0,0.038461538461538464,0.5833333333333334,0.5833333333333334,0.0,0.0,0.0,0.9880952380952381,0.9880952380952381,0.0,0.0,0.0,0.6410256410256411,39,0.6410256410256411,9,42,0.21428571428571427,41,0.21951219512195122
gemma-2-2b-it,dev,leace_sequential_r1_a1,leace_sequential,1,1.0,neutral,bbq,exploratory,42,42,42,0.35793340773809523,0.3697102864583333,0.42857142857142855,0.40476190476190477,0.16666666666666666,-0.011776878720238096,-0.05240856352306548,0.02771838960193451,-0.03290242951799405,-0.15538932334857591,0.07732228001046412,5,0,0,37,0.0,0.0,0.0,0.000318633985998138,0.0007926929529144113,0.5769230769230769,0.5641025641025641,0.01282051282051282,0.0,0.038461538461538464,0.5833333333333334,0.5833333333333334,0.0,0.0,0.0,0.9880952380952381,0.9880952380952381,0.0,0.0,0.0,0.6410256410256411,39,0.6410256410256411,9,42,0.21428571428571427,41,0.21951219512195122
gemma-2-2b-it,dev,mean_difference_r1_a1,mean_difference,1,1.0,demographic,pooled,exploratory,100,100,100,0.6788427734375,0.6550390625,0.49,0.48,0.03,0.0238037109375,-0.0312822265625,0.07733264160156246,0.03506513123350141,-0.0513622156716819,0.11195036663686474,29,4,3,71,0.13793103448275862,0.03225806451612903,0.27586206896551724,0.0036211516684449135,0.0031537240570935474,0.43434343434343436,0.4444444444444444,-0.010101010101010102,-0.045454545454545456,0.020202020202020204,0.46,0.415,0.045,0.01,0.08,0.915,0.905,0.01,-0.01,0.035,0.5052631578947369,95,0.4627659574468085,24,100,0.24,87,0.27586206896551724
gemma-2-2b-it,dev,mean_difference_r1_a1,mean_difference,1,1.0,demographic,bbq,exploratory,42,42,42,0.44104585193452384,0.45712425595238093,0.42857142857142855,0.5476190476190477,0.023809523809523808,-0.016078404017857144,-0.0739987327938988,0.04434204101562499,-0.03645517568600565,-0.19464452825315323,0.09681695998045545,7,1,2,35,0.14285714285714285,0.0,0.5,0.004873355277037287,0.0034497954419227613,0.5609756097560976,0.5487804878048781,0.012195121951219513,-0.06097560975609756,0.07317073170731707,0.5238095238095238,0.5238095238095238,0.0,-0.03571428571428571,0.03571428571428571,1.0,1.0,0.0,0.0,0.0,0.5609756097560976,41,0.573170731707317,10,42,0.23809523809523808,42,0.23809523809523808
gemma-2-2b-it,dev,mean_difference_r1_a1,mean_difference,1,1.0,demographic,crows_pairs,exploratory,30,30,30,0.9345377604166667,0.816015625,0.5333333333333333,0.4,0.06666666666666667,0.11852213541666666,0.008194986979166667,0.2440169270833333,0.12682434079905258,0.009723814998426802,0.24126475849827655,10,2,0,20,0.2,0.0,0.5,0.0027568497818766555,0.0029446054342022036,0.36666666666666664,0.36666666666666664,0.0,-0.05,0.05,0.5833333333333334,0.43333333333333335,0.15,0.06666666666666667,0.25,0.9,0.9,0.0,0.0,0.0,0.6428571428571429,28,0.4642857142857143,10,30,0.3333333333333333,26,0.38461538461538464
gemma-2-2b-it,dev,mean_difference_r1_a1,mean_difference,1,1.0,demographic,stereoset,exploratory,28,28,28,0.7615792410714286,0.7794363839285714,0.5357142857142857,0.4642857142857143,0.0,-0.017857142857142856,-0.12753208705357144,0.08203125,-0.023447517860414102,-0.18178071287058406,0.09988181424093819,12,1,1,16,0.08333333333333333,0.0,0.2727272727272727,0.0026688839911652,0.002933672647233309,0.32142857142857145,0.375,-0.05357142857142857,-0.10714285714285714,0.0,0.23214285714285715,0.23214285714285715,0.0,-0.05357142857142857,0.05357142857142857,0.8035714285714286,0.7678571428571429,0.03571428571428571,-0.03571428571428571,0.14285714285714285,0.2692307692307692,26,0.28,4,28,0.14285714285714285,19,0.21052631578947367
gemma-2-2b-it,dev,mean_difference_r1_a1,mean_difference,1,1.0,identity,pooled,exploratory,100,100,100,0.0,0.0,0.0,0.0,1.0,0.0,0.0,0.0,,,,0,0,0,100,,,,0.0031989640198341724,0.0031999626703726504,0.3917525773195876,0.41237113402061853,-0.020618556701030927,-0.07216494845360824,0.030927835051546393,0.44,0.41,0.03,-0.02,0.08,0.92,0.9,0.02,0.0,0.05,0.4943820224719101,89,0.47126436781609193,0,100,0.0,92,0.0
gemma-2-2b-it,dev,mean_difference_r1_a1,mean_difference,1,1.0,identity,bbq,exploratory,42,42,42,0.0,0.0,0.0,0.0,1.0,0.0,0.0,0.0,,,,0,0,0,42,,,,0.003261629893032351,0.0032610530605737217,0.5128205128205128,0.5128205128205128,0.0,-0.07692307692307693,0.07692307692307693,0.47619047619047616,0.5238095238095238,-0.047619047619047616,-0.11904761904761904,0.0,1.0,1.0,0.0,0.0,0.0,0.5128205128205128,39,0.5641025641025641,0,42,0.0,42,0.0
gemma-2-2b-it,dev,mean_difference_r1_a1,mean_difference,1,1.0,identity,crows_pairs,exploratory,30,30,30,0.0,0.0,0.0,0.0,1.0,0.0,0.0,0.0,,,,0,0,0,30,,,,0.0031478669565101597,0.003148915750957798,0.3333333333333333,0.3,0.03333333333333333,0.0,0.1,0.5333333333333333,0.4,0.13333333333333333,0.03333333333333333,0.26666666666666666,0.9333333333333333,0.9333333333333333,0.0,0.0,0.0,0.5714285714285714,28,0.42857142857142855,0,30,0.0,28,0.0
gemma-2-2b-it,dev,mean_difference_r1_a1,mean_difference,1,1.0,identity,stereoset,exploratory,28,28,28,0.0,0.0,0.0,0.0,1.0,0.0,0.0,0.0,,,,0,0,0,28,,,,0.003159712063598346,0.0031630202130155274,0.2857142857142857,0.39285714285714285,-0.10714285714285714,-0.21428571428571427,0.0,0.2857142857142857,0.25,0.03571428571428571,0.0,0.10714285714285714,0.7857142857142857,0.7142857142857143,0.07142857142857142,0.0,0.17857142857142858,0.36363636363636365,22,0.35,0,28,0.0,22,0.0
gemma-2-2b-it,dev,mean_difference_r1_a1,mean_difference,1,1.0,neutral,pooled,exploratory,42,42,42,0.35793340773809523,0.3381754557291667,0.5,0.42857142857142855,0.07142857142857142,0.019757952008928572,-0.027464367094494048,0.06710001627604162,0.05520007795244897,-0.07963828060237635,0.18538882296057788,5,0,0,37,0.0,0.0,0.0,0.002520880005731818,0.002767538119470743,0.5512820512820513,0.5641025641025641,-0.01282051282051282,-0.07692307692307693,0.038461538461538464,0.5714285714285714,0.5833333333333334,-0.011904761904761904,-0.047619047619047616,0.023809523809523808,0.9880952380952381,0.9880952380952381,0.0,0.0,0.0,0.6153846153846154,39,0.6410256410256411,7,42,0.16666666666666666,41,0.17073170731707318
gemma-2-2b-it,dev,mean_difference_r1_a1,mean_difference,1,1.0,neutral,bbq,exploratory,42,42,42,0.35793340773809523,0.3381754557291667,0.5,0.42857142857142855,0.07142857142857142,0.019757952008928572,-0.027464367094494048,0.06710001627604162,0.05520007795244897,-0.07963828060237635,0.18538882296057788,5,0,0,37,0.0,0.0,0.0,0.002520880005731818,0.002767538119470743,0.5512820512820513,0.5641025641025641,-0.01282051282051282,-0.07692307692307693,0.038461538461538464,0.5714285714285714,0.5833333333333334,-0.011904761904761904,-0.047619047619047616,0.023809523809523808,0.9880952380952381,0.9880952380952381,0.0,0.0,0.0,0.6153846153846154,39,0.6410256410256411,7,42,0.16666666666666666,41,0.17073170731707318
gemma-2-2b-it,dev,neutral_contrast_r1_a1,neutral_contrast,1,1.0,demographic,pooled,exploratory,100,100,100,0.6788427734375,0.6831640625,0.48,0.44,0.08,-0.0043212890625,-0.048408081054687496,0.0433743896484375,-0.006365669977774102,-0.07591890281612078,0.06200489283110919,29,4,2,71,0.13793103448275862,0.03125,0.26666666666666666,0.005249728997401632,0.005447615838177624,0.398989898989899,0.4444444444444444,-0.045454545454545456,-0.08080808080808081,-0.010101010101010102,0.405,0.415,-0.01,-0.035,0.015,0.895,0.905,-0.01,-0.03,0.01,0.45698924731182794,93,0.4627659574468085,27,100,0.27,85,0.3176470588235294
gemma-2-2b-it,dev,neutral_contrast_r1_a1,neutral_contrast,1,1.0,demographic,bbq,exploratory,42,42,42,0.44104585193452384,0.46218145461309523,0.5,0.42857142857142855,0.07142857142857142,-0.021135602678571428,-0.07322765531994048,0.029624720982142843,-0.04792155415557375,-0.19043854379383068,0.0640763822040146,7,2,0,35,0.2857142857142857,0.0,0.6666666666666666,0.005792460200488736,0.005948678353191429,0.5365853658536586,0.5487804878048781,-0.012195121951219513,-0.08536585365853659,0.04878048780487805,0.5238095238095238,0.5238095238095238,0.0,-0.03571428571428571,0.03571428571428571,0.9880952380952381,1.0,-0.011904761904761904,-0.03571428571428571,0.0,0.5853658536585366,41,0.573170731707317,12,42,0.2857142857142857,41,0.2926829268292683
gemma-2-2b-it,dev,neutral_contrast_r1_a1,neutral_contrast,1,1.0,demographic,crows_pairs,exploratory,30,30,30,0.9345377604166667,0.9032063802083333,0.5333333333333333,0.43333333333333335,0.03333333333333333,0.031331380208333336,-0.044473063151041665,0.10771972656249988,0.033526071963495774,-0.04567238446919338,0.133782496059832,10,1,1,20,0.1,0.0,0.3333333333333333,0.00498547393619307,0.004968530090160554,0.2833333333333333,0.36666666666666664,-0.08333333333333333,-0.15,-0.016666666666666666,0.45,0.43333333333333335,0.016666666666666666,0.0,0.05,0.8833333333333333,0.9,-0.016666666666666666,-0.05,0.0,0.5,27,0.4642857142857143,9,30,0.3,26,0.34615384615384615
gemma-2-2b-it,dev,neutral_contrast_r1_a1,neutral_contrast,1,1.0,demographic,stereoset,exploratory,28,28,28,0.7615792410714286,0.7788783482142857,0.39285714285714285,0.4642857142857143,0.14285714285714285,-0.017299107142857144,-0.11873256138392857,0.09502650669642847,-0.022714782927276023,-0.1851188665094312,0.10248984577737028,12,1,1,16,0.08333333333333333,0.0,0.2727272727272727,0.004718762615494436,0.0052093282242466335,0.32142857142857145,0.375,-0.05357142857142857,-0.10714285714285714,0.0,0.17857142857142858,0.23214285714285715,-0.05357142857142857,-0.125,0.0,0.7678571428571429,0.7678571428571429,0.0,-0.05357142857142857,0.05357142857142857,0.2,25,0.28,6,28,0.21428571428571427,18,0.3333333333333333
gemma-2-2b-it,dev,neutral_contrast_r1_a1,neutral_contrast,1,1.0,identity,pooled,exploratory,100,100,100,0.0,0.0,0.0,0.0,1.0,0.0,0.0,0.0,,,,0,0,0,100,,,,0.0055199592205007995,0.00551825896327518,0.36082474226804123,0.41237113402061853,-0.05154639175257732,-0.10309278350515463,0.0,0.39,0.41,-0.02,-0.06,0.02,0.89,0.9,-0.01,-0.03,0.0,0.45348837209302323,86,0.47126436781609193,0,100,0.0,89,0.0
gemma-2-2b-it,dev,neutral_contrast_r1_a1,neutral_contrast,1,1.0,identity,bbq,exploratory,42,42,42,0.0,0.0,0.0,0.0,1.0,0.0,0.0,0.0,,,,0,0,0,42,,,,0.005986138729503091,0.00598639385586134,0.5128205128205128,0.5128205128205128,0.0,-0.07692307692307693,0.07692307692307693,0.5238095238095238,0.5238095238095238,0.0,-0.07142857142857142,0.07142857142857142,1.0,1.0,0.0,0.0,0.0,0.5641025641025641,39,0.5641025641025641,0,42,0.0,42,0.0
gemma-2-2b-it,dev,neutral_contrast_r1_a1,neutral_contrast,1,1.0,identity,crows_pairs,exploratory,30,30,30,0.0,0.0,0.0,0.0,1.0,0.0,0.0,0.0,,,,0,0,0,30,,,,0.004959872643521655,0.004956745574138701,0.23333333333333334,0.3,-0.06666666666666667,-0.16666666666666666,0.0,0.4,0.4,0.0,0.0,0.0,0.9,0.9333333333333333,-0.03333333333333333,-0.1,0.0,0.4444444444444444,27,0.42857142857142855,0,30,0.0,27,0.0
gemma-2-2b-it,dev,neutral_contrast_r1_a1,neutral_contrast,1,1.0,identity,stereoset,exploratory,28,28,28,0.0,0.0,0.0,0.0,1.0,0.0,0.0,0.0,,,,0,0,0,28,,,,0.0054207827180464485,0.005417678112756455,0.2857142857142857,0.39285714285714285,-0.10714285714285714,-0.21428571428571427,0.0,0.17857142857142858,0.25,-0.07142857142857142,-0.17857142857142858,0.0,0.7142857142857143,0.7142857142857143,0.0,0.0,0.0,0.25,20,0.35,0,28,0.0,20,0.0
gemma-2-2b-it,dev,neutral_contrast_r1_a1,neutral_contrast,1,1.0,neutral,pooled,exploratory,41,41,41,0.3574337842987805,0.25366806402439024,0.6585365853658537,0.34146341463414637,0.0,0.10376572027439024,0.03097340653582317,0.18229087271341454,0.2903075334021924,0.10193620493924817,0.4472363046582829,5,5,0,36,1.0,1.0,1.0,0.03127521404797891,0.01808822813536465,0.5921052631578947,0.5657894736842105,0.02631578947368421,-0.02631578947368421,0.07894736842105263,0.5609756097560976,0.5853658536585366,-0.024390243902439025,-0.07317073170731707,0.012499999999998337,1.0,0.9878048780487805,0.012195121951219513,0.0,0.04878048780487805,0.618421052631579,38,0.6447368421052632,8,41,0.1951219512195122,41,0.1951219512195122
gemma-2-2b-it,dev,neutral_contrast_r1_a1,neutral_contrast,1,1.0,neutral,bbq,exploratory,41,41,41,0.3574337842987805,0.25366806402439024,0.6585365853658537,0.34146341463414637,0.0,0.10376572027439024,0.03097340653582317,0.18229087271341454,0.2903075334021924,0.10193620493924817,0.4472363046582829,5,5,0,36,1.0,1.0,1.0,0.03127521404797891,0.01808822813536465,0.5921052631578947,0.5657894736842105,0.02631578947368421,-0.02631578947368421,0.07894736842105263,0.5609756097560976,0.5853658536585366,-0.024390243902439025,-0.07317073170731707,0.012499999999998337,1.0,0.9878048780487805,0.012195121951219513,0.0,0.04878048780487805,0.618421052631579,38,0.6447368421052632,8,41,0.1951219512195122,41,0.1951219512195122
gemma-2-2b-it,dev,neutral_contrast_r2_a1,neutral_contrast,2,1.0,demographic,pooled,exploratory,100,100,100,0.6788427734375,0.5297265625,0.63,0.35,0.02,0.1491162109375,0.052279541015625,0.2577452392578125,0.21966236774151782,0.08486022884291318,0.339782359006543,29,13,9,71,0.4482758620689655,0.27586206896551724,0.6334090909090905,0.024190304706733858,0.0207453627686761,0.51010101010101,0.4444444444444444,0.06565656565656566,0.0,0.13131313131313133,0.525,0.415,0.11,0.04987500000000001,0.17,0.905,0.905,0.0,-0.05,0.045,0.5869565217391305,92,0.4627659574468085,16,100,0.16,88,0.18181818181818182
gemma-2-2b-it,dev,neutral_contrast_r2_a1,neutral_contrast,2,1.0,demographic,bbq,exploratory,42,42,42,0.44104585193452384,0.32407924107142855,0.5714285714285714,0.42857142857142855,0.0,0.11696661086309523,-0.024540201822916666,0.24765014648437494,0.265202836281203,-0.06577795795028567,0.4811216283407398,7,5,3,35,0.7142857142857143,0.3333333333333333,1.0,0.033621161187091096,0.025183982821946286,0.6097560975609756,0.5487804878048781,0.06097560975609756,-0.04878048780487805,0.17073170731707318,0.5476190476190477,0.5238095238095238,0.023809523809523808,-0.05952380952380952,0.10714285714285714,1.0,1.0,0.0,0.0,0.0,0.5609756097560976,41,0.573170731707317,5,42,0.11904761904761904,42,0.11904761904761904
gemma-2-2b-it,dev,neutral_contrast_r2_a1,neutral_contrast,2,1.0,demographic,crows_pairs,exploratory,30,30,30,0.9345377604166667,0.7121744791666667,0.7333333333333333,0.23333333333333334,0.03333333333333333,0.22236328125,0.05144938151041667,0.4136083984375,0.23793932216378144,0.0672943744779808,0.37940144286630106,10,3,3,20,0.3,0.0,0.625,0.016365450254582393,0.016596601284100034,0.5166666666666667,0.36666666666666664,0.15,0.016666666666666666,0.2833333333333333,0.7333333333333333,0.43333333333333335,0.3,0.16666666666666666,0.43333333333333335,0.8333333333333334,0.9,-0.06666666666666667,-0.16666666666666666,0.016666666666666666,0.8846153846153846,26,0.4642857142857143,6,30,0.2,24,0.25
gemma-2-2b-it,dev,neutral_contrast_r2_a1,neutral_contrast,2,1.0,demographic,stereoset,exploratory,28,28,28,0.7615792410714286,0.6427176339285714,0.6071428571428571,0.35714285714285715,0.03571428571428571,0.11886160714285714,-0.07939453125000001,0.34432198660714275,0.15607254075838062,-0.12157218387395193,0.3757317541291651,12,5,3,16,0.4166666666666667,0.13333333333333333,0.7142857142857143,0.018427792613503118,0.01853253427938803,0.35714285714285715,0.375,-0.017857142857142856,-0.125,0.08928571428571429,0.26785714285714285,0.23214285714285715,0.03571428571428571,-0.05357142857142857,0.14285714285714285,0.8392857142857143,0.7678571428571429,0.07142857142857142,-0.05357142857142857,0.21428571428571427,0.32,25,0.28,5,28,0.17857142857142858,22,0.22727272727272727
gemma-2-2b-it,dev,neutral_contrast_r2_a1,neutral_contrast,2,1.0,identity,pooled,exploratory,100,100,100,0.0,0.0,0.0,0.0,1.0,0.0,0.0,0.0,,,,0,0,0,100,,,,0.019475986907353013,0.019474828936008715,0.4845360824742268,0.41237113402061853,0.07216494845360824,-0.020618556701030927,0.15463917525773196,0.54,0.41,0.13,0.04,0.22,0.89,0.9,-0.01,-0.07,0.05,0.627906976744186,86,0.47126436781609193,0,100,0.0,89,0.0
gemma-2-2b-it,dev,neutral_contrast_r2_a1,neutral_contrast,2,1.0,identity,bbq,exploratory,42,42,42,0.0,0.0,0.0,0.0,1.0,0.0,0.0,0.0,,,,0,0,0,42,,,,0.02249881886330135,0.02250089316984515,0.5897435897435898,0.5128205128205128,0.07692307692307693,-0.05128205128205128,0.20512820512820512,0.5476190476190477,0.5238095238095238,0.023809523809523808,-0.09523809523809523,0.14285714285714285,1.0,1.0,0.0,0.0,0.0,0.5897435897435898,39,0.5641025641025641,0,42,0.0,42,0.0
gemma-2-2b-it,dev,neutral_contrast_r2_a1,neutral_contrast,2,1.0,identity,crows_pairs,exploratory,30,30,30,0.0,0.0,0.0,0.0,1.0,0.0,0.0,0.0,,,,0,0,0,30,,,,0.016331532776630932,0.01633328019728962,0.4666666666666667,0.3,0.16666666666666666,0.03250000000000005,0.3333333333333333,0.7333333333333333,0.4,0.3333333333333333,0.16666666666666666,0.5,0.8333333333333334,0.9333333333333333,-0.1,-0.23333333333333334,0.0,0.88,25,0.42857142857142855,0,30,0.0,25,0.0
gemma-2-2b-it,dev,neutral_contrast_r2_a1,neutral_contrast,2,1.0,identity,stereoset,exploratory,28,28,28,0.0,0.0,0.0,0.0,1.0,0.0,0.0,0.0,,,,0,0,0,28,,,,0.01831079697063272,0.018301677662453088,0.35714285714285715,0.39285714285714285,-0.03571428571428571,-0.17857142857142858,0.10714285714285714,0.32142857142857145,0.25,0.07142857142857142,-0.07142857142857142,0.21428571428571427,0.7857142857142857,0.7142857142857143,0.07142857142857142,-0.10714285714285714,0.25,0.4090909090909091,22,0.35,0,28,0.0,22,0.0
gemma-2-2b-it,dev,neutral_contrast_r2_a1,neutral_contrast,2,1.0,neutral,pooled,exploratory,41,41,41,0.3574337842987805,0.26938833841463417,0.6097560975609756,0.3170731707317073,0.07317073170731707,0.08804544588414634,-0.01693561833079268,0.19096084222560966,0.24632659181021554,-0.05278697011087728,0.46723820709215214,5,5,2,36,1.0,1.0,1.0,0.052814315224977176,0.03476395586026927,0.5789473684210527,0.5657894736842105,0.013157894736842105,-0.06578947368421052,0.09210526315789473,0.5609756097560976,0.5853658536585366,-0.024390243902439025,-0.10975609756097561,0.04878048780487805,0.9878048780487805,0.9878048780487805,0.0,0.0,0.0,0.6052631578947368,38,0.6447368421052632,6,41,0.14634146341463414,40,0.15
gemma-2-2b-it,dev,neutral_contrast_r2_a1,neutral_contrast,2,1.0,neutral,bbq,exploratory,41,41,41,0.3574337842987805,0.26938833841463417,0.6097560975609756,0.3170731707317073,0.07317073170731707,0.08804544588414634,-0.01693561833079268,0.19096084222560966,0.24632659181021554,-0.05278697011087728,0.46723820709215214,5,5,2,36,1.0,1.0,1.0,0.052814315224977176,0.03476395586026927,0.5789473684210527,0.5657894736842105,0.013157894736842105,-0.06578947368421052,0.09210526315789473,0.5609756097560976,0.5853658536585366,-0.024390243902439025,-0.10975609756097561,0.04878048780487805,0.9878048780487805,0.9878048780487805,0.0,0.0,0.0,0.6052631578947368,38,0.6447368421052632,6,41,0.14634146341463414,40,0.15
gemma-2-2b-it,dev,neutral_contrast_r4_a1,neutral_contrast,4,1.0,demographic,pooled,exploratory,100,100,100,0.6788427734375,0.4874365234375,0.57,0.4,0.03,0.19140625,0.068935546875,0.33327111816406235,0.28195961935451386,0.11963553944978772,0.41583678076239006,29,16,8,71,0.5517241379310345,0.36363636363636365,0.7307692307692307,0.03568475898908055,0.031244134733432852,0.5707070707070707,0.4444444444444444,0.12626262626262627,0.04040404040404041,0.21212121212121213,0.545,0.415,0.13,0.055,0.205,0.905,0.905,0.0,-0.05,0.045,0.6153846153846154,91,0.4627659574468085,15,100,0.15,89,0.16853932584269662
gemma-2-2b-it,dev,neutral_contrast_r4_a1,neutral_contrast,4,1.0,demographic,bbq,exploratory,42,42,42,0.44104585193452384,0.30728004092261907,0.5238095238095238,0.42857142857142855,0.047619047619047616,0.13376581101190477,-0.023890904017857144,0.28473220098586305,0.30329230039275645,-0.07036245987773618,0.5404406378964509,7,6,2,35,0.8571428571428571,0.5,1.0,0.04604655550004257,0.0361394422033182,0.5853658536585366,0.5487804878048781,0.036585365853658534,-0.0975609756097561,0.17073170731707318,0.5476190476190477,0.5238095238095238,0.023809523809523808,-0.07142857142857142,0.11904761904761904,1.0,1.0,0.0,0.0,0.0,0.5609756097560976,41,0.573170731707317,9,42,0.21428571428571427,42,0.21428571428571427
gemma-2-2b-it,dev,neutral_contrast_r4_a1,neutral_contrast,4,1.0,demographic,crows_pairs,exploratory,30,30,30,0.9345377604166667,0.6662109375,0.6,0.36666666666666664,0.03333333333333333,0.26832682291666665,-0.012238769531249997,0.5682804361979166,0.2871225051377617,-0.022259165758748093,0.4605227152640334,10,4,3,20,0.4,0.1,0.7272727272727273,0.026079409167423635,0.025575510926499758,0.7166666666666667,0.36666666666666664,0.35,0.18333333333333332,0.5166666666666667,0.8166666666666667,0.43333333333333335,0.38333333333333336,0.23333333333333334,0.55,0.85,0.9,-0.05,-0.15,0.03333333333333333,0.9615384615384616,26,0.4642857142857143,2,30,0.06666666666666667,25,0.08
gemma-2-2b-it,dev,neutral_contrast_r4_a1,neutral_contrast,4,1.0,demographic,stereoset,exploratory,28,28,28,0.7615792410714286,0.5661272321428571,0.6071428571428571,0.39285714285714285,0.0,0.19545200892857142,-0.02931082589285714,0.45620465959821427,0.2566404103315626,-0.04832980641963941,0.471071659082579,12,6,3,16,0.5,0.2,0.7779761904761894,0.030433510460127076,0.029974699036033146,0.39285714285714285,0.375,0.017857142857142856,-0.08928571428571429,0.14285714285714285,0.25,0.23214285714285715,0.017857142857142856,-0.08928571428571429,0.14285714285714285,0.8214285714285714,0.7678571428571429,0.05357142857142857,-0.08928571428571429,0.19642857142857142,0.3333333333333333,24,0.28,4,28,0.14285714285714285,22,0.18181818181818182
gemma-2-2b-it,dev,neutral_contrast_r4_a1,neutral_contrast,4,1.0,identity,pooled,exploratory,100,100,100,0.0,0.0,0.0,0.0,1.0,0.0,0.0,0.0,,,,0,0,0,100,,,,0.03007003094278425,0.03007569901355561,0.5773195876288659,0.41237113402061853,0.16494845360824742,0.061855670103092786,0.26804123711340205,0.54,0.41,0.13,0.03,0.23,0.89,0.9,-0.01,-0.07,0.05,0.627906976744186,86,0.47126436781609193,0,100,0.0,89,0.0
gemma-2-2b-it,dev,neutral_contrast_r4_a1,neutral_contrast,4,1.0,identity,bbq,exploratory,42,42,42,0.0,0.0,0.0,0.0,1.0,0.0,0.0,0.0,,,,0,0,0,42,,,,0.03447655072298171,0.034475872002817765,0.6666666666666666,0.5128205128205128,0.15384615384615385,0.02564102564102564,0.28205128205128205,0.5714285714285714,0.5238095238095238,0.047619047619047616,-0.09523809523809523,0.19047619047619047,1.0,1.0,0.0,0.0,0.0,0.6153846153846154,39,0.5641025641025641,0,42,0.0,42,0.0
gemma-2-2b-it,dev,neutral_contrast_r4_a1,neutral_contrast,4,1.0,identity,crows_pairs,exploratory,30,30,30,0.0,0.0,0.0,0.0,1.0,0.0,0.0,0.0,,,,0,0,0,30,,,,0.024544029474786698,0.024557236173659593,0.6333333333333333,0.3,0.3333333333333333,0.13333333333333333,0.5333333333333333,0.7666666666666667,0.4,0.36666666666666664,0.2,0.5333333333333333,0.8333333333333334,0.9333333333333333,-0.1,-0.23333333333333334,0.0,0.92,25,0.42857142857142855,0,30,0.0,25,0.0
gemma-2-2b-it,dev,neutral_contrast_r4_a1,neutral_contrast,4,1.0,identity,stereoset,exploratory,28,28,28,0.0,0.0,0.0,0.0,1.0,0.0,0.0,0.0,,,,0,0,0,28,,,,0.029380967131056843,0.029388078286693844,0.39285714285714285,0.39285714285714285,0.0,-0.17857142857142858,0.21428571428571427,0.25,0.25,0.0,-0.17857142857142858,0.17857142857142858,0.7857142857142857,0.7142857142857143,0.07142857142857142,-0.10714285714285714,0.25,0.3181818181818182,22,0.35,0,28,0.0,22,0.0
gemma-2-2b-it,dev,neutral_contrast_r4_a1,neutral_contrast,4,1.0,neutral,pooled,exploratory,41,41,41,0.3574337842987805,0.23237423780487804,0.7073170731707317,0.24390243902439024,0.04878048780487805,0.12505954649390244,0.022211735423018294,0.23208841463414634,0.34988171792223366,0.07514798509422842,0.5542097423430244,5,5,2,36,1.0,1.0,1.0,0.06565660979560851,0.04658980773771763,0.5657894736842105,0.5657894736842105,0.0,-0.07894736842105263,0.06578947368421052,0.5609756097560976,0.5853658536585366,-0.024390243902439025,-0.10975609756097561,0.06097560975609756,0.9878048780487805,0.9878048780487805,0.0,0.0,0.0,0.6052631578947368,38,0.6447368421052632,4,41,0.0975609756097561,40,0.1
gemma-2-2b-it,dev,neutral_contrast_r4_a1,neutral_contrast,4,1.0,neutral,bbq,exploratory,41,41,41,0.3574337842987805,0.23237423780487804,0.7073170731707317,0.24390243902439024,0.04878048780487805,0.12505954649390244,0.022211735423018294,0.23208841463414634,0.34988171792223366,0.07514798509422842,0.5542097423430244,5,5,2,36,1.0,1.0,1.0,0.06565660979560851,0.04658980773771763,0.5657894736842105,0.5657894736842105,0.0,-0.07894736842105263,0.06578947368421052,0.5609756097560976,0.5853658536585366,-0.024390243902439025,-0.10975609756097561,0.06097560975609756,0.9878048780487805,0.9878048780487805,0.0,0.0,0.0,0.6052631578947368,38,0.6447368421052632,4,41,0.0975609756097561,40,0.1
gemma-2-2b-it,dev,random_ortho_1_r1_a1,random_ortho_1,1,1.0,demographic,pooled,exploratory,100,100,100,0.6788427734375,0.68732421875,0.42,0.51,0.07,-0.0084814453125,-0.0442408447265625,0.027674194335937454,-0.012493975990275352,-0.06955001167260198,0.038985114896207256,29,4,4,71,0.13793103448275862,0.03333333333333333,0.2727272727272727,0.00048820553044069096,0.0004933699656179529,0.4393939393939394,0.4444444444444444,-0.005050505050505051,-0.015151515151515152,0.0,0.42,0.415,0.005,-0.01,0.02,0.895,0.905,-0.01,-0.025,0.0,0.47282608695652173,92,0.4627659574468085,28,100,0.28,86,0.32558139534883723
gemma-2-2b-it,dev,random_ortho_1_r1_a1,random_ortho_1,1,1.0,demographic,bbq,exploratory,42,42,42,0.44104585193452384,0.46765718005952384,0.3333333333333333,0.5714285714285714,0.09523809523809523,-0.026611328125,-0.06849888392857142,0.019101097470237968,-0.06033687429158863,-0.17871588957111925,0.039752929242427064,7,1,0,35,0.14285714285714285,0.0,0.5,0.00042440389399176154,0.00044568064714759837,0.5487804878048781,0.5487804878048781,0.0,0.0,0.0,0.5238095238095238,0.5238095238095238,0.0,0.0,0.0,1.0,1.0,0.0,0.0,0.0,0.573170731707317,41,0.573170731707317,12,42,0.2857142857142857,42,0.2857142857142857
gemma-2-2b-it,dev,random_ortho_1_r1_a1,random_ortho_1,1,1.0,demographic,crows_pairs,exploratory,30,30,30,0.9345377604166667,0.88583984375,0.6,0.3,0.1,0.04869791666666667,-0.021896158854166663,0.1130257161458333,0.05210909470897629,-0.024693461305869444,0.12928048080590843,10,1,2,20,0.1,0.0,0.3333333333333333,0.0005319107647448521,0.0005246301186536671,0.35,0.36666666666666664,-0.016666666666666666,-0.05,0.0,0.4666666666666667,0.43333333333333335,0.03333333333333333,0.0,0.08333333333333333,0.8833333333333333,0.9,-0.016666666666666666,-0.05,0.0,0.5185185185185185,27,0.4642857142857143,10,30,0.3333333333333333,26,0.38461538461538464
gemma-2-2b-it,dev,random_ortho_1_r1_a1,random_ortho_1,1,1.0,demographic,stereoset,exploratory,28,28,28,0.7615792410714286,0.8041294642857143,0.35714285714285715,0.6428571428571429,0.0,-0.04255022321428571,-0.11844308035714286,0.04478585379464284,-0.05587103865176779,-0.16872744342910548,0.06043339280404382,12,2,2,16,0.16666666666666666,0.0,0.4,0.0005370809483596265,0.0005314109222137909,0.375,0.375,0.0,0.0,0.0,0.21428571428571427,0.23214285714285715,-0.017857142857142856,-0.05357142857142857,0.0,0.75,0.7678571428571429,-0.017857142857142856,-0.05357142857142857,0.0,0.25,24,0.28,6,28,0.21428571428571427,18,0.3333333333333333
gemma-2-2b-it,dev,random_ortho_1_r1_a1,random_ortho_1,1,1.0,identity,pooled,exploratory,100,100,100,0.0,0.0,0.0,0.0,1.0,0.0,0.0,0.0,,,,0,0,0,100,,,,0.0005009851193568045,0.0005011482196915106,0.41237113402061853,0.41237113402061853,0.0,0.0,0.0,0.42,0.41,0.01,0.0,0.03,0.89,0.9,-0.01,-0.03,0.0,0.4883720930232558,86,0.47126436781609193,0,100,0.0,89,0.0
gemma-2-2b-it,dev,random_ortho_1_r1_a1,random_ortho_1,1,1.0,identity,bbq,exploratory,42,42,42,0.0,0.0,0.0,0.0,1.0,0.0,0.0,0.0,,,,0,0,0,42,,,,0.0004664487589290496,0.0004664828088149789,0.5128205128205128,0.5128205128205128,0.0,0.0,0.0,0.5238095238095238,0.5238095238095238,0.0,0.0,0.0,1.0,1.0,0.0,0.0,0.0,0.5641025641025641,39,0.5641025641025641,0,42,0.0,42,0.0
gemma-2-2b-it,dev,random_ortho_1_r1_a1,random_ortho_1,1,1.0,identity,crows_pairs,exploratory,30,30,30,0.0,0.0,0.0,0.0,1.0,0.0,0.0,0.0,,,,0,0,0,30,,,,0.0005303070206968672,0.0005305277267197681,0.3,0.3,0.0,0.0,0.0,0.43333333333333335,0.4,0.03333333333333333,0.0,0.1,0.9,0.9333333333333333,-0.03333333333333333,-0.1,0.0,0.48148148148148145,27,0.42857142857142855,0,30,0.0,27,0.0
gemma-2-2b-it,dev,random_ortho_1_r1_a1,random_ortho_1,1,1.0,identity,stereoset,exploratory,28,28,28,0.0,0.0,0.0,0.0,1.0,0.0,0.0,0.0,,,,0,0,0,28,,,,0.0005213733371340835,0.0005216682927617468,0.39285714285714285,0.39285714285714285,0.0,0.0,0.0,0.25,0.25,0.0,0.0,0.0,0.7142857142857143,0.7142857142857143,0.0,0.0,0.0,0.35,20,0.35,0,28,0.0,20,0.0
gemma-2-2b-it,dev,random_ortho_1_r1_a1,random_ortho_1,1,1.0,neutral,pooled,exploratory,42,42,42,0.35793340773809523,0.3596075148809524,0.4523809523809524,0.47619047619047616,0.07142857142857142,-0.0016741071428571428,-0.05122913178943452,0.05073765345982141,-0.004677146940366361,-0.1499277445297382,0.14515177188099623,5,0,0,37,0.0,0.0,0.0,0.0005887422219085266,0.0005166956005733415,0.5641025641025641,0.5641025641025641,0.0,0.0,0.0,0.5833333333333334,0.5833333333333334,0.0,0.0,0.0,0.9880952380952381,0.9880952380952381,0.0,0.0,0.0,0.6410256410256411,39,0.6410256410256411,9,42,0.21428571428571427,41,0.21951219512195122
gemma-2-2b-it,dev,random_ortho_1_r1_a1,random_ortho_1,1,1.0,neutral,bbq,exploratory,42,42,42,0.35793340773809523,0.3596075148809524,0.4523809523809524,0.47619047619047616,0.07142857142857142,-0.0016741071428571428,-0.05122913178943452,0.05073765345982141,-0.004677146940366361,-0.1499277445297382,0.14515177188099623,5,0,0,37,0.0,0.0,0.0,0.0005887422219085266,0.0005166956005733415,0.5641025641025641,0.5641025641025641,0.0,0.0,0.0,0.5833333333333334,0.5833333333333334,0.0,0.0,0.0,0.9880952380952381,0.9880952380952381,0.0,0.0,0.0,0.6410256410256411,39,0.6410256410256411,9,42,0.21428571428571427,41,0.21951219512195122
gemma-2-2b-it,dev,random_ortho_1_r2_a1,random_ortho_1,2,1.0,demographic,pooled,exploratory,100,100,100,0.6788427734375,0.67220703125,0.5,0.42,0.08,0.0066357421875,-0.0264287109375,0.040860351562499966,0.00977507966078528,-0.039184026166153296,0.06109205764822553,29,3,5,71,0.10344827586206896,0.0,0.23076923076923078,0.0009469785913050973,0.0009324389034310067,0.4393939393939394,0.4444444444444444,-0.005050505050505051,-0.025252525252525252,0.010101010101010102,0.42,0.415,0.005,-0.015124999999999993,0.025,0.9,0.905,-0.005,-0.015,0.0,0.46774193548387094,93,0.4627659574468085,28,100,0.28,86,0.32558139534883723
gemma-2-2b-it,dev,random_ortho_1_r2_a1,random_ortho_1,2,1.0,demographic,bbq,exploratory,42,42,42,0.44104585193452384,0.4473353794642857,0.38095238095238093,0.47619047619047616,0.14285714285714285,-0.006289527529761905,-0.05428379603794643,0.03883085704985112,-0.014260484487439662,-0.13521583315778332,0.08983194360157061,7,1,1,35,0.14285714285714285,0.0,0.5,0.0008741784959188099,0.0008687607197113328,0.5609756097560976,0.5487804878048781,0.012195121951219513,0.0,0.036585365853658534,0.5119047619047619,0.5238095238095238,-0.011904761904761904,-0.03571428571428571,0.0,1.0,1.0,0.0,0.0,0.0,0.5609756097560976,41,0.573170731707317,13,42,0.30952380952380953,42,0.30952380952380953
gemma-2-2b-it,dev,random_ortho_1_r2_a1,random_ortho_1,2,1.0,demographic,crows_pairs,exploratory,30,30,30,0.9345377604166667,0.93603515625,0.5666666666666667,0.36666666666666664,0.06666666666666667,-0.0014973958333333334,-0.07196329752604166,0.06510742187499999,-0.0016022849977359588,-0.07596936018085527,0.08593963067875832,10,0,3,20,0.0,0.0,0.0,0.000991103036429142,0.0009675307965084473,0.3333333333333333,0.36666666666666664,-0.03333333333333333,-0.08333333333333333,0.0,0.48333333333333334,0.43333333333333335,0.05,0.0,0.11666666666666667,0.9,0.9,0.0,0.0,0.0,0.5178571428571429,28,0.4642857142857143,9,30,0.3,26,0.34615384615384615
gemma-2-2b-it,dev,random_ortho_1_r2_a1,random_ortho_1,2,1.0,demographic,stereoset,exploratory,28,28,28,0.7615792410714286,0.7268415178571429,0.6071428571428571,0.39285714285714285,0.0,0.03473772321428571,-0.03097446986607143,0.10323660714285714,0.045612749587836565,-0.043498869327832576,0.12702930431190726,12,2,1,16,0.16666666666666666,0.0,0.4004166666666644,0.001008902543180195,0.000990357722141831,0.375,0.375,0.0,0.0,0.0,0.21428571428571427,0.23214285714285715,-0.017857142857142856,-0.05357142857142857,0.0,0.75,0.7678571428571429,-0.017857142857142856,-0.05357142857142857,0.0,0.25,24,0.28,6,28,0.21428571428571427,18,0.3333333333333333
gemma-2-2b-it,dev,random_ortho_1_r2_a1,random_ortho_1,2,1.0,identity,pooled,exploratory,100,100,100,0.0,0.0,0.0,0.0,1.0,0.0,0.0,0.0,,,,0,0,0,100,,,,0.0009305208181463173,0.0009304919400473889,0.41237113402061853,0.41237113402061853,0.0,-0.030927835051546393,0.030927835051546393,0.42,0.41,0.01,0.0,0.03,0.9,0.9,0.0,0.0,0.0,0.4827586206896552,87,0.47126436781609193,0,100,0.0,90,0.0
gemma-2-2b-it,dev,random_ortho_1_r2_a1,random_ortho_1,2,1.0,identity,bbq,exploratory,42,42,42,0.0,0.0,0.0,0.0,1.0,0.0,0.0,0.0,,,,0,0,0,42,,,,0.0008890776590205595,0.0008891241359226752,0.5384615384615384,0.5128205128205128,0.02564102564102564,0.0,0.07692307692307693,0.5238095238095238,0.5238095238095238,0.0,0.0,0.0,1.0,1.0,0.0,0.0,0.0,0.5641025641025641,39,0.5641025641025641,0,42,0.0,42,0.0
gemma-2-2b-it,dev,random_ortho_1_r2_a1,random_ortho_1,2,1.0,identity,crows_pairs,exploratory,30,30,30,0.0,0.0,0.0,0.0,1.0,0.0,0.0,0.0,,,,0,0,0,30,,,,0.0009645257658210071,0.0009646709152898869,0.26666666666666666,0.3,-0.03333333333333333,-0.1,0.0,0.43333333333333335,0.4,0.03333333333333333,0.0,0.1,0.9333333333333333,0.9333333333333333,0.0,0.0,0.0,0.4642857142857143,28,0.42857142857142855,0,30,0.0,28,0.0
gemma-2-2b-it,dev,random_ortho_1_r2_a1,random_ortho_1,2,1.0,identity,stereoset,exploratory,28,28,28,0.0,0.0,0.0,0.0,1.0,0.0,0.0,0.0,,,,0,0,0,28,,,,0.0009562516843263584,0.000955923315617498,0.39285714285714285,0.39285714285714285,0.0,0.0,0.0,0.25,0.25,0.0,0.0,0.0,0.7142857142857143,0.7142857142857143,0.0,0.0,0.0,0.35,20,0.35,0,28,0.0,20,0.0
gemma-2-2b-it,dev,random_ortho_1_r2_a1,random_ortho_1,2,1.0,neutral,pooled,exploratory,42,42,42,0.35793340773809523,0.34420340401785715,0.47619047619047616,0.38095238095238093,0.14285714285714285,0.013730003720238096,-0.026276506696428573,0.0525966099330357,0.03835910094842143,-0.07481392405166759,0.14778543415789142,5,0,1,37,0.0,0.0,0.0,0.0010742983157121155,0.0009777755247369776,0.5769230769230769,0.5641025641025641,0.01282051282051282,0.0,0.038461538461538464,0.5833333333333334,0.5833333333333334,0.0,0.0,0.0,0.9880952380952381,0.9880952380952381,0.0,0.0,0.0,0.6410256410256411,39,0.6410256410256411,9,42,0.21428571428571427,41,0.21951219512195122
gemma-2-2b-it,dev,random_ortho_1_r2_a1,random_ortho_1,2,1.0,neutral,bbq,exploratory,42,42,42,0.35793340773809523,0.34420340401785715,0.47619047619047616,0.38095238095238093,0.14285714285714285,0.013730003720238096,-0.026276506696428573,0.0525966099330357,0.03835910094842143,-0.07481392405166759,0.14778543415789142,5,0,1,37,0.0,0.0,0.0,0.0010742983157121155,0.0009777755247369776,0.5769230769230769,0.5641025641025641,0.01282051282051282,0.0,0.038461538461538464,0.5833333333333334,0.5833333333333334,0.0,0.0,0.0,0.9880952380952381,0.9880952380952381,0.0,0.0,0.0,0.6410256410256411,39,0.6410256410256411,9,42,0.21428571428571427,41,0.21951219512195122
gemma-2-2b-it,dev,random_ortho_1_r4_a1,random_ortho_1,4,1.0,demographic,pooled,exploratory,100,100,100,0.6788427734375,0.70072998046875,0.44,0.49,0.07,-0.02188720703125,-0.058286682128906246,0.014343566894531196,-0.03224193861624003,-0.0924999644069881,0.02151305036135302,29,1,3,71,0.034482758620689655,0.0,0.11119047619047576,0.00181768006077877,0.0017732269225003803,0.4393939393939394,0.4444444444444444,-0.005050505050505051,-0.020328282828282824,0.010101010101010102,0.425,0.415,0.01,-0.01,0.035,0.895,0.905,-0.01,-0.025,0.0,0.4782608695652174,92,0.4627659574468085,27,100,0.27,86,0.313953488372093
gemma-2-2b-it,dev,random_ortho_1_r4_a1,random_ortho_1,4,1.0,demographic,bbq,exploratory,42,42,42,0.44104585193452384,0.4655122302827381,0.38095238095238093,0.47619047619047616,0.14285714285714285,-0.024466378348214284,-0.0717408679780506,0.022659011114211307,-0.05547354825104778,-0.1896133276337006,0.049663478496380004,7,1,1,35,0.14285714285714285,0.0,0.5,0.001737721187604292,0.0016810844939973972,0.5609756097560976,0.5487804878048781,0.012195121951219513,0.0,0.036585365853658534,0.5238095238095238,0.5238095238095238,0.0,0.0,0.0,1.0,1.0,0.0,0.0,0.0,0.573170731707317,41,0.573170731707317,12,42,0.2857142857142857,42,0.2857142857142857
gemma-2-2b-it,dev,random_ortho_1_r4_a1,random_ortho_1,4,1.0,demographic,crows_pairs,exploratory,30,30,30,0.9345377604166667,0.9136067708333333,0.5333333333333333,0.43333333333333335,0.03333333333333333,0.020930989583333334,-0.029209798177083333,0.06878499348958332,0.02239715768574313,-0.030214552055195965,0.08586938574906824,10,0,1,20,0.0,0.0,0.0,0.0018986001943790138,0.001858501770564222,0.35,0.36666666666666664,-0.016666666666666666,-0.05,0.0,0.48333333333333334,0.43333333333333335,0.05,0.0,0.13333333333333333,0.8833333333333333,0.9,-0.016666666666666666,-0.05,0.0,0.5370370370370371,27,0.4642857142857143,9,30,0.3,26,0.34615384615384615
gemma-2-2b-it,dev,random_ortho_1_r4_a1,random_ortho_1,4,1.0,demographic,stereoset,exploratory,28,28,28,0.7615792410714286,0.8254743303571429,0.42857142857142855,0.5714285714285714,0.0,-0.06389508928571429,-0.15209263392857145,0.024839564732142817,-0.08389814984429389,-0.2377680990367248,0.029142521265252568,12,0,1,16,0.0,0.0,0.0,0.0018509182273973694,0.0018200746566150246,0.35714285714285715,0.375,-0.017857142857142856,-0.05357142857142857,0.0,0.21428571428571427,0.23214285714285715,-0.017857142857142856,-0.05357142857142857,0.0,0.75,0.7678571428571429,-0.017857142857142856,-0.05357142857142857,0.0,0.25,24,0.28,6,28,0.21428571428571427,18,0.3333333333333333
gemma-2-2b-it,dev,random_ortho_1_r4_a1,random_ortho_1,4,1.0,identity,pooled,exploratory,100,100,100,0.0,0.0,0.0,0.0,1.0,0.0,0.0,0.0,,,,0,0,0,100,,,,0.0017739422156405646,0.001774120530336653,0.4020618556701031,0.41237113402061853,-0.010309278350515464,-0.041237113402061855,0.020618556701030927,0.42,0.41,0.01,0.0,0.03,0.89,0.9,-0.01,-0.03,0.0,0.4883720930232558,86,0.47126436781609193,0,100,0.0,89,0.0
gemma-2-2b-it,dev,random_ortho_1_r4_a1,random_ortho_1,4,1.0,identity,bbq,exploratory,42,42,42,0.0,0.0,0.0,0.0,1.0,0.0,0.0,0.0,,,,0,0,0,42,,,,0.0017307575238188072,0.0017309116804980662,0.5384615384615384,0.5128205128205128,0.02564102564102564,0.0,0.07692307692307693,0.5238095238095238,0.5238095238095238,0.0,0.0,0.0,1.0,1.0,0.0,0.0,0.0,0.5641025641025641,39,0.5641025641025641,0,42,0.0,42,0.0
gemma-2-2b-it,dev,random_ortho_1_r4_a1,random_ortho_1,4,1.0,identity,crows_pairs,exploratory,30,30,30,0.0,0.0,0.0,0.0,1.0,0.0,0.0,0.0,,,,0,0,0,30,,,,0.0018439844665693796,0.0018439165459952249,0.26666666666666666,0.3,-0.03333333333333333,-0.1,0.0,0.43333333333333335,0.4,0.03333333333333333,0.0,0.1,0.9,0.9333333333333333,-0.03333333333333333,-0.1,0.0,0.48148148148148145,27,0.42857142857142855,0,30,0.0,27,0.0
gemma-2-2b-it,dev,random_ortho_1_r4_a1,random_ortho_1,4,1.0,identity,stereoset,exploratory,28,28,28,0.0,0.0,0.0,0.0,1.0,0.0,0.0,0.0,,,,0,0,0,28,,,,0.0017636739845208985,0.001764152359746063,0.35714285714285715,0.39285714285714285,-0.03571428571428571,-0.10714285714285714,0.0,0.25,0.25,0.0,0.0,0.0,0.7142857142857143,0.7142857142857143,0.0,0.0,0.0,0.35,20,0.35,0,28,0.0,20,0.0
gemma-2-2b-it,dev,random_ortho_1_r4_a1,random_ortho_1,4,1.0,neutral,pooled,exploratory,41,41,41,0.3574337842987805,0.36840224847560976,0.4878048780487805,0.43902439024390244,0.07317073170731707,-0.010968464176829269,-0.06098096894054878,0.038002572408536585,-0.030686702428947443,-0.17523307374149885,0.10931252885625117,5,0,2,36,0.0,0.0,0.0,0.0018377251910400524,0.001775869089883038,0.5789473684210527,0.5657894736842105,0.013157894736842105,0.0,0.039473684210526314,0.5853658536585366,0.5853658536585366,0.0,0.0,0.0,0.9878048780487805,0.9878048780487805,0.0,0.0,0.0,0.6447368421052632,38,0.6447368421052632,8,41,0.1951219512195122,40,0.2
gemma-2-2b-it,dev,random_ortho_1_r4_a1,random_ortho_1,4,1.0,neutral,bbq,exploratory,41,41,41,0.3574337842987805,0.36840224847560976,0.4878048780487805,0.43902439024390244,0.07317073170731707,-0.010968464176829269,-0.06098096894054878,0.038002572408536585,-0.030686702428947443,-0.17523307374149885,0.10931252885625117,5,0,2,36,0.0,0.0,0.0,0.0018377251910400524,0.001775869089883038,0.5789473684210527,0.5657894736842105,0.013157894736842105,0.0,0.039473684210526314,0.5853658536585366,0.5853658536585366,0.0,0.0,0.0,0.9878048780487805,0.9878048780487805,0.0,0.0,0.0,0.6447368421052632,38,0.6447368421052632,8,41,0.1951219512195122,40,0.2
gemma-2-2b-it,dev,random_ortho_2_r1_a1,random_ortho_2,1,1.0,demographic,pooled,exploratory,100,100,100,0.6788427734375,0.67295654296875,0.46,0.44,0.1,0.00588623046875,-0.02708551025390625,0.039522155761718705,0.008670977579894545,-0.041066229728504745,0.05870368261736032,29,2,2,71,0.06896551724137931,0.0,0.17857142857142858,0.0005008462282648999,0.0004943675653960491,0.4444444444444444,0.4444444444444444,0.0,-0.020202020202020204,0.020202020202020204,0.435,0.415,0.02,-0.005,0.05,0.895,0.905,-0.01,-0.025,0.0,0.4891304347826087,92,0.4627659574468085,29,100,0.29,86,0.3372093023255814
gemma-2-2b-it,dev,random_ortho_2_r1_a1,random_ortho_2,1,1.0,demographic,bbq,exploratory,42,42,42,0.44104585193452384,0.45388648623511907,0.40476190476190477,0.47619047619047616,0.11904761904761904,-0.012840634300595238,-0.0502351306733631,0.024569411504836287,-0.02911405751640883,-0.12548400036863094,0.05587986130276208,7,1,0,35,0.14285714285714285,0.0,0.5,0.0005055847597725221,0.0004660968590263845,0.5609756097560976,0.5487804878048781,0.012195121951219513,0.0,0.036585365853658534,0.5357142857142857,0.5238095238095238,0.011904761904761904,0.0,0.03571428571428571,1.0,1.0,0.0,0.0,0.0,0.5853658536585366,41,0.573170731707317,13,42,0.30952380952380953,42,0.30952380952380953
gemma-2-2b-it,dev,random_ortho_2_r1_a1,random_ortho_2,1,1.0,demographic,crows_pairs,exploratory,30,30,30,0.9345377604166667,0.9014973958333333,0.5666666666666667,0.3333333333333333,0.1,0.033040364583333336,-0.030470377604166664,0.09463297526041665,0.03535476679786831,-0.031017346744454853,0.12552335955832547,10,0,1,20,0.0,0.0,0.0,0.00047162742093729296,0.00048728876471611086,0.36666666666666664,0.36666666666666664,0.0,-0.05,0.05,0.5,0.43333333333333335,0.06666666666666667,0.0,0.15,0.8833333333333333,0.9,-0.016666666666666666,-0.05,0.0,0.5555555555555556,27,0.4642857142857143,10,30,0.3333333333333333,26,0.38461538461538464
gemma-2-2b-it,dev,random_ortho_2_r1_a1,random_ortho_2,1,1.0,demographic,stereoset,exploratory,28,28,28,0.7615792410714286,0.7566964285714286,0.42857142857142855,0.5,0.07142857142857142,0.0048828125,-0.07131696428571428,0.08120117187499996,0.006411430664956974,-0.10478235543135817,0.1036324988513172,12,1,1,16,0.08333333333333333,0.0,0.2727272727272727,0.000525044295997331,0.0005443580542504794,0.35714285714285715,0.375,-0.017857142857142856,-0.05357142857142857,0.0,0.21428571428571427,0.23214285714285715,-0.017857142857142856,-0.05357142857142857,0.0,0.75,0.7678571428571429,-0.017857142857142856,-0.05357142857142857,0.0,0.25,24,0.28,6,28,0.21428571428571427,18,0.3333333333333333
gemma-2-2b-it,dev,random_ortho_2_r1_a1,random_ortho_2,1,1.0,identity,pooled,exploratory,100,100,100,0.0,0.0,0.0,0.0,1.0,0.0,0.0,0.0,,,,0,0,0,100,,,,0.0005017763206135903,0.0005017811293578347,0.422680412371134,0.41237113402061853,0.010309278350515464,-0.020618556701030927,0.05154639175257732,0.41,0.41,0.0,-0.03,0.03,0.89,0.9,-0.01,-0.03,0.0,0.47674418604651164,86,0.47126436781609193,0,100,0.0,89,0.0
gemma-2-2b-it,dev,random_ortho_2_r1_a1,random_ortho_2,1,1.0,identity,bbq,exploratory,42,42,42,0.0,0.0,0.0,0.0,1.0,0.0,0.0,0.0,,,,0,0,0,42,,,,0.0004758132066080679,0.0004755053226576111,0.5384615384615384,0.5128205128205128,0.02564102564102564,0.0,0.07692307692307693,0.5,0.5238095238095238,-0.023809523809523808,-0.07142857142857142,0.0,1.0,1.0,0.0,0.0,0.0,0.5384615384615384,39,0.5641025641025641,0,42,0.0,42,0.0
gemma-2-2b-it,dev,random_ortho_2_r1_a1,random_ortho_2,1,1.0,identity,crows_pairs,exploratory,30,30,30,0.0,0.0,0.0,0.0,1.0,0.0,0.0,0.0,,,,0,0,0,30,,,,0.0004978605061092332,0.0004977413747988241,0.3333333333333333,0.3,0.03333333333333333,0.0,0.1,0.43333333333333335,0.4,0.03333333333333333,0.0,0.1,0.9,0.9333333333333333,-0.03333333333333333,-0.1,0.0,0.48148148148148145,27,0.42857142857142855,0,30,0.0,27,0.0
gemma-2-2b-it,dev,random_ortho_2_r1_a1,random_ortho_2,1,1.0,identity,stereoset,exploratory,28,28,28,0.0,0.0,0.0,0.0,1.0,0.0,0.0,0.0,,,,0,0,0,28,,,,0.0005449165071622564,0.0005455231478642532,0.35714285714285715,0.39285714285714285,-0.03571428571428571,-0.10714285714285714,0.0,0.25,0.25,0.0,0.0,0.0,0.7142857142857143,0.7142857142857143,0.0,0.0,0.0,0.35,20,0.35,0,28,0.0,20,0.0
gemma-2-2b-it,dev,random_ortho_2_r1_a1,random_ortho_2,1,1.0,neutral,pooled,exploratory,41,41,41,0.3574337842987805,0.3348418445121951,0.5121951219512195,0.36585365853658536,0.12195121951219512,0.022591939786585365,-0.011605016196646343,0.05945121951219512,0.06320594409089397,-0.03462548702009378,0.16985848943815926,5,0,0,36,0.0,0.0,0.0,0.0004606979909988939,0.00046714519899162935,0.5789473684210527,0.5657894736842105,0.013157894736842105,0.0,0.039473684210526314,0.573170731707317,0.5853658536585366,-0.012195121951219513,-0.04878048780487805,0.0,0.9878048780487805,0.9878048780487805,0.0,0.0,0.0,0.631578947368421,38,0.6447368421052632,9,41,0.21951219512195122,40,0.225
gemma-2-2b-it,dev,random_ortho_2_r1_a1,random_ortho_2,1,1.0,neutral,bbq,exploratory,41,41,41,0.3574337842987805,0.3348418445121951,0.5121951219512195,0.36585365853658536,0.12195121951219512,0.022591939786585365,-0.011605016196646343,0.05945121951219512,0.06320594409089397,-0.03462548702009378,0.16985848943815926,5,0,0,36,0.0,0.0,0.0,0.0004606979909988939,0.00046714519899162935,0.5789473684210527,0.5657894736842105,0.013157894736842105,0.0,0.039473684210526314,0.573170731707317,0.5853658536585366,-0.012195121951219513,-0.04878048780487805,0.0,0.9878048780487805,0.9878048780487805,0.0,0.0,0.0,0.631578947368421,38,0.6447368421052632,9,41,0.21951219512195122,40,0.225
gemma-2-2b-it,dev,random_ortho_2_r2_a1,random_ortho_2,2,1.0,demographic,pooled,exploratory,100,100,100,0.6788427734375,0.669178466796875,0.52,0.39,0.09,0.009664306640625,-0.0252369384765625,0.04489343261718749,0.014236443280801536,-0.03845888433543924,0.06684988573018427,29,2,1,71,0.06896551724137931,0.0,0.17857142857142858,0.0010340156350652197,0.0010238334365873633,0.4292929292929293,0.4444444444444444,-0.015151515151515152,-0.04040404040404041,0.010101010101010102,0.425,0.415,0.01,-0.015,0.035,0.895,0.905,-0.01,-0.025,0.0,0.483695652173913,92,0.4627659574468085,30,100,0.3,86,0.3488372093023256
gemma-2-2b-it,dev,random_ortho_2_r2_a1,random_ortho_2,2,1.0,demographic,bbq,exploratory,42,42,42,0.44104585193452384,0.44078136625744047,0.47619047619047616,0.38095238095238093,0.14285714285714285,0.0002644856770833333,-0.047390529087611606,0.04743303571428571,0.0005996784142130451,-0.13000755338819414,0.09698335112810086,7,1,0,35,0.14285714285714285,0.0,0.5,0.0010767490252651987,0.0010094461505454403,0.5365853658536586,0.5487804878048781,-0.012195121951219513,-0.036585365853658534,0.0,0.5119047619047619,0.5238095238095238,-0.011904761904761904,-0.03571428571428571,0.0,1.0,1.0,0.0,0.0,0.0,0.5609756097560976,41,0.573170731707317,13,42,0.30952380952380953,42,0.30952380952380953
gemma-2-2b-it,dev,random_ortho_2_r2_a1,random_ortho_2,2,1.0,demographic,crows_pairs,exploratory,30,30,30,0.9345377604166667,0.8942301432291667,0.5666666666666667,0.3333333333333333,0.1,0.0403076171875,-0.0327301025390625,0.11068216959635413,0.04313107387927129,-0.03821249949182004,0.13137988159662903,10,1,1,20,0.1,0.0,0.3333333333333333,0.0010059585842041852,0.0010528140537164033,0.35,0.36666666666666664,-0.016666666666666666,-0.06666666666666667,0.03333333333333333,0.5,0.43333333333333335,0.06666666666666667,0.016666666666666666,0.13333333333333333,0.8833333333333333,0.9,-0.016666666666666666,-0.05,0.0,0.5740740740740741,27,0.4642857142857143,11,30,0.36666666666666664,26,0.4230769230769231
gemma-2-2b-it,dev,random_ortho_2_r2_a1,random_ortho_2,2,1.0,demographic,stereoset,exploratory,28,28,28,0.7615792410714286,0.7706473214285714,0.5357142857142857,0.4642857142857143,0.0,-0.009068080357142858,-0.07701590401785714,0.06389508928571429,-0.01190694266349146,-0.11374006251210397,0.08132288679336991,12,0,0,16,0.0,0.0,0.0,0.000999976675687789,0.0010143637044405624,0.35714285714285715,0.375,-0.017857142857142856,-0.07142857142857142,0.03571428571428571,0.21428571428571427,0.23214285714285715,-0.017857142857142856,-0.05357142857142857,0.0,0.75,0.7678571428571429,-0.017857142857142856,-0.05357142857142857,0.0,0.25,24,0.28,6,28,0.21428571428571427,18,0.3333333333333333
gemma-2-2b-it,dev,random_ortho_2_r2_a1,random_ortho_2,2,1.0,identity,pooled,exploratory,100,100,100,0.0,0.0,0.0,0.0,1.0,0.0,0.0,0.0,,,,0,0,0,100,,,,0.0010426708245796967,0.0010424282332220202,0.4020618556701031,0.41237113402061853,-0.010309278350515464,-0.05154639175257732,0.030927835051546393,0.43,0.41,0.02,0.0,0.05,0.89,0.9,-0.01,-0.03,0.0,0.5,86,0.47126436781609193,0,100,0.0,89,0.0
gemma-2-2b-it,dev,random_ortho_2_r2_a1,random_ortho_2,2,1.0,identity,bbq,exploratory,42,42,42,0.0,0.0,0.0,0.0,1.0,0.0,0.0,0.0,,,,0,0,0,42,,,,0.001031498941176918,0.001031259654373805,0.48717948717948717,0.5128205128205128,-0.02564102564102564,-0.07692307692307693,0.0,0.5238095238095238,0.5238095238095238,0.0,0.0,0.0,1.0,1.0,0.0,0.0,0.0,0.5641025641025641,39,0.5641025641025641,0,42,0.0,42,0.0
gemma-2-2b-it,dev,random_ortho_2_r2_a1,random_ortho_2,2,1.0,identity,crows_pairs,exploratory,30,30,30,0.0,0.0,0.0,0.0,1.0,0.0,0.0,0.0,,,,0,0,0,30,,,,0.0010747702903619915,0.0010744454922775987,0.3333333333333333,0.3,0.03333333333333333,0.0,0.1,0.4666666666666667,0.4,0.06666666666666667,0.0,0.16666666666666666,0.9,0.9333333333333333,-0.03333333333333333,-0.1,0.0,0.5185185185185185,27,0.42857142857142855,0,30,0.0,27,0.0
gemma-2-2b-it,dev,random_ortho_2_r2_a1,random_ortho_2,2,1.0,identity,stereoset,exploratory,28,28,28,0.0,0.0,0.0,0.0,1.0,0.0,0.0,0.0,,,,0,0,0,28,,,,0.0010250363649171206,0.0010248768953633667,0.35714285714285715,0.39285714285714285,-0.03571428571428571,-0.14285714285714285,0.07142857142857142,0.25,0.25,0.0,0.0,0.0,0.7142857142857143,0.7142857142857143,0.0,0.0,0.0,0.35,20,0.35,0,28,0.0,20,0.0
gemma-2-2b-it,dev,random_ortho_2_r2_a1,random_ortho_2,2,1.0,neutral,pooled,exploratory,41,41,41,0.3574337842987805,0.3514434070121951,0.5609756097560976,0.43902439024390244,0.0,0.0059903772865853655,-0.03792397103658537,0.051238567073170704,0.01675940425815481,-0.11641690219953485,0.13707910474809712,5,0,1,36,0.0,0.0,0.0,0.0008729771043035184,0.0009634896604084589,0.5657894736842105,0.5657894736842105,0.0,0.0,0.0,0.5853658536585366,0.5853658536585366,0.0,0.0,0.0,0.9878048780487805,0.9878048780487805,0.0,0.0,0.0,0.6447368421052632,38,0.6447368421052632,8,41,0.1951219512195122,40,0.2
gemma-2-2b-it,dev,random_ortho_2_r2_a1,random_ortho_2,2,1.0,neutral,bbq,exploratory,41,41,41,0.3574337842987805,0.3514434070121951,0.5609756097560976,0.43902439024390244,0.0,0.0059903772865853655,-0.03792397103658537,0.051238567073170704,0.01675940425815481,-0.11641690219953485,0.13707910474809712,5,0,1,36,0.0,0.0,0.0,0.0008729771043035184,0.0009634896604084589,0.5657894736842105,0.5657894736842105,0.0,0.0,0.0,0.5853658536585366,0.5853658536585366,0.0,0.0,0.0,0.9878048780487805,0.9878048780487805,0.0,0.0,0.0,0.6447368421052632,38,0.6447368421052632,8,41,0.1951219512195122,40,0.2
gemma-2-2b-it,dev,random_ortho_2_r4_a1,random_ortho_2,4,1.0,demographic,pooled,exploratory,100,100,100,0.6788427734375,0.6824896240234375,0.43,0.44,0.13,-0.0036468505859375,-0.0405223388671875,0.031173202514648356,-0.005372157926158305,-0.06056950962018105,0.04749231769692782,29,1,1,71,0.034482758620689655,0.0,0.11119047619047576,0.001758645174054261,0.0017309514492351076,0.45454545454545453,0.4444444444444444,0.010101010101010102,-0.015151515151515152,0.03535353535353535,0.445,0.415,0.03,0.0,0.06,0.895,0.905,-0.01,-0.025,0.0,0.5054347826086957,92,0.4627659574468085,28,100,0.28,86,0.32558139534883723
gemma-2-2b-it,dev,random_ortho_2_r4_a1,random_ortho_2,4,1.0,demographic,bbq,exploratory,42,42,42,0.44104585193452384,0.45643688383556547,0.38095238095238093,0.40476190476190477,0.21428571428571427,-0.015391031901041666,-0.05878321329752604,0.028121112641834062,-0.034896670796320306,-0.15766587305607038,0.05822895415127627,7,1,0,35,0.14285714285714285,0.0,0.5,0.0018446558818574817,0.0017262067033101214,0.5609756097560976,0.5487804878048781,0.012195121951219513,0.0,0.036585365853658534,0.5238095238095238,0.5238095238095238,0.0,0.0,0.0,1.0,1.0,0.0,0.0,0.0,0.573170731707317,41,0.573170731707317,12,42,0.2857142857142857,42,0.2857142857142857
gemma-2-2b-it,dev,random_ortho_2_r4_a1,random_ortho_2,4,1.0,demographic,crows_pairs,exploratory,30,30,30,0.9345377604166667,0.923974609375,0.5,0.43333333333333335,0.06666666666666667,0.010563151041666666,-0.05114827473958333,0.0718819173177083,0.011303075690550002,-0.053649269963861046,0.0899477091705225,10,0,1,20,0.0,0.0,0.0,0.0016890710272876737,0.0017463204553155127,0.38333333333333336,0.36666666666666664,0.016666666666666666,-0.03333333333333333,0.06666666666666667,0.55,0.43333333333333335,0.11666666666666667,0.03333333333333333,0.21666666666666667,0.8833333333333333,0.9,-0.016666666666666666,-0.05,0.0,0.6296296296296297,27,0.4642857142857143,10,30,0.3333333333333333,26,0.38461538461538464
gemma-2-2b-it,dev,random_ortho_2_r4_a1,random_ortho_2,4,1.0,demographic,stereoset,exploratory,28,28,28,0.7615792410714286,0.7628348214285714,0.42857142857142855,0.5,0.07142857142857142,-0.0012555803571428572,-0.09057268415178571,0.09096679687499996,-0.0016486535995603457,-0.12233833547622226,0.11112043642467478,12,0,0,16,0.0,0.0,0.0,0.0017041728410279167,0.0017216017758935821,0.375,0.375,0.0,-0.05357142857142857,0.05357142857142857,0.21428571428571427,0.23214285714285715,-0.017857142857142856,-0.05357142857142857,0.0,0.75,0.7678571428571429,-0.017857142857142856,-0.05357142857142857,0.0,0.25,24,0.28,6,28,0.21428571428571427,18,0.3333333333333333
gemma-2-2b-it,dev,random_ortho_2_r4_a1,random_ortho_2,4,1.0,identity,pooled,exploratory,100,100,100,0.0,0.0,0.0,0.0,1.0,0.0,0.0,0.0,,,,0,0,0,100,,,,0.0017568653685232844,0.0017569458124000684,0.44329896907216493,0.41237113402061853,0.030927835051546393,-0.010309278350515464,0.08247422680412371,0.43,0.41,0.02,0.0,0.05,0.89,0.9,-0.01,-0.03,0.0,0.5,86,0.47126436781609193,0,100,0.0,89,0.0
gemma-2-2b-it,dev,random_ortho_2_r4_a1,random_ortho_2,4,1.0,identity,bbq,exploratory,42,42,42,0.0,0.0,0.0,0.0,1.0,0.0,0.0,0.0,,,,0,0,0,42,,,,0.001756715999452577,0.001756862306331582,0.5384615384615384,0.5128205128205128,0.02564102564102564,0.0,0.07692307692307693,0.5238095238095238,0.5238095238095238,0.0,0.0,0.0,1.0,1.0,0.0,0.0,0.0,0.5641025641025641,39,0.5641025641025641,0,42,0.0,42,0.0
gemma-2-2b-it,dev,random_ortho_2_r4_a1,random_ortho_2,4,1.0,identity,crows_pairs,exploratory,30,30,30,0.0,0.0,0.0,0.0,1.0,0.0,0.0,0.0,,,,0,0,0,30,,,,0.001781048285264417,0.001780928061721697,0.36666666666666664,0.3,0.06666666666666667,0.0,0.16666666666666666,0.4666666666666667,0.4,0.06666666666666667,0.0,0.16666666666666666,0.9,0.9333333333333333,-0.03333333333333333,-0.1,0.0,0.5185185185185185,27,0.42857142857142855,0,30,0.0,27,0.0
gemma-2-2b-it,dev,random_ortho_2_r4_a1,random_ortho_2,4,1.0,identity,stereoset,exploratory,28,28,28,0.0,0.0,0.0,0.0,1.0,0.0,0.0,0.0,,,,0,0,0,28,,,,0.0017311791541924173,0.0017313758043724823,0.39285714285714285,0.39285714285714285,0.0,-0.10714285714285714,0.10714285714285714,0.25,0.25,0.0,0.0,0.0,0.7142857142857143,0.7142857142857143,0.0,0.0,0.0,0.35,20,0.35,0,28,0.0,20,0.0
gemma-2-2b-it,dev,random_ortho_2_r4_a1,random_ortho_2,4,1.0,neutral,pooled,exploratory,41,41,41,0.3574337842987805,0.3393197408536585,0.5609756097560976,0.3902439024390244,0.04878048780487805,0.01811404344512195,-0.03354611280487805,0.06537520245807923,0.05067803951620964,-0.09847713579462934,0.18395450530106064,5,1,0,36,0.2,0.0,0.6,0.0015550927032734068,0.0016294786642818905,0.5789473684210527,0.5657894736842105,0.013157894736842105,0.0,0.039473684210526314,0.5853658536585366,0.5853658536585366,0.0,0.0,0.0,0.9878048780487805,0.9878048780487805,0.0,0.0,0.0,0.6447368421052632,38,0.6447368421052632,8,41,0.1951219512195122,40,0.2
gemma-2-2b-it,dev,random_ortho_2_r4_a1,random_ortho_2,4,1.0,neutral,bbq,exploratory,41,41,41,0.3574337842987805,0.3393197408536585,0.5609756097560976,0.3902439024390244,0.04878048780487805,0.01811404344512195,-0.03354611280487805,0.06537520245807923,0.05067803951620964,-0.09847713579462934,0.18395450530106064,5,1,0,36,0.2,0.0,0.6,0.0015550927032734068,0.0016294786642818905,0.5789473684210527,0.5657894736842105,0.013157894736842105,0.0,0.039473684210526314,0.5853658536585366,0.5853658536585366,0.0,0.0,0.0,0.9878048780487805,0.9878048780487805,0.0,0.0,0.0,0.6447368421052632,38,0.6447368421052632,8,41,0.1951219512195122,40,0.2
gemma-2-2b-it,dev,random_ortho_3_r1_a1,random_ortho_3,1,1.0,demographic,pooled,exploratory,100,100,100,0.6788427734375,0.6638095092773437,0.52,0.36,0.12,0.01503326416015625,-0.019749664306640626,0.048466758728027345,0.022145428585814253,-0.03079362580905724,0.07384385144738663,29,4,3,71,0.13793103448275862,0.03125,0.27586206896551724,0.00039278456271304605,0.00040805998373100915,0.45454545454545453,0.4444444444444444,0.010101010101010102,-0.010101010101010102,0.030303030303030304,0.42,0.415,0.005,0.0,0.015,0.905,0.905,0.0,0.0,0.0,0.46808510638297873,94,0.4627659574468085,29,100,0.29,86,0.3372093023255814
gemma-2-2b-it,dev,random_ortho_3_r1_a1,random_ortho_3,1,1.0,demographic,bbq,exploratory,42,42,42,0.44104585193452384,0.43868800571986605,0.40476190476190477,0.40476190476190477,0.19047619047619047,0.002357846214657738,-0.0401710691906157,0.04493815104166664,0.005346034214618989,-0.1044982028542524,0.09790540146939739,7,1,0,35,0.14285714285714285,0.0,0.5,0.00038765874641720586,0.00041009960468446117,0.5487804878048781,0.5487804878048781,0.0,0.0,0.0,0.5238095238095238,0.5238095238095238,0.0,0.0,0.0,1.0,1.0,0.0,0.0,0.0,0.573170731707317,41,0.573170731707317,12,42,0.2857142857142857,42,0.2857142857142857
gemma-2-2b-it,dev,random_ortho_3_r1_a1,random_ortho_3,1,1.0,demographic,crows_pairs,exploratory,30,30,30,0.9345377604166667,0.9041341145833334,0.5666666666666667,0.3,0.13333333333333333,0.030403645833333333,-0.04479166666666667,0.09895996093749998,0.032533351910550734,-0.051454662206704145,0.12272795052264257,10,1,1,20,0.1,0.0,0.3333333333333333,0.00039203193849804473,0.00039277978521635656,0.38333333333333336,0.36666666666666664,0.016666666666666666,0.0,0.05,0.45,0.43333333333333335,0.016666666666666666,0.0,0.05,0.9,0.9,0.0,0.0,0.0,0.48214285714285715,28,0.4642857142857143,11,30,0.36666666666666664,26,0.4230769230769231
gemma-2-2b-it,dev,random_ortho_3_r1_a1,random_ortho_3,1,1.0,demographic,stereoset,exploratory,28,28,28,0.7615792410714286,0.7440011160714286,0.6428571428571429,0.35714285714285715,0.0,0.017578125,-0.053173828125,0.08147321428571429,0.023081150393845062,-0.07754792223998594,0.10207456441565697,12,2,2,16,0.16666666666666666,0.0,0.4,0.00040127967024430753,0.0004213721935665302,0.39285714285714285,0.375,0.017857142857142856,-0.03571428571428571,0.08928571428571429,0.23214285714285715,0.23214285714285715,0.0,0.0,0.0,0.7678571428571429,0.7678571428571429,0.0,0.0,0.0,0.28,25,0.28,6,28,0.21428571428571427,18,0.3333333333333333
gemma-2-2b-it,dev,random_ortho_3_r1_a1,random_ortho_3,1,1.0,identity,pooled,exploratory,100,100,100,0.0,0.0,0.0,0.0,1.0,0.0,0.0,0.0,,,,0,0,0,100,,,,0.0004150275405982468,0.00041490914813100267,0.422680412371134,0.41237113402061853,0.010309278350515464,-0.020618556701030927,0.05154639175257732,0.41,0.41,0.0,0.0,0.0,0.9,0.9,0.0,0.0,0.0,0.47126436781609193,87,0.47126436781609193,0,100,0.0,90,0.0
gemma-2-2b-it,dev,random_ortho_3_r1_a1,random_ortho_3,1,1.0,identity,bbq,exploratory,42,42,42,0.0,0.0,0.0,0.0,1.0,0.0,0.0,0.0,,,,0,0,0,42,,,,0.0004151136694865031,0.00041493442402127333,0.5128205128205128,0.5128205128205128,0.0,0.0,0.0,0.5238095238095238,0.5238095238095238,0.0,0.0,0.0,1.0,1.0,0.0,0.0,0.0,0.5641025641025641,39,0.5641025641025641,0,42,0.0,42,0.0
gemma-2-2b-it,dev,random_ortho_3_r1_a1,random_ortho_3,1,1.0,identity,crows_pairs,exploratory,30,30,30,0.0,0.0,0.0,0.0,1.0,0.0,0.0,0.0,,,,0,0,0,30,,,,0.00039923365310271067,0.0003990504217650526,0.3333333333333333,0.3,0.03333333333333333,0.0,0.1,0.4,0.4,0.0,0.0,0.0,0.9333333333333333,0.9333333333333333,0.0,0.0,0.0,0.42857142857142855,28,0.42857142857142855,0,30,0.0,28,0.0
gemma-2-2b-it,dev,random_ortho_3_r1_a1,random_ortho_3,1,1.0,identity,stereoset,exploratory,28,28,28,0.0,0.0,0.0,0.0,1.0,0.0,0.0,0.0,,,,0,0,0,28,,,,0.0004318203695825077,0.0004318627268305431,0.39285714285714285,0.39285714285714285,0.0,-0.10714285714285714,0.10714285714285714,0.25,0.25,0.0,0.0,0.0,0.7142857142857143,0.7142857142857143,0.0,0.0,0.0,0.35,20,0.35,0,28,0.0,20,0.0
gemma-2-2b-it,dev,random_ortho_3_r1_a1,random_ortho_3,1,1.0,neutral,pooled,exploratory,41,41,41,0.3574337842987805,0.3712128429878049,0.36585365853658536,0.4634146341463415,0.17073170731707318,-0.01377905868902439,-0.056471512957317074,0.029425495426829217,-0.03854996168327052,-0.16436259183381982,0.07920248985445405,5,0,1,36,0.0,0.0,0.0,0.00044968120213856213,0.0004388660653493734,0.5657894736842105,0.5657894736842105,0.0,0.0,0.0,0.5853658536585366,0.5853658536585366,0.0,0.0,0.0,0.9878048780487805,0.9878048780487805,0.0,0.0,0.0,0.6447368421052632,38,0.6447368421052632,8,41,0.1951219512195122,40,0.2
gemma-2-2b-it,dev,random_ortho_3_r1_a1,random_ortho_3,1,1.0,neutral,bbq,exploratory,41,41,41,0.3574337842987805,0.3712128429878049,0.36585365853658536,0.4634146341463415,0.17073170731707318,-0.01377905868902439,-0.056471512957317074,0.029425495426829217,-0.03854996168327052,-0.16436259183381982,0.07920248985445405,5,0,1,36,0.0,0.0,0.0,0.00044968120213856213,0.0004388660653493734,0.5657894736842105,0.5657894736842105,0.0,0.0,0.0,0.5853658536585366,0.5853658536585366,0.0,0.0,0.0,0.9878048780487805,0.9878048780487805,0.0,0.0,0.0,0.6447368421052632,38,0.6447368421052632,8,41,0.1951219512195122,40,0.2
gemma-2-2b-it,dev,random_ortho_3_r2_a1,random_ortho_3,2,1.0,demographic,pooled,exploratory,100,100,100,0.6788427734375,0.6870849609375,0.43,0.46,0.11,-0.0082421875,-0.045193481445312496,0.028063476562499988,-0.01214152646608202,-0.07091215970354373,0.03798684325534045,29,2,4,71,0.06896551724137931,0.0,0.1724512743628184,0.0007212045552088732,0.0007234559408106493,0.4494949494949495,0.4444444444444444,0.005050505050505051,-0.015151515151515152,0.025252525252525252,0.425,0.415,0.01,0.0,0.025,0.9,0.905,-0.005,-0.015,0.0,0.478494623655914,93,0.4627659574468085,30,100,0.3,86,0.3488372093023256
gemma-2-2b-it,dev,random_ortho_3_r2_a1,random_ortho_3,2,1.0,demographic,bbq,exploratory,42,42,42,0.44104585193452384,0.44860258556547616,0.42857142857142855,0.42857142857142855,0.14285714285714285,-0.007556733630952381,-0.04957101004464286,0.0386564708891369,-0.017133668977515448,-0.12817017114927848,0.08166244587013365,7,1,0,35,0.14285714285714285,0.0,0.5,0.0007398802076577961,0.0007347268448636517,0.5487804878048781,0.5487804878048781,0.0,0.0,0.0,0.5238095238095238,0.5238095238095238,0.0,0.0,0.0,1.0,1.0,0.0,0.0,0.0,0.573170731707317,41,0.573170731707317,12,42,0.2857142857142857,42,0.2857142857142857
gemma-2-2b-it,dev,random_ortho_3_r2_a1,random_ortho_3,2,1.0,demographic,crows_pairs,exploratory,30,30,30,0.9345377604166667,0.9131510416666667,0.4666666666666667,0.43333333333333335,0.1,0.02138671875,-0.03962727864583333,0.08401936848958332,0.0228848096415758,-0.048439667612840895,0.09039737344617076,10,0,1,20,0.0,0.0,0.0,0.0006774106377401503,0.0006980076745712063,0.38333333333333336,0.36666666666666664,0.016666666666666666,0.0,0.05,0.45,0.43333333333333335,0.016666666666666666,0.0,0.05,0.8833333333333333,0.9,-0.016666666666666666,-0.05,0.0,0.5,27,0.4642857142857143,11,30,0.36666666666666664,26,0.4230769230769231
gemma-2-2b-it,dev,random_ortho_3_r2_a1,random_ortho_3,2,1.0,demographic,stereoset,exploratory,28,28,28,0.7615792410714286,0.8025948660714286,0.39285714285714285,0.5357142857142857,0.07142857142857142,-0.041015625,-0.11830705915178572,0.03989955357142857,-0.053856017585638405,-0.1785956941342692,0.04496118764142323,12,1,3,16,0.08333333333333333,0.0,0.2727272727272727,0.000740113130966263,0.0007338155842734059,0.375,0.375,0.0,-0.07142857142857142,0.07142857142857142,0.25,0.23214285714285715,0.017857142857142856,0.0,0.05357142857142857,0.7678571428571429,0.7678571428571429,0.0,0.0,0.0,0.3,25,0.28,7,28,0.25,18,0.3888888888888889
gemma-2-2b-it,dev,random_ortho_3_r2_a1,random_ortho_3,2,1.0,identity,pooled,exploratory,100,100,100,0.0,0.0,0.0,0.0,1.0,0.0,0.0,0.0,,,,0,0,0,100,,,,0.0007266865449420585,0.0007267589399314275,0.41237113402061853,0.41237113402061853,0.0,-0.041237113402061855,0.041237113402061855,0.41,0.41,0.0,0.0,0.0,0.89,0.9,-0.01,-0.03,0.0,0.47674418604651164,86,0.47126436781609193,0,100,0.0,89,0.0
gemma-2-2b-it,dev,random_ortho_3_r2_a1,random_ortho_3,2,1.0,identity,bbq,exploratory,42,42,42,0.0,0.0,0.0,0.0,1.0,0.0,0.0,0.0,,,,0,0,0,42,,,,0.0007344702469182519,0.000734638008303192,0.5128205128205128,0.5128205128205128,0.0,0.0,0.0,0.5238095238095238,0.5238095238095238,0.0,0.0,0.0,1.0,1.0,0.0,0.0,0.0,0.5641025641025641,39,0.5641025641025641,0,42,0.0,42,0.0
gemma-2-2b-it,dev,random_ortho_3_r2_a1,random_ortho_3,2,1.0,identity,crows_pairs,exploratory,30,30,30,0.0,0.0,0.0,0.0,1.0,0.0,0.0,0.0,,,,0,0,0,30,,,,0.0007125532905544734,0.0007124487384805878,0.3333333333333333,0.3,0.03333333333333333,0.0,0.1,0.4,0.4,0.0,0.0,0.0,0.9,0.9333333333333333,-0.03333333333333333,-0.1,0.0,0.4444444444444444,27,0.42857142857142855,0,30,0.0,27,0.0
gemma-2-2b-it,dev,random_ortho_3_r2_a1,random_ortho_3,2,1.0,identity,stereoset,exploratory,28,28,28,0.0,0.0,0.0,0.0,1.0,0.0,0.0,0.0,,,,0,0,0,28,,,,0.0007301537645358954,0.0007302726960711094,0.35714285714285715,0.39285714285714285,-0.03571428571428571,-0.14285714285714285,0.07142857142857142,0.25,0.25,0.0,0.0,0.0,0.7142857142857143,0.7142857142857143,0.0,0.0,0.0,0.35,20,0.35,0,28,0.0,20,0.0
gemma-2-2b-it,dev,random_ortho_3_r2_a1,random_ortho_3,2,1.0,neutral,pooled,exploratory,41,41,41,0.3574337842987805,0.3676400533536585,0.4878048780487805,0.4878048780487805,0.024390243902439025,-0.010206269054878049,-0.05430640243902439,0.03209764434070121,-0.02855429313963942,-0.16128249143180196,0.0906202511657611,5,0,0,36,0.0,0.0,0.0,0.0007067783822055831,0.0007239216445008535,0.5657894736842105,0.5657894736842105,0.0,0.0,0.0,0.5853658536585366,0.5853658536585366,0.0,0.0,0.0,0.9878048780487805,0.9878048780487805,0.0,0.0,0.0,0.6447368421052632,38,0.6447368421052632,8,41,0.1951219512195122,40,0.2
gemma-2-2b-it,dev,random_ortho_3_r2_a1,random_ortho_3,2,1.0,neutral,bbq,exploratory,41,41,41,0.3574337842987805,0.3676400533536585,0.4878048780487805,0.4878048780487805,0.024390243902439025,-0.010206269054878049,-0.05430640243902439,0.03209764434070121,-0.02855429313963942,-0.16128249143180196,0.0906202511657611,5,0,0,36,0.0,0.0,0.0,0.0007067783822055831,0.0007239216445008535,0.5657894736842105,0.5657894736842105,0.0,0.0,0.0,0.5853658536585366,0.5853658536585366,0.0,0.0,0.0,0.9878048780487805,0.9878048780487805,0.0,0.0,0.0,0.6447368421052632,38,0.6447368421052632,8,41,0.1951219512195122,40,0.2
gemma-2-2b-it,dev,random_ortho_3_r4_a1,random_ortho_3,4,1.0,demographic,pooled,exploratory,100,100,100,0.6788427734375,0.65584228515625,0.55,0.37,0.08,0.02300048828125,-0.013780029296875,0.059238342285156245,0.033881907830852986,-0.022502825592420773,0.08942190735075786,29,5,4,71,0.1724137931034483,0.04,0.32142857142857145,0.001620940386737629,0.0015979665705277966,0.43434343434343436,0.4444444444444444,-0.010101010101010102,-0.03535353535353535,0.010101010101010102,0.425,0.415,0.01,0.0,0.025,0.9,0.905,-0.005,-0.015,0.0,0.478494623655914,93,0.4627659574468085,29,100,0.29,86,0.3372093023255814
gemma-2-2b-it,dev,random_ortho_3_r4_a1,random_ortho_3,4,1.0,demographic,bbq,exploratory,42,42,42,0.44104585193452384,0.4412725539434524,0.5,0.40476190476190477,0.09523809523809523,-0.00022670200892857144,-0.04873686290922619,0.04697323753720235,-0.000514010069325499,-0.12840226199615248,0.10074882240937888,7,1,1,35,0.14285714285714285,0.0,0.5,0.0017228925000930182,0.0016397343561760749,0.5487804878048781,0.5487804878048781,0.0,0.0,0.0,0.5357142857142857,0.5238095238095238,0.011904761904761904,0.0,0.03571428571428571,1.0,1.0,0.0,0.0,0.0,0.5853658536585366,41,0.573170731707317,14,42,0.3333333333333333,42,0.3333333333333333
gemma-2-2b-it,dev,random_ortho_3_r4_a1,random_ortho_3,4,1.0,demographic,crows_pairs,exploratory,30,30,30,0.9345377604166667,0.91015625,0.6,0.3,0.1,0.024381510416666665,-0.05306477864583334,0.09275960286458323,0.026089379637047605,-0.05221556845344545,0.1196699063112851,10,0,2,20,0.0,0.0,0.0,0.0015100421303155828,0.0015380930644195248,0.35,0.36666666666666664,-0.016666666666666666,-0.05,0.0,0.45,0.43333333333333335,0.016666666666666666,0.0,0.05,0.8833333333333333,0.9,-0.016666666666666666,-0.05,0.0,0.5,27,0.4642857142857143,9,30,0.3,26,0.34615384615384615
gemma-2-2b-it,dev,random_ortho_3_r4_a1,random_ortho_3,4,1.0,demographic,stereoset,exploratory,28,28,28,0.7615792410714286,0.7052176339285714,0.5714285714285714,0.39285714285714285,0.03571428571428571,0.056361607142857144,-0.016203962053571427,0.12890625,0.0740062282469317,-0.02361696485790667,0.16542673884798306,12,4,1,16,0.3333333333333333,0.08333333333333333,0.6153846153846154,0.0015868317771567384,0.001599465077171384,0.35714285714285715,0.375,-0.017857142857142856,-0.08928571428571429,0.05357142857142857,0.23214285714285715,0.23214285714285715,0.0,0.0,0.0,0.7678571428571429,0.7678571428571429,0.0,0.0,0.0,0.28,25,0.28,6,28,0.21428571428571427,18,0.3333333333333333
gemma-2-2b-it,dev,random_ortho_3_r4_a1,random_ortho_3,4,1.0,identity,pooled,exploratory,100,100,100,0.0,0.0,0.0,0.0,1.0,0.0,0.0,0.0,,,,0,0,0,100,,,,0.0015899535353569466,0.0015899329207771484,0.3917525773195876,0.41237113402061853,-0.020618556701030927,-0.061855670103092786,0.010567010309276944,0.41,0.41,0.0,0.0,0.0,0.89,0.9,-0.01,-0.03,0.0,0.47674418604651164,86,0.47126436781609193,0,100,0.0,89,0.0
gemma-2-2b-it,dev,random_ortho_3_r4_a1,random_ortho_3,4,1.0,identity,bbq,exploratory,42,42,42,0.0,0.0,0.0,0.0,1.0,0.0,0.0,0.0,,,,0,0,0,42,,,,0.0015935393075487622,0.0015932285712647624,0.5128205128205128,0.5128205128205128,0.0,0.0,0.0,0.5238095238095238,0.5238095238095238,0.0,0.0,0.0,1.0,1.0,0.0,0.0,0.0,0.5641025641025641,39,0.5641025641025641,0,42,0.0,42,0.0
gemma-2-2b-it,dev,random_ortho_3_r4_a1,random_ortho_3,4,1.0,identity,crows_pairs,exploratory,30,30,30,0.0,0.0,0.0,0.0,1.0,0.0,0.0,0.0,,,,0,0,0,30,,,,0.001563312271834757,0.0015634090657025309,0.3,0.3,0.0,0.0,0.0,0.4,0.4,0.0,0.0,0.0,0.9,0.9333333333333333,-0.03333333333333333,-0.1,0.0,0.4444444444444444,27,0.42857142857142855,0,30,0.0,27,0.0
gemma-2-2b-it,dev,random_ortho_3_r4_a1,random_ortho_3,4,1.0,identity,stereoset,exploratory,28,28,28,0.0,0.0,0.0,0.0,1.0,0.0,0.0,0.0,,,,0,0,0,28,,,,0.0016131190879858537,0.0016134078611971035,0.32142857142857145,0.39285714285714285,-0.07142857142857142,-0.21428571428571427,0.07142857142857142,0.25,0.25,0.0,0.0,0.0,0.7142857142857143,0.7142857142857143,0.0,0.0,0.0,0.35,20,0.35,0,28,0.0,20,0.0
gemma-2-2b-it,dev,random_ortho_3_r4_a1,random_ortho_3,4,1.0,neutral,pooled,exploratory,41,41,41,0.3574337842987805,0.3444169207317073,0.4146341463414634,0.3902439024390244,0.1951219512195122,0.013016863567073171,-0.028966689691310978,0.0552811785442072,0.036417552393962604,-0.08264003118467499,0.16458812726543462,5,0,0,36,0.0,0.0,0.0,0.0015786513939000223,0.0015650033115099918,0.5657894736842105,0.5657894736842105,0.0,0.0,0.0,0.5853658536585366,0.5853658536585366,0.0,0.0,0.0,0.9878048780487805,0.9878048780487805,0.0,0.0,0.0,0.6447368421052632,38,0.6447368421052632,8,41,0.1951219512195122,40,0.2
gemma-2-2b-it,dev,random_ortho_3_r4_a1,random_ortho_3,4,1.0,neutral,bbq,exploratory,41,41,41,0.3574337842987805,0.3444169207317073,0.4146341463414634,0.3902439024390244,0.1951219512195122,0.013016863567073171,-0.028966689691310978,0.0552811785442072,0.036417552393962604,-0.08264003118467499,0.16458812726543462,5,0,0,36,0.0,0.0,0.0,0.0015786513939000223,0.0015650033115099918,0.5657894736842105,0.5657894736842105,0.0,0.0,0.0,0.5853658536585366,0.5853658536585366,0.0,0.0,0.0,0.9878048780487805,0.9878048780487805,0.0,0.0,0.0,0.6447368421052632,38,0.6447368421052632,8,41,0.1951219512195122,40,0.2
gemma-2-2b-it,dev,uncentred_svd_r1_a1,uncentred_svd,1,1.0,demographic,pooled,exploratory,100,100,100,0.6788427734375,0.5298681640625,0.56,0.43,0.01,0.148974609375,0.0563492431640625,0.24218969726562498,0.21945377516597497,0.09350876944020114,0.32236261071913136,29,15,9,71,0.5172413793103449,0.3333333333333333,0.7037037037037037,0.015652131421600185,0.016489751353388524,0.5656565656565656,0.4444444444444444,0.12121212121212122,0.05555555555555555,0.1919191919191919,0.52,0.415,0.105,0.04,0.17,0.895,0.905,-0.01,-0.065,0.04,0.5879120879120879,91,0.4627659574468085,14,100,0.14,87,0.16091954022988506
gemma-2-2b-it,dev,uncentred_svd_r1_a1,uncentred_svd,1,1.0,demographic,bbq,exploratory,42,42,42,0.44104585193452384,0.4364536830357143,0.4523809523809524,0.5238095238095238,0.023809523809523808,0.004592168898809524,-0.12644507998511903,0.12457507905505938,0.010411998840182402,-0.3498223942549044,0.24412846741099076,7,5,4,35,0.7142857142857143,0.3333333333333333,1.0,0.015125507672131782,0.016619728004196647,0.6097560975609756,0.5487804878048781,0.06097560975609756,0.0,0.12195121951219512,0.5476190476190477,0.5238095238095238,0.023809523809523808,-0.03571428571428571,0.09523809523809523,0.9761904761904762,1.0,-0.023809523809523808,-0.05952380952380952,0.0,0.5853658536585366,41,0.573170731707317,7,42,0.16666666666666666,40,0.175
gemma-2-2b-it,dev,uncentred_svd_r1_a1,uncentred_svd,1,1.0,demographic,crows_pairs,exploratory,30,30,30,0.9345377604166667,0.6942545572916666,0.6,0.4,0.0,0.240283203125,0.055709635416666674,0.4399458821614583,0.25711449371277295,0.0807024665494937,0.42825353562684676,10,4,2,20,0.4,0.1,0.727840909090906,0.015368570207979266,0.015884232083662984,0.7,0.36666666666666664,0.3333333333333333,0.16666666666666666,0.5,0.75,0.43333333333333335,0.31666666666666665,0.16666666666666666,0.4666666666666667,0.8166666666666667,0.9,-0.08333333333333333,-0.2,0.016666666666666666,0.92,25,0.4642857142857143,4,30,0.13333333333333333,24,0.16666666666666666
gemma-2-2b-it,dev,uncentred_svd_r1_a1,uncentred_svd,1,1.0,demographic,stereoset,exploratory,28,28,28,0.7615792410714286,0.49386160714285715,0.6785714285714286,0.32142857142857145,0.0,0.26771763392857145,0.10574776785714286,0.43656877790178544,0.35152958417292546,0.16504024291027425,0.4963405164585393,12,6,3,16,0.5,0.2,0.7857142857142857,0.016745882631825203,0.016943557023310848,0.35714285714285715,0.375,-0.017857142857142856,-0.125,0.08928571428571429,0.23214285714285715,0.23214285714285715,0.0,-0.10714285714285714,0.10714285714285714,0.8571428571428571,0.7678571428571429,0.08928571428571429,-0.017857142857142856,0.23214285714285715,0.26,25,0.28,3,28,0.10714285714285714,23,0.13043478260869565
gemma-2-2b-it,dev,uncentred_svd_r1_a1,uncentred_svd,1,1.0,identity,pooled,exploratory,100,100,100,0.0,0.0,0.0,0.0,1.0,0.0,0.0,0.0,,,,0,0,0,100,,,,0.01656212953977459,0.016554897394883184,0.5567010309278351,0.41237113402061853,0.14432989690721648,0.05154639175257732,0.23711340206185566,0.54,0.41,0.13,0.04,0.22,0.89,0.9,-0.01,-0.07,0.05,0.6206896551724138,87,0.47126436781609193,0,100,0.0,89,0.0
gemma-2-2b-it,dev,uncentred_svd_r1_a1,uncentred_svd,1,1.0,identity,bbq,exploratory,42,42,42,0.0,0.0,0.0,0.0,1.0,0.0,0.0,0.0,,,,0,0,0,42,,,,0.01658278562510585,0.016584549073684653,0.6153846153846154,0.5128205128205128,0.10256410256410256,0.0,0.23076923076923078,0.5714285714285714,0.5238095238095238,0.047619047619047616,-0.07142857142857142,0.16666666666666666,0.9761904761904762,1.0,-0.023809523809523808,-0.07142857142857142,0.0,0.6153846153846154,39,0.5641025641025641,0,42,0.0,41,0.0
gemma-2-2b-it,dev,uncentred_svd_r1_a1,uncentred_svd,1,1.0,identity,crows_pairs,exploratory,30,30,30,0.0,0.0,0.0,0.0,1.0,0.0,0.0,0.0,,,,0,0,0,30,,,,0.01623835473660066,0.01623830263917615,0.7,0.3,0.4,0.23333333333333334,0.5666666666666667,0.7666666666666667,0.4,0.36666666666666664,0.2,0.5333333333333333,0.8333333333333334,0.9333333333333333,-0.1,-0.23333333333333334,0.0,0.92,25,0.42857142857142855,0,30,0.0,25,0.0
gemma-2-2b-it,dev,uncentred_svd_r1_a1,uncentred_svd,1,1.0,identity,stereoset,exploratory,28,28,28,0.0,0.0,0.0,0.0,1.0,0.0,0.0,0.0,,,,0,0,0,28,,,,0.016878046986606922,0.016849628543509944,0.32142857142857145,0.39285714285714285,-0.07142857142857142,-0.21428571428571427,0.07142857142857142,0.25,0.25,0.0,-0.17857142857142858,0.17857142857142858,0.8214285714285714,0.7142857142857143,0.10714285714285714,-0.03571428571428571,0.25,0.30434782608695654,23,0.35,0,28,0.0,23,0.0
gemma-2-2b-it,dev,uncentred_svd_r1_a1,uncentred_svd,1,1.0,neutral,pooled,exploratory,42,42,42,0.35793340773809523,0.2417544410342262,0.5714285714285714,0.35714285714285715,0.07142857142857142,0.11617896670386904,0.04002176920572917,0.2102230253673734,0.3245826295959465,0.1285137193220731,0.49889300898637534,5,5,1,37,1.0,1.0,1.0,0.03828770082913872,0.027480137580544413,0.6282051282051282,0.5641025641025641,0.0641025641025641,0.0,0.1282051282051282,0.5833333333333334,0.5833333333333334,0.0,-0.07142857142857142,0.07172619047618885,0.9880952380952381,0.9880952380952381,0.0,0.0,0.0,0.6282051282051282,39,0.6410256410256411,6,42,0.14285714285714285,41,0.14634146341463414
gemma-2-2b-it,dev,uncentred_svd_r1_a1,uncentred_svd,1,1.0,neutral,bbq,exploratory,42,42,42,0.35793340773809523,0.2417544410342262,0.5714285714285714,0.35714285714285715,0.07142857142857142,0.11617896670386904,0.04002176920572917,0.2102230253673734,0.3245826295959465,0.1285137193220731,0.49889300898637534,5,5,1,37,1.0,1.0,1.0,0.03828770082913872,0.027480137580544413,0.6282051282051282,0.5641025641025641,0.0641025641025641,0.0,0.1282051282051282,0.5833333333333334,0.5833333333333334,0.0,-0.07142857142857142,0.07172619047618885,0.9880952380952381,0.9880952380952381,0.0,0.0,0.0,0.6282051282051282,39,0.6410256410256411,6,42,0.14285714285714285,41,0.14634146341463414
gemma-2-2b-it,dev,uncentred_svd_r2_a1,uncentred_svd,2,1.0,demographic,pooled,exploratory,100,100,100,0.6788427734375,0.514091796875,0.6,0.36,0.04,0.1647509765625,0.04883398437500001,0.2876657714843748,0.2426938652204248,0.08534756411014306,0.37253155312513253,29,17,8,71,0.5862068965517241,0.4117647058823529,0.7576018808777428,0.02683176096310532,0.025797365933961428,0.5656565656565656,0.4444444444444444,0.12121212121212122,0.045454545454545456,0.19696969696969696,0.5,0.415,0.085,0.02,0.15,0.885,0.905,-0.02,-0.075,0.03,0.5714285714285714,91,0.4627659574468085,12,100,0.12,85,0.1411764705882353
gemma-2-2b-it,dev,uncentred_svd_r2_a1,uncentred_svd,2,1.0,demographic,bbq,exploratory,42,42,42,0.44104585193452384,0.3922526041666667,0.5476190476190477,0.40476190476190477,0.047619047619047616,0.048793247767857144,-0.10554286411830358,0.19047880626860117,0.11063078261327997,-0.29054202705121634,0.365549726641469,7,6,3,35,0.8571428571428571,0.5,1.0,0.03306230812843737,0.02968553549718936,0.6097560975609756,0.5487804878048781,0.06097560975609756,-0.024390243902439025,0.14634146341463414,0.5119047619047619,0.5238095238095238,-0.011904761904761904,-0.07142857142857142,0.05952380952380952,0.9880952380952381,1.0,-0.011904761904761904,-0.03571428571428571,0.0,0.524390243902439,41,0.573170731707317,9,42,0.21428571428571427,41,0.21951219512195122
gemma-2-2b-it,dev,uncentred_svd_r2_a1,uncentred_svd,2,1.0,demographic,crows_pairs,exploratory,30,30,30,0.9345377604166667,0.78193359375,0.6333333333333333,0.36666666666666664,0.0,0.15260416666666668,-0.08919270833333333,0.40615559895833314,0.16329374063882407,-0.12861112528898233,0.35412245132810494,10,3,4,20,0.3,0.0,0.625,0.01993466436521591,0.02126046095126558,0.6666666666666666,0.36666666666666664,0.3,0.13333333333333333,0.4666666666666667,0.75,0.43333333333333335,0.31666666666666665,0.16666666666666666,0.4666666666666667,0.8,0.9,-0.1,-0.21666666666666667,0.0,0.94,25,0.4642857142857143,3,30,0.1,23,0.13043478260869565
gemma-2-2b-it,dev,uncentred_svd_r2_a1,uncentred_svd,2,1.0,demographic,stereoset,exploratory,28,28,28,0.7615792410714286,0.40987723214285715,0.6428571428571429,0.2857142857142857,0.07142857142857142,0.35170200892857145,0.13675711495535714,0.5877650669642857,0.461806191610185,0.21599733824847384,0.6408398865288433,12,8,1,16,0.6666666666666666,0.36363636363636365,0.9230769230769231,0.02487568656998875,0.024826081213436508,0.39285714285714285,0.375,0.017857142857142856,-0.08928571428571429,0.125,0.21428571428571427,0.23214285714285715,-0.017857142857142856,-0.10714285714285714,0.08928571428571429,0.8214285714285714,0.7678571428571429,0.05357142857142857,-0.07142857142857142,0.19642857142857142,0.28,25,0.28,0,28,0.0,21,0.0
gemma-2-2b-it,dev,uncentred_svd_r2_a1,uncentred_svd,2,1.0,identity,pooled,exploratory,100,100,100,0.0,0.0,0.0,0.0,1.0,0.0,0.0,0.0,,,,0,0,0,100,,,,0.024921172052151493,0.0249359270747435,0.5360824742268041,0.41237113402061853,0.12371134020618557,0.020618556701030927,0.21675257731958622,0.47,0.41,0.06,-0.02,0.14,0.86,0.9,-0.04,-0.11,0.02,0.5662650602409639,83,0.47126436781609193,0,100,0.0,86,0.0
gemma-2-2b-it,dev,uncentred_svd_r2_a1,uncentred_svd,2,1.0,identity,bbq,exploratory,42,42,42,0.0,0.0,0.0,0.0,1.0,0.0,0.0,0.0,,,,0,0,0,42,,,,0.027170651716155382,0.027182347854166834,0.6153846153846154,0.5128205128205128,0.10256410256410256,-0.02564102564102564,0.23076923076923078,0.5,0.5238095238095238,-0.023809523809523808,-0.14285714285714285,0.07142857142857142,1.0,1.0,0.0,0.0,0.0,0.5384615384615384,39,0.5641025641025641,0,42,0.0,42,0.0
gemma-2-2b-it,dev,uncentred_svd_r2_a1,uncentred_svd,2,1.0,identity,crows_pairs,exploratory,30,30,30,0.0,0.0,0.0,0.0,1.0,0.0,0.0,0.0,,,,0,0,0,30,,,,0.021979025074947735,0.02200882879747186,0.6333333333333333,0.3,0.3333333333333333,0.13333333333333333,0.5333333333333333,0.7,0.4,0.3,0.13333333333333333,0.4666666666666667,0.7666666666666667,0.9333333333333333,-0.16666666666666666,-0.3,-0.03333333333333333,0.9130434782608695,23,0.42857142857142855,0,30,0.0,23,0.0
gemma-2-2b-it,dev,uncentred_svd_r2_a1,uncentred_svd,2,1.0,identity,stereoset,exploratory,28,28,28,0.0,0.0,0.0,0.0,1.0,0.0,0.0,0.0,,,,0,0,0,28,,,,0.024699252888863984,0.02470247263125668,0.32142857142857145,0.39285714285714285,-0.07142857142857142,-0.25,0.10714285714285714,0.17857142857142858,0.25,-0.07142857142857142,-0.21428571428571427,0.03571428571428571,0.75,0.7142857142857143,0.03571428571428571,-0.10714285714285714,0.21428571428571427,0.23809523809523808,21,0.35,0,28,0.0,21,0.0
gemma-2-2b-it,dev,uncentred_svd_r2_a1,uncentred_svd,2,1.0,neutral,pooled,exploratory,42,42,42,0.35793340773809523,0.24283854166666666,0.6428571428571429,0.30952380952380953,0.047619047619047616,0.11509486607142858,0.02042352585565476,0.21579444521949395,0.3215538521501884,0.06006623652731274,0.5188293925901878,5,5,1,37,1.0,1.0,1.0,0.05089269769445441,0.03734212979548961,0.6025641025641025,0.5641025641025641,0.038461538461538464,-0.05128205128205128,0.11538461538461539,0.5595238095238095,0.5833333333333334,-0.023809523809523808,-0.09523809523809523,0.047619047619047616,0.9880952380952381,0.9880952380952381,0.0,0.0,0.0,0.6025641025641025,39,0.6410256410256411,7,42,0.16666666666666666,41,0.17073170731707318
gemma-2-2b-it,dev,uncentred_svd_r2_a1,uncentred_svd,2,1.0,neutral,bbq,exploratory,42,42,42,0.35793340773809523,0.24283854166666666,0.6428571428571429,0.30952380952380953,0.047619047619047616,0.11509486607142858,0.02042352585565476,0.21579444521949395,0.3215538521501884,0.06006623652731274,0.5188293925901878,5,5,1,37,1.0,1.0,1.0,0.05089269769445441,0.03734212979548961,0.6025641025641025,0.5641025641025641,0.038461538461538464,-0.05128205128205128,0.11538461538461539,0.5595238095238095,0.5833333333333334,-0.023809523809523808,-0.09523809523809523,0.047619047619047616,0.9880952380952381,0.9880952380952381,0.0,0.0,0.0,0.6025641025641025,39,0.6410256410256411,7,42,0.16666666666666666,41,0.17073170731707318
gemma-2-2b-it,dev,uncentred_svd_r4_a1,uncentred_svd,4,1.0,demographic,pooled,exploratory,100,100,100,0.6788427734375,0.51981689453125,0.59,0.39,0.02,0.15902587890625,0.03681536865234375,0.29091638183593743,0.23426025160580322,0.06306536649325128,0.36597531535900746,29,19,10,71,0.6551724137931034,0.4814444444444444,0.8260869565217391,0.03696189832621211,0.033269125995699686,0.5808080808080808,0.4444444444444444,0.13636363636363635,0.06060606060606061,0.21212121212121213,0.535,0.415,0.12,0.055,0.18512499999999932,0.9,0.905,-0.005,-0.055,0.04,0.6098901098901099,91,0.4627659574468085,19,100,0.19,88,0.2159090909090909
gemma-2-2b-it,dev,uncentred_svd_r4_a1,uncentred_svd,4,1.0,demographic,bbq,exploratory,42,42,42,0.44104585193452384,0.37325613839285715,0.5714285714285714,0.40476190476190477,0.023809523809523808,0.06778971354166667,-0.0772917247953869,0.2025672549293154,0.15370219047368006,-0.21353306133641858,0.39452371276227266,7,6,2,35,0.8571428571428571,0.5,1.0,0.04362465653562161,0.034933384420860455,0.6097560975609756,0.5487804878048781,0.06097560975609756,-0.04878048780487805,0.15853658536585366,0.5357142857142857,0.5238095238095238,0.011904761904761904,-0.047619047619047616,0.07142857142857142,0.9880952380952381,1.0,-0.011904761904761904,-0.03571428571428571,0.0,0.573170731707317,41,0.573170731707317,14,42,0.3333333333333333,41,0.34146341463414637
gemma-2-2b-it,dev,uncentred_svd_r4_a1,uncentred_svd,4,1.0,demographic,crows_pairs,exploratory,30,30,30,0.9345377604166667,0.7222737630208333,0.5666666666666667,0.4,0.03333333333333333,0.21226399739583332,-0.09539306640624999,0.549875284830729,0.2271326064997039,-0.15276483972314375,0.4405954416818872,10,4,6,20,0.4,0.1,0.727840909090906,0.030533704481209404,0.0304146639338167,0.6666666666666666,0.36666666666666664,0.3,0.15,0.4666666666666667,0.8,0.43333333333333335,0.36666666666666664,0.21666666666666667,0.5166666666666667,0.85,0.9,-0.05,-0.15,0.03333333333333333,0.9423076923076923,26,0.4642857142857143,3,30,0.1,25,0.12
gemma-2-2b-it,dev,uncentred_svd_r4_a1,uncentred_svd,4,1.0,demographic,stereoset,exploratory,28,28,28,0.7615792410714286,0.5227399553571429,0.6428571428571429,0.35714285714285715,0.0,0.23883928571428573,0.039045061383928575,0.45818219866071414,0.3136105513830372,0.06618579535377447,0.49167325527638206,12,9,2,16,0.75,0.5,1.0,0.033855111560315045,0.03383109056711891,0.44642857142857145,0.375,0.07142857142857142,-0.017857142857142856,0.17857142857142858,0.25,0.23214285714285715,0.017857142857142856,-0.07187499999999997,0.125,0.8214285714285714,0.7678571428571429,0.05357142857142857,-0.07142857142857142,0.19642857142857142,0.3125,24,0.28,2,28,0.07142857142857142,22,0.09090909090909091
gemma-2-2b-it,dev,uncentred_svd_r4_a1,uncentred_svd,4,1.0,identity,pooled,exploratory,100,100,100,0.0,0.0,0.0,0.0,1.0,0.0,0.0,0.0,,,,0,0,0,100,,,,0.0324506715165248,0.03245554735872315,0.5876288659793815,0.41237113402061853,0.17525773195876287,0.08247422680412371,0.26804123711340205,0.52,0.41,0.11,0.02,0.20024999999999865,0.89,0.9,-0.01,-0.06,0.04,0.6046511627906976,86,0.47126436781609193,0,100,0.0,89,0.0
gemma-2-2b-it,dev,uncentred_svd_r4_a1,uncentred_svd,4,1.0,identity,bbq,exploratory,42,42,42,0.0,0.0,0.0,0.0,1.0,0.0,0.0,0.0,,,,0,0,0,42,,,,0.032753924964266996,0.03276158074256967,0.6666666666666666,0.5128205128205128,0.15384615384615385,0.02564102564102564,0.28205128205128205,0.5238095238095238,0.5238095238095238,0.0,-0.14285714285714285,0.11904761904761904,1.0,1.0,0.0,0.0,0.0,0.5641025641025641,39,0.5641025641025641,0,42,0.0,42,0.0
gemma-2-2b-it,dev,uncentred_svd_r4_a1,uncentred_svd,4,1.0,identity,crows_pairs,exploratory,30,30,30,0.0,0.0,0.0,0.0,1.0,0.0,0.0,0.0,,,,0,0,0,30,,,,0.03073744288770987,0.03073586992266976,0.6333333333333333,0.3,0.3333333333333333,0.13333333333333333,0.5333333333333333,0.7666666666666667,0.4,0.36666666666666664,0.2,0.5333333333333333,0.8333333333333334,0.9333333333333333,-0.1,-0.23333333333333334,0.0,0.92,25,0.42857142857142855,0,30,0.0,25,0.0
gemma-2-2b-it,dev,uncentred_svd_r4_a1,uncentred_svd,4,1.0,identity,stereoset,exploratory,28,28,28,0.0,0.0,0.0,0.0,1.0,0.0,0.0,0.0,,,,0,0,0,28,,,,0.03383139344721321,0.03383900882158201,0.42857142857142855,0.39285714285714285,0.03571428571428571,-0.10714285714285714,0.21428571428571427,0.25,0.25,0.0,-0.14285714285714285,0.14285714285714285,0.7857142857142857,0.7142857142857143,0.07142857142857142,-0.07142857142857142,0.21428571428571427,0.3181818181818182,22,0.35,0,28,0.0,22,0.0
gemma-2-2b-it,dev,uncentred_svd_r4_a1,uncentred_svd,4,1.0,neutral,pooled,exploratory,42,42,42,0.35793340773809523,0.19224330357142858,0.6428571428571429,0.2857142857142857,0.07142857142857142,0.16569010416666666,0.0775692894345238,0.2639895484561012,0.4629076263479278,0.25892162998199447,0.6307558137561768,5,5,0,37,1.0,1.0,1.0,0.05835833266229188,0.04325938538314023,0.6153846153846154,0.5641025641025641,0.05128205128205128,-0.038461538461538464,0.1282051282051282,0.5714285714285714,0.5833333333333334,-0.011904761904761904,-0.08333333333333333,0.05952380952380952,0.9880952380952381,0.9880952380952381,0.0,0.0,0.0,0.6282051282051282,39,0.6410256410256411,8,42,0.19047619047619047,41,0.1951219512195122
gemma-2-2b-it,dev,uncentred_svd_r4_a1,uncentred_svd,4,1.0,neutral,bbq,exploratory,42,42,42,0.35793340773809523,0.19224330357142858,0.6428571428571429,0.2857142857142857,0.07142857142857142,0.16569010416666666,0.0775692894345238,0.2639895484561012,0.4629076263479278,0.25892162998199447,0.6307558137561768,5,5,0,37,1.0,1.0,1.0,0.05835833266229188,0.04325938538314023,0.6153846153846154,0.5641025641025641,0.05128205128205128,-0.038461538461538464,0.1282051282051282,0.5714285714285714,0.5833333333333334,-0.011904761904761904,-0.08333333333333333,0.05952380952380952,0.9880952380952381,0.9880952380952381,0.0,0.0,0.0,0.6282051282051282,39,0.6410256410256411,8,42,0.19047619047619047,41,0.1951219512195122
