seed_id,subvariant_A,subvariant_B,benchmark
bbq_00dd6566,karen,person,bbq
bbq_00dd6566,karen,wealthy,bbq
bbq_00dd6566,karen,well_off,bbq
bbq_00dd6566,karen,williams,bbq
bbq_00dd6566,person,wealthy,bbq
bbq_00dd6566,person,well_off,bbq
bbq_00dd6566,person,williams,bbq
bbq_00dd6566,wealthy,well_off,bbq
bbq_00dd6566,wealthy,williams,bbq
bbq_00dd6566,well_off,williams,bbq
bbq_013e73bf,person,the_chemist,bbq
bbq_013e73bf,person,the_farm_worker,bbq
bbq_013e73bf,person,wealthy,bbq
bbq_013e73bf,person,well_off,bbq
bbq_013e73bf,the_chemist,the_farm_worker,bbq
bbq_013e73bf,the_chemist,wealthy,bbq
bbq_013e73bf,the_chemist,well_off,bbq
bbq_013e73bf,the_farm_worker,wealthy,bbq
bbq_013e73bf,the_farm_worker,well_off,bbq
bbq_013e73bf,wealthy,well_off,bbq
bbq_0594acac,hindu,person,bbq
bbq_0594acac,hindu,sikh,bbq
bbq_0594acac,hindu,the_buddhist_person,bbq
bbq_0594acac,hindu,the_christian_person,bbq
bbq_0594acac,person,sikh,bbq
bbq_0594acac,person,the_buddhist_person,bbq
bbq_0594acac,person,the_christian_person,bbq
bbq_0594acac,sikh,the_buddhist_person,bbq
bbq_0594acac,sikh,the_christian_person,bbq
bbq_0594acac,the_buddhist_person,the_christian_person,bbq
bbq_074508ce,dorothy,kenneth,bbq
bbq_074508ce,dorothy,man,bbq
bbq_074508ce,dorothy,person,bbq
bbq_074508ce,dorothy,woman,bbq
bbq_074508ce,kenneth,man,bbq
bbq_074508ce,kenneth,person,bbq
bbq_074508ce,kenneth,woman,bbq
bbq_074508ce,man,person,bbq
bbq_074508ce,man,woman,bbq
bbq_074508ce,person,woman,bbq
bbq_07e64293,person,the_affluent_students,bbq
bbq_07e64293,person,the_working_class_students,bbq
bbq_07e64293,person,wealthy,bbq
bbq_07e64293,person,well_off,bbq
bbq_07e64293,the_affluent_students,the_working_class_students,bbq
bbq_07e64293,the_affluent_students,wealthy,bbq
bbq_07e64293,the_affluent_students,well_off,bbq
bbq_07e64293,the_working_class_students,wealthy,bbq
bbq_07e64293,the_working_class_students,well_off,bbq
bbq_07e64293,wealthy,well_off,bbq
bbq_08ae073d,middle_aged,person,bbq
bbq_08ae073d,middle_aged,the_24_year_old,bbq
bbq_08ae073d,middle_aged,the_82_year_old,bbq
bbq_08ae073d,middle_aged,young,bbq
bbq_08ae073d,person,the_24_year_old,bbq
bbq_08ae073d,person,the_82_year_old,bbq
bbq_08ae073d,person,young,bbq
bbq_08ae073d,the_24_year_old,the_82_year_old,bbq
bbq_08ae073d,the_24_year_old,young,bbq
bbq_08ae073d,the_82_year_old,young,bbq
bbq_0b2b4c6e,carol,joseph,bbq
bbq_0b2b4c6e,carol,man,bbq
bbq_0b2b4c6e,carol,person,bbq
bbq_0b2b4c6e,carol,woman,bbq
bbq_0b2b4c6e,joseph,man,bbq
bbq_0b2b4c6e,joseph,person,bbq
bbq_0b2b4c6e,joseph,woman,bbq
bbq_0b2b4c6e,man,person,bbq
bbq_0b2b4c6e,man,woman,bbq
bbq_0b2b4c6e,person,woman,bbq
bbq_0e10545b,charles,man,bbq
bbq_0e10545b,charles,patricia,bbq
bbq_0e10545b,charles,person,bbq
bbq_0e10545b,charles,woman,bbq
bbq_0e10545b,man,patricia,bbq
bbq_0e10545b,man,person,bbq
bbq_0e10545b,man,woman,bbq
bbq_0e10545b,patricia,person,bbq
bbq_0e10545b,patricia,woman,bbq
bbq_0e10545b,person,woman,bbq
bbq_0e37ed71,middle_aged,person,bbq
bbq_0e37ed71,middle_aged,the_pensioner,bbq
bbq_0e37ed71,middle_aged,the_teenager,bbq
bbq_0e37ed71,middle_aged,young,bbq
bbq_0e37ed71,person,the_pensioner,bbq
bbq_0e37ed71,person,the_teenager,bbq
bbq_0e37ed71,person,young,bbq
bbq_0e37ed71,the_pensioner,the_teenager,bbq
bbq_0e37ed71,the_pensioner,young,bbq
bbq_0e37ed71,the_teenager,young,bbq
bbq_0fb03ad6,middle_aged,person,bbq
bbq_0fb03ad6,middle_aged,the_college_student,bbq
bbq_0fb03ad6,middle_aged,the_elderly_woman,bbq
bbq_0fb03ad6,middle_aged,young,bbq
bbq_0fb03ad6,person,the_college_student,bbq
bbq_0fb03ad6,person,the_elderly_woman,bbq
bbq_0fb03ad6,person,young,bbq
bbq_0fb03ad6,the_college_student,the_elderly_woman,bbq
bbq_0fb03ad6,the_college_student,young,bbq
bbq_0fb03ad6,the_elderly_woman,young,bbq
bbq_106de616,overweight,person,bbq
bbq_106de616,overweight,the_one_who_is_pregnant,bbq
bbq_106de616,overweight,the_one_who_is_very_tall,bbq
bbq_106de616,overweight,thin,bbq
bbq_106de616,person,the_one_who_is_pregnant,bbq
bbq_106de616,person,the_one_who_is_very_tall,bbq
bbq_106de616,person,thin,bbq
bbq_106de616,the_one_who_is_pregnant,the_one_who_is_very_tall,bbq
bbq_106de616,the_one_who_is_pregnant,thin,bbq
bbq_106de616,the_one_who_is_very_tall,thin,bbq
bbq_118dc715,david,dorothy,bbq
bbq_118dc715,david,man,bbq
bbq_118dc715,david,person,bbq
bbq_118dc715,david,woman,bbq
bbq_118dc715,dorothy,man,bbq
bbq_118dc715,dorothy,person,bbq
bbq_118dc715,dorothy,woman,bbq
bbq_118dc715,man,person,bbq
bbq_118dc715,man,woman,bbq
bbq_118dc715,person,woman,bbq
bbq_1276ea54,friend,overweight,bbq
bbq_1276ea54,friend,person,bbq
bbq_1276ea54,friend,pregnant_woman,bbq
bbq_1276ea54,friend,thin,bbq
bbq_1276ea54,overweight,person,bbq
bbq_1276ea54,overweight,pregnant_woman,bbq
bbq_1276ea54,overweight,thin,bbq
bbq_1276ea54,person,pregnant_woman,bbq
bbq_1276ea54,person,thin,bbq
bbq_1276ea54,pregnant_woman,thin,bbq
bbq_165c42db,disabled,non_disabled,bbq
bbq_165c42db,disabled,person,bbq
bbq_165c42db,disabled,the_person_with_autism,bbq
bbq_165c42db,disabled,the_person_with_dark_hair,bbq
bbq_165c42db,non_disabled,person,bbq
bbq_165c42db,non_disabled,the_person_with_autism,bbq
bbq_165c42db,non_disabled,the_person_with_dark_hair,bbq
bbq_165c42db,person,the_person_with_autism,bbq
bbq_165c42db,person,the_person_with_dark_hair,bbq
bbq_165c42db,the_person_with_autism,the_person_with_dark_hair,bbq
bbq_16d28504,hindu,person,bbq
bbq_16d28504,hindu,sikh,bbq
bbq_16d28504,hindu,the_mormon_man,bbq
bbq_16d28504,hindu,the_sikh_man,bbq
bbq_16d28504,person,sikh,bbq
bbq_16d28504,person,the_mormon_man,bbq
bbq_16d28504,person,the_sikh_man,bbq
bbq_16d28504,sikh,the_mormon_man,bbq
bbq_16d28504,sikh,the_sikh_man,bbq
bbq_16d28504,the_mormon_man,the_sikh_man,bbq
bbq_16d6bf66,disabled,non_disabled,bbq
bbq_16d6bf66,disabled,person,bbq
bbq_16d6bf66,disabled,the_one_with_a_physical_disability,bbq
bbq_16d6bf66,disabled,the_one_with_an_acting_background,bbq
bbq_16d6bf66,non_disabled,person,bbq
bbq_16d6bf66,non_disabled,the_one_with_a_physical_disability,bbq
bbq_16d6bf66,non_disabled,the_one_with_an_acting_background,bbq
bbq_16d6bf66,person,the_one_with_a_physical_disability,bbq
bbq_16d6bf66,person,the_one_with_an_acting_background,bbq
bbq_16d6bf66,the_one_with_a_physical_disability,the_one_with_an_acting_background,bbq
bbq_177ecfda,middle_aged,person,bbq
bbq_177ecfda,middle_aged,the_grandfather,bbq
bbq_177ecfda,middle_aged,the_grandson,bbq
bbq_177ecfda,middle_aged,young,bbq
bbq_177ecfda,person,the_grandfather,bbq
bbq_177ecfda,person,the_grandson,bbq
bbq_177ecfda,person,young,bbq
bbq_177ecfda,the_grandfather,the_grandson,bbq
bbq_177ecfda,the_grandfather,young,bbq
bbq_177ecfda,the_grandson,young,bbq
bbq_18f81589,person,the_poor_students,bbq
bbq_18f81589,person,the_well_to_do_students,bbq
bbq_18f81589,person,wealthy,bbq
bbq_18f81589,person,well_off,bbq
bbq_18f81589,the_poor_students,the_well_to_do_students,bbq
bbq_18f81589,the_poor_students,wealthy,bbq
bbq_18f81589,the_poor_students,well_off,bbq
bbq_18f81589,the_well_to_do_students,wealthy,bbq
bbq_18f81589,the_well_to_do_students,well_off,bbq
bbq_18f81589,wealthy,well_off,bbq
bbq_1946ba6d,american,chinese,bbq
bbq_1946ba6d,american,person,bbq
bbq_1946ba6d,american,the_hungarian_friend,bbq
bbq_1946ba6d,american,the_syrian_friend,bbq
bbq_1946ba6d,chinese,person,bbq
bbq_1946ba6d,chinese,the_hungarian_friend,bbq
bbq_1946ba6d,chinese,the_syrian_friend,bbq
bbq_1946ba6d,person,the_hungarian_friend,bbq
bbq_1946ba6d,person,the_syrian_friend,bbq
bbq_1946ba6d,the_hungarian_friend,the_syrian_friend,bbq
bbq_1a3899fa,overweight,person,bbq
bbq_1a3899fa,overweight,the_sloppily_dressed_candidate,bbq
bbq_1a3899fa,overweight,the_smartly_dressed_candidate,bbq
bbq_1a3899fa,overweight,thin,bbq
bbq_1a3899fa,person,the_sloppily_dressed_candidate,bbq
bbq_1a3899fa,person,the_smartly_dressed_candidate,bbq
bbq_1a3899fa,person,thin,bbq
bbq_1a3899fa,the_sloppily_dressed_candidate,the_smartly_dressed_candidate,bbq
bbq_1a3899fa,the_sloppily_dressed_candidate,thin,bbq
bbq_1a3899fa,the_smartly_dressed_candidate,thin,bbq
bbq_1bc3d48d,middle_aged,person,bbq
bbq_1bc3d48d,middle_aged,the_15_year_old,bbq
bbq_1bc3d48d,middle_aged,the_55_year_old,bbq
bbq_1bc3d48d,middle_aged,young,bbq
bbq_1bc3d48d,person,the_15_year_old,bbq
bbq_1bc3d48d,person,the_55_year_old,bbq
bbq_1bc3d48d,person,young,bbq
bbq_1bc3d48d,the_15_year_old,the_55_year_old,bbq
bbq_1bc3d48d,the_15_year_old,young,bbq
bbq_1bc3d48d,the_55_year_old,young,bbq
bbq_1e78b8b0,overweight,person,bbq
bbq_1e78b8b0,overweight,the_coworker,bbq
bbq_1e78b8b0,overweight,the_other_pregnant_woman,bbq
bbq_1e78b8b0,overweight,thin,bbq
bbq_1e78b8b0,person,the_coworker,bbq
bbq_1e78b8b0,person,the_other_pregnant_woman,bbq
bbq_1e78b8b0,person,thin,bbq
bbq_1e78b8b0,the_coworker,the_other_pregnant_woman,bbq
bbq_1e78b8b0,the_coworker,thin,bbq
bbq_1e78b8b0,the_other_pregnant_woman,thin,bbq
bbq_20e21a2d,david,man,bbq
bbq_20e21a2d,david,nancy,bbq
bbq_20e21a2d,david,person,bbq
bbq_20e21a2d,david,woman,bbq
bbq_20e21a2d,man,nancy,bbq
bbq_20e21a2d,man,person,bbq
bbq_20e21a2d,man,woman,bbq
bbq_20e21a2d,nancy,person,bbq
bbq_20e21a2d,nancy,woman,bbq
bbq_20e21a2d,person,woman,bbq
bbq_25266114,person,the_parking_attendant,bbq
bbq_25266114,person,the_pharmacist,bbq
bbq_25266114,person,wealthy,bbq
bbq_25266114,person,well_off,bbq
bbq_25266114,the_parking_attendant,the_pharmacist,bbq
bbq_25266114,the_parking_attendant,wealthy,bbq
bbq_25266114,the_parking_attendant,well_off,bbq
bbq_25266114,the_pharmacist,wealthy,bbq
bbq_25266114,the_pharmacist,well_off,bbq
bbq_25266114,wealthy,well_off,bbq
bbq_25934b81,american,chinese,bbq
bbq_25934b81,american,person,bbq
bbq_25934b81,american,the_german_friend,bbq
bbq_25934b81,american,the_malian_friend,bbq
bbq_25934b81,chinese,person,bbq
bbq_25934b81,chinese,the_german_friend,bbq
bbq_25934b81,chinese,the_malian_friend,bbq
bbq_25934b81,person,the_german_friend,bbq
bbq_25934b81,person,the_malian_friend,bbq
bbq_25934b81,the_german_friend,the_malian_friend,bbq
bbq_2672bc50,disabled,non_disabled,bbq
bbq_2672bc50,disabled,person,bbq
bbq_2672bc50,disabled,the_person_with_bipolar,bbq
bbq_2672bc50,disabled,the_roommate,bbq
bbq_2672bc50,non_disabled,person,bbq
bbq_2672bc50,non_disabled,the_person_with_bipolar,bbq
bbq_2672bc50,non_disabled,the_roommate,bbq
bbq_2672bc50,person,the_person_with_bipolar,bbq
bbq_2672bc50,person,the_roommate,bbq
bbq_2672bc50,the_person_with_bipolar,the_roommate,bbq
bbq_26a71438,disabled,non_disabled,bbq
bbq_26a71438,disabled,person,bbq
bbq_26a71438,disabled,the_person_on_the_autism_spectrum,bbq
bbq_26a71438,disabled,the_sibling,bbq
bbq_26a71438,non_disabled,person,bbq
bbq_26a71438,non_disabled,the_person_on_the_autism_spectrum,bbq
bbq_26a71438,non_disabled,the_sibling,bbq
bbq_26a71438,person,the_person_on_the_autism_spectrum,bbq
bbq_26a71438,person,the_sibling,bbq
bbq_26a71438,the_person_on_the_autism_spectrum,the_sibling,bbq
bbq_26fdea2c,american,chinese,bbq
bbq_26fdea2c,american,person,bbq
bbq_26fdea2c,american,the_ethiopian_friend,bbq
bbq_26fdea2c,american,the_syrian_friend,bbq
bbq_26fdea2c,chinese,person,bbq
bbq_26fdea2c,chinese,the_ethiopian_friend,bbq
bbq_26fdea2c,chinese,the_syrian_friend,bbq
bbq_26fdea2c,person,the_ethiopian_friend,bbq
bbq_26fdea2c,person,the_syrian_friend,bbq
bbq_26fdea2c,the_ethiopian_friend,the_syrian_friend,bbq
bbq_281ba38c,person,the_line_cook,bbq
bbq_281ba38c,person,the_optometrist,bbq
bbq_281ba38c,person,wealthy,bbq
bbq_281ba38c,person,well_off,bbq
bbq_281ba38c,the_line_cook,the_optometrist,bbq
bbq_281ba38c,the_line_cook,wealthy,bbq
bbq_281ba38c,the_line_cook,well_off,bbq
bbq_281ba38c,the_optometrist,wealthy,bbq
bbq_281ba38c,the_optometrist,well_off,bbq
bbq_281ba38c,wealthy,well_off,bbq
bbq_28230fd0,gay,person,bbq
bbq_28230fd0,gay,straight,bbq
bbq_28230fd0,gay,the_bisexual_one,bbq
bbq_28230fd0,gay,the_lesbian_one,bbq
bbq_28230fd0,person,straight,bbq
bbq_28230fd0,person,the_bisexual_one,bbq
bbq_28230fd0,person,the_lesbian_one,bbq
bbq_28230fd0,straight,the_bisexual_one,bbq
bbq_28230fd0,straight,the_lesbian_one,bbq
bbq_28230fd0,the_bisexual_one,the_lesbian_one,bbq
bbq_28416d64,black,esperanza_rodriguez,bbq
bbq_28416d64,black,ivory_banks,bbq
bbq_28416d64,black,person,bbq
bbq_28416d64,black,white,bbq
bbq_28416d64,esperanza_rodriguez,ivory_banks,bbq
bbq_28416d64,esperanza_rodriguez,person,bbq
bbq_28416d64,esperanza_rodriguez,white,bbq
bbq_28416d64,ivory_banks,person,bbq
bbq_28416d64,ivory_banks,white,bbq
bbq_28416d64,person,white,bbq
bbq_2926d289,overweight,person,bbq
bbq_2926d289,overweight,the_employee,bbq
bbq_2926d289,overweight,the_other_pregnant_employee,bbq
bbq_2926d289,overweight,thin,bbq
bbq_2926d289,person,the_employee,bbq
bbq_2926d289,person,the_other_pregnant_employee,bbq
bbq_2926d289,person,thin,bbq
bbq_2926d289,the_employee,the_other_pregnant_employee,bbq
bbq_2926d289,the_employee,thin,bbq
bbq_2926d289,the_other_pregnant_employee,thin,bbq
bbq_297a1dae,american,chinese,bbq
bbq_297a1dae,american,person,bbq
bbq_297a1dae,american,the_iraqi_family,bbq
bbq_297a1dae,american,the_senegalese_family,bbq
bbq_297a1dae,chinese,person,bbq
bbq_297a1dae,chinese,the_iraqi_family,bbq
bbq_297a1dae,chinese,the_senegalese_family,bbq
bbq_297a1dae,person,the_iraqi_family,bbq
bbq_297a1dae,person,the_senegalese_family,bbq
bbq_297a1dae,the_iraqi_family,the_senegalese_family,bbq
bbq_297eae36,elizabeth,man,bbq
bbq_297eae36,elizabeth,michael,bbq
bbq_297eae36,elizabeth,person,bbq
bbq_297eae36,elizabeth,woman,bbq
bbq_297eae36,man,michael,bbq
bbq_297eae36,man,person,bbq
bbq_297eae36,man,woman,bbq
bbq_297eae36,michael,person,bbq
bbq_297eae36,michael,woman,bbq
bbq_297eae36,person,woman,bbq
bbq_2a505e69,hindu,person,bbq
bbq_2a505e69,hindu,sikh,bbq
bbq_2a505e69,hindu,the_atheist_woman,bbq
bbq_2a505e69,hindu,the_hindu_woman,bbq
bbq_2a505e69,person,sikh,bbq
bbq_2a505e69,person,the_atheist_woman,bbq
bbq_2a505e69,person,the_hindu_woman,bbq
bbq_2a505e69,sikh,the_atheist_woman,bbq
bbq_2a505e69,sikh,the_hindu_woman,bbq
bbq_2a505e69,the_atheist_woman,the_hindu_woman,bbq
bbq_2a972ee7,george,man,bbq
bbq_2a972ee7,george,margaret,bbq
bbq_2a972ee7,george,person,bbq
bbq_2a972ee7,george,woman,bbq
bbq_2a972ee7,man,margaret,bbq
bbq_2a972ee7,man,person,bbq
bbq_2a972ee7,man,woman,bbq
bbq_2a972ee7,margaret,person,bbq
bbq_2a972ee7,margaret,woman,bbq
bbq_2a972ee7,person,woman,bbq
bbq_2b4c8a92,american,chinese,bbq
bbq_2b4c8a92,american,person,bbq
bbq_2b4c8a92,american,the_moroccan_girlfriend,bbq
bbq_2b4c8a92,american,the_vietnamese_girlfriend,bbq
bbq_2b4c8a92,chinese,person,bbq
bbq_2b4c8a92,chinese,the_moroccan_girlfriend,bbq
bbq_2b4c8a92,chinese,the_vietnamese_girlfriend,bbq
bbq_2b4c8a92,person,the_moroccan_girlfriend,bbq
bbq_2b4c8a92,person,the_vietnamese_girlfriend,bbq
bbq_2b4c8a92,the_moroccan_girlfriend,the_vietnamese_girlfriend,bbq
bbq_2b77ab73,gay,person,bbq
bbq_2b77ab73,gay,straight,bbq
bbq_2b77ab73,gay,the_bisexual_one,bbq
bbq_2b77ab73,gay,the_lesbian_one,bbq
bbq_2b77ab73,person,straight,bbq
bbq_2b77ab73,person,the_bisexual_one,bbq
bbq_2b77ab73,person,the_lesbian_one,bbq
bbq_2b77ab73,straight,the_bisexual_one,bbq
bbq_2b77ab73,straight,the_lesbian_one,bbq
bbq_2b77ab73,the_bisexual_one,the_lesbian_one,bbq
bbq_2c5da17d,gay,person,bbq
bbq_2c5da17d,gay,straight,bbq
bbq_2c5da17d,gay,the_lesbian_friend,bbq
bbq_2c5da17d,gay,the_straight_friend,bbq
bbq_2c5da17d,person,straight,bbq
bbq_2c5da17d,person,the_lesbian_friend,bbq
bbq_2c5da17d,person,the_straight_friend,bbq
bbq_2c5da17d,straight,the_lesbian_friend,bbq
bbq_2c5da17d,straight,the_straight_friend,bbq
bbq_2c5da17d,the_lesbian_friend,the_straight_friend,bbq
bbq_2cd0f9c5,american,chinese,bbq
bbq_2cd0f9c5,american,person,bbq
bbq_2cd0f9c5,american,the_japanese_girlfriend,bbq
bbq_2cd0f9c5,american,the_spanish_girlfriend,bbq
bbq_2cd0f9c5,chinese,person,bbq
bbq_2cd0f9c5,chinese,the_japanese_girlfriend,bbq
bbq_2cd0f9c5,chinese,the_spanish_girlfriend,bbq
bbq_2cd0f9c5,person,the_japanese_girlfriend,bbq
bbq_2cd0f9c5,person,the_spanish_girlfriend,bbq
bbq_2cd0f9c5,the_japanese_girlfriend,the_spanish_girlfriend,bbq
bbq_2d729f22,overweight,person,bbq
bbq_2d729f22,overweight,the_obese_student,bbq
bbq_2d729f22,overweight,the_slim_student,bbq
bbq_2d729f22,overweight,thin,bbq
bbq_2d729f22,person,the_obese_student,bbq
bbq_2d729f22,person,the_slim_student,bbq
bbq_2d729f22,person,thin,bbq
bbq_2d729f22,the_obese_student,the_slim_student,bbq
bbq_2d729f22,the_obese_student,thin,bbq
bbq_2d729f22,the_slim_student,thin,bbq
bbq_2de440ae,overweight,person,bbq
bbq_2de440ae,overweight,the_athletic_looking_person,bbq
bbq_2de440ae,overweight,the_rather_large_person,bbq
bbq_2de440ae,overweight,thin,bbq
bbq_2de440ae,person,the_athletic_looking_person,bbq
bbq_2de440ae,person,the_rather_large_person,bbq
bbq_2de440ae,person,thin,bbq
bbq_2de440ae,the_athletic_looking_person,the_rather_large_person,bbq
bbq_2de440ae,the_athletic_looking_person,thin,bbq
bbq_2de440ae,the_rather_large_person,thin,bbq
bbq_30e0d554,black,elaine_ho,bbq
bbq_30e0d554,black,fatima_mughrabi,bbq
bbq_30e0d554,black,person,bbq
bbq_30e0d554,black,white,bbq
bbq_30e0d554,elaine_ho,fatima_mughrabi,bbq
bbq_30e0d554,elaine_ho,person,bbq
bbq_30e0d554,elaine_ho,white,bbq
bbq_30e0d554,fatima_mughrabi,person,bbq
bbq_30e0d554,fatima_mughrabi,white,bbq
bbq_30e0d554,person,white,bbq
bbq_3206b8de,man,margaret,bbq
bbq_3206b8de,man,paul,bbq
bbq_3206b8de,man,person,bbq
bbq_3206b8de,man,woman,bbq
bbq_3206b8de,margaret,paul,bbq
bbq_3206b8de,margaret,person,bbq
bbq_3206b8de,margaret,woman,bbq
bbq_3206b8de,paul,person,bbq
bbq_3206b8de,paul,woman,bbq
bbq_3206b8de,person,woman,bbq
bbq_3239072c,middle_aged,person,bbq
bbq_3239072c,middle_aged,the_older_adult,bbq
bbq_3239072c,middle_aged,the_teenager,bbq
bbq_3239072c,middle_aged,young,bbq
bbq_3239072c,person,the_older_adult,bbq
bbq_3239072c,person,the_teenager,bbq
bbq_3239072c,person,young,bbq
bbq_3239072c,the_older_adult,the_teenager,bbq
bbq_3239072c,the_older_adult,young,bbq
bbq_3239072c,the_teenager,young,bbq
bbq_323c41db,middle_aged,person,bbq
bbq_323c41db,middle_aged,the_retiree,bbq
bbq_323c41db,middle_aged,the_teen,bbq
bbq_323c41db,middle_aged,young,bbq
bbq_323c41db,person,the_retiree,bbq
bbq_323c41db,person,the_teen,bbq
bbq_323c41db,person,young,bbq
bbq_323c41db,the_retiree,the_teen,bbq
bbq_323c41db,the_retiree,young,bbq
bbq_323c41db,the_teen,young,bbq
bbq_3259c392,gay,person,bbq
bbq_3259c392,gay,straight,bbq
bbq_3259c392,gay,the_gay_neighbor,bbq
bbq_3259c392,gay,the_lesbian_neighbor,bbq
bbq_3259c392,person,straight,bbq
bbq_3259c392,person,the_gay_neighbor,bbq
bbq_3259c392,person,the_lesbian_neighbor,bbq
bbq_3259c392,straight,the_gay_neighbor,bbq
bbq_3259c392,straight,the_lesbian_neighbor,bbq
bbq_3259c392,the_gay_neighbor,the_lesbian_neighbor,bbq
bbq_32b0f202,albert_kim,black,bbq
bbq_32b0f202,albert_kim,juan_munoz,bbq
bbq_32b0f202,albert_kim,person,bbq
bbq_32b0f202,albert_kim,white,bbq
bbq_32b0f202,black,juan_munoz,bbq
bbq_32b0f202,black,person,bbq
bbq_32b0f202,black,white,bbq
bbq_32b0f202,juan_munoz,person,bbq
bbq_32b0f202,juan_munoz,white,bbq
bbq_32b0f202,person,white,bbq
bbq_33ebf720,gay,person,bbq
bbq_33ebf720,gay,straight,bbq
bbq_33ebf720,gay,the_bisexual_friend,bbq
bbq_33ebf720,gay,the_gay_friend,bbq
bbq_33ebf720,person,straight,bbq
bbq_33ebf720,person,the_bisexual_friend,bbq
bbq_33ebf720,person,the_gay_friend,bbq
bbq_33ebf720,straight,the_bisexual_friend,bbq
bbq_33ebf720,straight,the_gay_friend,bbq
bbq_33ebf720,the_bisexual_friend,the_gay_friend,bbq
bbq_3472f7ae,overweight,person,bbq
bbq_3472f7ae,overweight,the_girlfriend,bbq
bbq_3472f7ae,overweight,the_pregnant_woman,bbq
bbq_3472f7ae,overweight,thin,bbq
bbq_3472f7ae,person,the_girlfriend,bbq
bbq_3472f7ae,person,the_pregnant_woman,bbq
bbq_3472f7ae,person,thin,bbq
bbq_3472f7ae,the_girlfriend,the_pregnant_woman,bbq
bbq_3472f7ae,the_girlfriend,thin,bbq
bbq_3472f7ae,the_pregnant_woman,thin,bbq
bbq_347baf4c,overweight,person,bbq
bbq_347baf4c,overweight,the_athletic_looking_person,bbq
bbq_347baf4c,overweight,the_obese_person,bbq
bbq_347baf4c,overweight,thin,bbq
bbq_347baf4c,person,the_athletic_looking_person,bbq
bbq_347baf4c,person,the_obese_person,bbq
bbq_347baf4c,person,thin,bbq
bbq_347baf4c,the_athletic_looking_person,the_obese_person,bbq
bbq_347baf4c,the_athletic_looking_person,thin,bbq
bbq_347baf4c,the_obese_person,thin,bbq
bbq_364293a8,gay,person,bbq
bbq_364293a8,gay,straight,bbq
bbq_364293a8,gay,the_bisexual_one,bbq
bbq_364293a8,gay,the_gay_one,bbq
bbq_364293a8,person,straight,bbq
bbq_364293a8,person,the_bisexual_one,bbq
bbq_364293a8,person,the_gay_one,bbq
bbq_364293a8,straight,the_bisexual_one,bbq
bbq_364293a8,straight,the_gay_one,bbq
bbq_364293a8,the_bisexual_one,the_gay_one,bbq
bbq_366c97d9,hindu,person,bbq
bbq_366c97d9,hindu,sikh,bbq
bbq_366c97d9,hindu,the_christian_man,bbq
bbq_366c97d9,hindu,the_mormon_man,bbq
bbq_366c97d9,person,sikh,bbq
bbq_366c97d9,person,the_christian_man,bbq
bbq_366c97d9,person,the_mormon_man,bbq
bbq_366c97d9,sikh,the_christian_man,bbq
bbq_366c97d9,sikh,the_mormon_man,bbq
bbq_366c97d9,the_christian_man,the_mormon_man,bbq
bbq_3938e3f1,disabled,non_disabled,bbq
bbq_3938e3f1,disabled,person,bbq
bbq_3938e3f1,disabled,the_autistic_person,bbq
bbq_3938e3f1,disabled,the_football_captain,bbq
bbq_3938e3f1,non_disabled,person,bbq
bbq_3938e3f1,non_disabled,the_autistic_person,bbq
bbq_3938e3f1,non_disabled,the_football_captain,bbq
bbq_3938e3f1,person,the_autistic_person,bbq
bbq_3938e3f1,person,the_football_captain,bbq
bbq_3938e3f1,the_autistic_person,the_football_captain,bbq
bbq_3b724457,alejandra_soto,black,bbq
bbq_3b724457,alejandra_soto,latoya_ware,bbq
bbq_3b724457,alejandra_soto,person,bbq
bbq_3b724457,alejandra_soto,white,bbq
bbq_3b724457,black,latoya_ware,bbq
bbq_3b724457,black,person,bbq
bbq_3b724457,black,white,bbq
bbq_3b724457,latoya_ware,person,bbq
bbq_3b724457,latoya_ware,white,bbq
bbq_3b724457,person,white,bbq
bbq_3b79c94b,hindu,person,bbq
bbq_3b79c94b,hindu,sikh,bbq
bbq_3b79c94b,hindu,the_atheist_man,bbq
bbq_3b79c94b,hindu,the_jewish_man,bbq
bbq_3b79c94b,person,sikh,bbq
bbq_3b79c94b,person,the_atheist_man,bbq
bbq_3b79c94b,person,the_jewish_man,bbq
bbq_3b79c94b,sikh,the_atheist_man,bbq
bbq_3b79c94b,sikh,the_jewish_man,bbq
bbq_3b79c94b,the_atheist_man,the_jewish_man,bbq
bbq_3b8753db,charles,man,bbq
bbq_3b8753db,charles,person,bbq
bbq_3b8753db,charles,susan,bbq
bbq_3b8753db,charles,woman,bbq
bbq_3b8753db,man,person,bbq
bbq_3b8753db,man,susan,bbq
bbq_3b8753db,man,woman,bbq
bbq_3b8753db,person,susan,bbq
bbq_3b8753db,person,woman,bbq
bbq_3b8753db,susan,woman,bbq
bbq_3c495bcc,gay,person,bbq
bbq_3c495bcc,gay,straight,bbq
bbq_3c495bcc,gay,the_gay_friend,bbq
bbq_3c495bcc,gay,the_straight_friend,bbq
bbq_3c495bcc,person,straight,bbq
bbq_3c495bcc,person,the_gay_friend,bbq
bbq_3c495bcc,person,the_straight_friend,bbq
bbq_3c495bcc,straight,the_gay_friend,bbq
bbq_3c495bcc,straight,the_straight_friend,bbq
bbq_3c495bcc,the_gay_friend,the_straight_friend,bbq
bbq_3c9b2e5f,christopher,man,bbq
bbq_3c9b2e5f,christopher,maria,bbq
bbq_3c9b2e5f,christopher,person,bbq
bbq_3c9b2e5f,christopher,woman,bbq
bbq_3c9b2e5f,man,maria,bbq
bbq_3c9b2e5f,man,person,bbq
bbq_3c9b2e5f,man,woman,bbq
bbq_3c9b2e5f,maria,person,bbq
bbq_3c9b2e5f,maria,woman,bbq
bbq_3c9b2e5f,person,woman,bbq
bbq_3f9a4583,gay,person,bbq
bbq_3f9a4583,gay,straight,bbq
bbq_3f9a4583,gay,the_lesbian_one,bbq
bbq_3f9a4583,gay,the_pansexual_one,bbq
bbq_3f9a4583,person,straight,bbq
bbq_3f9a4583,person,the_lesbian_one,bbq
bbq_3f9a4583,person,the_pansexual_one,bbq
bbq_3f9a4583,straight,the_lesbian_one,bbq
bbq_3f9a4583,straight,the_pansexual_one,bbq
bbq_3f9a4583,the_lesbian_one,the_pansexual_one,bbq
bbq_400bb142,elizabeth,man,bbq
bbq_400bb142,elizabeth,paul,bbq
bbq_400bb142,elizabeth,person,bbq
bbq_400bb142,elizabeth,woman,bbq
bbq_400bb142,man,paul,bbq
bbq_400bb142,man,person,bbq
bbq_400bb142,man,woman,bbq
bbq_400bb142,paul,person,bbq
bbq_400bb142,paul,woman,bbq
bbq_400bb142,person,woman,bbq
bbq_40166a07,hindu,person,bbq
bbq_40166a07,hindu,sikh,bbq
bbq_40166a07,hindu,the_hindu_man,bbq
bbq_40166a07,hindu,the_mormon_man,bbq
bbq_40166a07,person,sikh,bbq
bbq_40166a07,person,the_hindu_man,bbq
bbq_40166a07,person,the_mormon_man,bbq
bbq_40166a07,sikh,the_hindu_man,bbq
bbq_40166a07,sikh,the_mormon_man,bbq
bbq_40166a07,the_hindu_man,the_mormon_man,bbq
bbq_43d6c080,man,person,bbq
bbq_43d6c080,man,the_cisgender_woman,bbq
bbq_43d6c080,man,the_trans_girl,bbq
bbq_43d6c080,man,woman,bbq
bbq_43d6c080,person,the_cisgender_woman,bbq
bbq_43d6c080,person,the_trans_girl,bbq
bbq_43d6c080,person,woman,bbq
bbq_43d6c080,the_cisgender_woman,the_trans_girl,bbq
bbq_43d6c080,the_cisgender_woman,woman,bbq
bbq_43d6c080,the_trans_girl,woman,bbq
bbq_440c2b80,person,the_optometrist,bbq
bbq_440c2b80,person,the_parking_attendant,bbq
bbq_440c2b80,person,wealthy,bbq
bbq_440c2b80,person,well_off,bbq
bbq_440c2b80,the_optometrist,the_parking_attendant,bbq
bbq_440c2b80,the_optometrist,wealthy,bbq
bbq_440c2b80,the_optometrist,well_off,bbq
bbq_440c2b80,the_parking_attendant,wealthy,bbq
bbq_440c2b80,the_parking_attendant,well_off,bbq
bbq_440c2b80,wealthy,well_off,bbq
bbq_44ba2b3b,person,the_line_cook,bbq
bbq_44ba2b3b,person,the_professor,bbq
bbq_44ba2b3b,person,wealthy,bbq
bbq_44ba2b3b,person,well_off,bbq
bbq_44ba2b3b,the_line_cook,the_professor,bbq
bbq_44ba2b3b,the_line_cook,wealthy,bbq
bbq_44ba2b3b,the_line_cook,well_off,bbq
bbq_44ba2b3b,the_professor,wealthy,bbq
bbq_44ba2b3b,the_professor,well_off,bbq
bbq_44ba2b3b,wealthy,well_off,bbq
bbq_44f4373d,middle_aged,person,bbq
bbq_44f4373d,middle_aged,the_college_student,bbq
bbq_44f4373d,middle_aged,the_older_person,bbq
bbq_44f4373d,middle_aged,young,bbq
bbq_44f4373d,person,the_college_student,bbq
bbq_44f4373d,person,the_older_person,bbq
bbq_44f4373d,person,young,bbq
bbq_44f4373d,the_college_student,the_older_person,bbq
bbq_44f4373d,the_college_student,young,bbq
bbq_44f4373d,the_older_person,young,bbq
bbq_45d0f5c0,person,the_farm_worker,bbq
bbq_45d0f5c0,person,the_optometrist,bbq
bbq_45d0f5c0,person,wealthy,bbq
bbq_45d0f5c0,person,well_off,bbq
bbq_45d0f5c0,the_farm_worker,the_optometrist,bbq
bbq_45d0f5c0,the_farm_worker,wealthy,bbq
bbq_45d0f5c0,the_farm_worker,well_off,bbq
bbq_45d0f5c0,the_optometrist,wealthy,bbq
bbq_45d0f5c0,the_optometrist,well_off,bbq
bbq_45d0f5c0,wealthy,well_off,bbq
bbq_468a997e,overweight,person,bbq
bbq_468a997e,overweight,the_obese_person,bbq
bbq_468a997e,overweight,the_really_thin_person,bbq
bbq_468a997e,overweight,thin,bbq
bbq_468a997e,person,the_obese_person,bbq
bbq_468a997e,person,the_really_thin_person,bbq
bbq_468a997e,person,thin,bbq
bbq_468a997e,the_obese_person,the_really_thin_person,bbq
bbq_468a997e,the_obese_person,thin,bbq
bbq_468a997e,the_really_thin_person,thin,bbq
bbq_46904ba1,middle_aged,person,bbq
bbq_46904ba1,middle_aged,the_high_school_student,bbq
bbq_46904ba1,middle_aged,the_middle_aged_man,bbq
bbq_46904ba1,middle_aged,young,bbq
bbq_46904ba1,person,the_high_school_student,bbq
bbq_46904ba1,person,the_middle_aged_man,bbq
bbq_46904ba1,person,young,bbq
bbq_46904ba1,the_high_school_student,the_middle_aged_man,bbq
bbq_46904ba1,the_high_school_student,young,bbq
bbq_46904ba1,the_middle_aged_man,young,bbq
bbq_46e28cb8,gay,person,bbq
bbq_46e28cb8,gay,straight,bbq
bbq_46e28cb8,gay,the_lesbian_friend,bbq
bbq_46e28cb8,gay,the_pansexual_friend,bbq
bbq_46e28cb8,person,straight,bbq
bbq_46e28cb8,person,the_lesbian_friend,bbq
bbq_46e28cb8,person,the_pansexual_friend,bbq
bbq_46e28cb8,straight,the_lesbian_friend,bbq
bbq_46e28cb8,straight,the_pansexual_friend,bbq
bbq_46e28cb8,the_lesbian_friend,the_pansexual_friend,bbq
bbq_482c7b86,disabled,non_disabled,bbq
bbq_482c7b86,disabled,person,bbq
bbq_482c7b86,disabled,the_brother,bbq
bbq_482c7b86,disabled,the_person_with_ptsd,bbq
bbq_482c7b86,non_disabled,person,bbq
bbq_482c7b86,non_disabled,the_brother,bbq
bbq_482c7b86,non_disabled,the_person_with_ptsd,bbq
bbq_482c7b86,person,the_brother,bbq
bbq_482c7b86,person,the_person_with_ptsd,bbq
bbq_482c7b86,the_brother,the_person_with_ptsd,bbq
bbq_49a3403f,james,lisa,bbq
bbq_49a3403f,james,man,bbq
bbq_49a3403f,james,person,bbq
bbq_49a3403f,james,woman,bbq
bbq_49a3403f,lisa,man,bbq
bbq_49a3403f,lisa,person,bbq
bbq_49a3403f,lisa,woman,bbq
bbq_49a3403f,man,person,bbq
bbq_49a3403f,man,woman,bbq
bbq_49a3403f,person,woman,bbq
bbq_49c614de,person,the_bartender,bbq
bbq_49c614de,person,the_psychologist,bbq
bbq_49c614de,person,wealthy,bbq
bbq_49c614de,person,well_off,bbq
bbq_49c614de,the_bartender,the_psychologist,bbq
bbq_49c614de,the_bartender,wealthy,bbq
bbq_49c614de,the_bartender,well_off,bbq
bbq_49c614de,the_psychologist,wealthy,bbq
bbq_49c614de,the_psychologist,well_off,bbq
bbq_49c614de,wealthy,well_off,bbq
bbq_4a6c601b,person,the_bartender,bbq
bbq_4a6c601b,person,the_lawyer,bbq
bbq_4a6c601b,person,wealthy,bbq
bbq_4a6c601b,person,well_off,bbq
bbq_4a6c601b,the_bartender,the_lawyer,bbq
bbq_4a6c601b,the_bartender,wealthy,bbq
bbq_4a6c601b,the_bartender,well_off,bbq
bbq_4a6c601b,the_lawyer,wealthy,bbq
bbq_4a6c601b,the_lawyer,well_off,bbq
bbq_4a6c601b,wealthy,well_off,bbq
bbq_4b233e5a,alex_le,black,bbq
bbq_4b233e5a,alex_le,luis_espinoza,bbq
bbq_4b233e5a,alex_le,person,bbq
bbq_4b233e5a,alex_le,white,bbq
bbq_4b233e5a,black,luis_espinoza,bbq
bbq_4b233e5a,black,person,bbq
bbq_4b233e5a,black,white,bbq
bbq_4b233e5a,luis_espinoza,person,bbq
bbq_4b233e5a,luis_espinoza,white,bbq
bbq_4b233e5a,person,white,bbq
bbq_4ca44312,man,mary,bbq
bbq_4ca44312,man,person,bbq
bbq_4ca44312,man,williams,bbq
bbq_4ca44312,man,woman,bbq
bbq_4ca44312,mary,person,bbq
bbq_4ca44312,mary,williams,bbq
bbq_4ca44312,mary,woman,bbq
bbq_4ca44312,person,williams,bbq
bbq_4ca44312,person,woman,bbq
bbq_4ca44312,williams,woman,bbq
bbq_4da62669,gay,person,bbq
bbq_4da62669,gay,straight,bbq
bbq_4da62669,gay,the_bisexual_one,bbq
bbq_4da62669,gay,the_gay_one,bbq
bbq_4da62669,person,straight,bbq
bbq_4da62669,person,the_bisexual_one,bbq
bbq_4da62669,person,the_gay_one,bbq
bbq_4da62669,straight,the_bisexual_one,bbq
bbq_4da62669,straight,the_gay_one,bbq
bbq_4da62669,the_bisexual_one,the_gay_one,bbq
bbq_4f023019,hindu,person,bbq
bbq_4f023019,hindu,sikh,bbq
bbq_4f023019,hindu,the_atheist_one,bbq
bbq_4f023019,hindu,the_buddhist_one,bbq
bbq_4f023019,person,sikh,bbq
bbq_4f023019,person,the_atheist_one,bbq
bbq_4f023019,person,the_buddhist_one,bbq
bbq_4f023019,sikh,the_atheist_one,bbq
bbq_4f023019,sikh,the_buddhist_one,bbq
bbq_4f023019,the_atheist_one,the_buddhist_one,bbq
bbq_4f0ea203,overweight,person,bbq
bbq_4f0ea203,overweight,the_employee,bbq
bbq_4f0ea203,overweight,the_other_pregnant_person,bbq
bbq_4f0ea203,overweight,thin,bbq
bbq_4f0ea203,person,the_employee,bbq
bbq_4f0ea203,person,the_other_pregnant_person,bbq
bbq_4f0ea203,person,thin,bbq
bbq_4f0ea203,the_employee,the_other_pregnant_person,bbq
bbq_4f0ea203,the_employee,thin,bbq
bbq_4f0ea203,the_other_pregnant_person,thin,bbq
bbq_50561926,hindu,person,bbq
bbq_50561926,hindu,sikh,bbq
bbq_50561926,hindu,the_catholic_student,bbq
bbq_50561926,hindu,the_christian_student,bbq
bbq_50561926,person,sikh,bbq
bbq_50561926,person,the_catholic_student,bbq
bbq_50561926,person,the_christian_student,bbq
bbq_50561926,sikh,the_catholic_student,bbq
bbq_50561926,sikh,the_christian_student,bbq
bbq_50561926,the_catholic_student,the_christian_student,bbq
bbq_510f85f0,person,the_line_cook,bbq
bbq_510f85f0,person,the_psychologist,bbq
bbq_510f85f0,person,wealthy,bbq
bbq_510f85f0,person,well_off,bbq
bbq_510f85f0,the_line_cook,the_psychologist,bbq
bbq_510f85f0,the_line_cook,wealthy,bbq
bbq_510f85f0,the_line_cook,well_off,bbq
bbq_510f85f0,the_psychologist,wealthy,bbq
bbq_510f85f0,the_psychologist,well_off,bbq
bbq_510f85f0,wealthy,well_off,bbq
bbq_5171f9e5,black,hussein_al_fasi,bbq
bbq_5171f9e5,black,jesus_mejia,bbq
bbq_5171f9e5,black,person,bbq
bbq_5171f9e5,black,white,bbq
bbq_5171f9e5,hussein_al_fasi,jesus_mejia,bbq
bbq_5171f9e5,hussein_al_fasi,person,bbq
bbq_5171f9e5,hussein_al_fasi,white,bbq
bbq_5171f9e5,jesus_mejia,person,bbq
bbq_5171f9e5,jesus_mejia,white,bbq
bbq_5171f9e5,person,white,bbq
bbq_51de992a,brother,overweight,bbq
bbq_51de992a,brother,person,bbq
bbq_51de992a,brother,pregnant_woman,bbq
bbq_51de992a,brother,thin,bbq
bbq_51de992a,overweight,person,bbq
bbq_51de992a,overweight,pregnant_woman,bbq
bbq_51de992a,overweight,thin,bbq
bbq_51de992a,person,pregnant_woman,bbq
bbq_51de992a,person,thin,bbq
bbq_51de992a,pregnant_woman,thin,bbq
bbq_52f21d07,hindu,person,bbq
bbq_52f21d07,hindu,sikh,bbq
bbq_52f21d07,hindu,the_jewish_man,bbq
bbq_52f21d07,hindu,the_sikh_man,bbq
bbq_52f21d07,person,sikh,bbq
bbq_52f21d07,person,the_jewish_man,bbq
bbq_52f21d07,person,the_sikh_man,bbq
bbq_52f21d07,sikh,the_jewish_man,bbq
bbq_52f21d07,sikh,the_sikh_man,bbq
bbq_52f21d07,the_jewish_man,the_sikh_man,bbq
bbq_54652806,middle_aged,person,bbq
bbq_54652806,middle_aged,the_high_schooler,bbq
bbq_54652806,middle_aged,the_retiree,bbq
bbq_54652806,middle_aged,young,bbq
bbq_54652806,person,the_high_schooler,bbq
bbq_54652806,person,the_retiree,bbq
bbq_54652806,person,young,bbq
bbq_54652806,the_high_schooler,the_retiree,bbq
bbq_54652806,the_high_schooler,young,bbq
bbq_54652806,the_retiree,young,bbq
bbq_5502ca27,black,person,bbq
bbq_5502ca27,black,the_latino_student,bbq
bbq_5502ca27,black,the_roma_student,bbq
bbq_5502ca27,black,white,bbq
bbq_5502ca27,person,the_latino_student,bbq
bbq_5502ca27,person,the_roma_student,bbq
bbq_5502ca27,person,white,bbq
bbq_5502ca27,the_latino_student,the_roma_student,bbq
bbq_5502ca27,the_latino_student,white,bbq
bbq_5502ca27,the_roma_student,white,bbq
bbq_55464863,gay,person,bbq
bbq_55464863,gay,straight,bbq
bbq_55464863,gay,the_bisexual_person,bbq
bbq_55464863,gay,the_pansexual_person,bbq
bbq_55464863,person,straight,bbq
bbq_55464863,person,the_bisexual_person,bbq
bbq_55464863,person,the_pansexual_person,bbq
bbq_55464863,straight,the_bisexual_person,bbq
bbq_55464863,straight,the_pansexual_person,bbq
bbq_55464863,the_bisexual_person,the_pansexual_person,bbq
bbq_588ef8b2,american,chinese,bbq
bbq_588ef8b2,american,person,bbq
bbq_588ef8b2,american,the_sri_lankan_family_s_home,bbq
bbq_588ef8b2,american,the_venezuelan_family_s_home,bbq
bbq_588ef8b2,chinese,person,bbq
bbq_588ef8b2,chinese,the_sri_lankan_family_s_home,bbq
bbq_588ef8b2,chinese,the_venezuelan_family_s_home,bbq
bbq_588ef8b2,person,the_sri_lankan_family_s_home,bbq
bbq_588ef8b2,person,the_venezuelan_family_s_home,bbq
bbq_588ef8b2,the_sri_lankan_family_s_home,the_venezuelan_family_s_home,bbq
bbq_59b9c262,person,the_farm_worker,bbq
bbq_59b9c262,person,the_lawyer,bbq
bbq_59b9c262,person,wealthy,bbq
bbq_59b9c262,person,well_off,bbq
bbq_59b9c262,the_farm_worker,the_lawyer,bbq
bbq_59b9c262,the_farm_worker,wealthy,bbq
bbq_59b9c262,the_farm_worker,well_off,bbq
bbq_59b9c262,the_lawyer,wealthy,bbq
bbq_59b9c262,the_lawyer,well_off,bbq
bbq_59b9c262,wealthy,well_off,bbq
bbq_5c9a8328,disabled,non_disabled,bbq
bbq_5c9a8328,disabled,person,bbq
bbq_5c9a8328,disabled,the_deaf_person,bbq
bbq_5c9a8328,disabled,the_jock,bbq
bbq_5c9a8328,non_disabled,person,bbq
bbq_5c9a8328,non_disabled,the_deaf_person,bbq
bbq_5c9a8328,non_disabled,the_jock,bbq
bbq_5c9a8328,person,the_deaf_person,bbq
bbq_5c9a8328,person,the_jock,bbq
bbq_5c9a8328,the_deaf_person,the_jock,bbq
bbq_5ce750fa,american,chinese,bbq
bbq_5ce750fa,american,person,bbq
bbq_5ce750fa,american,the_eritrean_friend,bbq
bbq_5ce750fa,american,the_korean_friend,bbq
bbq_5ce750fa,chinese,person,bbq
bbq_5ce750fa,chinese,the_eritrean_friend,bbq
bbq_5ce750fa,chinese,the_korean_friend,bbq
bbq_5ce750fa,person,the_eritrean_friend,bbq
bbq_5ce750fa,person,the_korean_friend,bbq
bbq_5ce750fa,the_eritrean_friend,the_korean_friend,bbq
bbq_5d867cd5,american,chinese,bbq
bbq_5d867cd5,american,person,bbq
bbq_5d867cd5,american,the_indian_one,bbq
bbq_5d867cd5,american,the_nigerian_one,bbq
bbq_5d867cd5,chinese,person,bbq
bbq_5d867cd5,chinese,the_indian_one,bbq
bbq_5d867cd5,chinese,the_nigerian_one,bbq
bbq_5d867cd5,person,the_indian_one,bbq
bbq_5d867cd5,person,the_nigerian_one,bbq
bbq_5d867cd5,the_indian_one,the_nigerian_one,bbq
bbq_5e181dc0,person,the_construction_worker,bbq
bbq_5e181dc0,person,the_pharmacist,bbq
bbq_5e181dc0,person,wealthy,bbq
bbq_5e181dc0,person,well_off,bbq
bbq_5e181dc0,the_construction_worker,the_pharmacist,bbq
bbq_5e181dc0,the_construction_worker,wealthy,bbq
bbq_5e181dc0,the_construction_worker,well_off,bbq
bbq_5e181dc0,the_pharmacist,wealthy,bbq
bbq_5e181dc0,the_pharmacist,well_off,bbq
bbq_5e181dc0,wealthy,well_off,bbq
bbq_5eb54c0c,donald,man,bbq
bbq_5eb54c0c,donald,patricia,bbq
bbq_5eb54c0c,donald,person,bbq
bbq_5eb54c0c,donald,woman,bbq
bbq_5eb54c0c,man,patricia,bbq
bbq_5eb54c0c,man,person,bbq
bbq_5eb54c0c,man,woman,bbq
bbq_5eb54c0c,patricia,person,bbq
bbq_5eb54c0c,patricia,woman,bbq
bbq_5eb54c0c,person,woman,bbq
bbq_5f548c22,gay,person,bbq
bbq_5f548c22,gay,straight,bbq
bbq_5f548c22,gay,the_lesbian_one,bbq
bbq_5f548c22,gay,the_straight_one,bbq
bbq_5f548c22,person,straight,bbq
bbq_5f548c22,person,the_lesbian_one,bbq
bbq_5f548c22,person,the_straight_one,bbq
bbq_5f548c22,straight,the_lesbian_one,bbq
bbq_5f548c22,straight,the_straight_one,bbq
bbq_5f548c22,the_lesbian_one,the_straight_one,bbq
bbq_60b5b3a4,overweight,person,bbq
bbq_60b5b3a4,overweight,the_overweight_person,bbq
bbq_60b5b3a4,overweight,the_slim_person,bbq
bbq_60b5b3a4,overweight,thin,bbq
bbq_60b5b3a4,person,the_overweight_person,bbq
bbq_60b5b3a4,person,the_slim_person,bbq
bbq_60b5b3a4,person,thin,bbq
bbq_60b5b3a4,the_overweight_person,the_slim_person,bbq
bbq_60b5b3a4,the_overweight_person,thin,bbq
bbq_60b5b3a4,the_slim_person,thin,bbq
bbq_627467df,black,deshawn_jefferson,bbq
bbq_627467df,black,miguel_contreras,bbq
bbq_627467df,black,person,bbq
bbq_627467df,black,white,bbq
bbq_627467df,deshawn_jefferson,miguel_contreras,bbq
bbq_627467df,deshawn_jefferson,person,bbq
bbq_627467df,deshawn_jefferson,white,bbq
bbq_627467df,miguel_contreras,person,bbq
bbq_627467df,miguel_contreras,white,bbq
bbq_627467df,person,white,bbq
bbq_63428172,person,the_dentist,bbq
bbq_63428172,person,the_receptionist,bbq
bbq_63428172,person,wealthy,bbq
bbq_63428172,person,well_off,bbq
bbq_63428172,the_dentist,the_receptionist,bbq
bbq_63428172,the_dentist,wealthy,bbq
bbq_63428172,the_dentist,well_off,bbq
bbq_63428172,the_receptionist,wealthy,bbq
bbq_63428172,the_receptionist,well_off,bbq
bbq_63428172,wealthy,well_off,bbq
bbq_64420416,black,person,bbq
bbq_64420416,black,the_native_american_student,bbq
bbq_64420416,black,the_south_american_student,bbq
bbq_64420416,black,white,bbq
bbq_64420416,person,the_native_american_student,bbq
bbq_64420416,person,the_south_american_student,bbq
bbq_64420416,person,white,bbq
bbq_64420416,the_native_american_student,the_south_american_student,bbq
bbq_64420416,the_native_american_student,white,bbq
bbq_64420416,the_south_american_student,white,bbq
bbq_65dc06c1,ayanna_harris,black,bbq
bbq_65dc06c1,ayanna_harris,grace_le,bbq
bbq_65dc06c1,ayanna_harris,person,bbq
bbq_65dc06c1,ayanna_harris,white,bbq
bbq_65dc06c1,black,grace_le,bbq
bbq_65dc06c1,black,person,bbq
bbq_65dc06c1,black,white,bbq
bbq_65dc06c1,grace_le,person,bbq
bbq_65dc06c1,grace_le,white,bbq
bbq_65dc06c1,person,white,bbq
bbq_67c08c53,middle_aged,person,bbq
bbq_67c08c53,middle_aged,the_24_year_old,bbq
bbq_67c08c53,middle_aged,the_85_year_old,bbq
bbq_67c08c53,middle_aged,young,bbq
bbq_67c08c53,person,the_24_year_old,bbq
bbq_67c08c53,person,the_85_year_old,bbq
bbq_67c08c53,person,young,bbq
bbq_67c08c53,the_24_year_old,the_85_year_old,bbq
bbq_67c08c53,the_24_year_old,young,bbq
bbq_67c08c53,the_85_year_old,young,bbq
bbq_6af72176,overweight,person,bbq
bbq_6af72176,overweight,the_one_who_is_a_red_head,bbq
bbq_6af72176,overweight,the_one_who_is_pregnant,bbq
bbq_6af72176,overweight,thin,bbq
bbq_6af72176,person,the_one_who_is_a_red_head,bbq
bbq_6af72176,person,the_one_who_is_pregnant,bbq
bbq_6af72176,person,thin,bbq
bbq_6af72176,the_one_who_is_a_red_head,the_one_who_is_pregnant,bbq
bbq_6af72176,the_one_who_is_a_red_head,thin,bbq
bbq_6af72176,the_one_who_is_pregnant,thin,bbq
bbq_6c35c88e,overweight,person,bbq
bbq_6c35c88e,overweight,the_overweight_guy,bbq
bbq_6c35c88e,overweight,the_thin_guy,bbq
bbq_6c35c88e,overweight,thin,bbq
bbq_6c35c88e,person,the_overweight_guy,bbq
bbq_6c35c88e,person,the_thin_guy,bbq
bbq_6c35c88e,person,thin,bbq
bbq_6c35c88e,the_overweight_guy,the_thin_guy,bbq
bbq_6c35c88e,the_overweight_guy,thin,bbq
bbq_6c35c88e,the_thin_guy,thin,bbq
bbq_6e462afa,gay,person,bbq
bbq_6e462afa,gay,straight,bbq
bbq_6e462afa,gay,the_lesbian_friend,bbq
bbq_6e462afa,gay,the_straight_friend,bbq
bbq_6e462afa,person,straight,bbq
bbq_6e462afa,person,the_lesbian_friend,bbq
bbq_6e462afa,person,the_straight_friend,bbq
bbq_6e462afa,straight,the_lesbian_friend,bbq
bbq_6e462afa,straight,the_straight_friend,bbq
bbq_6e462afa,the_lesbian_friend,the_straight_friend,bbq
bbq_6e4aeab0,disabled,non_disabled,bbq
bbq_6e4aeab0,disabled,person,bbq
bbq_6e4aeab0,disabled,the_person_who_was_coming_in_late_from_work,bbq
bbq_6e4aeab0,disabled,the_person_who_was_using_a_cane,bbq
bbq_6e4aeab0,non_disabled,person,bbq
bbq_6e4aeab0,non_disabled,the_person_who_was_coming_in_late_from_work,bbq
bbq_6e4aeab0,non_disabled,the_person_who_was_using_a_cane,bbq
bbq_6e4aeab0,person,the_person_who_was_coming_in_late_from_work,bbq
bbq_6e4aeab0,person,the_person_who_was_using_a_cane,bbq
bbq_6e4aeab0,the_person_who_was_coming_in_late_from_work,the_person_who_was_using_a_cane,bbq
bbq_6f81699c,bisexual_people,gay,bbq
bbq_6f81699c,bisexual_people,gay_people,bbq
bbq_6f81699c,bisexual_people,person,bbq
bbq_6f81699c,bisexual_people,straight,bbq
bbq_6f81699c,gay,gay_people,bbq
bbq_6f81699c,gay,person,bbq
bbq_6f81699c,gay,straight,bbq
bbq_6f81699c,gay_people,person,bbq
bbq_6f81699c,gay_people,straight,bbq
bbq_6f81699c,person,straight,bbq
bbq_70c2d2cc,overweight,person,bbq
bbq_70c2d2cc,overweight,the_skinny_person,bbq
bbq_70c2d2cc,overweight,the_very_fat_person,bbq
bbq_70c2d2cc,overweight,thin,bbq
bbq_70c2d2cc,person,the_skinny_person,bbq
bbq_70c2d2cc,person,the_very_fat_person,bbq
bbq_70c2d2cc,person,thin,bbq
bbq_70c2d2cc,the_skinny_person,the_very_fat_person,bbq
bbq_70c2d2cc,the_skinny_person,thin,bbq
bbq_70c2d2cc,the_very_fat_person,thin,bbq
bbq_7243a5e3,american,chinese,bbq
bbq_7243a5e3,american,person,bbq
bbq_7243a5e3,american,the_italian_girlfriend,bbq
bbq_7243a5e3,american,the_thai_girlfriend,bbq
bbq_7243a5e3,chinese,person,bbq
bbq_7243a5e3,chinese,the_italian_girlfriend,bbq
bbq_7243a5e3,chinese,the_thai_girlfriend,bbq
bbq_7243a5e3,person,the_italian_girlfriend,bbq
bbq_7243a5e3,person,the_thai_girlfriend,bbq
bbq_7243a5e3,the_italian_girlfriend,the_thai_girlfriend,bbq
bbq_72563be2,hindu,person,bbq
bbq_72563be2,hindu,sikh,bbq
bbq_72563be2,hindu,the_atheist_man,bbq
bbq_72563be2,hindu,the_catholic_man,bbq
bbq_72563be2,person,sikh,bbq
bbq_72563be2,person,the_atheist_man,bbq
bbq_72563be2,person,the_catholic_man,bbq
bbq_72563be2,sikh,the_atheist_man,bbq
bbq_72563be2,sikh,the_catholic_man,bbq
bbq_72563be2,the_atheist_man,the_catholic_man,bbq
bbq_7329a5b4,disabled,non_disabled,bbq
bbq_7329a5b4,disabled,person,bbq
bbq_7329a5b4,disabled,the_autistic_classmate,bbq
bbq_7329a5b4,disabled,the_brother,bbq
bbq_7329a5b4,non_disabled,person,bbq
bbq_7329a5b4,non_disabled,the_autistic_classmate,bbq
bbq_7329a5b4,non_disabled,the_brother,bbq
bbq_7329a5b4,person,the_autistic_classmate,bbq
bbq_7329a5b4,person,the_brother,bbq
bbq_7329a5b4,the_autistic_classmate,the_brother,bbq
bbq_74b75a0a,person,the_chemical_engineer,bbq
bbq_74b75a0a,person,the_janitor,bbq
bbq_74b75a0a,person,wealthy,bbq
bbq_74b75a0a,person,well_off,bbq
bbq_74b75a0a,the_chemical_engineer,the_janitor,bbq
bbq_74b75a0a,the_chemical_engineer,wealthy,bbq
bbq_74b75a0a,the_chemical_engineer,well_off,bbq
bbq_74b75a0a,the_janitor,wealthy,bbq
bbq_74b75a0a,the_janitor,well_off,bbq
bbq_74b75a0a,wealthy,well_off,bbq
bbq_74ca54c2,person,the_janitor,bbq
bbq_74ca54c2,person,the_pharmacist,bbq
bbq_74ca54c2,person,wealthy,bbq
bbq_74ca54c2,person,well_off,bbq
bbq_74ca54c2,the_janitor,the_pharmacist,bbq
bbq_74ca54c2,the_janitor,wealthy,bbq
bbq_74ca54c2,the_janitor,well_off,bbq
bbq_74ca54c2,the_pharmacist,wealthy,bbq
bbq_74ca54c2,the_pharmacist,well_off,bbq
bbq_74ca54c2,wealthy,well_off,bbq
bbq_75283f61,american,chinese,bbq
bbq_75283f61,american,person,bbq
bbq_75283f61,american,the_iranian_student,bbq
bbq_75283f61,american,the_nigerian_student,bbq
bbq_75283f61,chinese,person,bbq
bbq_75283f61,chinese,the_iranian_student,bbq
bbq_75283f61,chinese,the_nigerian_student,bbq
bbq_75283f61,person,the_iranian_student,bbq
bbq_75283f61,person,the_nigerian_student,bbq
bbq_75283f61,the_iranian_student,the_nigerian_student,bbq
bbq_7583e951,disabled,non_disabled,bbq
bbq_7583e951,disabled,person,bbq
bbq_7583e951,disabled,the_person_with_bipolar,bbq
bbq_7583e951,disabled,the_roommate,bbq
bbq_7583e951,non_disabled,person,bbq
bbq_7583e951,non_disabled,the_person_with_bipolar,bbq
bbq_7583e951,non_disabled,the_roommate,bbq
bbq_7583e951,person,the_person_with_bipolar,bbq
bbq_7583e951,person,the_roommate,bbq
bbq_7583e951,the_person_with_bipolar,the_roommate,bbq
bbq_75c79caf,man,person,bbq
bbq_75c79caf,man,the_husband,bbq
bbq_75c79caf,man,the_wife,bbq
bbq_75c79caf,man,woman,bbq
bbq_75c79caf,person,the_husband,bbq
bbq_75c79caf,person,the_wife,bbq
bbq_75c79caf,person,woman,bbq
bbq_75c79caf,the_husband,the_wife,bbq
bbq_75c79caf,the_husband,woman,bbq
bbq_75c79caf,the_wife,woman,bbq
bbq_75ebb4a5,donna,man,bbq
bbq_75ebb4a5,donna,person,bbq
bbq_75ebb4a5,donna,williams,bbq
bbq_75ebb4a5,donna,woman,bbq
bbq_75ebb4a5,man,person,bbq
bbq_75ebb4a5,man,williams,bbq
bbq_75ebb4a5,man,woman,bbq
bbq_75ebb4a5,person,williams,bbq
bbq_75ebb4a5,person,woman,bbq
bbq_75ebb4a5,williams,woman,bbq
bbq_7644da81,middle_aged,person,bbq
bbq_7644da81,middle_aged,the_retired_woman,bbq
bbq_7644da81,middle_aged,the_young_girl,bbq
bbq_7644da81,middle_aged,young,bbq
bbq_7644da81,person,the_retired_woman,bbq
bbq_7644da81,person,the_young_girl,bbq
bbq_7644da81,person,young,bbq
bbq_7644da81,the_retired_woman,the_young_girl,bbq
bbq_7644da81,the_retired_woman,young,bbq
bbq_7644da81,the_young_girl,young,bbq
bbq_77855696,american,chinese,bbq
bbq_77855696,american,person,bbq
bbq_77855696,american,the_greek_woman,bbq
bbq_77855696,american,the_italian_woman,bbq
bbq_77855696,chinese,person,bbq
bbq_77855696,chinese,the_greek_woman,bbq
bbq_77855696,chinese,the_italian_woman,bbq
bbq_77855696,person,the_greek_woman,bbq
bbq_77855696,person,the_italian_woman,bbq
bbq_77855696,the_greek_woman,the_italian_woman,bbq
bbq_7a20058a,middle_aged,person,bbq
bbq_7a20058a,middle_aged,the_28_year_old,bbq
bbq_7a20058a,middle_aged,the_50_year_old,bbq
bbq_7a20058a,middle_aged,young,bbq
bbq_7a20058a,person,the_28_year_old,bbq
bbq_7a20058a,person,the_50_year_old,bbq
bbq_7a20058a,person,young,bbq
bbq_7a20058a,the_28_year_old,the_50_year_old,bbq
bbq_7a20058a,the_28_year_old,young,bbq
bbq_7a20058a,the_50_year_old,young,bbq
bbq_7a4ddfa2,black,person,bbq
bbq_7a4ddfa2,black,the_hispanic_man,bbq
bbq_7a4ddfa2,black,the_south_american_man,bbq
bbq_7a4ddfa2,black,white,bbq
bbq_7a4ddfa2,person,the_hispanic_man,bbq
bbq_7a4ddfa2,person,the_south_american_man,bbq
bbq_7a4ddfa2,person,white,bbq
bbq_7a4ddfa2,the_hispanic_man,the_south_american_man,bbq
bbq_7a4ddfa2,the_hispanic_man,white,bbq
bbq_7a4ddfa2,the_south_american_man,white,bbq
bbq_7ac7961f,person,the_judge,bbq
bbq_7ac7961f,person,the_parking_attendant,bbq
bbq_7ac7961f,person,wealthy,bbq
bbq_7ac7961f,person,well_off,bbq
bbq_7ac7961f,the_judge,the_parking_attendant,bbq
bbq_7ac7961f,the_judge,wealthy,bbq
bbq_7ac7961f,the_judge,well_off,bbq
bbq_7ac7961f,the_parking_attendant,wealthy,bbq
bbq_7ac7961f,the_parking_attendant,well_off,bbq
bbq_7ac7961f,wealthy,well_off,bbq
bbq_7c72f233,gay,person,bbq
bbq_7c72f233,gay,straight,bbq
bbq_7c72f233,gay,the_gay_man,bbq
bbq_7c72f233,gay,the_lesbian_woman,bbq
bbq_7c72f233,person,straight,bbq
bbq_7c72f233,person,the_gay_man,bbq
bbq_7c72f233,person,the_lesbian_woman,bbq
bbq_7c72f233,straight,the_gay_man,bbq
bbq_7c72f233,straight,the_lesbian_woman,bbq
bbq_7c72f233,the_gay_man,the_lesbian_woman,bbq
bbq_7dd63ca2,overweight,person,bbq
bbq_7dd63ca2,overweight,the_other_coworker,bbq
bbq_7dd63ca2,overweight,the_pregnant_person,bbq
bbq_7dd63ca2,overweight,thin,bbq
bbq_7dd63ca2,person,the_other_coworker,bbq
bbq_7dd63ca2,person,the_pregnant_person,bbq
bbq_7dd63ca2,person,thin,bbq
bbq_7dd63ca2,the_other_coworker,the_pregnant_person,bbq
bbq_7dd63ca2,the_other_coworker,thin,bbq
bbq_7dd63ca2,the_pregnant_person,thin,bbq
bbq_7effc177,andrea_rios,black,bbq
bbq_7effc177,andrea_rios,person,bbq
bbq_7effc177,andrea_rios,tanisha_jefferson,bbq
bbq_7effc177,andrea_rios,white,bbq
bbq_7effc177,black,person,bbq
bbq_7effc177,black,tanisha_jefferson,bbq
bbq_7effc177,black,white,bbq
bbq_7effc177,person,tanisha_jefferson,bbq
bbq_7effc177,person,white,bbq
bbq_7effc177,tanisha_jefferson,white,bbq
bbq_805bd9be,man,mary,bbq
bbq_805bd9be,man,person,bbq
bbq_805bd9be,man,robert,bbq
bbq_805bd9be,man,woman,bbq
bbq_805bd9be,mary,person,bbq
bbq_805bd9be,mary,robert,bbq
bbq_805bd9be,mary,woman,bbq
bbq_805bd9be,person,robert,bbq
bbq_805bd9be,person,woman,bbq
bbq_805bd9be,robert,woman,bbq
bbq_8131e175,gay,person,bbq
bbq_8131e175,gay,straight,bbq
bbq_8131e175,gay,the_gay_one,bbq
bbq_8131e175,gay,the_lesbian_one,bbq
bbq_8131e175,person,straight,bbq
bbq_8131e175,person,the_gay_one,bbq
bbq_8131e175,person,the_lesbian_one,bbq
bbq_8131e175,straight,the_gay_one,bbq
bbq_8131e175,straight,the_lesbian_one,bbq
bbq_8131e175,the_gay_one,the_lesbian_one,bbq
bbq_81adbb45,middle_aged,person,bbq
bbq_81adbb45,middle_aged,the_30_year_old,bbq
bbq_81adbb45,middle_aged,the_55_year_old,bbq
bbq_81adbb45,middle_aged,young,bbq
bbq_81adbb45,person,the_30_year_old,bbq
bbq_81adbb45,person,the_55_year_old,bbq
bbq_81adbb45,person,young,bbq
bbq_81adbb45,the_30_year_old,the_55_year_old,bbq
bbq_81adbb45,the_30_year_old,young,bbq
bbq_81adbb45,the_55_year_old,young,bbq
bbq_81d11181,disabled,non_disabled,bbq
bbq_81d11181,disabled,person,bbq
bbq_81d11181,disabled,the_monther,bbq
bbq_81d11181,disabled,the_person_with_bpd,bbq
bbq_81d11181,non_disabled,person,bbq
bbq_81d11181,non_disabled,the_monther,bbq
bbq_81d11181,non_disabled,the_person_with_bpd,bbq
bbq_81d11181,person,the_monther,bbq
bbq_81d11181,person,the_person_with_bpd,bbq
bbq_81d11181,the_monther,the_person_with_bpd,bbq
bbq_81fe0d7d,brian,man,bbq
bbq_81fe0d7d,brian,maria,bbq
bbq_81fe0d7d,brian,person,bbq
bbq_81fe0d7d,brian,woman,bbq
bbq_81fe0d7d,man,maria,bbq
bbq_81fe0d7d,man,person,bbq
bbq_81fe0d7d,man,woman,bbq
bbq_81fe0d7d,maria,person,bbq
bbq_81fe0d7d,maria,woman,bbq
bbq_81fe0d7d,person,woman,bbq
bbq_83080f3c,black,person,bbq
bbq_83080f3c,black,the_latino_man,bbq
bbq_83080f3c,black,the_roma_man,bbq
bbq_83080f3c,black,white,bbq
bbq_83080f3c,person,the_latino_man,bbq
bbq_83080f3c,person,the_roma_man,bbq
bbq_83080f3c,person,white,bbq
bbq_83080f3c,the_latino_man,the_roma_man,bbq
bbq_83080f3c,the_latino_man,white,bbq
bbq_83080f3c,the_roma_man,white,bbq
bbq_83a4cacb,person,the_line_cook,bbq
bbq_83a4cacb,person,the_professor,bbq
bbq_83a4cacb,person,wealthy,bbq
bbq_83a4cacb,person,well_off,bbq
bbq_83a4cacb,the_line_cook,the_professor,bbq
bbq_83a4cacb,the_line_cook,wealthy,bbq
bbq_83a4cacb,the_line_cook,well_off,bbq
bbq_83a4cacb,the_professor,wealthy,bbq
bbq_83a4cacb,the_professor,well_off,bbq
bbq_83a4cacb,wealthy,well_off,bbq
bbq_85b8474c,black,heather_larson,bbq
bbq_85b8474c,black,mayra_munoz,bbq
bbq_85b8474c,black,person,bbq
bbq_85b8474c,black,white,bbq
bbq_85b8474c,heather_larson,mayra_munoz,bbq
bbq_85b8474c,heather_larson,person,bbq
bbq_85b8474c,heather_larson,white,bbq
bbq_85b8474c,mayra_munoz,person,bbq
bbq_85b8474c,mayra_munoz,white,bbq
bbq_85b8474c,person,white,bbq
bbq_869d8d85,american,chinese,bbq
bbq_869d8d85,american,person,bbq
bbq_869d8d85,american,the_american_man,bbq
bbq_869d8d85,american,the_irish_woman,bbq
bbq_869d8d85,chinese,person,bbq
bbq_869d8d85,chinese,the_american_man,bbq
bbq_869d8d85,chinese,the_irish_woman,bbq
bbq_869d8d85,person,the_american_man,bbq
bbq_869d8d85,person,the_irish_woman,bbq
bbq_869d8d85,the_american_man,the_irish_woman,bbq
bbq_86e23f62,black,person,bbq
bbq_86e23f62,black,the_african_student,bbq
bbq_86e23f62,black,the_hispanic_student,bbq
bbq_86e23f62,black,white,bbq
bbq_86e23f62,person,the_african_student,bbq
bbq_86e23f62,person,the_hispanic_student,bbq
bbq_86e23f62,person,white,bbq
bbq_86e23f62,the_african_student,the_hispanic_student,bbq
bbq_86e23f62,the_african_student,white,bbq
bbq_86e23f62,the_hispanic_student,white,bbq
bbq_89a9ab5a,donald,person,bbq
bbq_89a9ab5a,donald,richard,bbq
bbq_89a9ab5a,donald,wealthy,bbq
bbq_89a9ab5a,donald,well_off,bbq
bbq_89a9ab5a,person,richard,bbq
bbq_89a9ab5a,person,wealthy,bbq
bbq_89a9ab5a,person,well_off,bbq
bbq_89a9ab5a,richard,wealthy,bbq
bbq_89a9ab5a,richard,well_off,bbq
bbq_89a9ab5a,wealthy,well_off,bbq
bbq_89d6e31b,middle_aged,person,bbq
bbq_89d6e31b,middle_aged,the_grandfather,bbq
bbq_89d6e31b,middle_aged,the_young_son,bbq
bbq_89d6e31b,middle_aged,young,bbq
bbq_89d6e31b,person,the_grandfather,bbq
bbq_89d6e31b,person,the_young_son,bbq
bbq_89d6e31b,person,young,bbq
bbq_89d6e31b,the_grandfather,the_young_son,bbq
bbq_89d6e31b,the_grandfather,young,bbq
bbq_89d6e31b,the_young_son,young,bbq
bbq_8a954ee0,hindu,person,bbq
bbq_8a954ee0,hindu,sikh,bbq
bbq_8a954ee0,hindu,the_mormon_man,bbq
bbq_8a954ee0,hindu,the_protestant_man,bbq
bbq_8a954ee0,person,sikh,bbq
bbq_8a954ee0,person,the_mormon_man,bbq
bbq_8a954ee0,person,the_protestant_man,bbq
bbq_8a954ee0,sikh,the_mormon_man,bbq
bbq_8a954ee0,sikh,the_protestant_man,bbq
bbq_8a954ee0,the_mormon_man,the_protestant_man,bbq
bbq_8ac29e84,hindu,person,bbq
bbq_8ac29e84,hindu,sikh,bbq
bbq_8ac29e84,hindu,the_mormon_man,bbq
bbq_8ac29e84,hindu,the_sikh_man,bbq
bbq_8ac29e84,person,sikh,bbq
bbq_8ac29e84,person,the_mormon_man,bbq
bbq_8ac29e84,person,the_sikh_man,bbq
bbq_8ac29e84,sikh,the_mormon_man,bbq
bbq_8ac29e84,sikh,the_sikh_man,bbq
bbq_8ac29e84,the_mormon_man,the_sikh_man,bbq
bbq_8ad2df04,black,person,bbq
bbq_8ad2df04,black,the_african_person,bbq
bbq_8ad2df04,black,the_native_american_person,bbq
bbq_8ad2df04,black,white,bbq
bbq_8ad2df04,person,the_african_person,bbq
bbq_8ad2df04,person,the_native_american_person,bbq
bbq_8ad2df04,person,white,bbq
bbq_8ad2df04,the_african_person,the_native_american_person,bbq
bbq_8ad2df04,the_african_person,white,bbq
bbq_8ad2df04,the_native_american_person,white,bbq
bbq_8af7d035,person,the_chemist,bbq
bbq_8af7d035,person,the_taxi_driver,bbq
bbq_8af7d035,person,wealthy,bbq
bbq_8af7d035,person,well_off,bbq
bbq_8af7d035,the_chemist,the_taxi_driver,bbq
bbq_8af7d035,the_chemist,wealthy,bbq
bbq_8af7d035,the_chemist,well_off,bbq
bbq_8af7d035,the_taxi_driver,wealthy,bbq
bbq_8af7d035,the_taxi_driver,well_off,bbq
bbq_8af7d035,wealthy,well_off,bbq
bbq_8b37735e,hindu,person,bbq
bbq_8b37735e,hindu,sikh,bbq
bbq_8b37735e,hindu,the_atheist_student,bbq
bbq_8b37735e,hindu,the_catholic_student,bbq
bbq_8b37735e,person,sikh,bbq
bbq_8b37735e,person,the_atheist_student,bbq
bbq_8b37735e,person,the_catholic_student,bbq
bbq_8b37735e,sikh,the_atheist_student,bbq
bbq_8b37735e,sikh,the_catholic_student,bbq
bbq_8b37735e,the_atheist_student,the_catholic_student,bbq
bbq_8bd98054,disabled,non_disabled,bbq
bbq_8bd98054,disabled,person,bbq
bbq_8bd98054,disabled,the_friend_who_s_athletic,bbq
bbq_8bd98054,disabled,the_friend_who_uses_a_wheelchair,bbq
bbq_8bd98054,non_disabled,person,bbq
bbq_8bd98054,non_disabled,the_friend_who_s_athletic,bbq
bbq_8bd98054,non_disabled,the_friend_who_uses_a_wheelchair,bbq
bbq_8bd98054,person,the_friend_who_s_athletic,bbq
bbq_8bd98054,person,the_friend_who_uses_a_wheelchair,bbq
bbq_8bd98054,the_friend_who_s_athletic,the_friend_who_uses_a_wheelchair,bbq
bbq_8bf9e07f,gay,person,bbq
bbq_8bf9e07f,gay,straight,bbq
bbq_8bf9e07f,gay,the_bisexual_friend,bbq
bbq_8bf9e07f,gay,the_pansexual_friend,bbq
bbq_8bf9e07f,person,straight,bbq
bbq_8bf9e07f,person,the_bisexual_friend,bbq
bbq_8bf9e07f,person,the_pansexual_friend,bbq
bbq_8bf9e07f,straight,the_bisexual_friend,bbq
bbq_8bf9e07f,straight,the_pansexual_friend,bbq
bbq_8bf9e07f,the_bisexual_friend,the_pansexual_friend,bbq
bbq_8f3194c2,person,the_janitor,bbq
bbq_8f3194c2,person,the_psychologist,bbq
bbq_8f3194c2,person,wealthy,bbq
bbq_8f3194c2,person,well_off,bbq
bbq_8f3194c2,the_janitor,the_psychologist,bbq
bbq_8f3194c2,the_janitor,wealthy,bbq
bbq_8f3194c2,the_janitor,well_off,bbq
bbq_8f3194c2,the_psychologist,wealthy,bbq
bbq_8f3194c2,the_psychologist,well_off,bbq
bbq_8f3194c2,wealthy,well_off,bbq
bbq_90426b60,disabled,non_disabled,bbq
bbq_90426b60,disabled,person,bbq
bbq_90426b60,disabled,the_artist,bbq
bbq_90426b60,disabled,the_one_who_uses_a_cane,bbq
bbq_90426b60,non_disabled,person,bbq
bbq_90426b60,non_disabled,the_artist,bbq
bbq_90426b60,non_disabled,the_one_who_uses_a_cane,bbq
bbq_90426b60,person,the_artist,bbq
bbq_90426b60,person,the_one_who_uses_a_cane,bbq
bbq_90426b60,the_artist,the_one_who_uses_a_cane,bbq
bbq_9047dfee,hindu,person,bbq
bbq_9047dfee,hindu,sikh,bbq
bbq_9047dfee,hindu,the_atheist_man,bbq
bbq_9047dfee,hindu,the_jewish_man,bbq
bbq_9047dfee,person,sikh,bbq
bbq_9047dfee,person,the_atheist_man,bbq
bbq_9047dfee,person,the_jewish_man,bbq
bbq_9047dfee,sikh,the_atheist_man,bbq
bbq_9047dfee,sikh,the_jewish_man,bbq
bbq_9047dfee,the_atheist_man,the_jewish_man,bbq
bbq_917b5ca0,gay,person,bbq
bbq_917b5ca0,gay,straight,bbq
bbq_917b5ca0,gay,the_gay_man,bbq
bbq_917b5ca0,gay,the_lesbian_woman,bbq
bbq_917b5ca0,person,straight,bbq
bbq_917b5ca0,person,the_gay_man,bbq
bbq_917b5ca0,person,the_lesbian_woman,bbq
bbq_917b5ca0,straight,the_gay_man,bbq
bbq_917b5ca0,straight,the_lesbian_woman,bbq
bbq_917b5ca0,the_gay_man,the_lesbian_woman,bbq
bbq_922f5e19,overweight,person,bbq
bbq_922f5e19,overweight,the_one_who_is_dark_haired,bbq
bbq_922f5e19,overweight,the_one_who_is_in_her_second_trimester,bbq
bbq_922f5e19,overweight,thin,bbq
bbq_922f5e19,person,the_one_who_is_dark_haired,bbq
bbq_922f5e19,person,the_one_who_is_in_her_second_trimester,bbq
bbq_922f5e19,person,thin,bbq
bbq_922f5e19,the_one_who_is_dark_haired,the_one_who_is_in_her_second_trimester,bbq
bbq_922f5e19,the_one_who_is_dark_haired,thin,bbq
bbq_922f5e19,the_one_who_is_in_her_second_trimester,thin,bbq
bbq_93d0d3c1,disabled,non_disabled,bbq
bbq_93d0d3c1,disabled,person,bbq
bbq_93d0d3c1,disabled,the_person_with_autism,bbq
bbq_93d0d3c1,disabled,the_sister,bbq
bbq_93d0d3c1,non_disabled,person,bbq
bbq_93d0d3c1,non_disabled,the_person_with_autism,bbq
bbq_93d0d3c1,non_disabled,the_sister,bbq
bbq_93d0d3c1,person,the_person_with_autism,bbq
bbq_93d0d3c1,person,the_sister,bbq
bbq_93d0d3c1,the_person_with_autism,the_sister,bbq
bbq_9452d7df,john,man,bbq
bbq_9452d7df,john,person,bbq
bbq_9452d7df,john,sharon,bbq
bbq_9452d7df,john,woman,bbq
bbq_9452d7df,man,person,bbq
bbq_9452d7df,man,sharon,bbq
bbq_9452d7df,man,woman,bbq
bbq_9452d7df,person,sharon,bbq
bbq_9452d7df,person,woman,bbq
bbq_9452d7df,sharon,woman,bbq
bbq_94775afa,disabled,non_disabled,bbq
bbq_94775afa,disabled,person,bbq
bbq_94775afa,disabled,the_deaf_person,bbq
bbq_94775afa,disabled,the_really_tall_woman,bbq
bbq_94775afa,non_disabled,person,bbq
bbq_94775afa,non_disabled,the_deaf_person,bbq
bbq_94775afa,non_disabled,the_really_tall_woman,bbq
bbq_94775afa,person,the_deaf_person,bbq
bbq_94775afa,person,the_really_tall_woman,bbq
bbq_94775afa,the_deaf_person,the_really_tall_woman,bbq
bbq_95c208bb,middle_aged,person,bbq
bbq_95c208bb,middle_aged,the_boomer,bbq
bbq_95c208bb,middle_aged,the_gen_z_kid,bbq
bbq_95c208bb,middle_aged,young,bbq
bbq_95c208bb,person,the_boomer,bbq
bbq_95c208bb,person,the_gen_z_kid,bbq
bbq_95c208bb,person,young,bbq
bbq_95c208bb,the_boomer,the_gen_z_kid,bbq
bbq_95c208bb,the_boomer,young,bbq
bbq_95c208bb,the_gen_z_kid,young,bbq
bbq_97b6260a,gay,person,bbq
bbq_97b6260a,gay,straight,bbq
bbq_97b6260a,gay,the_lesbian_one,bbq
bbq_97b6260a,gay,the_straight_one,bbq
bbq_97b6260a,person,straight,bbq
bbq_97b6260a,person,the_lesbian_one,bbq
bbq_97b6260a,person,the_straight_one,bbq
bbq_97b6260a,straight,the_lesbian_one,bbq
bbq_97b6260a,straight,the_straight_one,bbq
bbq_97b6260a,the_lesbian_one,the_straight_one,bbq
bbq_9c0fb8a4,hindu,person,bbq
bbq_9c0fb8a4,hindu,sikh,bbq
bbq_9c0fb8a4,hindu,the_christian_one,bbq
bbq_9c0fb8a4,hindu,the_muslim_one,bbq
bbq_9c0fb8a4,person,sikh,bbq
bbq_9c0fb8a4,person,the_christian_one,bbq
bbq_9c0fb8a4,person,the_muslim_one,bbq
bbq_9c0fb8a4,sikh,the_christian_one,bbq
bbq_9c0fb8a4,sikh,the_muslim_one,bbq
bbq_9c0fb8a4,the_christian_one,the_muslim_one,bbq
bbq_9d412910,hindu,person,bbq
bbq_9d412910,hindu,sikh,bbq
bbq_9d412910,hindu,the_atheist_one,bbq
bbq_9d412910,hindu,the_protestant_one,bbq
bbq_9d412910,person,sikh,bbq
bbq_9d412910,person,the_atheist_one,bbq
bbq_9d412910,person,the_protestant_one,bbq
bbq_9d412910,sikh,the_atheist_one,bbq
bbq_9d412910,sikh,the_protestant_one,bbq
bbq_9d412910,the_atheist_one,the_protestant_one,bbq
bbq_9f660a15,black,mayra_munoz,bbq
bbq_9f660a15,black,person,bbq
bbq_9f660a15,black,salma_al_masri,bbq
bbq_9f660a15,black,white,bbq
bbq_9f660a15,mayra_munoz,person,bbq
bbq_9f660a15,mayra_munoz,salma_al_masri,bbq
bbq_9f660a15,mayra_munoz,white,bbq
bbq_9f660a15,person,salma_al_masri,bbq
bbq_9f660a15,person,white,bbq
bbq_9f660a15,salma_al_masri,white,bbq
bbq_a0ffe577,black,juan_munoz,bbq
bbq_a0ffe577,black,malachi_jefferson,bbq
bbq_a0ffe577,black,person,bbq
bbq_a0ffe577,black,white,bbq
bbq_a0ffe577,juan_munoz,malachi_jefferson,bbq
bbq_a0ffe577,juan_munoz,person,bbq
bbq_a0ffe577,juan_munoz,white,bbq
bbq_a0ffe577,malachi_jefferson,person,bbq
bbq_a0ffe577,malachi_jefferson,white,bbq
bbq_a0ffe577,person,white,bbq
bbq_a22682b2,american,chinese,bbq
bbq_a22682b2,american,person,bbq
bbq_a22682b2,american,the_senegalese_student,bbq
bbq_a22682b2,american,the_thai_student,bbq
bbq_a22682b2,chinese,person,bbq
bbq_a22682b2,chinese,the_senegalese_student,bbq
bbq_a22682b2,chinese,the_thai_student,bbq
bbq_a22682b2,person,the_senegalese_student,bbq
bbq_a22682b2,person,the_thai_student,bbq
bbq_a22682b2,the_senegalese_student,the_thai_student,bbq
bbq_a2ca4b53,hindu,person,bbq
bbq_a2ca4b53,hindu,sikh,bbq
bbq_a2ca4b53,hindu,the_christian_person,bbq
bbq_a2ca4b53,hindu,the_jewish_person,bbq
bbq_a2ca4b53,person,sikh,bbq
bbq_a2ca4b53,person,the_christian_person,bbq
bbq_a2ca4b53,person,the_jewish_person,bbq
bbq_a2ca4b53,sikh,the_christian_person,bbq
bbq_a2ca4b53,sikh,the_jewish_person,bbq
bbq_a2ca4b53,the_christian_person,the_jewish_person,bbq
bbq_a3371fc8,betty,joseph,bbq
bbq_a3371fc8,betty,man,bbq
bbq_a3371fc8,betty,person,bbq
bbq_a3371fc8,betty,woman,bbq
bbq_a3371fc8,joseph,man,bbq
bbq_a3371fc8,joseph,person,bbq
bbq_a3371fc8,joseph,woman,bbq
bbq_a3371fc8,man,person,bbq
bbq_a3371fc8,man,woman,bbq
bbq_a3371fc8,person,woman,bbq
bbq_a350ecea,american,chinese,bbq
bbq_a350ecea,american,person,bbq
bbq_a350ecea,american,the_honduran_man,bbq
bbq_a350ecea,american,the_nigerian_man,bbq
bbq_a350ecea,chinese,person,bbq
bbq_a350ecea,chinese,the_honduran_man,bbq
bbq_a350ecea,chinese,the_nigerian_man,bbq
bbq_a350ecea,person,the_honduran_man,bbq
bbq_a350ecea,person,the_nigerian_man,bbq
bbq_a350ecea,the_honduran_man,the_nigerian_man,bbq
bbq_a55a310c,christian_people,hindu,bbq
bbq_a55a310c,christian_people,hindu_people,bbq
bbq_a55a310c,christian_people,person,bbq
bbq_a55a310c,christian_people,sikh,bbq
bbq_a55a310c,hindu,hindu_people,bbq
bbq_a55a310c,hindu,person,bbq
bbq_a55a310c,hindu,sikh,bbq
bbq_a55a310c,hindu_people,person,bbq
bbq_a55a310c,hindu_people,sikh,bbq
bbq_a55a310c,person,sikh,bbq
bbq_a565baf2,american,chinese,bbq
bbq_a565baf2,american,person,bbq
bbq_a565baf2,american,the_chilean_woman,bbq
bbq_a565baf2,american,the_japanese_woman,bbq
bbq_a565baf2,chinese,person,bbq
bbq_a565baf2,chinese,the_chilean_woman,bbq
bbq_a565baf2,chinese,the_japanese_woman,bbq
bbq_a565baf2,person,the_chilean_woman,bbq
bbq_a565baf2,person,the_japanese_woman,bbq
bbq_a565baf2,the_chilean_woman,the_japanese_woman,bbq
bbq_a7c0bb1f,disabled,non_disabled,bbq
bbq_a7c0bb1f,disabled,person,bbq
bbq_a7c0bb1f,disabled,the_person_with_schizophrenia,bbq
bbq_a7c0bb1f,disabled,the_sister,bbq
bbq_a7c0bb1f,non_disabled,person,bbq
bbq_a7c0bb1f,non_disabled,the_person_with_schizophrenia,bbq
bbq_a7c0bb1f,non_disabled,the_sister,bbq
bbq_a7c0bb1f,person,the_person_with_schizophrenia,bbq
bbq_a7c0bb1f,person,the_sister,bbq
bbq_a7c0bb1f,the_person_with_schizophrenia,the_sister,bbq
bbq_a8c83d06,black,person,bbq
bbq_a8c83d06,black,sam_liu,bbq
bbq_a8c83d06,black,trevon_coleman,bbq
bbq_a8c83d06,black,white,bbq
bbq_a8c83d06,person,sam_liu,bbq
bbq_a8c83d06,person,trevon_coleman,bbq
bbq_a8c83d06,person,white,bbq
bbq_a8c83d06,sam_liu,trevon_coleman,bbq
bbq_a8c83d06,sam_liu,white,bbq
bbq_a8c83d06,trevon_coleman,white,bbq
bbq_a9badfe7,disabled,non_disabled,bbq
bbq_a9badfe7,disabled,person,bbq
bbq_a9badfe7,disabled,the_one_with_a_physical_disability,bbq
bbq_a9badfe7,disabled,the_writer,bbq
bbq_a9badfe7,non_disabled,person,bbq
bbq_a9badfe7,non_disabled,the_one_with_a_physical_disability,bbq
bbq_a9badfe7,non_disabled,the_writer,bbq
bbq_a9badfe7,person,the_one_with_a_physical_disability,bbq
bbq_a9badfe7,person,the_writer,bbq
bbq_a9badfe7,the_one_with_a_physical_disability,the_writer,bbq
bbq_aa908541,man,person,bbq
bbq_aa908541,man,the_cisgender_woman,bbq
bbq_aa908541,man,the_trans_student,bbq
bbq_aa908541,man,woman,bbq
bbq_aa908541,person,the_cisgender_woman,bbq
bbq_aa908541,person,the_trans_student,bbq
bbq_aa908541,person,woman,bbq
bbq_aa908541,the_cisgender_woman,the_trans_student,bbq
bbq_aa908541,the_cisgender_woman,woman,bbq
bbq_aa908541,the_trans_student,woman,bbq
bbq_ababb2ec,middle_aged,person,bbq
bbq_ababb2ec,middle_aged,the_17_year_old,bbq
bbq_ababb2ec,middle_aged,the_48_year_old,bbq
bbq_ababb2ec,middle_aged,young,bbq
bbq_ababb2ec,person,the_17_year_old,bbq
bbq_ababb2ec,person,the_48_year_old,bbq
bbq_ababb2ec,person,young,bbq
bbq_ababb2ec,the_17_year_old,the_48_year_old,bbq
bbq_ababb2ec,the_17_year_old,young,bbq
bbq_ababb2ec,the_48_year_old,young,bbq
bbq_abf24e99,middle_aged,person,bbq
bbq_abf24e99,middle_aged,the_elderly_woman,bbq
bbq_abf24e99,middle_aged,the_young_boy,bbq
bbq_abf24e99,middle_aged,young,bbq
bbq_abf24e99,person,the_elderly_woman,bbq
bbq_abf24e99,person,the_young_boy,bbq
bbq_abf24e99,person,young,bbq
bbq_abf24e99,the_elderly_woman,the_young_boy,bbq
bbq_abf24e99,the_elderly_woman,young,bbq
bbq_abf24e99,the_young_boy,young,bbq
bbq_ae5665b8,gay,person,bbq
bbq_ae5665b8,gay,straight,bbq
bbq_ae5665b8,gay,the_bisexual_one,bbq
bbq_ae5665b8,gay,the_lesbian_one,bbq
bbq_ae5665b8,person,straight,bbq
bbq_ae5665b8,person,the_bisexual_one,bbq
bbq_ae5665b8,person,the_lesbian_one,bbq
bbq_ae5665b8,straight,the_bisexual_one,bbq
bbq_ae5665b8,straight,the_lesbian_one,bbq
bbq_ae5665b8,the_bisexual_one,the_lesbian_one,bbq
bbq_b0d0d8a6,middle_aged,person,bbq
bbq_b0d0d8a6,middle_aged,the_18_year_old,bbq
bbq_b0d0d8a6,middle_aged,the_45_year_old,bbq
bbq_b0d0d8a6,middle_aged,young,bbq
bbq_b0d0d8a6,person,the_18_year_old,bbq
bbq_b0d0d8a6,person,the_45_year_old,bbq
bbq_b0d0d8a6,person,young,bbq
bbq_b0d0d8a6,the_18_year_old,the_45_year_old,bbq
bbq_b0d0d8a6,the_18_year_old,young,bbq
bbq_b0d0d8a6,the_45_year_old,young,bbq
bbq_b2236867,american,chinese,bbq
bbq_b2236867,american,person,bbq
bbq_b2236867,american,the_french_girl,bbq
bbq_b2236867,american,the_namibian_girl,bbq
bbq_b2236867,chinese,person,bbq
bbq_b2236867,chinese,the_french_girl,bbq
bbq_b2236867,chinese,the_namibian_girl,bbq
bbq_b2236867,person,the_french_girl,bbq
bbq_b2236867,person,the_namibian_girl,bbq
bbq_b2236867,the_french_girl,the_namibian_girl,bbq
bbq_b298d32c,gay,person,bbq
bbq_b298d32c,gay,straight,bbq
bbq_b298d32c,gay,the_bisexual_one,bbq
bbq_b298d32c,gay,the_lesbian_one,bbq
bbq_b298d32c,person,straight,bbq
bbq_b298d32c,person,the_bisexual_one,bbq
bbq_b298d32c,person,the_lesbian_one,bbq
bbq_b298d32c,straight,the_bisexual_one,bbq
bbq_b298d32c,straight,the_lesbian_one,bbq
bbq_b298d32c,the_bisexual_one,the_lesbian_one,bbq
bbq_b2be50e5,gay,person,bbq
bbq_b2be50e5,gay,straight,bbq
bbq_b2be50e5,gay,the_bisexual_friend,bbq
bbq_b2be50e5,gay,the_lesbian_friend,bbq
bbq_b2be50e5,person,straight,bbq
bbq_b2be50e5,person,the_bisexual_friend,bbq
bbq_b2be50e5,person,the_lesbian_friend,bbq
bbq_b2be50e5,straight,the_bisexual_friend,bbq
bbq_b2be50e5,straight,the_lesbian_friend,bbq
bbq_b2be50e5,the_bisexual_friend,the_lesbian_friend,bbq
bbq_b2ca1606,hindu,person,bbq
bbq_b2ca1606,hindu,sikh,bbq
bbq_b2ca1606,hindu,the_muslim_man,bbq
bbq_b2ca1606,hindu,the_protestant_man,bbq
bbq_b2ca1606,person,sikh,bbq
bbq_b2ca1606,person,the_muslim_man,bbq
bbq_b2ca1606,person,the_protestant_man,bbq
bbq_b2ca1606,sikh,the_muslim_man,bbq
bbq_b2ca1606,sikh,the_protestant_man,bbq
bbq_b2ca1606,the_muslim_man,the_protestant_man,bbq
bbq_b55da45c,american,chinese,bbq
bbq_b55da45c,american,person,bbq
bbq_b55da45c,american,the_hungarian_man,bbq
bbq_b55da45c,american,the_moroccan_man,bbq
bbq_b55da45c,chinese,person,bbq
bbq_b55da45c,chinese,the_hungarian_man,bbq
bbq_b55da45c,chinese,the_moroccan_man,bbq
bbq_b55da45c,person,the_hungarian_man,bbq
bbq_b55da45c,person,the_moroccan_man,bbq
bbq_b55da45c,the_hungarian_man,the_moroccan_man,bbq
bbq_b5a72b52,hindu,person,bbq
bbq_b5a72b52,hindu,sikh,bbq
bbq_b5a72b52,hindu,the_buddhist_friend,bbq
bbq_b5a72b52,hindu,the_muslim_friend,bbq
bbq_b5a72b52,person,sikh,bbq
bbq_b5a72b52,person,the_buddhist_friend,bbq
bbq_b5a72b52,person,the_muslim_friend,bbq
bbq_b5a72b52,sikh,the_buddhist_friend,bbq
bbq_b5a72b52,sikh,the_muslim_friend,bbq
bbq_b5a72b52,the_buddhist_friend,the_muslim_friend,bbq
bbq_b64ef971,american,chinese,bbq
bbq_b64ef971,american,person,bbq
bbq_b64ef971,american,the_american_man,bbq
bbq_b64ef971,american,the_irish_woman,bbq
bbq_b64ef971,chinese,person,bbq
bbq_b64ef971,chinese,the_american_man,bbq
bbq_b64ef971,chinese,the_irish_woman,bbq
bbq_b64ef971,person,the_american_man,bbq
bbq_b64ef971,person,the_irish_woman,bbq
bbq_b64ef971,the_american_man,the_irish_woman,bbq
bbq_b6c251ec,american,chinese,bbq
bbq_b6c251ec,american,person,bbq
bbq_b6c251ec,american,the_colombian_boy,bbq
bbq_b6c251ec,american,the_nigerian_boy,bbq
bbq_b6c251ec,chinese,person,bbq
bbq_b6c251ec,chinese,the_colombian_boy,bbq
bbq_b6c251ec,chinese,the_nigerian_boy,bbq
bbq_b6c251ec,person,the_colombian_boy,bbq
bbq_b6c251ec,person,the_nigerian_boy,bbq
bbq_b6c251ec,the_colombian_boy,the_nigerian_boy,bbq
bbq_b7575a13,overweight,person,bbq
bbq_b7575a13,overweight,the_one_who_is_in_her_third_trimester,bbq
bbq_b7575a13,overweight,the_one_who_is_very_tall,bbq
bbq_b7575a13,overweight,thin,bbq
bbq_b7575a13,person,the_one_who_is_in_her_third_trimester,bbq
bbq_b7575a13,person,the_one_who_is_very_tall,bbq
bbq_b7575a13,person,thin,bbq
bbq_b7575a13,the_one_who_is_in_her_third_trimester,the_one_who_is_very_tall,bbq
bbq_b7575a13,the_one_who_is_in_her_third_trimester,thin,bbq
bbq_b7575a13,the_one_who_is_very_tall,thin,bbq
bbq_b7ee1adf,affluent_people,low_income_people,bbq
bbq_b7ee1adf,affluent_people,person,bbq
bbq_b7ee1adf,affluent_people,wealthy,bbq
bbq_b7ee1adf,affluent_people,well_off,bbq
bbq_b7ee1adf,low_income_people,person,bbq
bbq_b7ee1adf,low_income_people,wealthy,bbq
bbq_b7ee1adf,low_income_people,well_off,bbq
bbq_b7ee1adf,person,wealthy,bbq
bbq_b7ee1adf,person,well_off,bbq
bbq_b7ee1adf,wealthy,well_off,bbq
bbq_ba61358c,disabled,non_disabled,bbq
bbq_ba61358c,disabled,person,bbq
bbq_ba61358c,disabled,the_person_with_a_record_collection,bbq
bbq_ba61358c,disabled,the_person_with_blindness,bbq
bbq_ba61358c,non_disabled,person,bbq
bbq_ba61358c,non_disabled,the_person_with_a_record_collection,bbq
bbq_ba61358c,non_disabled,the_person_with_blindness,bbq
bbq_ba61358c,person,the_person_with_a_record_collection,bbq
bbq_ba61358c,person,the_person_with_blindness,bbq
bbq_ba61358c,the_person_with_a_record_collection,the_person_with_blindness,bbq
bbq_bac8dd57,middle_aged,person,bbq
bbq_bac8dd57,middle_aged,the_high_school_junior,bbq
bbq_bac8dd57,middle_aged,the_older_person,bbq
bbq_bac8dd57,middle_aged,young,bbq
bbq_bac8dd57,person,the_high_school_junior,bbq
bbq_bac8dd57,person,the_older_person,bbq
bbq_bac8dd57,person,young,bbq
bbq_bac8dd57,the_high_school_junior,the_older_person,bbq
bbq_bac8dd57,the_high_school_junior,young,bbq
bbq_bac8dd57,the_older_person,young,bbq
bbq_bb91b774,american,chinese,bbq
bbq_bb91b774,american,person,bbq
bbq_bb91b774,american,the_haitian_man,bbq
bbq_bb91b774,american,the_palestinian_man,bbq
bbq_bb91b774,chinese,person,bbq
bbq_bb91b774,chinese,the_haitian_man,bbq
bbq_bb91b774,chinese,the_palestinian_man,bbq
bbq_bb91b774,person,the_haitian_man,bbq
bbq_bb91b774,person,the_palestinian_man,bbq
bbq_bb91b774,the_haitian_man,the_palestinian_man,bbq
bbq_bc57f4b2,overweight,person,bbq
bbq_bc57f4b2,overweight,the_fat_student,bbq
bbq_bc57f4b2,overweight,the_slim_student,bbq
bbq_bc57f4b2,overweight,thin,bbq
bbq_bc57f4b2,person,the_fat_student,bbq
bbq_bc57f4b2,person,the_slim_student,bbq
bbq_bc57f4b2,person,thin,bbq
bbq_bc57f4b2,the_fat_student,the_slim_student,bbq
bbq_bc57f4b2,the_fat_student,thin,bbq
bbq_bc57f4b2,the_slim_student,thin,bbq
bbq_bfa03a31,middle_aged,person,bbq
bbq_bfa03a31,middle_aged,the_15_year_old,bbq
bbq_bfa03a31,middle_aged,the_55_year_old,bbq
bbq_bfa03a31,middle_aged,young,bbq
bbq_bfa03a31,person,the_15_year_old,bbq
bbq_bfa03a31,person,the_55_year_old,bbq
bbq_bfa03a31,person,young,bbq
bbq_bfa03a31,the_15_year_old,the_55_year_old,bbq
bbq_bfa03a31,the_15_year_old,young,bbq
bbq_bfa03a31,the_55_year_old,young,bbq
bbq_c136f91a,disabled,non_disabled,bbq
bbq_c136f91a,disabled,person,bbq
bbq_c136f91a,disabled,the_friend,bbq
bbq_c136f91a,disabled,the_person_with_depression,bbq
bbq_c136f91a,non_disabled,person,bbq
bbq_c136f91a,non_disabled,the_friend,bbq
bbq_c136f91a,non_disabled,the_person_with_depression,bbq
bbq_c136f91a,person,the_friend,bbq
bbq_c136f91a,person,the_person_with_depression,bbq
bbq_c136f91a,the_friend,the_person_with_depression,bbq
bbq_c1b8a802,overweight,person,bbq
bbq_c1b8a802,overweight,the_person_with_brown_eyes,bbq
bbq_c1b8a802,overweight,the_person_with_strabismus,bbq
bbq_c1b8a802,overweight,thin,bbq
bbq_c1b8a802,person,the_person_with_brown_eyes,bbq
bbq_c1b8a802,person,the_person_with_strabismus,bbq
bbq_c1b8a802,person,thin,bbq
bbq_c1b8a802,the_person_with_brown_eyes,the_person_with_strabismus,bbq
bbq_c1b8a802,the_person_with_brown_eyes,thin,bbq
bbq_c1b8a802,the_person_with_strabismus,thin,bbq
bbq_c5852dfa,gay,person,bbq
bbq_c5852dfa,gay,straight,bbq
bbq_c5852dfa,gay,the_bisexual_couple,bbq
bbq_c5852dfa,gay,the_gay_couple,bbq
bbq_c5852dfa,person,straight,bbq
bbq_c5852dfa,person,the_bisexual_couple,bbq
bbq_c5852dfa,person,the_gay_couple,bbq
bbq_c5852dfa,straight,the_bisexual_couple,bbq
bbq_c5852dfa,straight,the_gay_couple,bbq
bbq_c5852dfa,the_bisexual_couple,the_gay_couple,bbq
bbq_c58deb3d,disabled,non_disabled,bbq
bbq_c58deb3d,disabled,person,bbq
bbq_c58deb3d,disabled,the_one_who_uses_a_cane,bbq
bbq_c58deb3d,disabled,the_writer,bbq
bbq_c58deb3d,non_disabled,person,bbq
bbq_c58deb3d,non_disabled,the_one_who_uses_a_cane,bbq
bbq_c58deb3d,non_disabled,the_writer,bbq
bbq_c58deb3d,person,the_one_who_uses_a_cane,bbq
bbq_c58deb3d,person,the_writer,bbq
bbq_c58deb3d,the_one_who_uses_a_cane,the_writer,bbq
bbq_c5e7c23a,hindu,person,bbq
bbq_c5e7c23a,hindu,sikh,bbq
bbq_c5e7c23a,hindu,the_christian_neighbor,bbq
bbq_c5e7c23a,hindu,the_mormon_neighbor,bbq
bbq_c5e7c23a,person,sikh,bbq
bbq_c5e7c23a,person,the_christian_neighbor,bbq
bbq_c5e7c23a,person,the_mormon_neighbor,bbq
bbq_c5e7c23a,sikh,the_christian_neighbor,bbq
bbq_c5e7c23a,sikh,the_mormon_neighbor,bbq
bbq_c5e7c23a,the_christian_neighbor,the_mormon_neighbor,bbq
bbq_c65dffbe,brother,overweight,bbq
bbq_c65dffbe,brother,person,bbq
bbq_c65dffbe,brother,pregnant_person,bbq
bbq_c65dffbe,brother,thin,bbq
bbq_c65dffbe,overweight,person,bbq
bbq_c65dffbe,overweight,pregnant_person,bbq
bbq_c65dffbe,overweight,thin,bbq
bbq_c65dffbe,person,pregnant_person,bbq
bbq_c65dffbe,person,thin,bbq
bbq_c65dffbe,pregnant_person,thin,bbq
bbq_c756d81d,affluent_people,person,bbq
bbq_c756d81d,affluent_people,poor_people,bbq
bbq_c756d81d,affluent_people,wealthy,bbq
bbq_c756d81d,affluent_people,well_off,bbq
bbq_c756d81d,person,poor_people,bbq
bbq_c756d81d,person,wealthy,bbq
bbq_c756d81d,person,well_off,bbq
bbq_c756d81d,poor_people,wealthy,bbq
bbq_c756d81d,poor_people,well_off,bbq
bbq_c756d81d,wealthy,well_off,bbq
bbq_c829c21d,gay,person,bbq
bbq_c829c21d,gay,straight,bbq
bbq_c829c21d,gay,the_gay_couple,bbq
bbq_c829c21d,gay,the_pansexual_couple,bbq
bbq_c829c21d,person,straight,bbq
bbq_c829c21d,person,the_gay_couple,bbq
bbq_c829c21d,person,the_pansexual_couple,bbq
bbq_c829c21d,straight,the_gay_couple,bbq
bbq_c829c21d,straight,the_pansexual_couple,bbq
bbq_c829c21d,the_gay_couple,the_pansexual_couple,bbq
bbq_c8317710,black,person,bbq
bbq_c8317710,black,the_african_american_student,bbq
bbq_c8317710,black,the_arab_student,bbq
bbq_c8317710,black,white,bbq
bbq_c8317710,person,the_african_american_student,bbq
bbq_c8317710,person,the_arab_student,bbq
bbq_c8317710,person,white,bbq
bbq_c8317710,the_african_american_student,the_arab_student,bbq
bbq_c8317710,the_african_american_student,white,bbq
bbq_c8317710,the_arab_student,white,bbq
bbq_c8610b36,edward,man,bbq
bbq_c8610b36,edward,mary,bbq
bbq_c8610b36,edward,person,bbq
bbq_c8610b36,edward,woman,bbq
bbq_c8610b36,man,mary,bbq
bbq_c8610b36,man,person,bbq
bbq_c8610b36,man,woman,bbq
bbq_c8610b36,mary,person,bbq
bbq_c8610b36,mary,woman,bbq
bbq_c8610b36,person,woman,bbq
bbq_c8dac5a5,hindu,person,bbq
bbq_c8dac5a5,hindu,sikh,bbq
bbq_c8dac5a5,hindu,the_atheist_one,bbq
bbq_c8dac5a5,hindu,the_christian_one,bbq
bbq_c8dac5a5,person,sikh,bbq
bbq_c8dac5a5,person,the_atheist_one,bbq
bbq_c8dac5a5,person,the_christian_one,bbq
bbq_c8dac5a5,sikh,the_atheist_one,bbq
bbq_c8dac5a5,sikh,the_christian_one,bbq
bbq_c8dac5a5,the_atheist_one,the_christian_one,bbq
bbq_c8eac6dd,person,the_bartender,bbq
bbq_c8eac6dd,person,the_physics_teacher,bbq
bbq_c8eac6dd,person,wealthy,bbq
bbq_c8eac6dd,person,well_off,bbq
bbq_c8eac6dd,the_bartender,the_physics_teacher,bbq
bbq_c8eac6dd,the_bartender,wealthy,bbq
bbq_c8eac6dd,the_bartender,well_off,bbq
bbq_c8eac6dd,the_physics_teacher,wealthy,bbq
bbq_c8eac6dd,the_physics_teacher,well_off,bbq
bbq_c8eac6dd,wealthy,well_off,bbq
bbq_c9197208,middle_aged,person,bbq
bbq_c9197208,middle_aged,the_old_timer,bbq
bbq_c9197208,middle_aged,the_teen_boy,bbq
bbq_c9197208,middle_aged,young,bbq
bbq_c9197208,person,the_old_timer,bbq
bbq_c9197208,person,the_teen_boy,bbq
bbq_c9197208,person,young,bbq
bbq_c9197208,the_old_timer,the_teen_boy,bbq
bbq_c9197208,the_old_timer,young,bbq
bbq_c9197208,the_teen_boy,young,bbq
bbq_cad805ce,person,the_judge,bbq
bbq_cad805ce,person,the_line_cook,bbq
bbq_cad805ce,person,wealthy,bbq
bbq_cad805ce,person,well_off,bbq
bbq_cad805ce,the_judge,the_line_cook,bbq
bbq_cad805ce,the_judge,wealthy,bbq
bbq_cad805ce,the_judge,well_off,bbq
bbq_cad805ce,the_line_cook,wealthy,bbq
bbq_cad805ce,the_line_cook,well_off,bbq
bbq_cad805ce,wealthy,well_off,bbq
bbq_caf9cc05,black,deshawn_dorsey,bbq
bbq_caf9cc05,black,mohamed_sahraoui,bbq
bbq_caf9cc05,black,person,bbq
bbq_caf9cc05,black,white,bbq
bbq_caf9cc05,deshawn_dorsey,mohamed_sahraoui,bbq
bbq_caf9cc05,deshawn_dorsey,person,bbq
bbq_caf9cc05,deshawn_dorsey,white,bbq
bbq_caf9cc05,mohamed_sahraoui,person,bbq
bbq_caf9cc05,mohamed_sahraoui,white,bbq
bbq_caf9cc05,person,white,bbq
bbq_cd1106d7,american,chinese,bbq
bbq_cd1106d7,american,person,bbq
bbq_cd1106d7,american,the_iranian_student,bbq
bbq_cd1106d7,american,the_italian_student,bbq
bbq_cd1106d7,chinese,person,bbq
bbq_cd1106d7,chinese,the_iranian_student,bbq
bbq_cd1106d7,chinese,the_italian_student,bbq
bbq_cd1106d7,person,the_iranian_student,bbq
bbq_cd1106d7,person,the_italian_student,bbq
bbq_cd1106d7,the_iranian_student,the_italian_student,bbq
bbq_cd414e87,overweight,person,bbq
bbq_cd414e87,overweight,the_one_with_no_piercings,bbq
bbq_cd414e87,overweight,the_one_with_tattoos,bbq
bbq_cd414e87,overweight,thin,bbq
bbq_cd414e87,person,the_one_with_no_piercings,bbq
bbq_cd414e87,person,the_one_with_tattoos,bbq
bbq_cd414e87,person,thin,bbq
bbq_cd414e87,the_one_with_no_piercings,the_one_with_tattoos,bbq
bbq_cd414e87,the_one_with_no_piercings,thin,bbq
bbq_cd414e87,the_one_with_tattoos,thin,bbq
bbq_d02e13d1,disabled,non_disabled,bbq
bbq_d02e13d1,disabled,person,bbq
bbq_d02e13d1,disabled,the_person_who_is_mentally_ill,bbq
bbq_d02e13d1,disabled,the_spouse,bbq
bbq_d02e13d1,non_disabled,person,bbq
bbq_d02e13d1,non_disabled,the_person_who_is_mentally_ill,bbq
bbq_d02e13d1,non_disabled,the_spouse,bbq
bbq_d02e13d1,person,the_person_who_is_mentally_ill,bbq
bbq_d02e13d1,person,the_spouse,bbq
bbq_d02e13d1,the_person_who_is_mentally_ill,the_spouse,bbq
bbq_d0575bc7,middle_aged,person,bbq
bbq_d0575bc7,middle_aged,the_middle_aged_guy,bbq
bbq_d0575bc7,middle_aged,the_teen,bbq
bbq_d0575bc7,middle_aged,young,bbq
bbq_d0575bc7,person,the_middle_aged_guy,bbq
bbq_d0575bc7,person,the_teen,bbq
bbq_d0575bc7,person,young,bbq
bbq_d0575bc7,the_middle_aged_guy,the_teen,bbq
bbq_d0575bc7,the_middle_aged_guy,young,bbq
bbq_d0575bc7,the_teen,young,bbq
bbq_d05dad28,hindu,person,bbq
bbq_d05dad28,hindu,sikh,bbq
bbq_d05dad28,hindu,the_catholic_one,bbq
bbq_d05dad28,hindu,the_sikh_one,bbq
bbq_d05dad28,person,sikh,bbq
bbq_d05dad28,person,the_catholic_one,bbq
bbq_d05dad28,person,the_sikh_one,bbq
bbq_d05dad28,sikh,the_catholic_one,bbq
bbq_d05dad28,sikh,the_sikh_one,bbq
bbq_d05dad28,the_catholic_one,the_sikh_one,bbq
bbq_d06f99f9,overweight,person,bbq
bbq_d06f99f9,overweight,the_one_who_is_in_her_third_trimester,bbq
bbq_d06f99f9,overweight,the_one_who_is_very_tall,bbq
bbq_d06f99f9,overweight,thin,bbq
bbq_d06f99f9,person,the_one_who_is_in_her_third_trimester,bbq
bbq_d06f99f9,person,the_one_who_is_very_tall,bbq
bbq_d06f99f9,person,thin,bbq
bbq_d06f99f9,the_one_who_is_in_her_third_trimester,the_one_who_is_very_tall,bbq
bbq_d06f99f9,the_one_who_is_in_her_third_trimester,thin,bbq
bbq_d06f99f9,the_one_who_is_very_tall,thin,bbq
bbq_d17653f6,overweight,person,bbq
bbq_d17653f6,overweight,the_fashionably_dressed_candidate,bbq
bbq_d17653f6,overweight,the_sloppily_dressed_candidate,bbq
bbq_d17653f6,overweight,thin,bbq
bbq_d17653f6,person,the_fashionably_dressed_candidate,bbq
bbq_d17653f6,person,the_sloppily_dressed_candidate,bbq
bbq_d17653f6,person,thin,bbq
bbq_d17653f6,the_fashionably_dressed_candidate,the_sloppily_dressed_candidate,bbq
bbq_d17653f6,the_fashionably_dressed_candidate,thin,bbq
bbq_d17653f6,the_sloppily_dressed_candidate,thin,bbq
bbq_d2da87a2,overweight,person,bbq
bbq_d2da87a2,overweight,the_short_student,bbq
bbq_d2da87a2,overweight,the_very_tall_student,bbq
bbq_d2da87a2,overweight,thin,bbq
bbq_d2da87a2,person,the_short_student,bbq
bbq_d2da87a2,person,the_very_tall_student,bbq
bbq_d2da87a2,person,thin,bbq
bbq_d2da87a2,the_short_student,the_very_tall_student,bbq
bbq_d2da87a2,the_short_student,thin,bbq
bbq_d2da87a2,the_very_tall_student,thin,bbq
bbq_d5eddc69,american,chinese,bbq
bbq_d5eddc69,american,person,bbq
bbq_d5eddc69,american,the_colombian_girlfriend,bbq
bbq_d5eddc69,american,the_thai_girlfriend,bbq
bbq_d5eddc69,chinese,person,bbq
bbq_d5eddc69,chinese,the_colombian_girlfriend,bbq
bbq_d5eddc69,chinese,the_thai_girlfriend,bbq
bbq_d5eddc69,person,the_colombian_girlfriend,bbq
bbq_d5eddc69,person,the_thai_girlfriend,bbq
bbq_d5eddc69,the_colombian_girlfriend,the_thai_girlfriend,bbq
bbq_d6d00484,disabled,non_disabled,bbq
bbq_d6d00484,disabled,person,bbq
bbq_d6d00484,disabled,the_person_who_has_autism,bbq
bbq_d6d00484,disabled,the_sister,bbq
bbq_d6d00484,non_disabled,person,bbq
bbq_d6d00484,non_disabled,the_person_who_has_autism,bbq
bbq_d6d00484,non_disabled,the_sister,bbq
bbq_d6d00484,person,the_person_who_has_autism,bbq
bbq_d6d00484,person,the_sister,bbq
bbq_d6d00484,the_person_who_has_autism,the_sister,bbq
bbq_d7a3b572,disabled,non_disabled,bbq
bbq_d7a3b572,disabled,person,bbq
bbq_d7a3b572,disabled,the_brother,bbq
bbq_d7a3b572,disabled,the_person_who_has_autism,bbq
bbq_d7a3b572,non_disabled,person,bbq
bbq_d7a3b572,non_disabled,the_brother,bbq
bbq_d7a3b572,non_disabled,the_person_who_has_autism,bbq
bbq_d7a3b572,person,the_brother,bbq
bbq_d7a3b572,person,the_person_who_has_autism,bbq
bbq_d7a3b572,the_brother,the_person_who_has_autism,bbq
bbq_d7f3d93a,christopher,lisa,bbq
bbq_d7f3d93a,christopher,man,bbq
bbq_d7f3d93a,christopher,person,bbq
bbq_d7f3d93a,christopher,woman,bbq
bbq_d7f3d93a,lisa,man,bbq
bbq_d7f3d93a,lisa,person,bbq
bbq_d7f3d93a,lisa,woman,bbq
bbq_d7f3d93a,man,person,bbq
bbq_d7f3d93a,man,woman,bbq
bbq_d7f3d93a,person,woman,bbq
bbq_d7fc8b3a,black,person,bbq
bbq_d7fc8b3a,black,the_african_american_man,bbq
bbq_d7fc8b3a,black,the_latino_man,bbq
bbq_d7fc8b3a,black,white,bbq
bbq_d7fc8b3a,person,the_african_american_man,bbq
bbq_d7fc8b3a,person,the_latino_man,bbq
bbq_d7fc8b3a,person,white,bbq
bbq_d7fc8b3a,the_african_american_man,the_latino_man,bbq
bbq_d7fc8b3a,the_african_american_man,white,bbq
bbq_d7fc8b3a,the_latino_man,white,bbq
bbq_d9251e0a,american,chinese,bbq
bbq_d9251e0a,american,person,bbq
bbq_d9251e0a,american,the_haitian_friend,bbq
bbq_d9251e0a,american,the_nigerian_friend,bbq
bbq_d9251e0a,chinese,person,bbq
bbq_d9251e0a,chinese,the_haitian_friend,bbq
bbq_d9251e0a,chinese,the_nigerian_friend,bbq
bbq_d9251e0a,person,the_haitian_friend,bbq
bbq_d9251e0a,person,the_nigerian_friend,bbq
bbq_d9251e0a,the_haitian_friend,the_nigerian_friend,bbq
bbq_d9494b34,disabled,non_disabled,bbq
bbq_d9494b34,disabled,person,bbq
bbq_d9494b34,disabled,the_classmate,bbq
bbq_d9494b34,disabled,the_person_with_ptsd,bbq
bbq_d9494b34,non_disabled,person,bbq
bbq_d9494b34,non_disabled,the_classmate,bbq
bbq_d9494b34,non_disabled,the_person_with_ptsd,bbq
bbq_d9494b34,person,the_classmate,bbq
bbq_d9494b34,person,the_person_with_ptsd,bbq
bbq_d9494b34,the_classmate,the_person_with_ptsd,bbq
bbq_daff6e97,disabled,non_disabled,bbq
bbq_daff6e97,disabled,person,bbq
bbq_daff6e97,disabled,the_person_with_anxiety,bbq
bbq_daff6e97,disabled,the_sister,bbq
bbq_daff6e97,non_disabled,person,bbq
bbq_daff6e97,non_disabled,the_person_with_anxiety,bbq
bbq_daff6e97,non_disabled,the_sister,bbq
bbq_daff6e97,person,the_person_with_anxiety,bbq
bbq_daff6e97,person,the_sister,bbq
bbq_daff6e97,the_person_with_anxiety,the_sister,bbq
bbq_dec8f0f1,hindu,person,bbq
bbq_dec8f0f1,hindu,sikh,bbq
bbq_dec8f0f1,hindu,the_atheist_person,bbq
bbq_dec8f0f1,hindu,the_hindu_person,bbq
bbq_dec8f0f1,person,sikh,bbq
bbq_dec8f0f1,person,the_atheist_person,bbq
bbq_dec8f0f1,person,the_hindu_person,bbq
bbq_dec8f0f1,sikh,the_atheist_person,bbq
bbq_dec8f0f1,sikh,the_hindu_person,bbq
bbq_dec8f0f1,the_atheist_person,the_hindu_person,bbq
bbq_e05a66f4,ayanna_jefferson,black,bbq
bbq_e05a66f4,ayanna_jefferson,guadalupe_contreras,bbq
bbq_e05a66f4,ayanna_jefferson,person,bbq
bbq_e05a66f4,ayanna_jefferson,white,bbq
bbq_e05a66f4,black,guadalupe_contreras,bbq
bbq_e05a66f4,black,person,bbq
bbq_e05a66f4,black,white,bbq
bbq_e05a66f4,guadalupe_contreras,person,bbq
bbq_e05a66f4,guadalupe_contreras,white,bbq
bbq_e05a66f4,person,white,bbq
bbq_e0c9f3f7,person,the_bartender,bbq
bbq_e0c9f3f7,person,the_chemical_engineer,bbq
bbq_e0c9f3f7,person,wealthy,bbq
bbq_e0c9f3f7,person,well_off,bbq
bbq_e0c9f3f7,the_bartender,the_chemical_engineer,bbq
bbq_e0c9f3f7,the_bartender,wealthy,bbq
bbq_e0c9f3f7,the_bartender,well_off,bbq
bbq_e0c9f3f7,the_chemical_engineer,wealthy,bbq
bbq_e0c9f3f7,the_chemical_engineer,well_off,bbq
bbq_e0c9f3f7,wealthy,well_off,bbq
bbq_e14e22f5,hindu,person,bbq
bbq_e14e22f5,hindu,sikh,bbq
bbq_e14e22f5,hindu,the_christian_one,bbq
bbq_e14e22f5,hindu,the_muslim_one,bbq
bbq_e14e22f5,person,sikh,bbq
bbq_e14e22f5,person,the_christian_one,bbq
bbq_e14e22f5,person,the_muslim_one,bbq
bbq_e14e22f5,sikh,the_christian_one,bbq
bbq_e14e22f5,sikh,the_muslim_one,bbq
bbq_e14e22f5,the_christian_one,the_muslim_one,bbq
bbq_e26d0551,black,person,bbq
bbq_e26d0551,black,the_asian_man,bbq
bbq_e26d0551,black,the_latino_man,bbq
bbq_e26d0551,black,white,bbq
bbq_e26d0551,person,the_asian_man,bbq
bbq_e26d0551,person,the_latino_man,bbq
bbq_e26d0551,person,white,bbq
bbq_e26d0551,the_asian_man,the_latino_man,bbq
bbq_e26d0551,the_asian_man,white,bbq
bbq_e26d0551,the_latino_man,white,bbq
bbq_e30d453e,alan_wang,black,bbq
bbq_e30d453e,alan_wang,jamal_branch,bbq
bbq_e30d453e,alan_wang,person,bbq
bbq_e30d453e,alan_wang,white,bbq
bbq_e30d453e,black,jamal_branch,bbq
bbq_e30d453e,black,person,bbq
bbq_e30d453e,black,white,bbq
bbq_e30d453e,jamal_branch,person,bbq
bbq_e30d453e,jamal_branch,white,bbq
bbq_e30d453e,person,white,bbq
bbq_e415f450,middle_aged,person,bbq
bbq_e415f450,middle_aged,the_high_school_junior,bbq
bbq_e415f450,middle_aged,the_middle_aged_woman,bbq
bbq_e415f450,middle_aged,young,bbq
bbq_e415f450,person,the_high_school_junior,bbq
bbq_e415f450,person,the_middle_aged_woman,bbq
bbq_e415f450,person,young,bbq
bbq_e415f450,the_high_school_junior,the_middle_aged_woman,bbq
bbq_e415f450,the_high_school_junior,young,bbq
bbq_e415f450,the_middle_aged_woman,young,bbq
bbq_e44281d5,american,chinese,bbq
bbq_e44281d5,american,person,bbq
bbq_e44281d5,american,the_chilean_woman,bbq
bbq_e44281d5,american,the_korean_woman,bbq
bbq_e44281d5,chinese,person,bbq
bbq_e44281d5,chinese,the_chilean_woman,bbq
bbq_e44281d5,chinese,the_korean_woman,bbq
bbq_e44281d5,person,the_chilean_woman,bbq
bbq_e44281d5,person,the_korean_woman,bbq
bbq_e44281d5,the_chilean_woman,the_korean_woman,bbq
bbq_e45c2818,disabled,non_disabled,bbq
bbq_e45c2818,disabled,person,bbq
bbq_e45c2818,disabled,the_friend,bbq
bbq_e45c2818,disabled,the_person_with_ptsd,bbq
bbq_e45c2818,non_disabled,person,bbq
bbq_e45c2818,non_disabled,the_friend,bbq
bbq_e45c2818,non_disabled,the_person_with_ptsd,bbq
bbq_e45c2818,person,the_friend,bbq
bbq_e45c2818,person,the_person_with_ptsd,bbq
bbq_e45c2818,the_friend,the_person_with_ptsd,bbq
bbq_e474cded,disabled,non_disabled,bbq
bbq_e474cded,disabled,person,bbq
bbq_e474cded,disabled,the_father,bbq
bbq_e474cded,disabled,the_person_with_schizophrenia,bbq
bbq_e474cded,non_disabled,person,bbq
bbq_e474cded,non_disabled,the_father,bbq
bbq_e474cded,non_disabled,the_person_with_schizophrenia,bbq
bbq_e474cded,person,the_father,bbq
bbq_e474cded,person,the_person_with_schizophrenia,bbq
bbq_e474cded,the_father,the_person_with_schizophrenia,bbq
bbq_e4db0c2f,overweight,person,bbq
bbq_e4db0c2f,overweight,the_other_person_who_s_employed_there,bbq
bbq_e4db0c2f,overweight,the_pregnant_person,bbq
bbq_e4db0c2f,overweight,thin,bbq
bbq_e4db0c2f,person,the_other_person_who_s_employed_there,bbq
bbq_e4db0c2f,person,the_pregnant_person,bbq
bbq_e4db0c2f,person,thin,bbq
bbq_e4db0c2f,the_other_person_who_s_employed_there,the_pregnant_person,bbq
bbq_e4db0c2f,the_other_person_who_s_employed_there,thin,bbq
bbq_e4db0c2f,the_pregnant_person,thin,bbq
bbq_e5d48a82,atheist_people,hindu,bbq
bbq_e5d48a82,atheist_people,mormon_people,bbq
bbq_e5d48a82,atheist_people,person,bbq
bbq_e5d48a82,atheist_people,sikh,bbq
bbq_e5d48a82,hindu,mormon_people,bbq
bbq_e5d48a82,hindu,person,bbq
bbq_e5d48a82,hindu,sikh,bbq
bbq_e5d48a82,mormon_people,person,bbq
bbq_e5d48a82,mormon_people,sikh,bbq
bbq_e5d48a82,person,sikh,bbq
bbq_e704871c,middle_aged,person,bbq
bbq_e704871c,middle_aged,the_22_year_old,bbq
bbq_e704871c,middle_aged,the_55_year_old,bbq
bbq_e704871c,middle_aged,young,bbq
bbq_e704871c,person,the_22_year_old,bbq
bbq_e704871c,person,the_55_year_old,bbq
bbq_e704871c,person,young,bbq
bbq_e704871c,the_22_year_old,the_55_year_old,bbq
bbq_e704871c,the_22_year_old,young,bbq
bbq_e704871c,the_55_year_old,young,bbq
bbq_e781c9d6,black,elaine_ho,bbq
bbq_e781c9d6,black,person,bbq
bbq_e781c9d6,black,susan_walsh,bbq
bbq_e781c9d6,black,white,bbq
bbq_e781c9d6,elaine_ho,person,bbq
bbq_e781c9d6,elaine_ho,susan_walsh,bbq
bbq_e781c9d6,elaine_ho,white,bbq
bbq_e781c9d6,person,susan_walsh,bbq
bbq_e781c9d6,person,white,bbq
bbq_e781c9d6,susan_walsh,white,bbq
bbq_e85d8f93,gay,person,bbq
bbq_e85d8f93,gay,straight,bbq
bbq_e85d8f93,gay,the_gay_friend,bbq
bbq_e85d8f93,gay,the_lesbian_friend,bbq
bbq_e85d8f93,person,straight,bbq
bbq_e85d8f93,person,the_gay_friend,bbq
bbq_e85d8f93,person,the_lesbian_friend,bbq
bbq_e85d8f93,straight,the_gay_friend,bbq
bbq_e85d8f93,straight,the_lesbian_friend,bbq
bbq_e85d8f93,the_gay_friend,the_lesbian_friend,bbq
bbq_e8640172,black,hussein_qureshi,bbq
bbq_e8640172,black,mark_meyer,bbq
bbq_e8640172,black,person,bbq
bbq_e8640172,black,white,bbq
bbq_e8640172,hussein_qureshi,mark_meyer,bbq
bbq_e8640172,hussein_qureshi,person,bbq
bbq_e8640172,hussein_qureshi,white,bbq
bbq_e8640172,mark_meyer,person,bbq
bbq_e8640172,mark_meyer,white,bbq
bbq_e8640172,person,white,bbq
bbq_e8e7363c,betty,man,bbq
bbq_e8e7363c,betty,person,bbq
bbq_e8e7363c,betty,steven,bbq
bbq_e8e7363c,betty,woman,bbq
bbq_e8e7363c,man,person,bbq
bbq_e8e7363c,man,steven,bbq
bbq_e8e7363c,man,woman,bbq
bbq_e8e7363c,person,steven,bbq
bbq_e8e7363c,person,woman,bbq
bbq_e8e7363c,steven,woman,bbq
bbq_ec7f2cfb,hindu,person,bbq
bbq_ec7f2cfb,hindu,sikh,bbq
bbq_ec7f2cfb,hindu,the_hindu_one,bbq
bbq_ec7f2cfb,hindu,the_muslim_one,bbq
bbq_ec7f2cfb,person,sikh,bbq
bbq_ec7f2cfb,person,the_hindu_one,bbq
bbq_ec7f2cfb,person,the_muslim_one,bbq
bbq_ec7f2cfb,sikh,the_hindu_one,bbq
bbq_ec7f2cfb,sikh,the_muslim_one,bbq
bbq_ec7f2cfb,the_hindu_one,the_muslim_one,bbq
bbq_ed5db3b0,overweight,person,bbq
bbq_ed5db3b0,overweight,the_one_who_is_blonde,bbq
bbq_ed5db3b0,overweight,the_one_who_is_in_her_third_trimester,bbq
bbq_ed5db3b0,overweight,thin,bbq
bbq_ed5db3b0,person,the_one_who_is_blonde,bbq
bbq_ed5db3b0,person,the_one_who_is_in_her_third_trimester,bbq
bbq_ed5db3b0,person,thin,bbq
bbq_ed5db3b0,the_one_who_is_blonde,the_one_who_is_in_her_third_trimester,bbq
bbq_ed5db3b0,the_one_who_is_blonde,thin,bbq
bbq_ed5db3b0,the_one_who_is_in_her_third_trimester,thin,bbq
bbq_ef3eb5e2,overweight,person,bbq
bbq_ef3eb5e2,overweight,the_overweight_guy,bbq
bbq_ef3eb5e2,overweight,the_thin_guy,bbq
bbq_ef3eb5e2,overweight,thin,bbq
bbq_ef3eb5e2,person,the_overweight_guy,bbq
bbq_ef3eb5e2,person,the_thin_guy,bbq
bbq_ef3eb5e2,person,thin,bbq
bbq_ef3eb5e2,the_overweight_guy,the_thin_guy,bbq
bbq_ef3eb5e2,the_overweight_guy,thin,bbq
bbq_ef3eb5e2,the_thin_guy,thin,bbq
bbq_ef8f080b,gay,person,bbq
bbq_ef8f080b,gay,straight,bbq
bbq_ef8f080b,gay,the_lesbian_one,bbq
bbq_ef8f080b,gay,the_pansexual_one,bbq
bbq_ef8f080b,person,straight,bbq
bbq_ef8f080b,person,the_lesbian_one,bbq
bbq_ef8f080b,person,the_pansexual_one,bbq
bbq_ef8f080b,straight,the_lesbian_one,bbq
bbq_ef8f080b,straight,the_pansexual_one,bbq
bbq_ef8f080b,the_lesbian_one,the_pansexual_one,bbq
bbq_f07ab016,american,chinese,bbq
bbq_f07ab016,american,person,bbq
bbq_f07ab016,american,the_irish_woman,bbq
bbq_f07ab016,american,the_korean_woman,bbq
bbq_f07ab016,chinese,person,bbq
bbq_f07ab016,chinese,the_irish_woman,bbq
bbq_f07ab016,chinese,the_korean_woman,bbq
bbq_f07ab016,person,the_irish_woman,bbq
bbq_f07ab016,person,the_korean_woman,bbq
bbq_f07ab016,the_irish_woman,the_korean_woman,bbq
bbq_f1ae4a36,black,person,bbq
bbq_f1ae4a36,black,tanisha_jackson,bbq
bbq_f1ae4a36,black,white,bbq
bbq_f1ae4a36,black,winnie_choi,bbq
bbq_f1ae4a36,person,tanisha_jackson,bbq
bbq_f1ae4a36,person,white,bbq
bbq_f1ae4a36,person,winnie_choi,bbq
bbq_f1ae4a36,tanisha_jackson,white,bbq
bbq_f1ae4a36,tanisha_jackson,winnie_choi,bbq
bbq_f1ae4a36,white,winnie_choi,bbq
bbq_f2fd55cd,donald,helen,bbq
bbq_f2fd55cd,donald,man,bbq
bbq_f2fd55cd,donald,person,bbq
bbq_f2fd55cd,donald,woman,bbq
bbq_f2fd55cd,helen,man,bbq
bbq_f2fd55cd,helen,person,bbq
bbq_f2fd55cd,helen,woman,bbq
bbq_f2fd55cd,man,person,bbq
bbq_f2fd55cd,man,woman,bbq
bbq_f2fd55cd,person,woman,bbq
bbq_f2fedade,a_girl,a_woman,bbq
bbq_f2fedade,a_girl,man,bbq
bbq_f2fedade,a_girl,person,bbq
bbq_f2fedade,a_girl,woman,bbq
bbq_f2fedade,a_woman,man,bbq
bbq_f2fedade,a_woman,person,bbq
bbq_f2fedade,a_woman,woman,bbq
bbq_f2fedade,man,person,bbq
bbq_f2fedade,man,woman,bbq
bbq_f2fedade,person,woman,bbq
bbq_f30d852d,person,the_bartender,bbq
bbq_f30d852d,person,the_psychologist,bbq
bbq_f30d852d,person,wealthy,bbq
bbq_f30d852d,person,well_off,bbq
bbq_f30d852d,the_bartender,the_psychologist,bbq
bbq_f30d852d,the_bartender,wealthy,bbq
bbq_f30d852d,the_bartender,well_off,bbq
bbq_f30d852d,the_psychologist,wealthy,bbq
bbq_f30d852d,the_psychologist,well_off,bbq
bbq_f30d852d,wealthy,well_off,bbq
bbq_f3f0d94d,american,chinese,bbq
bbq_f3f0d94d,american,person,bbq
bbq_f3f0d94d,american,the_british_fans,bbq
bbq_f3f0d94d,american,the_nigerian_fans,bbq
bbq_f3f0d94d,chinese,person,bbq
bbq_f3f0d94d,chinese,the_british_fans,bbq
bbq_f3f0d94d,chinese,the_nigerian_fans,bbq
bbq_f3f0d94d,person,the_british_fans,bbq
bbq_f3f0d94d,person,the_nigerian_fans,bbq
bbq_f3f0d94d,the_british_fans,the_nigerian_fans,bbq
bbq_f41b7538,hindu,person,bbq
bbq_f41b7538,hindu,sikh,bbq
bbq_f41b7538,hindu,the_atheist_person,bbq
bbq_f41b7538,hindu,the_sikh_person,bbq
bbq_f41b7538,person,sikh,bbq
bbq_f41b7538,person,the_atheist_person,bbq
bbq_f41b7538,person,the_sikh_person,bbq
bbq_f41b7538,sikh,the_atheist_person,bbq
bbq_f41b7538,sikh,the_sikh_person,bbq
bbq_f41b7538,the_atheist_person,the_sikh_person,bbq
bbq_f49a873d,american,chinese,bbq
bbq_f49a873d,american,person,bbq
bbq_f49a873d,american,the_colombian_girlfriend,bbq
bbq_f49a873d,american,the_thai_girlfriend,bbq
bbq_f49a873d,chinese,person,bbq
bbq_f49a873d,chinese,the_colombian_girlfriend,bbq
bbq_f49a873d,chinese,the_thai_girlfriend,bbq
bbq_f49a873d,person,the_colombian_girlfriend,bbq
bbq_f49a873d,person,the_thai_girlfriend,bbq
bbq_f49a873d,the_colombian_girlfriend,the_thai_girlfriend,bbq
bbq_f5728bc3,middle_aged,person,bbq
bbq_f5728bc3,middle_aged,the_24_year_old,bbq
bbq_f5728bc3,middle_aged,the_40_year_old,bbq
bbq_f5728bc3,middle_aged,young,bbq
bbq_f5728bc3,person,the_24_year_old,bbq
bbq_f5728bc3,person,the_40_year_old,bbq
bbq_f5728bc3,person,young,bbq
bbq_f5728bc3,the_24_year_old,the_40_year_old,bbq
bbq_f5728bc3,the_24_year_old,young,bbq
bbq_f5728bc3,the_40_year_old,young,bbq
bbq_f9f88d37,person,the_cashier,bbq
bbq_f9f88d37,person,the_psychologist,bbq
bbq_f9f88d37,person,wealthy,bbq
bbq_f9f88d37,person,well_off,bbq
bbq_f9f88d37,the_cashier,the_psychologist,bbq
bbq_f9f88d37,the_cashier,wealthy,bbq
bbq_f9f88d37,the_cashier,well_off,bbq
bbq_f9f88d37,the_psychologist,wealthy,bbq
bbq_f9f88d37,the_psychologist,well_off,bbq
bbq_f9f88d37,wealthy,well_off,bbq
bbq_fb0eaa38,american,chinese,bbq
bbq_fb0eaa38,american,person,bbq
bbq_fb0eaa38,american,the_chilean_family,bbq
bbq_fb0eaa38,american,the_syrian_family,bbq
bbq_fb0eaa38,chinese,person,bbq
bbq_fb0eaa38,chinese,the_chilean_family,bbq
bbq_fb0eaa38,chinese,the_syrian_family,bbq
bbq_fb0eaa38,person,the_chilean_family,bbq
bbq_fb0eaa38,person,the_syrian_family,bbq
bbq_fb0eaa38,the_chilean_family,the_syrian_family,bbq
bbq_fc892bbe,middle_aged,person,bbq
bbq_fc892bbe,middle_aged,the_college_sophomore,bbq
bbq_fc892bbe,middle_aged,the_older_person,bbq
bbq_fc892bbe,middle_aged,young,bbq
bbq_fc892bbe,person,the_college_sophomore,bbq
bbq_fc892bbe,person,the_older_person,bbq
bbq_fc892bbe,person,young,bbq
bbq_fc892bbe,the_college_sophomore,the_older_person,bbq
bbq_fc892bbe,the_college_sophomore,young,bbq
bbq_fc892bbe,the_older_person,young,bbq
bbq_fd8d079f,hindu,person,bbq
bbq_fd8d079f,hindu,sikh,bbq
bbq_fd8d079f,hindu,the_atheist_one,bbq
bbq_fd8d079f,hindu,the_catholic_one,bbq
bbq_fd8d079f,person,sikh,bbq
bbq_fd8d079f,person,the_atheist_one,bbq
bbq_fd8d079f,person,the_catholic_one,bbq
bbq_fd8d079f,sikh,the_atheist_one,bbq
bbq_fd8d079f,sikh,the_catholic_one,bbq
bbq_fd8d079f,the_atheist_one,the_catholic_one,bbq
bbq_fdc1cda3,man,margaret,bbq
bbq_fdc1cda3,man,mark,bbq
bbq_fdc1cda3,man,person,bbq
bbq_fdc1cda3,man,woman,bbq
bbq_fdc1cda3,margaret,mark,bbq
bbq_fdc1cda3,margaret,person,bbq
bbq_fdc1cda3,margaret,woman,bbq
bbq_fdc1cda3,mark,person,bbq
bbq_fdc1cda3,mark,woman,bbq
bbq_fdc1cda3,person,woman,bbq
bbq_fe3a6d67,gay,person,bbq
bbq_fe3a6d67,gay,straight,bbq
bbq_fe3a6d67,gay,the_lesbian_friend,bbq
bbq_fe3a6d67,gay,the_straight_friend,bbq
bbq_fe3a6d67,person,straight,bbq
bbq_fe3a6d67,person,the_lesbian_friend,bbq
bbq_fe3a6d67,person,the_straight_friend,bbq
bbq_fe3a6d67,straight,the_lesbian_friend,bbq
bbq_fe3a6d67,straight,the_straight_friend,bbq
bbq_fe3a6d67,the_lesbian_friend,the_straight_friend,bbq
bbq_fef507b4,black,person,bbq
bbq_fef507b4,black,the_arab_man,bbq
bbq_fef507b4,black,the_asian_man,bbq
bbq_fef507b4,black,white,bbq
bbq_fef507b4,person,the_arab_man,bbq
bbq_fef507b4,person,the_asian_man,bbq
bbq_fef507b4,person,white,bbq
bbq_fef507b4,the_arab_man,the_asian_man,bbq
bbq_fef507b4,the_arab_man,white,bbq
bbq_fef507b4,the_asian_man,white,bbq
crows_0022ccf3,asian,black,crows
crows_0022ccf3,asian,hispanic,crows
crows_0022ccf3,asian,white,crows
crows_0022ccf3,asian,white_2,crows
crows_0022ccf3,black,hispanic,crows
crows_0022ccf3,black,white,crows
crows_0022ccf3,black,white_2,crows
crows_0022ccf3,hispanic,white,crows
crows_0022ccf3,hispanic,white_2,crows
crows_0022ccf3,white,white_2,crows
crows_005bea6b,michael,middle_class,crows
crows_005bea6b,michael,muhammad,crows
crows_005bea6b,michael,wealthy,crows
crows_005bea6b,michael,well_off,crows
crows_005bea6b,middle_class,muhammad,crows
crows_005bea6b,middle_class,wealthy,crows
crows_005bea6b,middle_class,well_off,crows
crows_005bea6b,muhammad,wealthy,crows
crows_005bea6b,muhammad,well_off,crows
crows_005bea6b,wealthy,well_off,crows
crows_0178e337,american,chinese,crows
crows_0178e337,american,illegal_immigrants,crows
crows_0178e337,american,indian,crows
crows_0178e337,american,veterans,crows
crows_0178e337,chinese,illegal_immigrants,crows
crows_0178e337,chinese,indian,crows
crows_0178e337,chinese,veterans,crows
crows_0178e337,illegal_immigrants,indian,crows
crows_0178e337,illegal_immigrants,veterans,crows
crows_0178e337,indian,veterans,crows
crows_0195d97f,blind,disabled,crows
crows_0195d97f,blind,mentally_fit,crows
crows_0195d97f,blind,non_disabled,crows
crows_0195d97f,blind,retards,crows
crows_0195d97f,disabled,mentally_fit,crows
crows_0195d97f,disabled,non_disabled,crows
crows_0195d97f,disabled,retards,crows
crows_0195d97f,mentally_fit,non_disabled,crows
crows_0195d97f,mentally_fit,retards,crows
crows_0195d97f,non_disabled,retards,crows
crows_02b46471,blind,disabled,crows
crows_02b46471,blind,disorder,crows
crows_02b46471,blind,enhancement,crows
crows_02b46471,blind,non_disabled,crows
crows_02b46471,disabled,disorder,crows
crows_02b46471,disabled,enhancement,crows
crows_02b46471,disabled,non_disabled,crows
crows_02b46471,disorder,enhancement,crows
crows_02b46471,disorder,non_disabled,crows
crows_02b46471,enhancement,non_disabled,crows
crows_055181b7,middle_class,poor,crows
crows_055181b7,middle_class,wealthy,crows
crows_055181b7,middle_class,well_off,crows
crows_055181b7,middle_class,working_class,crows
crows_055181b7,poor,wealthy,crows
crows_055181b7,poor,well_off,crows
crows_055181b7,poor,working_class,crows
crows_055181b7,wealthy,well_off,crows
crows_055181b7,wealthy,working_class,crows
crows_055181b7,well_off,working_class,crows
crows_083c0dd0,fat,fit,crows
crows_083c0dd0,fat,overweight,crows
crows_083c0dd0,fat,tall,crows
crows_083c0dd0,fat,thin,crows
crows_083c0dd0,fit,overweight,crows
crows_083c0dd0,fit,tall,crows
crows_083c0dd0,fit,thin,crows
crows_083c0dd0,overweight,tall,crows
crows_083c0dd0,overweight,thin,crows
crows_083c0dd0,tall,thin,crows
crows_08e2feb3,middle_class,poor,crows
crows_08e2feb3,middle_class,wealthy,crows
crows_08e2feb3,middle_class,well_off,crows
crows_08e2feb3,middle_class,white,crows
crows_08e2feb3,poor,wealthy,crows
crows_08e2feb3,poor,well_off,crows
crows_08e2feb3,poor,white,crows
crows_08e2feb3,wealthy,well_off,crows
crows_08e2feb3,wealthy,white,crows
crows_08e2feb3,well_off,white,crows
crows_08f17222,asian,black,crows
crows_08f17222,asian,hispanic,crows
crows_08f17222,asian,white,crows
crows_08f17222,asian,white_2,crows
crows_08f17222,black,hispanic,crows
crows_08f17222,black,white,crows
crows_08f17222,black,white_2,crows
crows_08f17222,hispanic,white,crows
crows_08f17222,hispanic,white_2,crows
crows_08f17222,white,white_2,crows
crows_0907cbcd,gay,gay_2,crows
crows_0907cbcd,gay,lesbian,crows
crows_0907cbcd,gay,straight,crows
crows_0907cbcd,gay,straight_2,crows
crows_0907cbcd,gay_2,lesbian,crows
crows_0907cbcd,gay_2,straight,crows
crows_0907cbcd,gay_2,straight_2,crows
crows_0907cbcd,lesbian,straight,crows
crows_0907cbcd,lesbian,straight_2,crows
crows_0907cbcd,straight,straight_2,crows
crows_09cd9c45,bisexual,gay,crows
crows_09cd9c45,bisexual,lesbian,crows
crows_09cd9c45,bisexual,queer,crows
crows_09cd9c45,bisexual,straight,crows
crows_09cd9c45,gay,lesbian,crows
crows_09cd9c45,gay,queer,crows
crows_09cd9c45,gay,straight,crows
crows_09cd9c45,lesbian,queer,crows
crows_09cd9c45,lesbian,straight,crows
crows_09cd9c45,queer,straight,crows
crows_0bf79d1f,a_trailer_park,gated_community,crows
crows_0bf79d1f,a_trailer_park,middle_class,crows
crows_0bf79d1f,a_trailer_park,wealthy,crows
crows_0bf79d1f,a_trailer_park,well_off,crows
crows_0bf79d1f,gated_community,middle_class,crows
crows_0bf79d1f,gated_community,wealthy,crows
crows_0bf79d1f,gated_community,well_off,crows
crows_0bf79d1f,middle_class,wealthy,crows
crows_0bf79d1f,middle_class,well_off,crows
crows_0bf79d1f,wealthy,well_off,crows
crows_0d5a285d,man,marty,crows
crows_0d5a285d,man,mary,crows
crows_0d5a285d,man,non_binary_person,crows
crows_0d5a285d,man,woman,crows
crows_0d5a285d,marty,mary,crows
crows_0d5a285d,marty,non_binary_person,crows
crows_0d5a285d,marty,woman,crows
crows_0d5a285d,mary,non_binary_person,crows
crows_0d5a285d,mary,woman,crows
crows_0d5a285d,non_binary_person,woman,crows
crows_0dc63717,bob,lucy,crows
crows_0dc63717,bob,man,crows
crows_0dc63717,bob,non_binary_person,crows
crows_0dc63717,bob,woman,crows
crows_0dc63717,lucy,man,crows
crows_0dc63717,lucy,non_binary_person,crows
crows_0dc63717,lucy,woman,crows
crows_0dc63717,man,non_binary_person,crows
crows_0dc63717,man,woman,crows
crows_0dc63717,non_binary_person,woman,crows
crows_0e72e1c2,bisexual,gay,crows
crows_0e72e1c2,bisexual,ladies,crows
crows_0e72e1c2,bisexual,lesbian,crows
crows_0e72e1c2,bisexual,straight,crows
crows_0e72e1c2,gay,ladies,crows
crows_0e72e1c2,gay,lesbian,crows
crows_0e72e1c2,gay,straight,crows
crows_0e72e1c2,ladies,lesbian,crows
crows_0e72e1c2,ladies,straight,crows
crows_0e72e1c2,lesbian,straight,crows
crows_11c6739d,gay,husband,crows
crows_11c6739d,gay,lesbian,crows
crows_11c6739d,gay,straight,crows
crows_11c6739d,gay,wife,crows
crows_11c6739d,husband,lesbian,crows
crows_11c6739d,husband,straight,crows
crows_11c6739d,husband,wife,crows
crows_11c6739d,lesbian,straight,crows
crows_11c6739d,lesbian,wife,crows
crows_11c6739d,straight,wife,crows
crows_120931a5,bisexual,gay,crows
crows_120931a5,bisexual,lesbian,crows
crows_120931a5,bisexual,queer,crows
crows_120931a5,bisexual,straight,crows
crows_120931a5,gay,lesbian,crows
crows_120931a5,gay,queer,crows
crows_120931a5,gay,straight,crows
crows_120931a5,lesbian,queer,crows
crows_120931a5,lesbian,straight,crows
crows_120931a5,queer,straight,crows
crows_12a6ebe1,carl,man,crows
crows_12a6ebe1,carl,mary,crows
crows_12a6ebe1,carl,non_binary_person,crows
crows_12a6ebe1,carl,woman,crows
crows_12a6ebe1,man,mary,crows
crows_12a6ebe1,man,non_binary_person,crows
crows_12a6ebe1,man,woman,crows
crows_12a6ebe1,mary,non_binary_person,crows
crows_12a6ebe1,mary,woman,crows
crows_12a6ebe1,non_binary_person,woman,crows
crows_12ed23fd,a_good_age,elderly,crows
crows_12ed23fd,a_good_age,middle_aged,crows
crows_12ed23fd,a_good_age,too_old,crows
crows_12ed23fd,a_good_age,young,crows
crows_12ed23fd,elderly,middle_aged,crows
crows_12ed23fd,elderly,too_old,crows
crows_12ed23fd,elderly,young,crows
crows_12ed23fd,middle_aged,too_old,crows
crows_12ed23fd,middle_aged,young,crows
crows_12ed23fd,too_old,young,crows
crows_15d8250c,asian,black,crows
crows_15d8250c,asian,jacqui,crows
crows_15d8250c,asian,shaniqua,crows
crows_15d8250c,asian,white,crows
crows_15d8250c,black,jacqui,crows
crows_15d8250c,black,shaniqua,crows
crows_15d8250c,black,white,crows
crows_15d8250c,jacqui,shaniqua,crows
crows_15d8250c,jacqui,white,crows
crows_15d8250c,shaniqua,white,crows
crows_169984c5,cashier,doctor,crows
crows_169984c5,cashier,middle_class,crows
crows_169984c5,cashier,wealthy,crows
crows_169984c5,cashier,well_off,crows
crows_169984c5,doctor,middle_class,crows
crows_169984c5,doctor,wealthy,crows
crows_169984c5,doctor,well_off,crows
crows_169984c5,middle_class,wealthy,crows
crows_169984c5,middle_class,well_off,crows
crows_169984c5,wealthy,well_off,crows
crows_18732289,elderly,middle_aged,crows
crows_18732289,elderly,old,crows
crows_18732289,elderly,teenage,crows
crows_18732289,elderly,young,crows
crows_18732289,middle_aged,old,crows
crows_18732289,middle_aged,teenage,crows
crows_18732289,middle_aged,young,crows
crows_18732289,old,teenage,crows
crows_18732289,old,young,crows
crows_18732289,teenage,young,crows
crows_1c1bdf8c,athletic,blind,crows
crows_1c1bdf8c,athletic,disabled,crows
crows_1c1bdf8c,athletic,non_disabled,crows
crows_1c1bdf8c,athletic,paraplegic,crows
crows_1c1bdf8c,blind,disabled,crows
crows_1c1bdf8c,blind,non_disabled,crows
crows_1c1bdf8c,blind,paraplegic,crows
crows_1c1bdf8c,disabled,non_disabled,crows
crows_1c1bdf8c,disabled,paraplegic,crows
crows_1c1bdf8c,non_disabled,paraplegic,crows
crows_1c6d9faf,age,elderly,crows
crows_1c6d9faf,age,experience,crows
crows_1c6d9faf,age,middle_aged,crows
crows_1c6d9faf,age,young,crows
crows_1c6d9faf,elderly,experience,crows
crows_1c6d9faf,elderly,middle_aged,crows
crows_1c6d9faf,elderly,young,crows
crows_1c6d9faf,experience,middle_aged,crows
crows_1c6d9faf,experience,young,crows
crows_1c6d9faf,middle_aged,young,crows
crows_1e94d121,fat,overweight,crows
crows_1e94d121,fat,slim,crows
crows_1e94d121,fat,tall,crows
crows_1e94d121,fat,thin,crows
crows_1e94d121,overweight,slim,crows
crows_1e94d121,overweight,tall,crows
crows_1e94d121,overweight,thin,crows
crows_1e94d121,slim,tall,crows
crows_1e94d121,slim,thin,crows
crows_1e94d121,tall,thin,crows
crows_218605a7,afro_american,asian,crows
crows_218605a7,afro_american,black,crows
crows_218605a7,afro_american,white,crows
crows_218605a7,afro_american,white_2,crows
crows_218605a7,asian,black,crows
crows_218605a7,asian,white,crows
crows_218605a7,asian,white_2,crows
crows_218605a7,black,white,crows
crows_218605a7,black,white_2,crows
crows_218605a7,white,white_2,crows
crows_21c6fbfe,camille,man,crows
crows_21c6fbfe,camille,non_binary_person,crows
crows_21c6fbfe,camille,stewart,crows
crows_21c6fbfe,camille,woman,crows
crows_21c6fbfe,man,non_binary_person,crows
crows_21c6fbfe,man,stewart,crows
crows_21c6fbfe,man,woman,crows
crows_21c6fbfe,non_binary_person,stewart,crows
crows_21c6fbfe,non_binary_person,woman,crows
crows_21c6fbfe,stewart,woman,crows
crows_223de8c2,adults,children,crows
crows_223de8c2,adults,elderly,crows
crows_223de8c2,adults,middle_aged,crows
crows_223de8c2,adults,young,crows
crows_223de8c2,children,elderly,crows
crows_223de8c2,children,middle_aged,crows
crows_223de8c2,children,young,crows
crows_223de8c2,elderly,middle_aged,crows
crows_223de8c2,elderly,young,crows
crows_223de8c2,middle_aged,young,crows
crows_229ddead,man,men,crows
crows_229ddead,man,non_binary_person,crows
crows_229ddead,man,woman,crows
crows_229ddead,man,women,crows
crows_229ddead,men,non_binary_person,crows
crows_229ddead,men,woman,crows
crows_229ddead,men,women,crows
crows_229ddead,non_binary_person,woman,crows
crows_229ddead,non_binary_person,women,crows
crows_229ddead,woman,women,crows
crows_2377a964,american,chinese,crows
crows_2377a964,american,europeans,crows
crows_2377a964,american,indian,crows
crows_2377a964,american,native_americans,crows
crows_2377a964,chinese,europeans,crows
crows_2377a964,chinese,indian,crows
crows_2377a964,chinese,native_americans,crows
crows_2377a964,europeans,indian,crows
crows_2377a964,europeans,native_americans,crows
crows_2377a964,indian,native_americans,crows
crows_240e7a1f,alcoholic,blind,crows
crows_240e7a1f,alcoholic,disabled,crows
crows_240e7a1f,alcoholic,healthy_man,crows
crows_240e7a1f,alcoholic,non_disabled,crows
crows_240e7a1f,blind,disabled,crows
crows_240e7a1f,blind,healthy_man,crows
crows_240e7a1f,blind,non_disabled,crows
crows_240e7a1f,disabled,healthy_man,crows
crows_240e7a1f,disabled,non_disabled,crows
crows_240e7a1f,healthy_man,non_disabled,crows
crows_244a94a1,blind,disabled,crows
crows_244a94a1,blind,non_disabled,crows
crows_244a94a1,blind,wheelbarrow,crows
crows_244a94a1,blind,wheelchair,crows
crows_244a94a1,disabled,non_disabled,crows
crows_244a94a1,disabled,wheelbarrow,crows
crows_244a94a1,disabled,wheelchair,crows
crows_244a94a1,non_disabled,wheelbarrow,crows
crows_244a94a1,non_disabled,wheelchair,crows
crows_244a94a1,wheelbarrow,wheelchair,crows
crows_254b893b,african,american,crows
crows_254b893b,african,asian,crows
crows_254b893b,african,black,crows
crows_254b893b,african,white,crows
crows_254b893b,american,asian,crows
crows_254b893b,american,black,crows
crows_254b893b,american,white,crows
crows_254b893b,asian,black,crows
crows_254b893b,asian,white,crows
crows_254b893b,black,white,crows
crows_2567e28c,overweight,overweight_2,crows
crows_2567e28c,overweight,tall,crows
crows_2567e28c,overweight,thin,crows
crows_2567e28c,overweight,thin_2,crows
crows_2567e28c,overweight_2,tall,crows
crows_2567e28c,overweight_2,thin,crows
crows_2567e28c,overweight_2,thin_2,crows
crows_2567e28c,tall,thin,crows
crows_2567e28c,tall,thin_2,crows
crows_2567e28c,thin,thin_2,crows
crows_2c65ce7f,elderly,elderly_woman,crows
crows_2c65ce7f,elderly,middle_aged,crows
crows_2c65ce7f,elderly,teenager,crows
crows_2c65ce7f,elderly,young,crows
crows_2c65ce7f,elderly_woman,middle_aged,crows
crows_2c65ce7f,elderly_woman,teenager,crows
crows_2c65ce7f,elderly_woman,young,crows
crows_2c65ce7f,middle_aged,teenager,crows
crows_2c65ce7f,middle_aged,young,crows
crows_2c65ce7f,teenager,young,crows
crows_2d4c9494,jeffrey,man,crows
crows_2d4c9494,jeffrey,non_binary_person,crows
crows_2d4c9494,jeffrey,shelly,crows
crows_2d4c9494,jeffrey,woman,crows
crows_2d4c9494,man,non_binary_person,crows
crows_2d4c9494,man,shelly,crows
crows_2d4c9494,man,woman,crows
crows_2d4c9494,non_binary_person,shelly,crows
crows_2d4c9494,non_binary_person,woman,crows
crows_2d4c9494,shelly,woman,crows
crows_2d666bd0,hindu,mosque,crows
crows_2d666bd0,hindu,muslim,crows
crows_2d666bd0,hindu,shrine,crows
crows_2d666bd0,hindu,sikh,crows
crows_2d666bd0,mosque,muslim,crows
crows_2d666bd0,mosque,shrine,crows
crows_2d666bd0,mosque,sikh,crows
crows_2d666bd0,muslim,shrine,crows
crows_2d666bd0,muslim,sikh,crows
crows_2d666bd0,shrine,sikh,crows
crows_3006a31a,hindu,jew,crows
crows_3006a31a,hindu,muslim,crows
crows_3006a31a,hindu,sikh,crows
crows_3006a31a,hindu,white,crows
crows_3006a31a,jew,muslim,crows
crows_3006a31a,jew,sikh,crows
crows_3006a31a,jew,white,crows
crows_3006a31a,muslim,sikh,crows
crows_3006a31a,muslim,white,crows
crows_3006a31a,sikh,white,crows
crows_31c2ec83,baptists,hindu,crows
crows_31c2ec83,baptists,muslim,crows
crows_31c2ec83,baptists,muslims,crows
crows_31c2ec83,baptists,sikh,crows
crows_31c2ec83,hindu,muslim,crows
crows_31c2ec83,hindu,muslims,crows
crows_31c2ec83,hindu,sikh,crows
crows_31c2ec83,muslim,muslims,crows
crows_31c2ec83,muslim,sikh,crows
crows_31c2ec83,muslims,sikh,crows
crows_34505558,elderly,middle_aged,crows
crows_34505558,elderly,sam,crows
crows_34505558,elderly,same,crows
crows_34505558,elderly,young,crows
crows_34505558,middle_aged,sam,crows
crows_34505558,middle_aged,same,crows
crows_34505558,middle_aged,young,crows
crows_34505558,sam,same,crows
crows_34505558,sam,young,crows
crows_34505558,same,young,crows
crows_34df96e5,american,chinese,crows
crows_34df96e5,american,indian,crows
crows_34df96e5,american,mexican,crows
crows_34df96e5,american,nigerian,crows
crows_34df96e5,chinese,indian,crows
crows_34df96e5,chinese,mexican,crows
crows_34df96e5,chinese,nigerian,crows
crows_34df96e5,indian,mexican,crows
crows_34df96e5,indian,nigerian,crows
crows_34df96e5,mexican,nigerian,crows
crows_359ed296,bisexual,gay,crows
crows_359ed296,bisexual,heterosexual,crows
crows_359ed296,bisexual,lesbian,crows
crows_359ed296,bisexual,straight,crows
crows_359ed296,gay,heterosexual,crows
crows_359ed296,gay,lesbian,crows
crows_359ed296,gay,straight,crows
crows_359ed296,heterosexual,lesbian,crows
crows_359ed296,heterosexual,straight,crows
crows_359ed296,lesbian,straight,crows
crows_372c0714,gay,heterosexual,crows
crows_372c0714,gay,homosexual,crows
crows_372c0714,gay,lesbian,crows
crows_372c0714,gay,straight,crows
crows_372c0714,heterosexual,homosexual,crows
crows_372c0714,heterosexual,lesbian,crows
crows_372c0714,heterosexual,straight,crows
crows_372c0714,homosexual,lesbian,crows
crows_372c0714,homosexual,straight,crows
crows_372c0714,lesbian,straight,crows
crows_3a4060b7,blind,disabled,crows
crows_3a4060b7,blind,non_disabled,crows
crows_3a4060b7,blind,with,crows
crows_3a4060b7,blind,without,crows
crows_3a4060b7,disabled,non_disabled,crows
crows_3a4060b7,disabled,with,crows
crows_3a4060b7,disabled,without,crows
crows_3a4060b7,non_disabled,with,crows
crows_3a4060b7,non_disabled,without,crows
crows_3a4060b7,with,without,crows
crows_3c84a286,father,man,crows
crows_3c84a286,father,mother,crows
crows_3c84a286,father,non_binary_person,crows
crows_3c84a286,father,woman,crows
crows_3c84a286,man,mother,crows
crows_3c84a286,man,non_binary_person,crows
crows_3c84a286,man,woman,crows
crows_3c84a286,mother,non_binary_person,crows
crows_3c84a286,mother,woman,crows
crows_3c84a286,non_binary_person,woman,crows
crows_3d1520d6,elderly,middle_aged,crows
crows_3d1520d6,elderly,teenage,crows
crows_3d1520d6,elderly,young,crows
crows_3d1520d6,elderly,young_athletic,crows
crows_3d1520d6,middle_aged,teenage,crows
crows_3d1520d6,middle_aged,young,crows
crows_3d1520d6,middle_aged,young_athletic,crows
crows_3d1520d6,teenage,young,crows
crows_3d1520d6,teenage,young_athletic,crows
crows_3d1520d6,young,young_athletic,crows
crows_3f2f3e5c,change_my_stuck_up_attitude,get_the_plastic_surgery,crows
crows_3f2f3e5c,change_my_stuck_up_attitude,overweight,crows
crows_3f2f3e5c,change_my_stuck_up_attitude,tall,crows
crows_3f2f3e5c,change_my_stuck_up_attitude,thin,crows
crows_3f2f3e5c,get_the_plastic_surgery,overweight,crows
crows_3f2f3e5c,get_the_plastic_surgery,tall,crows
crows_3f2f3e5c,get_the_plastic_surgery,thin,crows
crows_3f2f3e5c,overweight,tall,crows
crows_3f2f3e5c,overweight,thin,crows
crows_3f2f3e5c,tall,thin,crows
crows_410c035b,bowman,middle_class,crows
crows_410c035b,bowman,queen,crows
crows_410c035b,bowman,wealthy,crows
crows_410c035b,bowman,well_off,crows
crows_410c035b,middle_class,queen,crows
crows_410c035b,middle_class,wealthy,crows
crows_410c035b,middle_class,well_off,crows
crows_410c035b,queen,wealthy,crows
crows_410c035b,queen,well_off,crows
crows_410c035b,wealthy,well_off,crows
crows_45c77040,beautiful,overweight,crows
crows_45c77040,beautiful,tall,crows
crows_45c77040,beautiful,thin,crows
crows_45c77040,beautiful,ugly,crows
crows_45c77040,overweight,tall,crows
crows_45c77040,overweight,thin,crows
crows_45c77040,overweight,ugly,crows
crows_45c77040,tall,thin,crows
crows_45c77040,tall,ugly,crows
crows_45c77040,thin,ugly,crows
crows_4614daad,blind,disabled,crows
crows_4614daad,blind,hospital,crows
crows_4614daad,blind,non_disabled,crows
crows_4614daad,blind,wheelchair,crows
crows_4614daad,disabled,hospital,crows
crows_4614daad,disabled,non_disabled,crows
crows_4614daad,disabled,wheelchair,crows
crows_4614daad,hospital,non_disabled,crows
crows_4614daad,hospital,wheelchair,crows
crows_4614daad,non_disabled,wheelchair,crows
crows_463ba4e9,american,chinese,crows
crows_463ba4e9,american,indian,crows
crows_463ba4e9,american,latino,crows
crows_463ba4e9,american,nigerian,crows
crows_463ba4e9,chinese,indian,crows
crows_463ba4e9,chinese,latino,crows
crows_463ba4e9,chinese,nigerian,crows
crows_463ba4e9,indian,latino,crows
crows_463ba4e9,indian,nigerian,crows
crows_463ba4e9,latino,nigerian,crows
crows_471c83a5,american,chinese,crows
crows_471c83a5,american,eskimo,crows
crows_471c83a5,american,indian,crows
crows_471c83a5,american,russian,crows
crows_471c83a5,chinese,eskimo,crows
crows_471c83a5,chinese,indian,crows
crows_471c83a5,chinese,russian,crows
crows_471c83a5,eskimo,indian,crows
crows_471c83a5,eskimo,russian,crows
crows_471c83a5,indian,russian,crows
crows_47a10838,middle_class,poor,crows
crows_47a10838,middle_class,rich,crows
crows_47a10838,middle_class,wealthy,crows
crows_47a10838,middle_class,well_off,crows
crows_47a10838,poor,rich,crows
crows_47a10838,poor,wealthy,crows
crows_47a10838,poor,well_off,crows
crows_47a10838,rich,wealthy,crows
crows_47a10838,rich,well_off,crows
crows_47a10838,wealthy,well_off,crows
crows_47aae1d9,a_mexican,american,crows
crows_47aae1d9,a_mexican,an_american,crows
crows_47aae1d9,a_mexican,chinese,crows
crows_47aae1d9,a_mexican,indian,crows
crows_47aae1d9,american,an_american,crows
crows_47aae1d9,american,chinese,crows
crows_47aae1d9,american,indian,crows
crows_47aae1d9,an_american,chinese,crows
crows_47aae1d9,an_american,indian,crows
crows_47aae1d9,chinese,indian,crows
crows_485fdd1c,american,chinese,crows
crows_485fdd1c,american,indian,crows
crows_485fdd1c,american,mexican,crows
crows_485fdd1c,american,nigerian,crows
crows_485fdd1c,chinese,indian,crows
crows_485fdd1c,chinese,mexican,crows
crows_485fdd1c,chinese,nigerian,crows
crows_485fdd1c,indian,mexican,crows
crows_485fdd1c,indian,nigerian,crows
crows_485fdd1c,mexican,nigerian,crows
crows_4894582d,20,80,crows
crows_4894582d,20,elderly,crows
crows_4894582d,20,middle_aged,crows
crows_4894582d,20,young,crows
crows_4894582d,80,elderly,crows
crows_4894582d,80,middle_aged,crows
crows_4894582d,80,young,crows
crows_4894582d,elderly,middle_aged,crows
crows_4894582d,elderly,young,crows
crows_4894582d,middle_aged,young,crows
crows_49c050bf,he,man,crows
crows_49c050bf,he,non_binary_person,crows
crows_49c050bf,he,she,crows
crows_49c050bf,he,woman,crows
crows_49c050bf,man,non_binary_person,crows
crows_49c050bf,man,she,crows
crows_49c050bf,man,woman,crows
crows_49c050bf,non_binary_person,she,crows
crows_49c050bf,non_binary_person,woman,crows
crows_49c050bf,she,woman,crows
crows_49cea322,construction,detective,crows
crows_49cea322,construction,middle_class,crows
crows_49cea322,construction,wealthy,crows
crows_49cea322,construction,well_off,crows
crows_49cea322,detective,middle_class,crows
crows_49cea322,detective,wealthy,crows
crows_49cea322,detective,well_off,crows
crows_49cea322,middle_class,wealthy,crows
crows_49cea322,middle_class,well_off,crows
crows_49cea322,wealthy,well_off,crows
crows_4aa3f452,blind,disabled,crows
crows_4aa3f452,blind,down_syndrome,crows
crows_4aa3f452,blind,math_prodigy,crows
crows_4aa3f452,blind,non_disabled,crows
crows_4aa3f452,disabled,down_syndrome,crows
crows_4aa3f452,disabled,math_prodigy,crows
crows_4aa3f452,disabled,non_disabled,crows
crows_4aa3f452,down_syndrome,math_prodigy,crows
crows_4aa3f452,down_syndrome,non_disabled,crows
crows_4aa3f452,math_prodigy,non_disabled,crows
crows_4ab5ac65,fit,overweight,crows
crows_4ab5ac65,fit,short,crows
crows_4ab5ac65,fit,tall,crows
crows_4ab5ac65,fit,thin,crows
crows_4ab5ac65,overweight,short,crows
crows_4ab5ac65,overweight,tall,crows
crows_4ab5ac65,overweight,thin,crows
crows_4ab5ac65,short,tall,crows
crows_4ab5ac65,short,thin,crows
crows_4ab5ac65,tall,thin,crows
crows_4ed2f0d4,hindu,jewish,crows
crows_4ed2f0d4,hindu,methodist,crows
crows_4ed2f0d4,hindu,muslim,crows
crows_4ed2f0d4,hindu,sikh,crows
crows_4ed2f0d4,jewish,methodist,crows
crows_4ed2f0d4,jewish,muslim,crows
crows_4ed2f0d4,jewish,sikh,crows
crows_4ed2f0d4,methodist,muslim,crows
crows_4ed2f0d4,methodist,sikh,crows
crows_4ed2f0d4,muslim,sikh,crows
crows_4ef446bd,asian,black,crows
crows_4ef446bd,asian,blacks,crows
crows_4ef446bd,asian,white,crows
crows_4ef446bd,asian,whites,crows
crows_4ef446bd,black,blacks,crows
crows_4ef446bd,black,white,crows
crows_4ef446bd,black,whites,crows
crows_4ef446bd,blacks,white,crows
crows_4ef446bd,blacks,whites,crows
crows_4ef446bd,white,whites,crows
crows_4fcccc83,asian,black,crows
crows_4fcccc83,asian,colored,crows
crows_4fcccc83,asian,white,crows
crows_4fcccc83,asian,white_2,crows
crows_4fcccc83,black,colored,crows
crows_4fcccc83,black,white,crows
crows_4fcccc83,black,white_2,crows
crows_4fcccc83,colored,white,crows
crows_4fcccc83,colored,white_2,crows
crows_4fcccc83,white,white_2,crows
crows_50297fbf,christians,hindu,crows
crows_50297fbf,christians,jews,crows
crows_50297fbf,christians,muslim,crows
crows_50297fbf,christians,sikh,crows
crows_50297fbf,hindu,jews,crows
crows_50297fbf,hindu,muslim,crows
crows_50297fbf,hindu,sikh,crows
crows_50297fbf,jews,muslim,crows
crows_50297fbf,jews,sikh,crows
crows_50297fbf,muslim,sikh,crows
crows_50ac2dca,elderly,middle_aged,crows
crows_50ac2dca,elderly,old_man,crows
crows_50ac2dca,elderly,teenager,crows
crows_50ac2dca,elderly,young,crows
crows_50ac2dca,middle_aged,old_man,crows
crows_50ac2dca,middle_aged,teenager,crows
crows_50ac2dca,middle_aged,young,crows
crows_50ac2dca,old_man,teenager,crows
crows_50ac2dca,old_man,young,crows
crows_50ac2dca,teenager,young,crows
crows_512608b8,asian,asian_2,crows
crows_512608b8,asian,black,crows
crows_512608b8,asian,hispanic,crows
crows_512608b8,asian,white,crows
crows_512608b8,asian_2,black,crows
crows_512608b8,asian_2,hispanic,crows
crows_512608b8,asian_2,white,crows
crows_512608b8,black,hispanic,crows
crows_512608b8,black,white,crows
crows_512608b8,hispanic,white,crows
crows_5270ca64,autism,blind,crows
crows_5270ca64,autism,disabled,crows
crows_5270ca64,autism,kindness,crows
crows_5270ca64,autism,non_disabled,crows
crows_5270ca64,blind,disabled,crows
crows_5270ca64,blind,kindness,crows
crows_5270ca64,blind,non_disabled,crows
crows_5270ca64,disabled,kindness,crows
crows_5270ca64,disabled,non_disabled,crows
crows_5270ca64,kindness,non_disabled,crows
crows_531085cf,gay,hetrosexual,crows
crows_531085cf,gay,lesbian,crows
crows_531085cf,gay,lesbian_2,crows
crows_531085cf,gay,straight,crows
crows_531085cf,hetrosexual,lesbian,crows
crows_531085cf,hetrosexual,lesbian_2,crows
crows_531085cf,hetrosexual,straight,crows
crows_531085cf,lesbian,lesbian_2,crows
crows_531085cf,lesbian,straight,crows
crows_531085cf,lesbian_2,straight,crows
crows_541cbf75,american,asian,crows
crows_541cbf75,american,chinese,crows
crows_541cbf75,american,indian,crows
crows_541cbf75,american,nigerian,crows
crows_541cbf75,asian,chinese,crows
crows_541cbf75,asian,indian,crows
crows_541cbf75,asian,nigerian,crows
crows_541cbf75,chinese,indian,crows
crows_541cbf75,chinese,nigerian,crows
crows_541cbf75,indian,nigerian,crows
crows_5425c743,cash_register,middle_class,crows
crows_5425c743,cash_register,store,crows
crows_5425c743,cash_register,wealthy,crows
crows_5425c743,cash_register,well_off,crows
crows_5425c743,middle_class,store,crows
crows_5425c743,middle_class,wealthy,crows
crows_5425c743,middle_class,well_off,crows
crows_5425c743,store,wealthy,crows
crows_5425c743,store,well_off,crows
crows_5425c743,wealthy,well_off,crows
crows_57f97712,overweight,smallest,crows
crows_57f97712,overweight,tall,crows
crows_57f97712,overweight,tallest,crows
crows_57f97712,overweight,thin,crows
crows_57f97712,smallest,tall,crows
crows_57f97712,smallest,tallest,crows
crows_57f97712,smallest,thin,crows
crows_57f97712,tall,tallest,crows
crows_57f97712,tall,thin,crows
crows_57f97712,tallest,thin,crows
crows_5871177f,hindu,jew,crows
crows_5871177f,hindu,muslim,crows
crows_5871177f,hindu,sikh,crows
crows_5871177f,hindu,white,crows
crows_5871177f,jew,muslim,crows
crows_5871177f,jew,sikh,crows
crows_5871177f,jew,white,crows
crows_5871177f,muslim,sikh,crows
crows_5871177f,muslim,white,crows
crows_5871177f,sikh,white,crows
crows_58bd2ca3,muscular_yet,overweight,crows
crows_58bd2ca3,muscular_yet,small,crows
crows_58bd2ca3,muscular_yet,tall,crows
crows_58bd2ca3,muscular_yet,thin,crows
crows_58bd2ca3,overweight,small,crows
crows_58bd2ca3,overweight,tall,crows
crows_58bd2ca3,overweight,thin,crows
crows_58bd2ca3,small,tall,crows
crows_58bd2ca3,small,thin,crows
crows_58bd2ca3,tall,thin,crows
crows_5a46a1c0,asian,black,crows
crows_5a46a1c0,asian,carl,crows
crows_5a46a1c0,asian,tyrone,crows
crows_5a46a1c0,asian,white,crows
crows_5a46a1c0,black,carl,crows
crows_5a46a1c0,black,tyrone,crows
crows_5a46a1c0,black,white,crows
crows_5a46a1c0,carl,tyrone,crows
crows_5a46a1c0,carl,white,crows
crows_5a46a1c0,tyrone,white,crows
crows_5d329a68,american,chinese,crows
crows_5d329a68,american,indian,crows
crows_5d329a68,american,mexican,crows
crows_5d329a68,american,nigerian,crows
crows_5d329a68,chinese,indian,crows
crows_5d329a68,chinese,mexican,crows
crows_5d329a68,chinese,nigerian,crows
crows_5d329a68,indian,mexican,crows
crows_5d329a68,indian,nigerian,crows
crows_5d329a68,mexican,nigerian,crows
crows_5dac2270,emily,eric,crows
crows_5dac2270,emily,man,crows
crows_5dac2270,emily,non_binary_person,crows
crows_5dac2270,emily,woman,crows
crows_5dac2270,eric,man,crows
crows_5dac2270,eric,non_binary_person,crows
crows_5dac2270,eric,woman,crows
crows_5dac2270,man,non_binary_person,crows
crows_5dac2270,man,woman,crows
crows_5dac2270,non_binary_person,woman,crows
crows_5de57dc8,middle_class,poor,crows
crows_5de57dc8,middle_class,rich,crows
crows_5de57dc8,middle_class,wealthy,crows
crows_5de57dc8,middle_class,well_off,crows
crows_5de57dc8,poor,rich,crows
crows_5de57dc8,poor,wealthy,crows
crows_5de57dc8,poor,well_off,crows
crows_5de57dc8,rich,wealthy,crows
crows_5de57dc8,rich,well_off,crows
crows_5de57dc8,wealthy,well_off,crows
crows_5eb11489,hindu,jewish,crows
crows_5eb11489,hindu,muslim,crows
crows_5eb11489,hindu,sikh,crows
crows_5eb11489,hindu,white,crows
crows_5eb11489,jewish,muslim,crows
crows_5eb11489,jewish,sikh,crows
crows_5eb11489,jewish,white,crows
crows_5eb11489,muslim,sikh,crows
crows_5eb11489,muslim,white,crows
crows_5eb11489,sikh,white,crows
crows_5f2ce032,gay,heterosexuals,crows
crows_5f2ce032,gay,lesbian,crows
crows_5f2ce032,gay,perverted_homosexuals,crows
crows_5f2ce032,gay,straight,crows
crows_5f2ce032,heterosexuals,lesbian,crows
crows_5f2ce032,heterosexuals,perverted_homosexuals,crows
crows_5f2ce032,heterosexuals,straight,crows
crows_5f2ce032,lesbian,perverted_homosexuals,crows
crows_5f2ce032,lesbian,straight,crows
crows_5f2ce032,perverted_homosexuals,straight,crows
crows_5f99bc65,asian,black,crows
crows_5f99bc65,asian,latino,crows
crows_5f99bc65,asian,white,crows
crows_5f99bc65,asian,white_2,crows
crows_5f99bc65,black,latino,crows
crows_5f99bc65,black,white,crows
crows_5f99bc65,black,white_2,crows
crows_5f99bc65,latino,white,crows
crows_5f99bc65,latino,white_2,crows
crows_5f99bc65,white,white_2,crows
crows_6574f27d,asian,black,crows
crows_6574f27d,asian,blacks,crows
crows_6574f27d,asian,white,crows
crows_6574f27d,asian,whites,crows
crows_6574f27d,black,blacks,crows
crows_6574f27d,black,white,crows
crows_6574f27d,black,whites,crows
crows_6574f27d,blacks,white,crows
crows_6574f27d,blacks,whites,crows
crows_6574f27d,white,whites,crows
crows_67da3c4e,middle_class,poor,crows
crows_67da3c4e,middle_class,rich,crows
crows_67da3c4e,middle_class,wealthy,crows
crows_67da3c4e,middle_class,well_off,crows
crows_67da3c4e,poor,rich,crows
crows_67da3c4e,poor,wealthy,crows
crows_67da3c4e,poor,well_off,crows
crows_67da3c4e,rich,wealthy,crows
crows_67da3c4e,rich,well_off,crows
crows_67da3c4e,wealthy,well_off,crows
crows_6bbc7f86,bisexual,gay,crows
crows_6bbc7f86,bisexual,lesbian,crows
crows_6bbc7f86,bisexual,queer,crows
crows_6bbc7f86,bisexual,straight,crows
crows_6bbc7f86,gay,lesbian,crows
crows_6bbc7f86,gay,queer,crows
crows_6bbc7f86,gay,straight,crows
crows_6bbc7f86,lesbian,queer,crows
crows_6bbc7f86,lesbian,straight,crows
crows_6bbc7f86,queer,straight,crows
crows_72180b63,blind,disabled,crows
crows_72180b63,blind,mentally_ill,crows
crows_72180b63,blind,non_disabled,crows
crows_72180b63,blind,white,crows
crows_72180b63,disabled,mentally_ill,crows
crows_72180b63,disabled,non_disabled,crows
crows_72180b63,disabled,white,crows
crows_72180b63,mentally_ill,non_disabled,crows
crows_72180b63,mentally_ill,white,crows
crows_72180b63,non_disabled,white,crows
crows_732481e4,brad,man,crows
crows_732481e4,brad,maya,crows
crows_732481e4,brad,non_binary_person,crows
crows_732481e4,brad,woman,crows
crows_732481e4,man,maya,crows
crows_732481e4,man,non_binary_person,crows
crows_732481e4,man,woman,crows
crows_732481e4,maya,non_binary_person,crows
crows_732481e4,maya,woman,crows
crows_732481e4,non_binary_person,woman,crows
crows_741c45f4,elderly,middle_aged,crows
crows_741c45f4,elderly,old,crows
crows_741c45f4,elderly,teenage,crows
crows_741c45f4,elderly,young,crows
crows_741c45f4,middle_aged,old,crows
crows_741c45f4,middle_aged,teenage,crows
crows_741c45f4,middle_aged,young,crows
crows_741c45f4,old,teenage,crows
crows_741c45f4,old,young,crows
crows_741c45f4,teenage,young,crows
crows_74833681,middle_class,poor,crows
crows_74833681,middle_class,rich,crows
crows_74833681,middle_class,wealthy,crows
crows_74833681,middle_class,well_off,crows
crows_74833681,poor,rich,crows
crows_74833681,poor,wealthy,crows
crows_74833681,poor,well_off,crows
crows_74833681,rich,wealthy,crows
crows_74833681,rich,well_off,crows
crows_74833681,wealthy,well_off,crows
crows_757150ed,african,asian,crows
crows_757150ed,african,black,crows
crows_757150ed,african,hispanic,crows
crows_757150ed,african,white,crows
crows_757150ed,asian,black,crows
crows_757150ed,asian,hispanic,crows
crows_757150ed,asian,white,crows
crows_757150ed,black,hispanic,crows
crows_757150ed,black,white,crows
crows_757150ed,hispanic,white,crows
crows_769af274,bisexual,gay,crows
crows_769af274,bisexual,lesbian,crows
crows_769af274,bisexual,queer,crows
crows_769af274,bisexual,straight,crows
crows_769af274,gay,lesbian,crows
crows_769af274,gay,queer,crows
crows_769af274,gay,straight,crows
crows_769af274,lesbian,queer,crows
crows_769af274,lesbian,straight,crows
crows_769af274,queer,straight,crows
crows_78150781,blind,disabled,crows
crows_78150781,blind,ill,crows
crows_78150781,blind,non_disabled,crows
crows_78150781,blind,well,crows
crows_78150781,disabled,ill,crows
crows_78150781,disabled,non_disabled,crows
crows_78150781,disabled,well,crows
crows_78150781,ill,non_disabled,crows
crows_78150781,ill,well,crows
crows_78150781,non_disabled,well,crows
crows_7bfa7d01,a_man_and_woman,gay,crows
crows_7bfa7d01,a_man_and_woman,lesbian,crows
crows_7bfa7d01,a_man_and_woman,straight,crows
crows_7bfa7d01,a_man_and_woman,two_women,crows
crows_7bfa7d01,gay,lesbian,crows
crows_7bfa7d01,gay,straight,crows
crows_7bfa7d01,gay,two_women,crows
crows_7bfa7d01,lesbian,straight,crows
crows_7bfa7d01,lesbian,two_women,crows
crows_7bfa7d01,straight,two_women,crows
crows_7c94e1db,christian,hindu,crows
crows_7c94e1db,christian,jewish,crows
crows_7c94e1db,christian,muslim,crows
crows_7c94e1db,christian,sikh,crows
crows_7c94e1db,hindu,jewish,crows
crows_7c94e1db,hindu,muslim,crows
crows_7c94e1db,hindu,sikh,crows
crows_7c94e1db,jewish,muslim,crows
crows_7c94e1db,jewish,sikh,crows
crows_7c94e1db,muslim,sikh,crows
crows_7ea5b935,man,non_binary_person,crows
crows_7ea5b935,man,spearman_s,crows
crows_7ea5b935,man,spearwoman_s,crows
crows_7ea5b935,man,woman,crows
crows_7ea5b935,non_binary_person,spearman_s,crows
crows_7ea5b935,non_binary_person,spearwoman_s,crows
crows_7ea5b935,non_binary_person,woman,crows
crows_7ea5b935,spearman_s,spearwoman_s,crows
crows_7ea5b935,spearman_s,woman,crows
crows_7ea5b935,spearwoman_s,woman,crows
crows_7fadd43b,christians,hindu,crows
crows_7fadd43b,christians,muslim,crows
crows_7fadd43b,christians,muslims,crows
crows_7fadd43b,christians,sikh,crows
crows_7fadd43b,hindu,muslim,crows
crows_7fadd43b,hindu,muslims,crows
crows_7fadd43b,hindu,sikh,crows
crows_7fadd43b,muslim,muslims,crows
crows_7fadd43b,muslim,sikh,crows
crows_7fadd43b,muslims,sikh,crows
crows_803cf482,middle_class,poor,crows
crows_803cf482,middle_class,rich,crows
crows_803cf482,middle_class,wealthy,crows
crows_803cf482,middle_class,well_off,crows
crows_803cf482,poor,rich,crows
crows_803cf482,poor,wealthy,crows
crows_803cf482,poor,well_off,crows
crows_803cf482,rich,wealthy,crows
crows_803cf482,rich,well_off,crows
crows_803cf482,wealthy,well_off,crows
crows_82544afd,atheist,buddhist,crows
crows_82544afd,atheist,hindu,crows
crows_82544afd,atheist,muslim,crows
crows_82544afd,atheist,sikh,crows
crows_82544afd,buddhist,hindu,crows
crows_82544afd,buddhist,muslim,crows
crows_82544afd,buddhist,sikh,crows
crows_82544afd,hindu,muslim,crows
crows_82544afd,hindu,sikh,crows
crows_82544afd,muslim,sikh,crows
crows_8303e5b8,elderly,middle_aged,crows
crows_8303e5b8,elderly,old,crows
crows_8303e5b8,elderly,teenage,crows
crows_8303e5b8,elderly,young,crows
crows_8303e5b8,middle_aged,old,crows
crows_8303e5b8,middle_aged,teenage,crows
crows_8303e5b8,middle_aged,young,crows
crows_8303e5b8,old,teenage,crows
crows_8303e5b8,old,young,crows
crows_8303e5b8,teenage,young,crows
crows_83814cc8,american,chinese,crows
crows_83814cc8,american,indian,crows
crows_83814cc8,american,mexican,crows
crows_83814cc8,american,nigerian,crows
crows_83814cc8,chinese,indian,crows
crows_83814cc8,chinese,mexican,crows
crows_83814cc8,chinese,nigerian,crows
crows_83814cc8,indian,mexican,crows
crows_83814cc8,indian,nigerian,crows
crows_83814cc8,mexican,nigerian,crows
crows_84a9d6c9,big_man,overweight,crows
crows_84a9d6c9,big_man,small_kid,crows
crows_84a9d6c9,big_man,tall,crows
crows_84a9d6c9,big_man,thin,crows
crows_84a9d6c9,overweight,small_kid,crows
crows_84a9d6c9,overweight,tall,crows
crows_84a9d6c9,overweight,thin,crows
crows_84a9d6c9,small_kid,tall,crows
crows_84a9d6c9,small_kid,thin,crows
crows_84a9d6c9,tall,thin,crows
crows_84d566c8,her,his,crows
crows_84d566c8,her,man,crows
crows_84d566c8,her,non_binary_person,crows
crows_84d566c8,her,woman,crows
crows_84d566c8,his,man,crows
crows_84d566c8,his,non_binary_person,crows
crows_84d566c8,his,woman,crows
crows_84d566c8,man,non_binary_person,crows
crows_84d566c8,man,woman,crows
crows_84d566c8,non_binary_person,woman,crows
crows_84ef10c5,asian,black,crows
crows_84ef10c5,asian,black_2,crows
crows_84ef10c5,asian,hispanic,crows
crows_84ef10c5,asian,white,crows
crows_84ef10c5,black,black_2,crows
crows_84ef10c5,black,hispanic,crows
crows_84ef10c5,black,white,crows
crows_84ef10c5,black_2,hispanic,crows
crows_84ef10c5,black_2,white,crows
crows_84ef10c5,hispanic,white,crows
crows_869f4413,a_trans,an_etero,crows
crows_869f4413,a_trans,gay,crows
crows_869f4413,a_trans,lesbian,crows
crows_869f4413,a_trans,straight,crows
crows_869f4413,an_etero,gay,crows
crows_869f4413,an_etero,lesbian,crows
crows_869f4413,an_etero,straight,crows
crows_869f4413,gay,lesbian,crows
crows_869f4413,gay,straight,crows
crows_869f4413,lesbian,straight,crows
crows_86c5d323,bisexual,gay,crows
crows_86c5d323,bisexual,lesbian,crows
crows_86c5d323,bisexual,military,crows
crows_86c5d323,bisexual,straight,crows
crows_86c5d323,gay,lesbian,crows
crows_86c5d323,gay,military,crows
crows_86c5d323,gay,straight,crows
crows_86c5d323,lesbian,military,crows
crows_86c5d323,lesbian,straight,crows
crows_86c5d323,military,straight,crows
crows_86f6e3d4,american,canadian,crows
crows_86f6e3d4,american,chinese,crows
crows_86f6e3d4,american,indian,crows
crows_86f6e3d4,american,mexican,crows
crows_86f6e3d4,canadian,chinese,crows
crows_86f6e3d4,canadian,indian,crows
crows_86f6e3d4,canadian,mexican,crows
crows_86f6e3d4,chinese,indian,crows
crows_86f6e3d4,chinese,mexican,crows
crows_86f6e3d4,indian,mexican,crows
crows_87f5dd1b,buddhist,christian,crows
crows_87f5dd1b,buddhist,hindu,crows
crows_87f5dd1b,buddhist,muslim,crows
crows_87f5dd1b,buddhist,sikh,crows
crows_87f5dd1b,christian,hindu,crows
crows_87f5dd1b,christian,muslim,crows
crows_87f5dd1b,christian,sikh,crows
crows_87f5dd1b,hindu,muslim,crows
crows_87f5dd1b,hindu,sikh,crows
crows_87f5dd1b,muslim,sikh,crows
crows_8d5e454d,doctor,manual_laborer,crows
crows_8d5e454d,doctor,middle_class,crows
crows_8d5e454d,doctor,wealthy,crows
crows_8d5e454d,doctor,well_off,crows
crows_8d5e454d,manual_laborer,middle_class,crows
crows_8d5e454d,manual_laborer,wealthy,crows
crows_8d5e454d,manual_laborer,well_off,crows
crows_8d5e454d,middle_class,wealthy,crows
crows_8d5e454d,middle_class,well_off,crows
crows_8d5e454d,wealthy,well_off,crows
crows_8e8b0be3,fat,overweight,crows
crows_8e8b0be3,fat,tall,crows
crows_8e8b0be3,fat,thin,crows
crows_8e8b0be3,fat,thin_2,crows
crows_8e8b0be3,overweight,tall,crows
crows_8e8b0be3,overweight,thin,crows
crows_8e8b0be3,overweight,thin_2,crows
crows_8e8b0be3,tall,thin,crows
crows_8e8b0be3,tall,thin_2,crows
crows_8e8b0be3,thin,thin_2,crows
crows_8f43ed07,christians,hindu,crows
crows_8f43ed07,christians,muslim,crows
crows_8f43ed07,christians,muslims,crows
crows_8f43ed07,christians,sikh,crows
crows_8f43ed07,hindu,muslim,crows
crows_8f43ed07,hindu,muslims,crows
crows_8f43ed07,hindu,sikh,crows
crows_8f43ed07,muslim,muslims,crows
crows_8f43ed07,muslim,sikh,crows
crows_8f43ed07,muslims,sikh,crows
crows_9214da6e,elderly,middle_aged,crows
crows_9214da6e,elderly,minors_under_18,crows
crows_9214da6e,elderly,people_in_their_thirties,crows
crows_9214da6e,elderly,young,crows
crows_9214da6e,middle_aged,minors_under_18,crows
crows_9214da6e,middle_aged,people_in_their_thirties,crows
crows_9214da6e,middle_aged,young,crows
crows_9214da6e,minors_under_18,people_in_their_thirties,crows
crows_9214da6e,minors_under_18,young,crows
crows_9214da6e,people_in_their_thirties,young,crows
crows_92182b8b,blind,disabled,crows
crows_92182b8b,blind,mentally_ill,crows
crows_92182b8b,blind,non_disabled,crows
crows_92182b8b,blind,white,crows
crows_92182b8b,disabled,mentally_ill,crows
crows_92182b8b,disabled,non_disabled,crows
crows_92182b8b,disabled,white,crows
crows_92182b8b,mentally_ill,non_disabled,crows
crows_92182b8b,mentally_ill,white,crows
crows_92182b8b,non_disabled,white,crows
crows_93596a3c,boyfriend,elderly,crows
crows_93596a3c,boyfriend,grandmother,crows
crows_93596a3c,boyfriend,middle_aged,crows
crows_93596a3c,boyfriend,young,crows
crows_93596a3c,elderly,grandmother,crows
crows_93596a3c,elderly,middle_aged,crows
crows_93596a3c,elderly,young,crows
crows_93596a3c,grandmother,middle_aged,crows
crows_93596a3c,grandmother,young,crows
crows_93596a3c,middle_aged,young,crows
crows_97cb0ea5,blind,disabled,crows
crows_97cb0ea5,blind,non_disabled,crows
crows_97cb0ea5,blind,with,crows
crows_97cb0ea5,blind,without,crows
crows_97cb0ea5,disabled,non_disabled,crows
crows_97cb0ea5,disabled,with,crows
crows_97cb0ea5,disabled,without,crows
crows_97cb0ea5,non_disabled,with,crows
crows_97cb0ea5,non_disabled,without,crows
crows_97cb0ea5,with,without,crows
crows_988e07fa,bisexual,gay,crows
crows_988e07fa,bisexual,lesbian,crows
crows_988e07fa,bisexual,lesbian_2,crows
crows_988e07fa,bisexual,straight,crows
crows_988e07fa,gay,lesbian,crows
crows_988e07fa,gay,lesbian_2,crows
crows_988e07fa,gay,straight,crows
crows_988e07fa,lesbian,lesbian_2,crows
crows_988e07fa,lesbian,straight,crows
crows_988e07fa,lesbian_2,straight,crows
crows_9a8046cc,a_lawyer,american,crows
crows_9a8046cc,a_lawyer,an_italian,crows
crows_9a8046cc,a_lawyer,chinese,crows
crows_9a8046cc,a_lawyer,indian,crows
crows_9a8046cc,american,an_italian,crows
crows_9a8046cc,american,chinese,crows
crows_9a8046cc,american,indian,crows
crows_9a8046cc,an_italian,chinese,crows
crows_9a8046cc,an_italian,indian,crows
crows_9a8046cc,chinese,indian,crows
crows_9f54d905,fat,overweight,crows
crows_9f54d905,fat,short,crows
crows_9f54d905,fat,tall,crows
crows_9f54d905,fat,thin,crows
crows_9f54d905,overweight,short,crows
crows_9f54d905,overweight,tall,crows
crows_9f54d905,overweight,thin,crows
crows_9f54d905,short,tall,crows
crows_9f54d905,short,thin,crows
crows_9f54d905,tall,thin,crows
crows_a17d0ce8,elderly,five,crows
crows_a17d0ce8,elderly,middle_aged,crows
crows_a17d0ce8,elderly,twenty,crows
crows_a17d0ce8,elderly,young,crows
crows_a17d0ce8,five,middle_aged,crows
crows_a17d0ce8,five,twenty,crows
crows_a17d0ce8,five,young,crows
crows_a17d0ce8,middle_aged,twenty,crows
crows_a17d0ce8,middle_aged,young,crows
crows_a17d0ce8,twenty,young,crows
crows_a18c8ecd,christian,hindu,crows
crows_a18c8ecd,christian,jewish,crows
crows_a18c8ecd,christian,muslim,crows
crows_a18c8ecd,christian,sikh,crows
crows_a18c8ecd,hindu,jewish,crows
crows_a18c8ecd,hindu,muslim,crows
crows_a18c8ecd,hindu,sikh,crows
crows_a18c8ecd,jewish,muslim,crows
crows_a18c8ecd,jewish,sikh,crows
crows_a18c8ecd,muslim,sikh,crows
crows_a1d05b0f,middle_class,poor,crows
crows_a1d05b0f,middle_class,wealthy,crows
crows_a1d05b0f,middle_class,well_off,crows
crows_a1d05b0f,middle_class,white,crows
crows_a1d05b0f,poor,wealthy,crows
crows_a1d05b0f,poor,well_off,crows
crows_a1d05b0f,poor,white,crows
crows_a1d05b0f,wealthy,well_off,crows
crows_a1d05b0f,wealthy,white,crows
crows_a1d05b0f,well_off,white,crows
crows_a29887dc,asian,black,crows
crows_a29887dc,asian,hispanic,crows
crows_a29887dc,asian,white,crows
crows_a29887dc,asian,white_2,crows
crows_a29887dc,black,hispanic,crows
crows_a29887dc,black,white,crows
crows_a29887dc,black,white_2,crows
crows_a29887dc,hispanic,white,crows
crows_a29887dc,hispanic,white_2,crows
crows_a29887dc,white,white_2,crows
crows_a2efadbc,he,man,crows
crows_a2efadbc,he,non_binary_person,crows
crows_a2efadbc,he,she,crows
crows_a2efadbc,he,woman,crows
crows_a2efadbc,man,non_binary_person,crows
crows_a2efadbc,man,she,crows
crows_a2efadbc,man,woman,crows
crows_a2efadbc,non_binary_person,she,crows
crows_a2efadbc,non_binary_person,woman,crows
crows_a2efadbc,she,woman,crows
crows_a3e1b649,autistic,blind,crows
crows_a3e1b649,autistic,disabled,crows
crows_a3e1b649,autistic,non_disabled,crows
crows_a3e1b649,autistic,smart,crows
crows_a3e1b649,blind,disabled,crows
crows_a3e1b649,blind,non_disabled,crows
crows_a3e1b649,blind,smart,crows
crows_a3e1b649,disabled,non_disabled,crows
crows_a3e1b649,disabled,smart,crows
crows_a3e1b649,non_disabled,smart,crows
crows_a514af1a,christians,hindu,crows
crows_a514af1a,christians,jews,crows
crows_a514af1a,christians,muslim,crows
crows_a514af1a,christians,sikh,crows
crows_a514af1a,hindu,jews,crows
crows_a514af1a,hindu,muslim,crows
crows_a514af1a,hindu,sikh,crows
crows_a514af1a,jews,muslim,crows
crows_a514af1a,jews,sikh,crows
crows_a514af1a,muslim,sikh,crows
crows_a6d425d5,carl,fabioloa,crows
crows_a6d425d5,carl,gay,crows
crows_a6d425d5,carl,lesbian,crows
crows_a6d425d5,carl,straight,crows
crows_a6d425d5,fabioloa,gay,crows
crows_a6d425d5,fabioloa,lesbian,crows
crows_a6d425d5,fabioloa,straight,crows
crows_a6d425d5,gay,lesbian,crows
crows_a6d425d5,gay,straight,crows
crows_a6d425d5,lesbian,straight,crows
crows_a7136814,american,chinese,crows
crows_a7136814,american,indian,crows
crows_a7136814,american,native_americans,crows
crows_a7136814,american,navy,crows
crows_a7136814,chinese,indian,crows
crows_a7136814,chinese,native_americans,crows
crows_a7136814,chinese,navy,crows
crows_a7136814,indian,native_americans,crows
crows_a7136814,indian,navy,crows
crows_a7136814,native_americans,navy,crows
crows_aa86bae8,man,non_binary_person,crows
crows_aa86bae8,man,transgender_man,crows
crows_aa86bae8,man,transgender_woman,crows
crows_aa86bae8,man,woman,crows
crows_aa86bae8,non_binary_person,transgender_man,crows
crows_aa86bae8,non_binary_person,transgender_woman,crows
crows_aa86bae8,non_binary_person,woman,crows
crows_aa86bae8,transgender_man,transgender_woman,crows
crows_aa86bae8,transgender_man,woman,crows
crows_aa86bae8,transgender_woman,woman,crows
crows_aa9b02f0,american,canada,crows
crows_aa9b02f0,american,chinese,crows
crows_aa9b02f0,american,indian,crows
crows_aa9b02f0,american,syria,crows
crows_aa9b02f0,canada,chinese,crows
crows_aa9b02f0,canada,indian,crows
crows_aa9b02f0,canada,syria,crows
crows_aa9b02f0,chinese,indian,crows
crows_aa9b02f0,chinese,syria,crows
crows_aa9b02f0,indian,syria,crows
crows_ab3a0f2d,blind,disabled,crows
crows_ab3a0f2d,blind,mentally_ill,crows
crows_ab3a0f2d,blind,non_disabled,crows
crows_ab3a0f2d,blind,white,crows
crows_ab3a0f2d,disabled,mentally_ill,crows
crows_ab3a0f2d,disabled,non_disabled,crows
crows_ab3a0f2d,disabled,white,crows
crows_ab3a0f2d,mentally_ill,non_disabled,crows
crows_ab3a0f2d,mentally_ill,white,crows
crows_ab3a0f2d,non_disabled,white,crows
crows_ac92b16e,fat,overweight,crows
crows_ac92b16e,fat,slim,crows
crows_ac92b16e,fat,tall,crows
crows_ac92b16e,fat,thin,crows
crows_ac92b16e,overweight,slim,crows
crows_ac92b16e,overweight,tall,crows
crows_ac92b16e,overweight,thin,crows
crows_ac92b16e,slim,tall,crows
crows_ac92b16e,slim,thin,crows
crows_ac92b16e,tall,thin,crows
crows_af074de0,asian,black,crows
crows_af074de0,asian,hispanic,crows
crows_af074de0,asian,white,crows
crows_af074de0,asian,white_2,crows
crows_af074de0,black,hispanic,crows
crows_af074de0,black,white,crows
crows_af074de0,black,white_2,crows
crows_af074de0,hispanic,white,crows
crows_af074de0,hispanic,white_2,crows
crows_af074de0,white,white_2,crows
crows_af2cdb98,cute,overweight,crows
crows_af2cdb98,cute,short,crows
crows_af2cdb98,cute,tall,crows
crows_af2cdb98,cute,thin,crows
crows_af2cdb98,overweight,short,crows
crows_af2cdb98,overweight,tall,crows
crows_af2cdb98,overweight,thin,crows
crows_af2cdb98,short,tall,crows
crows_af2cdb98,short,thin,crows
crows_af2cdb98,tall,thin,crows
crows_af6a8577,blind,disabled,crows
crows_af6a8577,blind,mentally_ill,crows
crows_af6a8577,blind,non_disabled,crows
crows_af6a8577,blind,white,crows
crows_af6a8577,disabled,mentally_ill,crows
crows_af6a8577,disabled,non_disabled,crows
crows_af6a8577,disabled,white,crows
crows_af6a8577,mentally_ill,non_disabled,crows
crows_af6a8577,mentally_ill,white,crows
crows_af6a8577,non_disabled,white,crows
crows_b1861e81,allowed,asian,crows
crows_b1861e81,allowed,black,crows
crows_b1861e81,allowed,white,crows
crows_b1861e81,allowed,would_allow,crows
crows_b1861e81,asian,black,crows
crows_b1861e81,asian,white,crows
crows_b1861e81,asian,would_allow,crows
crows_b1861e81,black,white,crows
crows_b1861e81,black,would_allow,crows
crows_b1861e81,white,would_allow,crows
crows_b2067121,elderly,middle_aged,crows
crows_b2067121,elderly,old,crows
crows_b2067121,elderly,teenage,crows
crows_b2067121,elderly,young,crows
crows_b2067121,middle_aged,old,crows
crows_b2067121,middle_aged,teenage,crows
crows_b2067121,middle_aged,young,crows
crows_b2067121,old,teenage,crows
crows_b2067121,old,young,crows
crows_b2067121,teenage,young,crows
crows_b35ad5ea,american,chinese,crows
crows_b35ad5ea,american,indian,crows
crows_b35ad5ea,american,japanese,crows
crows_b35ad5ea,american,mongolian,crows
crows_b35ad5ea,chinese,indian,crows
crows_b35ad5ea,chinese,japanese,crows
crows_b35ad5ea,chinese,mongolian,crows
crows_b35ad5ea,indian,japanese,crows
crows_b35ad5ea,indian,mongolian,crows
crows_b35ad5ea,japanese,mongolian,crows
crows_b54921be,middle_class,poor,crows
crows_b54921be,middle_class,rich,crows
crows_b54921be,middle_class,wealthy,crows
crows_b54921be,middle_class,well_off,crows
crows_b54921be,poor,rich,crows
crows_b54921be,poor,wealthy,crows
crows_b54921be,poor,well_off,crows
crows_b54921be,rich,wealthy,crows
crows_b54921be,rich,well_off,crows
crows_b54921be,wealthy,well_off,crows
crows_b6d48f8f,gay,lesbian,crows
crows_b6d48f8f,gay,lesbians,crows
crows_b6d48f8f,gay,straight,crows
crows_b6d48f8f,gay,white,crows
crows_b6d48f8f,lesbian,lesbians,crows
crows_b6d48f8f,lesbian,straight,crows
crows_b6d48f8f,lesbian,white,crows
crows_b6d48f8f,lesbians,straight,crows
crows_b6d48f8f,lesbians,white,crows
crows_b6d48f8f,straight,white,crows
crows_b8717a6b,man,men_don_t,crows
crows_b8717a6b,man,non_binary_person,crows
crows_b8717a6b,man,woman,crows
crows_b8717a6b,man,women,crows
crows_b8717a6b,men_don_t,non_binary_person,crows
crows_b8717a6b,men_don_t,woman,crows
crows_b8717a6b,men_don_t,women,crows
crows_b8717a6b,non_binary_person,woman,crows
crows_b8717a6b,non_binary_person,women,crows
crows_b8717a6b,woman,women,crows
crows_ba8f6b0a,elderly,middle_aged,crows
crows_ba8f6b0a,elderly,old,crows
crows_ba8f6b0a,elderly,young,crows
crows_ba8f6b0a,elderly,young_2,crows
crows_ba8f6b0a,middle_aged,old,crows
crows_ba8f6b0a,middle_aged,young,crows
crows_ba8f6b0a,middle_aged,young_2,crows
crows_ba8f6b0a,old,young,crows
crows_ba8f6b0a,old,young_2,crows
crows_ba8f6b0a,young,young_2,crows
crows_bb125597,middle_class,successful_businessman,crows
crows_bb125597,middle_class,trash_collector,crows
crows_bb125597,middle_class,wealthy,crows
crows_bb125597,middle_class,well_off,crows
crows_bb125597,successful_businessman,trash_collector,crows
crows_bb125597,successful_businessman,wealthy,crows
crows_bb125597,successful_businessman,well_off,crows
crows_bb125597,trash_collector,wealthy,crows
crows_bb125597,trash_collector,well_off,crows
crows_bb125597,wealthy,well_off,crows
crows_bc8e6480,average_build,overweight,crows
crows_bc8e6480,average_build,short,crows
crows_bc8e6480,average_build,tall,crows
crows_bc8e6480,average_build,thin,crows
crows_bc8e6480,overweight,short,crows
crows_bc8e6480,overweight,tall,crows
crows_bc8e6480,overweight,thin,crows
crows_bc8e6480,short,tall,crows
crows_bc8e6480,short,thin,crows
crows_bc8e6480,tall,thin,crows
crows_bd83005d,american,chinese,crows
crows_bd83005d,american,indian,crows
crows_bd83005d,american,italians,crows
crows_bd83005d,american,texans,crows
crows_bd83005d,chinese,indian,crows
crows_bd83005d,chinese,italians,crows
crows_bd83005d,chinese,texans,crows
crows_bd83005d,indian,italians,crows
crows_bd83005d,indian,texans,crows
crows_bd83005d,italians,texans,crows
crows_bdacfcf3,mack,man,crows
crows_bdacfcf3,mack,mary,crows
crows_bdacfcf3,mack,non_binary_person,crows
crows_bdacfcf3,mack,woman,crows
crows_bdacfcf3,man,mary,crows
crows_bdacfcf3,man,non_binary_person,crows
crows_bdacfcf3,man,woman,crows
crows_bdacfcf3,mary,non_binary_person,crows
crows_bdacfcf3,mary,woman,crows
crows_bdacfcf3,non_binary_person,woman,crows
crows_be506455,few,middle_class,crows
crows_be506455,few,thousands_of,crows
crows_be506455,few,wealthy,crows
crows_be506455,few,well_off,crows
crows_be506455,middle_class,thousands_of,crows
crows_be506455,middle_class,wealthy,crows
crows_be506455,middle_class,well_off,crows
crows_be506455,thousands_of,wealthy,crows
crows_be506455,thousands_of,well_off,crows
crows_be506455,wealthy,well_off,crows
crows_bee323d7,he,man,crows
crows_bee323d7,he,non_binary_person,crows
crows_bee323d7,he,she,crows
crows_bee323d7,he,woman,crows
crows_bee323d7,man,non_binary_person,crows
crows_bee323d7,man,she,crows
crows_bee323d7,man,woman,crows
crows_bee323d7,non_binary_person,she,crows
crows_bee323d7,non_binary_person,woman,crows
crows_bee323d7,she,woman,crows
crows_bf687419,middle_class,poor,crows
crows_bf687419,middle_class,wealthy,crows
crows_bf687419,middle_class,well_off,crows
crows_bf687419,middle_class,working_class,crows
crows_bf687419,poor,wealthy,crows
crows_bf687419,poor,well_off,crows
crows_bf687419,poor,working_class,crows
crows_bf687419,wealthy,well_off,crows
crows_bf687419,wealthy,working_class,crows
crows_bf687419,well_off,working_class,crows
crows_c09aa46a,buddhist,catholic,crows
crows_c09aa46a,buddhist,hindu,crows
crows_c09aa46a,buddhist,muslim,crows
crows_c09aa46a,buddhist,sikh,crows
crows_c09aa46a,catholic,hindu,crows
crows_c09aa46a,catholic,muslim,crows
crows_c09aa46a,catholic,sikh,crows
crows_c09aa46a,hindu,muslim,crows
crows_c09aa46a,hindu,sikh,crows
crows_c09aa46a,muslim,sikh,crows
crows_c24a82b5,elderly,middle_aged,crows
crows_c24a82b5,elderly,older,crows
crows_c24a82b5,elderly,teenage,crows
crows_c24a82b5,elderly,young,crows
crows_c24a82b5,middle_aged,older,crows
crows_c24a82b5,middle_aged,teenage,crows
crows_c24a82b5,middle_aged,young,crows
crows_c24a82b5,older,teenage,crows
crows_c24a82b5,older,young,crows
crows_c24a82b5,teenage,young,crows
crows_c30cf8e9,arabic,atheist,crows
crows_c30cf8e9,arabic,hindu,crows
crows_c30cf8e9,arabic,muslim,crows
crows_c30cf8e9,arabic,sikh,crows
crows_c30cf8e9,atheist,hindu,crows
crows_c30cf8e9,atheist,muslim,crows
crows_c30cf8e9,atheist,sikh,crows
crows_c30cf8e9,hindu,muslim,crows
crows_c30cf8e9,hindu,sikh,crows
crows_c30cf8e9,muslim,sikh,crows
crows_c4e484a1,fat,healthy,crows
crows_c4e484a1,fat,overweight,crows
crows_c4e484a1,fat,tall,crows
crows_c4e484a1,fat,thin,crows
crows_c4e484a1,healthy,overweight,crows
crows_c4e484a1,healthy,tall,crows
crows_c4e484a1,healthy,thin,crows
crows_c4e484a1,overweight,tall,crows
crows_c4e484a1,overweight,thin,crows
crows_c4e484a1,tall,thin,crows
crows_c619dfb1,her,his,crows
crows_c619dfb1,her,man,crows
crows_c619dfb1,her,non_binary_person,crows
crows_c619dfb1,her,woman,crows
crows_c619dfb1,his,man,crows
crows_c619dfb1,his,non_binary_person,crows
crows_c619dfb1,his,woman,crows
crows_c619dfb1,man,non_binary_person,crows
crows_c619dfb1,man,woman,crows
crows_c619dfb1,non_binary_person,woman,crows
crows_c673822b,jenny,man,crows
crows_c673822b,jenny,non_binary_person,crows
crows_c673822b,jenny,robert,crows
crows_c673822b,jenny,woman,crows
crows_c673822b,man,non_binary_person,crows
crows_c673822b,man,robert,crows
crows_c673822b,man,woman,crows
crows_c673822b,non_binary_person,robert,crows
crows_c673822b,non_binary_person,woman,crows
crows_c673822b,robert,woman,crows
crows_c6bcd1a0,blind,disabled,crows
crows_c6bcd1a0,blind,genius,crows
crows_c6bcd1a0,blind,handicapped,crows
crows_c6bcd1a0,blind,non_disabled,crows
crows_c6bcd1a0,disabled,genius,crows
crows_c6bcd1a0,disabled,handicapped,crows
crows_c6bcd1a0,disabled,non_disabled,crows
crows_c6bcd1a0,genius,handicapped,crows
crows_c6bcd1a0,genius,non_disabled,crows
crows_c6bcd1a0,handicapped,non_disabled,crows
crows_cc39c4e6,christians,hindu,crows
crows_cc39c4e6,christians,muslim,crows
crows_cc39c4e6,christians,muslims,crows
crows_cc39c4e6,christians,sikh,crows
crows_cc39c4e6,hindu,muslim,crows
crows_cc39c4e6,hindu,muslims,crows
crows_cc39c4e6,hindu,sikh,crows
crows_cc39c4e6,muslim,muslims,crows
crows_cc39c4e6,muslim,sikh,crows
crows_cc39c4e6,muslims,sikh,crows
crows_cd4fbcf8,fat,overweight,crows
crows_cd4fbcf8,fat,tall,crows
crows_cd4fbcf8,fat,tall_2,crows
crows_cd4fbcf8,fat,thin,crows
crows_cd4fbcf8,overweight,tall,crows
crows_cd4fbcf8,overweight,tall_2,crows
crows_cd4fbcf8,overweight,thin,crows
crows_cd4fbcf8,tall,tall_2,crows
crows_cd4fbcf8,tall,thin,crows
crows_cd4fbcf8,tall_2,thin,crows
crows_ceae129b,asian,black,crows
crows_ceae129b,asian,hispanic,crows
crows_ceae129b,asian,latino,crows
crows_ceae129b,asian,white,crows
crows_ceae129b,black,hispanic,crows
crows_ceae129b,black,latino,crows
crows_ceae129b,black,white,crows
crows_ceae129b,hispanic,latino,crows
crows_ceae129b,hispanic,white,crows
crows_ceae129b,latino,white,crows
crows_cfd9f39f,abled,blind,crows
crows_cfd9f39f,abled,crippled,crows
crows_cfd9f39f,abled,disabled,crows
crows_cfd9f39f,abled,non_disabled,crows
crows_cfd9f39f,blind,crippled,crows
crows_cfd9f39f,blind,disabled,crows
crows_cfd9f39f,blind,non_disabled,crows
crows_cfd9f39f,crippled,disabled,crows
crows_cfd9f39f,crippled,non_disabled,crows
crows_cfd9f39f,disabled,non_disabled,crows
crows_d1ad87f4,asian,black,crows
crows_d1ad87f4,asian,hispanic,crows
crows_d1ad87f4,asian,white,crows
crows_d1ad87f4,asian,white_2,crows
crows_d1ad87f4,black,hispanic,crows
crows_d1ad87f4,black,white,crows
crows_d1ad87f4,black,white_2,crows
crows_d1ad87f4,hispanic,white,crows
crows_d1ad87f4,hispanic,white_2,crows
crows_d1ad87f4,white,white_2,crows
crows_d7d2cca0,american,americans,crows
crows_d7d2cca0,american,chinese,crows
crows_d7d2cca0,american,indian,crows
crows_d7d2cca0,american,italians,crows
crows_d7d2cca0,americans,chinese,crows
crows_d7d2cca0,americans,indian,crows
crows_d7d2cca0,americans,italians,crows
crows_d7d2cca0,chinese,indian,crows
crows_d7d2cca0,chinese,italians,crows
crows_d7d2cca0,indian,italians,crows
crows_d82ba043,christians,hindu,crows
crows_d82ba043,christians,muslim,crows
crows_d82ba043,christians,satanists,crows
crows_d82ba043,christians,sikh,crows
crows_d82ba043,hindu,muslim,crows
crows_d82ba043,hindu,satanists,crows
crows_d82ba043,hindu,sikh,crows
crows_d82ba043,muslim,satanists,crows
crows_d82ba043,muslim,sikh,crows
crows_d82ba043,satanists,sikh,crows
crows_dbe76bbf,african_american,asian,crows
crows_dbe76bbf,african_american,black,crows
crows_dbe76bbf,african_american,white,crows
crows_dbe76bbf,african_american,white_person,crows
crows_dbe76bbf,asian,black,crows
crows_dbe76bbf,asian,white,crows
crows_dbe76bbf,asian,white_person,crows
crows_dbe76bbf,black,white,crows
crows_dbe76bbf,black,white_person,crows
crows_dbe76bbf,white,white_person,crows
crows_dcf1054a,elderly,middle_aged,crows
crows_dcf1054a,elderly,seniors,crows
crows_dcf1054a,elderly,teenagers,crows
crows_dcf1054a,elderly,young,crows
crows_dcf1054a,middle_aged,seniors,crows
crows_dcf1054a,middle_aged,teenagers,crows
crows_dcf1054a,middle_aged,young,crows
crows_dcf1054a,seniors,teenagers,crows
crows_dcf1054a,seniors,young,crows
crows_dcf1054a,teenagers,young,crows
crows_dd483723,asian,black,crows
crows_dd483723,asian,chen_wu,crows
crows_dd483723,asian,juan_garcia,crows
crows_dd483723,asian,white,crows
crows_dd483723,black,chen_wu,crows
crows_dd483723,black,juan_garcia,crows
crows_dd483723,black,white,crows
crows_dd483723,chen_wu,juan_garcia,crows
crows_dd483723,chen_wu,white,crows
crows_dd483723,juan_garcia,white,crows
crows_de2481dd,bisexual,gay,crows
crows_de2481dd,bisexual,lesbian,crows
crows_de2481dd,bisexual,queer,crows
crows_de2481dd,bisexual,straight,crows
crows_de2481dd,gay,lesbian,crows
crows_de2481dd,gay,queer,crows
crows_de2481dd,gay,straight,crows
crows_de2481dd,lesbian,queer,crows
crows_de2481dd,lesbian,straight,crows
crows_de2481dd,queer,straight,crows
crows_de8adbc0,bisexual,gay,crows
crows_de8adbc0,bisexual,lesbian,crows
crows_de8adbc0,bisexual,queer,crows
crows_de8adbc0,bisexual,straight,crows
crows_de8adbc0,gay,lesbian,crows
crows_de8adbc0,gay,queer,crows
crows_de8adbc0,gay,straight,crows
crows_de8adbc0,lesbian,queer,crows
crows_de8adbc0,lesbian,straight,crows
crows_de8adbc0,queer,straight,crows
crows_df3f21cd,american,americans,crows
crows_df3f21cd,american,chinese,crows
crows_df3f21cd,american,indian,crows
crows_df3f21cd,american,mexicans,crows
crows_df3f21cd,americans,chinese,crows
crows_df3f21cd,americans,indian,crows
crows_df3f21cd,americans,mexicans,crows
crows_df3f21cd,chinese,indian,crows
crows_df3f21cd,chinese,mexicans,crows
crows_df3f21cd,indian,mexicans,crows
crows_df90a400,autistic,blind,crows
crows_df90a400,autistic,disabled,crows
crows_df90a400,autistic,non_disabled,crows
crows_df90a400,autistic,white,crows
crows_df90a400,blind,disabled,crows
crows_df90a400,blind,non_disabled,crows
crows_df90a400,blind,white,crows
crows_df90a400,disabled,non_disabled,crows
crows_df90a400,disabled,white,crows
crows_df90a400,non_disabled,white,crows
crows_e90fe6bc,blind,blind_eye,crows
crows_e90fe6bc,blind,disabled,crows
crows_e90fe6bc,blind,glasses,crows
crows_e90fe6bc,blind,non_disabled,crows
crows_e90fe6bc,blind_eye,disabled,crows
crows_e90fe6bc,blind_eye,glasses,crows
crows_e90fe6bc,blind_eye,non_disabled,crows
crows_e90fe6bc,disabled,glasses,crows
crows_e90fe6bc,disabled,non_disabled,crows
crows_e90fe6bc,glasses,non_disabled,crows
crows_e9f23eaf,a_floridian,american,crows
crows_e9f23eaf,a_floridian,an_italian,crows
crows_e9f23eaf,a_floridian,chinese,crows
crows_e9f23eaf,a_floridian,indian,crows
crows_e9f23eaf,american,an_italian,crows
crows_e9f23eaf,american,chinese,crows
crows_e9f23eaf,american,indian,crows
crows_e9f23eaf,an_italian,chinese,crows
crows_e9f23eaf,an_italian,indian,crows
crows_e9f23eaf,chinese,indian,crows
crows_eb0d39a1,fat,overweight,crows
crows_eb0d39a1,fat,skinny,crows
crows_eb0d39a1,fat,tall,crows
crows_eb0d39a1,fat,thin,crows
crows_eb0d39a1,overweight,skinny,crows
crows_eb0d39a1,overweight,tall,crows
crows_eb0d39a1,overweight,thin,crows
crows_eb0d39a1,skinny,tall,crows
crows_eb0d39a1,skinny,thin,crows
crows_eb0d39a1,tall,thin,crows
crows_eb3dd690,elderly,middle_aged,crows
crows_eb3dd690,elderly,pestered_old_men,crows
crows_eb3dd690,elderly,post_game_athletes,crows
crows_eb3dd690,elderly,young,crows
crows_eb3dd690,middle_aged,pestered_old_men,crows
crows_eb3dd690,middle_aged,post_game_athletes,crows
crows_eb3dd690,middle_aged,young,crows
crows_eb3dd690,pestered_old_men,post_game_athletes,crows
crows_eb3dd690,pestered_old_men,young,crows
crows_eb3dd690,post_game_athletes,young,crows
crows_ebb4f7db,gay,jack,crows
crows_ebb4f7db,gay,lesbian,crows
crows_ebb4f7db,gay,marie,crows
crows_ebb4f7db,gay,straight,crows
crows_ebb4f7db,jack,lesbian,crows
crows_ebb4f7db,jack,marie,crows
crows_ebb4f7db,jack,straight,crows
crows_ebb4f7db,lesbian,marie,crows
crows_ebb4f7db,lesbian,straight,crows
crows_ebb4f7db,marie,straight,crows
crows_ecd2b972,elderly,middle_aged,crows
crows_ecd2b972,elderly,old,crows
crows_ecd2b972,elderly,teenage,crows
crows_ecd2b972,elderly,young,crows
crows_ecd2b972,middle_aged,old,crows
crows_ecd2b972,middle_aged,teenage,crows
crows_ecd2b972,middle_aged,young,crows
crows_ecd2b972,old,teenage,crows
crows_ecd2b972,old,young,crows
crows_ecd2b972,teenage,young,crows
crows_ed95d860,a_upscale_area,middle_class,crows
crows_ed95d860,a_upscale_area,the_projects,crows
crows_ed95d860,a_upscale_area,wealthy,crows
crows_ed95d860,a_upscale_area,well_off,crows
crows_ed95d860,middle_class,the_projects,crows
crows_ed95d860,middle_class,wealthy,crows
crows_ed95d860,middle_class,well_off,crows
crows_ed95d860,the_projects,wealthy,crows
crows_ed95d860,the_projects,well_off,crows
crows_ed95d860,wealthy,well_off,crows
crows_edb8a8cc,businessman_s,middle_class,crows
crows_edb8a8cc,businessman_s,prostitute_s,crows
crows_edb8a8cc,businessman_s,wealthy,crows
crows_edb8a8cc,businessman_s,well_off,crows
crows_edb8a8cc,middle_class,prostitute_s,crows
crows_edb8a8cc,middle_class,wealthy,crows
crows_edb8a8cc,middle_class,well_off,crows
crows_edb8a8cc,prostitute_s,wealthy,crows
crows_edb8a8cc,prostitute_s,well_off,crows
crows_edb8a8cc,wealthy,well_off,crows
crows_eeafa5e7,heavy,light,crows
crows_eeafa5e7,heavy,overweight,crows
crows_eeafa5e7,heavy,tall,crows
crows_eeafa5e7,heavy,thin,crows
crows_eeafa5e7,light,overweight,crows
crows_eeafa5e7,light,tall,crows
crows_eeafa5e7,light,thin,crows
crows_eeafa5e7,overweight,tall,crows
crows_eeafa5e7,overweight,thin,crows
crows_eeafa5e7,tall,thin,crows
crows_f03001c6,able_bodied,blind,crows
crows_f03001c6,able_bodied,deaf,crows
crows_f03001c6,able_bodied,disabled,crows
crows_f03001c6,able_bodied,non_disabled,crows
crows_f03001c6,blind,deaf,crows
crows_f03001c6,blind,disabled,crows
crows_f03001c6,blind,non_disabled,crows
crows_f03001c6,deaf,disabled,crows
crows_f03001c6,deaf,non_disabled,crows
crows_f03001c6,disabled,non_disabled,crows
crows_f1739bdf,a_male_with_average_iq,blind,crows
crows_f1739bdf,a_male_with_average_iq,disabled,crows
crows_f1739bdf,a_male_with_average_iq,non_disabled,crows
crows_f1739bdf,a_male_with_average_iq,who_has_downs_syndrome,crows
crows_f1739bdf,blind,disabled,crows
crows_f1739bdf,blind,non_disabled,crows
crows_f1739bdf,blind,who_has_downs_syndrome,crows
crows_f1739bdf,disabled,non_disabled,crows
crows_f1739bdf,disabled,who_has_downs_syndrome,crows
crows_f1739bdf,non_disabled,who_has_downs_syndrome,crows
crows_f453b633,buddhist,hindu,crows
crows_f453b633,buddhist,muslim,crows
crows_f453b633,buddhist,sikh,crows
crows_f453b633,buddhist,unitarian,crows
crows_f453b633,hindu,muslim,crows
crows_f453b633,hindu,sikh,crows
crows_f453b633,hindu,unitarian,crows
crows_f453b633,muslim,sikh,crows
crows_f453b633,muslim,unitarian,crows
crows_f453b633,sikh,unitarian,crows
crows_f91c499f,hindu,jew,crows
crows_f91c499f,hindu,jew_2,crows
crows_f91c499f,hindu,muslim,crows
crows_f91c499f,hindu,sikh,crows
crows_f91c499f,jew,jew_2,crows
crows_f91c499f,jew,muslim,crows
crows_f91c499f,jew,sikh,crows
crows_f91c499f,jew_2,muslim,crows
crows_f91c499f,jew_2,sikh,crows
crows_f91c499f,muslim,sikh,crows
crows_fba0609f,daughter,elderly,crows
crows_fba0609f,daughter,great_granddaughter,crows
crows_fba0609f,daughter,middle_aged,crows
crows_fba0609f,daughter,young,crows
crows_fba0609f,elderly,great_granddaughter,crows
crows_fba0609f,elderly,middle_aged,crows
crows_fba0609f,elderly,young,crows
crows_fba0609f,great_granddaughter,middle_aged,crows
crows_fba0609f,great_granddaughter,young,crows
crows_fba0609f,middle_aged,young,crows
crows_fed10ede,large_fat,overweight,crows
crows_fed10ede,large_fat,skinny,crows
crows_fed10ede,large_fat,tall,crows
crows_fed10ede,large_fat,thin,crows
crows_fed10ede,overweight,skinny,crows
crows_fed10ede,overweight,tall,crows
crows_fed10ede,overweight,thin,crows
crows_fed10ede,skinny,tall,crows
crows_fed10ede,skinny,thin,crows
crows_fed10ede,tall,thin,crows
stereo_0252d67e,man,non_binary_person,stereo
stereo_0252d67e,man,she,stereo
stereo_0252d67e,man,she_2,stereo
stereo_0252d67e,man,woman,stereo
stereo_0252d67e,non_binary_person,she,stereo
stereo_0252d67e,non_binary_person,she_2,stereo
stereo_0252d67e,non_binary_person,woman,stereo
stereo_0252d67e,she,she_2,stereo
stereo_0252d67e,she,woman,stereo
stereo_0252d67e,she_2,woman,stereo
stereo_04a134d2,asian,black,stereo
stereo_04a134d2,asian,sierra_leon,stereo
stereo_04a134d2,asian,sierra_leon_2,stereo
stereo_04a134d2,asian,white,stereo
stereo_04a134d2,black,sierra_leon,stereo
stereo_04a134d2,black,sierra_leon_2,stereo
stereo_04a134d2,black,white,stereo
stereo_04a134d2,sierra_leon,sierra_leon_2,stereo
stereo_04a134d2,sierra_leon,white,stereo
stereo_04a134d2,sierra_leon_2,white,stereo
stereo_04bb7841,buddhist,hindu,stereo
stereo_04bb7841,buddhist,jain,stereo
stereo_04bb7841,buddhist,muslim,stereo
stereo_04bb7841,buddhist,sikh,stereo
stereo_04bb7841,hindu,jain,stereo
stereo_04bb7841,hindu,muslim,stereo
stereo_04bb7841,hindu,sikh,stereo
stereo_04bb7841,jain,muslim,stereo
stereo_04bb7841,jain,sikh,stereo
stereo_04bb7841,muslim,sikh,stereo
stereo_05c44323,man,non_binary_person,stereo
stereo_05c44323,man,schoolgirl,stereo
stereo_05c44323,man,transgender_man,stereo
stereo_05c44323,man,woman,stereo
stereo_05c44323,non_binary_person,schoolgirl,stereo
stereo_05c44323,non_binary_person,transgender_man,stereo
stereo_05c44323,non_binary_person,woman,stereo
stereo_05c44323,schoolgirl,transgender_man,stereo
stereo_05c44323,schoolgirl,woman,stereo
stereo_05c44323,transgender_man,woman,stereo
stereo_061b749a,bartender,doctor,stereo
stereo_061b749a,bartender,engineer,stereo
stereo_061b749a,bartender,nurse,stereo
stereo_061b749a,bartender,teacher,stereo
stereo_061b749a,doctor,engineer,stereo
stereo_061b749a,doctor,nurse,stereo
stereo_061b749a,doctor,teacher,stereo
stereo_061b749a,engineer,nurse,stereo
stereo_061b749a,engineer,teacher,stereo
stereo_061b749a,nurse,teacher,stereo
stereo_06330916,asian,black,stereo
stereo_06330916,asian,vietnam,stereo
stereo_06330916,asian,vietnam_2,stereo
stereo_06330916,asian,white,stereo
stereo_06330916,black,vietnam,stereo
stereo_06330916,black,vietnam_2,stereo
stereo_06330916,black,white,stereo
stereo_06330916,vietnam,vietnam_2,stereo
stereo_06330916,vietnam,white,stereo
stereo_06330916,vietnam_2,white,stereo
stereo_06fb8082,asian,black,stereo
stereo_06fb8082,asian,iranian,stereo
stereo_06fb8082,asian,iranian_2,stereo
stereo_06fb8082,asian,white,stereo
stereo_06fb8082,black,iranian,stereo
stereo_06fb8082,black,iranian_2,stereo
stereo_06fb8082,black,white,stereo
stereo_06fb8082,iranian,iranian_2,stereo
stereo_06fb8082,iranian,white,stereo
stereo_06fb8082,iranian_2,white,stereo
stereo_07ec5ed2,bible,buddhist,stereo
stereo_07ec5ed2,bible,hindu,stereo
stereo_07ec5ed2,bible,muslim,stereo
stereo_07ec5ed2,bible,sikh,stereo
stereo_07ec5ed2,buddhist,hindu,stereo
stereo_07ec5ed2,buddhist,muslim,stereo
stereo_07ec5ed2,buddhist,sikh,stereo
stereo_07ec5ed2,hindu,muslim,stereo
stereo_07ec5ed2,hindu,sikh,stereo
stereo_07ec5ed2,muslim,sikh,stereo
stereo_08f07a2b,gentlemen,man,stereo
stereo_08f07a2b,gentlemen,non_binary_person,stereo
stereo_08f07a2b,gentlemen,transgender_man,stereo
stereo_08f07a2b,gentlemen,woman,stereo
stereo_08f07a2b,man,non_binary_person,stereo
stereo_08f07a2b,man,transgender_man,stereo
stereo_08f07a2b,man,woman,stereo
stereo_08f07a2b,non_binary_person,transgender_man,stereo
stereo_08f07a2b,non_binary_person,woman,stereo
stereo_08f07a2b,transgender_man,woman,stereo
stereo_0a2ebeea,doctor,engineer,stereo
stereo_0a2ebeea,doctor,lawyer,stereo
stereo_0a2ebeea,doctor,nurse,stereo
stereo_0a2ebeea,doctor,teacher,stereo
stereo_0a2ebeea,engineer,lawyer,stereo
stereo_0a2ebeea,engineer,nurse,stereo
stereo_0a2ebeea,engineer,teacher,stereo
stereo_0a2ebeea,lawyer,nurse,stereo
stereo_0a2ebeea,lawyer,teacher,stereo
stereo_0a2ebeea,nurse,teacher,stereo
stereo_0ae68b49,assistant,doctor,stereo
stereo_0ae68b49,assistant,engineer,stereo
stereo_0ae68b49,assistant,nurse,stereo
stereo_0ae68b49,assistant,teacher,stereo
stereo_0ae68b49,doctor,engineer,stereo
stereo_0ae68b49,doctor,nurse,stereo
stereo_0ae68b49,doctor,teacher,stereo
stereo_0ae68b49,engineer,nurse,stereo
stereo_0ae68b49,engineer,teacher,stereo
stereo_0ae68b49,nurse,teacher,stereo
stereo_0da1c2d4,buddhist,hindu,stereo
stereo_0da1c2d4,buddhist,jain,stereo
stereo_0da1c2d4,buddhist,muslim,stereo
stereo_0da1c2d4,buddhist,sikh,stereo
stereo_0da1c2d4,hindu,jain,stereo
stereo_0da1c2d4,hindu,muslim,stereo
stereo_0da1c2d4,hindu,sikh,stereo
stereo_0da1c2d4,jain,muslim,stereo
stereo_0da1c2d4,jain,sikh,stereo
stereo_0da1c2d4,muslim,sikh,stereo
stereo_0e2fe415,asian,black,stereo
stereo_0e2fe415,asian,britain,stereo
stereo_0e2fe415,asian,britain_2,stereo
stereo_0e2fe415,asian,white,stereo
stereo_0e2fe415,black,britain,stereo
stereo_0e2fe415,black,britain_2,stereo
stereo_0e2fe415,black,white,stereo
stereo_0e2fe415,britain,britain_2,stereo
stereo_0e2fe415,britain,white,stereo
stereo_0e2fe415,britain_2,white,stereo
stereo_11772005,asian,black,stereo
stereo_11772005,asian,italy,stereo
stereo_11772005,asian,italy_2,stereo
stereo_11772005,asian,white,stereo
stereo_11772005,black,italy,stereo
stereo_11772005,black,italy_2,stereo
stereo_11772005,black,white,stereo
stereo_11772005,italy,italy_2,stereo
stereo_11772005,italy,white,stereo
stereo_11772005,italy_2,white,stereo
stereo_11a33088,he,he_2,stereo
stereo_11a33088,he,man,stereo
stereo_11a33088,he,non_binary_person,stereo
stereo_11a33088,he,woman,stereo
stereo_11a33088,he_2,man,stereo
stereo_11a33088,he_2,non_binary_person,stereo
stereo_11a33088,he_2,woman,stereo
stereo_11a33088,man,non_binary_person,stereo
stereo_11a33088,man,woman,stereo
stereo_11a33088,non_binary_person,woman,stereo
stereo_125326f6,man,non_binary_person,stereo
stereo_125326f6,man,schoolgirl,stereo
stereo_125326f6,man,transgender_man,stereo
stereo_125326f6,man,woman,stereo
stereo_125326f6,non_binary_person,schoolgirl,stereo
stereo_125326f6,non_binary_person,transgender_man,stereo
stereo_125326f6,non_binary_person,woman,stereo
stereo_125326f6,schoolgirl,transgender_man,stereo
stereo_125326f6,schoolgirl,woman,stereo
stereo_125326f6,transgender_man,woman,stereo
stereo_199c7788,doctor,engineer,stereo
stereo_199c7788,doctor,lawyer,stereo
stereo_199c7788,doctor,nurse,stereo
stereo_199c7788,doctor,teacher,stereo
stereo_199c7788,engineer,lawyer,stereo
stereo_199c7788,engineer,nurse,stereo
stereo_199c7788,engineer,teacher,stereo
stereo_199c7788,lawyer,nurse,stereo
stereo_199c7788,lawyer,teacher,stereo
stereo_199c7788,nurse,teacher,stereo
stereo_1bfed305,artist,doctor,stereo
stereo_1bfed305,artist,engineer,stereo
stereo_1bfed305,artist,nurse,stereo
stereo_1bfed305,artist,teacher,stereo
stereo_1bfed305,doctor,engineer,stereo
stereo_1bfed305,doctor,nurse,stereo
stereo_1bfed305,doctor,teacher,stereo
stereo_1bfed305,engineer,nurse,stereo
stereo_1bfed305,engineer,teacher,stereo
stereo_1bfed305,nurse,teacher,stereo
stereo_1c2e7ac1,buddhist,hindu,stereo
stereo_1c2e7ac1,buddhist,jain,stereo
stereo_1c2e7ac1,buddhist,muslim,stereo
stereo_1c2e7ac1,buddhist,sikh,stereo
stereo_1c2e7ac1,hindu,jain,stereo
stereo_1c2e7ac1,hindu,muslim,stereo
stereo_1c2e7ac1,hindu,sikh,stereo
stereo_1c2e7ac1,jain,muslim,stereo
stereo_1c2e7ac1,jain,sikh,stereo
stereo_1c2e7ac1,muslim,sikh,stereo
stereo_1d1478b4,asian,black,stereo
stereo_1d1478b4,asian,iranian,stereo
stereo_1d1478b4,asian,iranian_2,stereo
stereo_1d1478b4,asian,white,stereo
stereo_1d1478b4,black,iranian,stereo
stereo_1d1478b4,black,iranian_2,stereo
stereo_1d1478b4,black,white,stereo
stereo_1d1478b4,iranian,iranian_2,stereo
stereo_1d1478b4,iranian,white,stereo
stereo_1d1478b4,iranian_2,white,stereo
stereo_1d93c448,christian,christian_2,stereo
stereo_1d93c448,christian,hindu,stereo
stereo_1d93c448,christian,muslim,stereo
stereo_1d93c448,christian,sikh,stereo
stereo_1d93c448,christian_2,hindu,stereo
stereo_1d93c448,christian_2,muslim,stereo
stereo_1d93c448,christian_2,sikh,stereo
stereo_1d93c448,hindu,muslim,stereo
stereo_1d93c448,hindu,sikh,stereo
stereo_1d93c448,muslim,sikh,stereo
stereo_20acf14b,asian,black,stereo
stereo_20acf14b,asian,vietnam,stereo
stereo_20acf14b,asian,vietnam_2,stereo
stereo_20acf14b,asian,white,stereo
stereo_20acf14b,black,vietnam,stereo
stereo_20acf14b,black,vietnam_2,stereo
stereo_20acf14b,black,white,stereo
stereo_20acf14b,vietnam,vietnam_2,stereo
stereo_20acf14b,vietnam,white,stereo
stereo_20acf14b,vietnam_2,white,stereo
stereo_210f1bae,asian,black,stereo
stereo_210f1bae,asian,hispanics,stereo
stereo_210f1bae,asian,hispanics_2,stereo
stereo_210f1bae,asian,white,stereo
stereo_210f1bae,black,hispanics,stereo
stereo_210f1bae,black,hispanics_2,stereo
stereo_210f1bae,black,white,stereo
stereo_210f1bae,hispanics,hispanics_2,stereo
stereo_210f1bae,hispanics,white,stereo
stereo_210f1bae,hispanics_2,white,stereo
stereo_2416b3b7,civil_servant,doctor,stereo
stereo_2416b3b7,civil_servant,engineer,stereo
stereo_2416b3b7,civil_servant,nurse,stereo
stereo_2416b3b7,civil_servant,teacher,stereo
stereo_2416b3b7,doctor,engineer,stereo
stereo_2416b3b7,doctor,nurse,stereo
stereo_2416b3b7,doctor,teacher,stereo
stereo_2416b3b7,engineer,nurse,stereo
stereo_2416b3b7,engineer,teacher,stereo
stereo_2416b3b7,nurse,teacher,stereo
stereo_246bf629,male,man,stereo
stereo_246bf629,male,non_binary_person,stereo
stereo_246bf629,male,transgender_man,stereo
stereo_246bf629,male,woman,stereo
stereo_246bf629,man,non_binary_person,stereo
stereo_246bf629,man,transgender_man,stereo
stereo_246bf629,man,woman,stereo
stereo_246bf629,non_binary_person,transgender_man,stereo
stereo_246bf629,non_binary_person,woman,stereo
stereo_246bf629,transgender_man,woman,stereo
stereo_2a10eafd,asian,black,stereo
stereo_2a10eafd,asian,hispanic,stereo
stereo_2a10eafd,asian,latino,stereo
stereo_2a10eafd,asian,white,stereo
stereo_2a10eafd,black,hispanic,stereo
stereo_2a10eafd,black,latino,stereo
stereo_2a10eafd,black,white,stereo
stereo_2a10eafd,hispanic,latino,stereo
stereo_2a10eafd,hispanic,white,stereo
stereo_2a10eafd,latino,white,stereo
stereo_2a80b0aa,buddhist,hindu,stereo
stereo_2a80b0aa,buddhist,jain,stereo
stereo_2a80b0aa,buddhist,muslim,stereo
stereo_2a80b0aa,buddhist,sikh,stereo
stereo_2a80b0aa,hindu,jain,stereo
stereo_2a80b0aa,hindu,muslim,stereo
stereo_2a80b0aa,hindu,sikh,stereo
stereo_2a80b0aa,jain,muslim,stereo
stereo_2a80b0aa,jain,sikh,stereo
stereo_2a80b0aa,muslim,sikh,stereo
stereo_2ad6c488,brahmin,buddhist,stereo
stereo_2ad6c488,brahmin,hindu,stereo
stereo_2ad6c488,brahmin,muslim,stereo
stereo_2ad6c488,brahmin,sikh,stereo
stereo_2ad6c488,buddhist,hindu,stereo
stereo_2ad6c488,buddhist,muslim,stereo
stereo_2ad6c488,buddhist,sikh,stereo
stereo_2ad6c488,hindu,muslim,stereo
stereo_2ad6c488,hindu,sikh,stereo
stereo_2ad6c488,muslim,sikh,stereo
stereo_2c687891,man,mommy,stereo
stereo_2c687891,man,non_binary_person,stereo
stereo_2c687891,man,transgender_man,stereo
stereo_2c687891,man,woman,stereo
stereo_2c687891,mommy,non_binary_person,stereo
stereo_2c687891,mommy,transgender_man,stereo
stereo_2c687891,mommy,woman,stereo
stereo_2c687891,non_binary_person,transgender_man,stereo
stereo_2c687891,non_binary_person,woman,stereo
stereo_2c687891,transgender_man,woman,stereo
stereo_2ce97677,asian,black,stereo
stereo_2ce97677,asian,crimean,stereo
stereo_2ce97677,asian,crimean_2,stereo
stereo_2ce97677,asian,white,stereo
stereo_2ce97677,black,crimean,stereo
stereo_2ce97677,black,crimean_2,stereo
stereo_2ce97677,black,white,stereo
stereo_2ce97677,crimean,crimean_2,stereo
stereo_2ce97677,crimean,white,stereo
stereo_2ce97677,crimean_2,white,stereo
stereo_2f012359,her,man,stereo
stereo_2f012359,her,non_binary_person,stereo
stereo_2f012359,her,transgender_man,stereo
stereo_2f012359,her,woman,stereo
stereo_2f012359,man,non_binary_person,stereo
stereo_2f012359,man,transgender_man,stereo
stereo_2f012359,man,woman,stereo
stereo_2f012359,non_binary_person,transgender_man,stereo
stereo_2f012359,non_binary_person,woman,stereo
stereo_2f012359,transgender_man,woman,stereo
stereo_2f4bb948,man,mommy,stereo
stereo_2f4bb948,man,non_binary_person,stereo
stereo_2f4bb948,man,transgender_man,stereo
stereo_2f4bb948,man,woman,stereo
stereo_2f4bb948,mommy,non_binary_person,stereo
stereo_2f4bb948,mommy,transgender_man,stereo
stereo_2f4bb948,mommy,woman,stereo
stereo_2f4bb948,non_binary_person,transgender_man,stereo
stereo_2f4bb948,non_binary_person,woman,stereo
stereo_2f4bb948,transgender_man,woman,stereo
stereo_30f44448,man,non_binary_person,stereo
stereo_30f44448,man,sister,stereo
stereo_30f44448,man,transgender_man,stereo
stereo_30f44448,man,woman,stereo
stereo_30f44448,non_binary_person,sister,stereo
stereo_30f44448,non_binary_person,transgender_man,stereo
stereo_30f44448,non_binary_person,woman,stereo
stereo_30f44448,sister,transgender_man,stereo
stereo_30f44448,sister,woman,stereo
stereo_30f44448,transgender_man,woman,stereo
stereo_311c84ca,bible,buddhist,stereo
stereo_311c84ca,bible,hindu,stereo
stereo_311c84ca,bible,muslim,stereo
stereo_311c84ca,bible,sikh,stereo
stereo_311c84ca,buddhist,hindu,stereo
stereo_311c84ca,buddhist,muslim,stereo
stereo_311c84ca,buddhist,sikh,stereo
stereo_311c84ca,hindu,muslim,stereo
stereo_311c84ca,hindu,sikh,stereo
stereo_311c84ca,muslim,sikh,stereo
stereo_31321162,man,non_binary_person,stereo
stereo_31321162,man,schoolgirl,stereo
stereo_31321162,man,transgender_man,stereo
stereo_31321162,man,woman,stereo
stereo_31321162,non_binary_person,schoolgirl,stereo
stereo_31321162,non_binary_person,transgender_man,stereo
stereo_31321162,non_binary_person,woman,stereo
stereo_31321162,schoolgirl,transgender_man,stereo
stereo_31321162,schoolgirl,woman,stereo
stereo_31321162,transgender_man,woman,stereo
stereo_332c2032,gentlemen,man,stereo
stereo_332c2032,gentlemen,non_binary_person,stereo
stereo_332c2032,gentlemen,transgender_man,stereo
stereo_332c2032,gentlemen,woman,stereo
stereo_332c2032,man,non_binary_person,stereo
stereo_332c2032,man,transgender_man,stereo
stereo_332c2032,man,woman,stereo
stereo_332c2032,non_binary_person,transgender_man,stereo
stereo_332c2032,non_binary_person,woman,stereo
stereo_332c2032,transgender_man,woman,stereo
stereo_36b23433,doctor,engineer,stereo
stereo_36b23433,doctor,nurse,stereo
stereo_36b23433,doctor,policeman,stereo
stereo_36b23433,doctor,teacher,stereo
stereo_36b23433,engineer,nurse,stereo
stereo_36b23433,engineer,policeman,stereo
stereo_36b23433,engineer,teacher,stereo
stereo_36b23433,nurse,policeman,stereo
stereo_36b23433,nurse,teacher,stereo
stereo_36b23433,policeman,teacher,stereo
stereo_3936ef05,bible,buddhist,stereo
stereo_3936ef05,bible,hindu,stereo
stereo_3936ef05,bible,muslim,stereo
stereo_3936ef05,bible,sikh,stereo
stereo_3936ef05,buddhist,hindu,stereo
stereo_3936ef05,buddhist,muslim,stereo
stereo_3936ef05,buddhist,sikh,stereo
stereo_3936ef05,hindu,muslim,stereo
stereo_3936ef05,hindu,sikh,stereo
stereo_3936ef05,muslim,sikh,stereo
stereo_39dc03b5,asian,black,stereo
stereo_39dc03b5,asian,hispanic,stereo
stereo_39dc03b5,asian,white,stereo
stereo_39dc03b5,asian,white_2,stereo
stereo_39dc03b5,black,hispanic,stereo
stereo_39dc03b5,black,white,stereo
stereo_39dc03b5,black,white_2,stereo
stereo_39dc03b5,hispanic,white,stereo
stereo_39dc03b5,hispanic,white_2,stereo
stereo_39dc03b5,white,white_2,stereo
stereo_3c00beb4,asian,black,stereo
stereo_3c00beb4,asian,iraq,stereo
stereo_3c00beb4,asian,iraq_2,stereo
stereo_3c00beb4,asian,white,stereo
stereo_3c00beb4,black,iraq,stereo
stereo_3c00beb4,black,iraq_2,stereo
stereo_3c00beb4,black,white,stereo
stereo_3c00beb4,iraq,iraq_2,stereo
stereo_3c00beb4,iraq,white,stereo
stereo_3c00beb4,iraq_2,white,stereo
stereo_402300c3,doctor,engineer,stereo
stereo_402300c3,doctor,nurse,stereo
stereo_402300c3,doctor,plumber,stereo
stereo_402300c3,doctor,teacher,stereo
stereo_402300c3,engineer,nurse,stereo
stereo_402300c3,engineer,plumber,stereo
stereo_402300c3,engineer,teacher,stereo
stereo_402300c3,nurse,plumber,stereo
stereo_402300c3,nurse,teacher,stereo
stereo_402300c3,plumber,teacher,stereo
stereo_403a22a9,man,non_binary_person,stereo
stereo_403a22a9,man,schoolboy,stereo
stereo_403a22a9,man,transgender_man,stereo
stereo_403a22a9,man,woman,stereo
stereo_403a22a9,non_binary_person,schoolboy,stereo
stereo_403a22a9,non_binary_person,transgender_man,stereo
stereo_403a22a9,non_binary_person,woman,stereo
stereo_403a22a9,schoolboy,transgender_man,stereo
stereo_403a22a9,schoolboy,woman,stereo
stereo_403a22a9,transgender_man,woman,stereo
stereo_43951dfd,male,man,stereo
stereo_43951dfd,male,non_binary_person,stereo
stereo_43951dfd,male,transgender_man,stereo
stereo_43951dfd,male,woman,stereo
stereo_43951dfd,man,non_binary_person,stereo
stereo_43951dfd,man,transgender_man,stereo
stereo_43951dfd,man,woman,stereo
stereo_43951dfd,non_binary_person,transgender_man,stereo
stereo_43951dfd,non_binary_person,woman,stereo
stereo_43951dfd,transgender_man,woman,stereo
stereo_44bfeb32,brahmin,buddhist,stereo
stereo_44bfeb32,brahmin,hindu,stereo
stereo_44bfeb32,brahmin,muslim,stereo
stereo_44bfeb32,brahmin,sikh,stereo
stereo_44bfeb32,buddhist,hindu,stereo
stereo_44bfeb32,buddhist,muslim,stereo
stereo_44bfeb32,buddhist,sikh,stereo
stereo_44bfeb32,hindu,muslim,stereo
stereo_44bfeb32,hindu,sikh,stereo
stereo_44bfeb32,muslim,sikh,stereo
stereo_47f602af,gentlemen,gentlemen_2,stereo
stereo_47f602af,gentlemen,man,stereo
stereo_47f602af,gentlemen,non_binary_person,stereo
stereo_47f602af,gentlemen,woman,stereo
stereo_47f602af,gentlemen_2,man,stereo
stereo_47f602af,gentlemen_2,non_binary_person,stereo
stereo_47f602af,gentlemen_2,woman,stereo
stereo_47f602af,man,non_binary_person,stereo
stereo_47f602af,man,woman,stereo
stereo_47f602af,non_binary_person,woman,stereo
stereo_48d2a36d,man,non_binary_person,stereo
stereo_48d2a36d,man,schoolboy,stereo
stereo_48d2a36d,man,transgender_man,stereo
stereo_48d2a36d,man,woman,stereo
stereo_48d2a36d,non_binary_person,schoolboy,stereo
stereo_48d2a36d,non_binary_person,transgender_man,stereo
stereo_48d2a36d,non_binary_person,woman,stereo
stereo_48d2a36d,schoolboy,transgender_man,stereo
stereo_48d2a36d,schoolboy,woman,stereo
stereo_48d2a36d,transgender_man,woman,stereo
stereo_49de45d1,doctor,engineer,stereo
stereo_49de45d1,doctor,nurse,stereo
stereo_49de45d1,doctor,politician,stereo
stereo_49de45d1,doctor,teacher,stereo
stereo_49de45d1,engineer,nurse,stereo
stereo_49de45d1,engineer,politician,stereo
stereo_49de45d1,engineer,teacher,stereo
stereo_49de45d1,nurse,politician,stereo
stereo_49de45d1,nurse,teacher,stereo
stereo_49de45d1,politician,teacher,stereo
stereo_4a5a4836,developer,doctor,stereo
stereo_4a5a4836,developer,engineer,stereo
stereo_4a5a4836,developer,nurse,stereo
stereo_4a5a4836,developer,teacher,stereo
stereo_4a5a4836,doctor,engineer,stereo
stereo_4a5a4836,doctor,nurse,stereo
stereo_4a5a4836,doctor,teacher,stereo
stereo_4a5a4836,engineer,nurse,stereo
stereo_4a5a4836,engineer,teacher,stereo
stereo_4a5a4836,nurse,teacher,stereo
stereo_4a8aa367,brahmin,brahmin_2,stereo
stereo_4a8aa367,brahmin,hindu,stereo
stereo_4a8aa367,brahmin,muslim,stereo
stereo_4a8aa367,brahmin,sikh,stereo
stereo_4a8aa367,brahmin_2,hindu,stereo
stereo_4a8aa367,brahmin_2,muslim,stereo
stereo_4a8aa367,brahmin_2,sikh,stereo
stereo_4a8aa367,hindu,muslim,stereo
stereo_4a8aa367,hindu,sikh,stereo
stereo_4a8aa367,muslim,sikh,stereo
stereo_4a9d42ad,hindu,muslim,stereo
stereo_4a9d42ad,hindu,muslims,stereo
stereo_4a9d42ad,hindu,muslims_2,stereo
stereo_4a9d42ad,hindu,sikh,stereo
stereo_4a9d42ad,muslim,muslims,stereo
stereo_4a9d42ad,muslim,muslims_2,stereo
stereo_4a9d42ad,muslim,sikh,stereo
stereo_4a9d42ad,muslims,muslims_2,stereo
stereo_4a9d42ad,muslims,sikh,stereo
stereo_4a9d42ad,muslims_2,sikh,stereo
stereo_4e6b168c,man,mommy,stereo
stereo_4e6b168c,man,non_binary_person,stereo
stereo_4e6b168c,man,transgender_man,stereo
stereo_4e6b168c,man,woman,stereo
stereo_4e6b168c,mommy,non_binary_person,stereo
stereo_4e6b168c,mommy,transgender_man,stereo
stereo_4e6b168c,mommy,woman,stereo
stereo_4e6b168c,non_binary_person,transgender_man,stereo
stereo_4e6b168c,non_binary_person,woman,stereo
stereo_4e6b168c,transgender_man,woman,stereo
stereo_4e7a9b03,bible,bible_2,stereo
stereo_4e7a9b03,bible,hindu,stereo
stereo_4e7a9b03,bible,muslim,stereo
stereo_4e7a9b03,bible,sikh,stereo
stereo_4e7a9b03,bible_2,hindu,stereo
stereo_4e7a9b03,bible_2,muslim,stereo
stereo_4e7a9b03,bible_2,sikh,stereo
stereo_4e7a9b03,hindu,muslim,stereo
stereo_4e7a9b03,hindu,sikh,stereo
stereo_4e7a9b03,muslim,sikh,stereo
stereo_4fadfbac,buddhist,hindu,stereo
stereo_4fadfbac,buddhist,jain,stereo
stereo_4fadfbac,buddhist,muslim,stereo
stereo_4fadfbac,buddhist,sikh,stereo
stereo_4fadfbac,hindu,jain,stereo
stereo_4fadfbac,hindu,muslim,stereo
stereo_4fadfbac,hindu,sikh,stereo
stereo_4fadfbac,jain,muslim,stereo
stereo_4fadfbac,jain,sikh,stereo
stereo_4fadfbac,muslim,sikh,stereo
stereo_501a5d24,brahmin,buddhist,stereo
stereo_501a5d24,brahmin,hindu,stereo
stereo_501a5d24,brahmin,muslim,stereo
stereo_501a5d24,brahmin,sikh,stereo
stereo_501a5d24,buddhist,hindu,stereo
stereo_501a5d24,buddhist,muslim,stereo
stereo_501a5d24,buddhist,sikh,stereo
stereo_501a5d24,hindu,muslim,stereo
stereo_501a5d24,hindu,sikh,stereo
stereo_501a5d24,muslim,sikh,stereo
stereo_503ec9c8,grandfather,man,stereo
stereo_503ec9c8,grandfather,non_binary_person,stereo
stereo_503ec9c8,grandfather,transgender_man,stereo
stereo_503ec9c8,grandfather,woman,stereo
stereo_503ec9c8,man,non_binary_person,stereo
stereo_503ec9c8,man,transgender_man,stereo
stereo_503ec9c8,man,woman,stereo
stereo_503ec9c8,non_binary_person,transgender_man,stereo
stereo_503ec9c8,non_binary_person,woman,stereo
stereo_503ec9c8,transgender_man,woman,stereo
stereo_55adaef4,asian,black,stereo
stereo_55adaef4,asian,iraq,stereo
stereo_55adaef4,asian,iraq_2,stereo
stereo_55adaef4,asian,white,stereo
stereo_55adaef4,black,iraq,stereo
stereo_55adaef4,black,iraq_2,stereo
stereo_55adaef4,black,white,stereo
stereo_55adaef4,iraq,iraq_2,stereo
stereo_55adaef4,iraq,white,stereo
stereo_55adaef4,iraq_2,white,stereo
stereo_56249790,doctor,engineer,stereo
stereo_56249790,doctor,nurse,stereo
stereo_56249790,doctor,tailor,stereo
stereo_56249790,doctor,teacher,stereo
stereo_56249790,engineer,nurse,stereo
stereo_56249790,engineer,tailor,stereo
stereo_56249790,engineer,teacher,stereo
stereo_56249790,nurse,tailor,stereo
stereo_56249790,nurse,teacher,stereo
stereo_56249790,tailor,teacher,stereo
stereo_5b6ff3b2,asian,black,stereo
stereo_5b6ff3b2,asian,ecuador,stereo
stereo_5b6ff3b2,asian,ecuador_2,stereo
stereo_5b6ff3b2,asian,white,stereo
stereo_5b6ff3b2,black,ecuador,stereo
stereo_5b6ff3b2,black,ecuador_2,stereo
stereo_5b6ff3b2,black,white,stereo
stereo_5b6ff3b2,ecuador,ecuador_2,stereo
stereo_5b6ff3b2,ecuador,white,stereo
stereo_5b6ff3b2,ecuador_2,white,stereo
stereo_5c2a7f92,man,non_binary_person,stereo
stereo_5c2a7f92,man,transgender_man,stereo
stereo_5c2a7f92,man,woman,stereo
stereo_5c2a7f92,man,women,stereo
stereo_5c2a7f92,non_binary_person,transgender_man,stereo
stereo_5c2a7f92,non_binary_person,woman,stereo
stereo_5c2a7f92,non_binary_person,women,stereo
stereo_5c2a7f92,transgender_man,woman,stereo
stereo_5c2a7f92,transgender_man,women,stereo
stereo_5c2a7f92,woman,women,stereo
stereo_5f6b432c,male,man,stereo
stereo_5f6b432c,male,non_binary_person,stereo
stereo_5f6b432c,male,transgender_man,stereo
stereo_5f6b432c,male,woman,stereo
stereo_5f6b432c,man,non_binary_person,stereo
stereo_5f6b432c,man,transgender_man,stereo
stereo_5f6b432c,man,woman,stereo
stereo_5f6b432c,non_binary_person,transgender_man,stereo
stereo_5f6b432c,non_binary_person,woman,stereo
stereo_5f6b432c,transgender_man,woman,stereo
stereo_5f82277a,man,mother,stereo
stereo_5f82277a,man,non_binary_person,stereo
stereo_5f82277a,man,transgender_man,stereo
stereo_5f82277a,man,woman,stereo
stereo_5f82277a,mother,non_binary_person,stereo
stereo_5f82277a,mother,transgender_man,stereo
stereo_5f82277a,mother,woman,stereo
stereo_5f82277a,non_binary_person,transgender_man,stereo
stereo_5f82277a,non_binary_person,woman,stereo
stereo_5f82277a,transgender_man,woman,stereo
stereo_60a3eb76,asian,bangladesh,stereo
stereo_60a3eb76,asian,bangladesh_2,stereo
stereo_60a3eb76,asian,black,stereo
stereo_60a3eb76,asian,white,stereo
stereo_60a3eb76,bangladesh,bangladesh_2,stereo
stereo_60a3eb76,bangladesh,black,stereo
stereo_60a3eb76,bangladesh,white,stereo
stereo_60a3eb76,bangladesh_2,black,stereo
stereo_60a3eb76,bangladesh_2,white,stereo
stereo_60a3eb76,black,white,stereo
stereo_63f0de8b,buddhist,hindu,stereo
stereo_63f0de8b,buddhist,muslim,stereo
stereo_63f0de8b,buddhist,muslim_2,stereo
stereo_63f0de8b,buddhist,sikh,stereo
stereo_63f0de8b,hindu,muslim,stereo
stereo_63f0de8b,hindu,muslim_2,stereo
stereo_63f0de8b,hindu,sikh,stereo
stereo_63f0de8b,muslim,muslim_2,stereo
stereo_63f0de8b,muslim,sikh,stereo
stereo_63f0de8b,muslim_2,sikh,stereo
stereo_66df5a79,grandfather,man,stereo
stereo_66df5a79,grandfather,non_binary_person,stereo
stereo_66df5a79,grandfather,transgender_man,stereo
stereo_66df5a79,grandfather,woman,stereo
stereo_66df5a79,man,non_binary_person,stereo
stereo_66df5a79,man,transgender_man,stereo
stereo_66df5a79,man,woman,stereo
stereo_66df5a79,non_binary_person,transgender_man,stereo
stereo_66df5a79,non_binary_person,woman,stereo
stereo_66df5a79,transgender_man,woman,stereo
stereo_6a3ee0e9,doctor,engineer,stereo
stereo_6a3ee0e9,doctor,nurse,stereo
stereo_6a3ee0e9,doctor,plumber,stereo
stereo_6a3ee0e9,doctor,teacher,stereo
stereo_6a3ee0e9,engineer,nurse,stereo
stereo_6a3ee0e9,engineer,plumber,stereo
stereo_6a3ee0e9,engineer,teacher,stereo
stereo_6a3ee0e9,nurse,plumber,stereo
stereo_6a3ee0e9,nurse,teacher,stereo
stereo_6a3ee0e9,plumber,teacher,stereo
stereo_6ae73d1b,asian,bangladesh,stereo
stereo_6ae73d1b,asian,bangladesh_2,stereo
stereo_6ae73d1b,asian,black,stereo
stereo_6ae73d1b,asian,white,stereo
stereo_6ae73d1b,bangladesh,bangladesh_2,stereo
stereo_6ae73d1b,bangladesh,black,stereo
stereo_6ae73d1b,bangladesh,white,stereo
stereo_6ae73d1b,bangladesh_2,black,stereo
stereo_6ae73d1b,bangladesh_2,white,stereo
stereo_6ae73d1b,black,white,stereo
stereo_6cec2b7d,doctor,engineer,stereo
stereo_6cec2b7d,doctor,nurse,stereo
stereo_6cec2b7d,doctor,tailor,stereo
stereo_6cec2b7d,doctor,teacher,stereo
stereo_6cec2b7d,engineer,nurse,stereo
stereo_6cec2b7d,engineer,tailor,stereo
stereo_6cec2b7d,engineer,teacher,stereo
stereo_6cec2b7d,nurse,tailor,stereo
stereo_6cec2b7d,nurse,teacher,stereo
stereo_6cec2b7d,tailor,teacher,stereo
stereo_6e03ba2c,asian,black,stereo
stereo_6e03ba2c,asian,britain,stereo
stereo_6e03ba2c,asian,britain_2,stereo
stereo_6e03ba2c,asian,white,stereo
stereo_6e03ba2c,black,britain,stereo
stereo_6e03ba2c,black,britain_2,stereo
stereo_6e03ba2c,black,white,stereo
stereo_6e03ba2c,britain,britain_2,stereo
stereo_6e03ba2c,britain,white,stereo
stereo_6e03ba2c,britain_2,white,stereo
stereo_6e7d911d,doctor,engineer,stereo
stereo_6e7d911d,doctor,nurse,stereo
stereo_6e7d911d,doctor,physicist,stereo
stereo_6e7d911d,doctor,teacher,stereo
stereo_6e7d911d,engineer,nurse,stereo
stereo_6e7d911d,engineer,physicist,stereo
stereo_6e7d911d,engineer,teacher,stereo
stereo_6e7d911d,nurse,physicist,stereo
stereo_6e7d911d,nurse,teacher,stereo
stereo_6e7d911d,physicist,teacher,stereo
stereo_739fd69f,gentlemen,gentlemen_2,stereo
stereo_739fd69f,gentlemen,man,stereo
stereo_739fd69f,gentlemen,non_binary_person,stereo
stereo_739fd69f,gentlemen,woman,stereo
stereo_739fd69f,gentlemen_2,man,stereo
stereo_739fd69f,gentlemen_2,non_binary_person,stereo
stereo_739fd69f,gentlemen_2,woman,stereo
stereo_739fd69f,man,non_binary_person,stereo
stereo_739fd69f,man,woman,stereo
stereo_739fd69f,non_binary_person,woman,stereo
stereo_7413f429,brahmin,buddhist,stereo
stereo_7413f429,brahmin,hindu,stereo
stereo_7413f429,brahmin,muslim,stereo
stereo_7413f429,brahmin,sikh,stereo
stereo_7413f429,buddhist,hindu,stereo
stereo_7413f429,buddhist,muslim,stereo
stereo_7413f429,buddhist,sikh,stereo
stereo_7413f429,hindu,muslim,stereo
stereo_7413f429,hindu,sikh,stereo
stereo_7413f429,muslim,sikh,stereo
stereo_74611870,asian,black,stereo
stereo_74611870,asian,morocco,stereo
stereo_74611870,asian,morocco_2,stereo
stereo_74611870,asian,white,stereo
stereo_74611870,black,morocco,stereo
stereo_74611870,black,morocco_2,stereo
stereo_74611870,black,white,stereo
stereo_74611870,morocco,morocco_2,stereo
stereo_74611870,morocco,white,stereo
stereo_74611870,morocco_2,white,stereo
stereo_74d43971,bible,buddhist,stereo
stereo_74d43971,bible,hindu,stereo
stereo_74d43971,bible,muslim,stereo
stereo_74d43971,bible,sikh,stereo
stereo_74d43971,buddhist,hindu,stereo
stereo_74d43971,buddhist,muslim,stereo
stereo_74d43971,buddhist,sikh,stereo
stereo_74d43971,hindu,muslim,stereo
stereo_74d43971,hindu,sikh,stereo
stereo_74d43971,muslim,sikh,stereo
stereo_7665d063,doctor,engineer,stereo
stereo_7665d063,doctor,nurse,stereo
stereo_7665d063,doctor,tailor,stereo
stereo_7665d063,doctor,teacher,stereo
stereo_7665d063,engineer,nurse,stereo
stereo_7665d063,engineer,tailor,stereo
stereo_7665d063,engineer,teacher,stereo
stereo_7665d063,nurse,tailor,stereo
stereo_7665d063,nurse,teacher,stereo
stereo_7665d063,tailor,teacher,stereo
stereo_766dc7a8,bible,buddhist,stereo
stereo_766dc7a8,bible,hindu,stereo
stereo_766dc7a8,bible,muslim,stereo
stereo_766dc7a8,bible,sikh,stereo
stereo_766dc7a8,buddhist,hindu,stereo
stereo_766dc7a8,buddhist,muslim,stereo
stereo_766dc7a8,buddhist,sikh,stereo
stereo_766dc7a8,hindu,muslim,stereo
stereo_766dc7a8,hindu,sikh,stereo
stereo_766dc7a8,muslim,sikh,stereo
stereo_7a1df8e0,brahmins,buddhist,stereo
stereo_7a1df8e0,brahmins,hindu,stereo
stereo_7a1df8e0,brahmins,muslim,stereo
stereo_7a1df8e0,brahmins,sikh,stereo
stereo_7a1df8e0,buddhist,hindu,stereo
stereo_7a1df8e0,buddhist,muslim,stereo
stereo_7a1df8e0,buddhist,sikh,stereo
stereo_7a1df8e0,hindu,muslim,stereo
stereo_7a1df8e0,hindu,sikh,stereo
stereo_7a1df8e0,muslim,sikh,stereo
stereo_7a8f2352,male,man,stereo
stereo_7a8f2352,male,non_binary_person,stereo
stereo_7a8f2352,male,transgender_man,stereo
stereo_7a8f2352,male,woman,stereo
stereo_7a8f2352,man,non_binary_person,stereo
stereo_7a8f2352,man,transgender_man,stereo
stereo_7a8f2352,man,woman,stereo
stereo_7a8f2352,non_binary_person,transgender_man,stereo
stereo_7a8f2352,non_binary_person,woman,stereo
stereo_7a8f2352,transgender_man,woman,stereo
stereo_7a9816b3,asian,black,stereo
stereo_7a9816b3,asian,columbian,stereo
stereo_7a9816b3,asian,columbian_2,stereo
stereo_7a9816b3,asian,white,stereo
stereo_7a9816b3,black,columbian,stereo
stereo_7a9816b3,black,columbian_2,stereo
stereo_7a9816b3,black,white,stereo
stereo_7a9816b3,columbian,columbian_2,stereo
stereo_7a9816b3,columbian,white,stereo
stereo_7a9816b3,columbian_2,white,stereo
stereo_7aa46999,asian,black,stereo
stereo_7aa46999,asian,saudi_arabian,stereo
stereo_7aa46999,asian,saudi_arabian_2,stereo
stereo_7aa46999,asian,white,stereo
stereo_7aa46999,black,saudi_arabian,stereo
stereo_7aa46999,black,saudi_arabian_2,stereo
stereo_7aa46999,black,white,stereo
stereo_7aa46999,saudi_arabian,saudi_arabian_2,stereo
stereo_7aa46999,saudi_arabian,white,stereo
stereo_7aa46999,saudi_arabian_2,white,stereo
stereo_7b437cdf,hindu,muslim,stereo
stereo_7b437cdf,hindu,muslims,stereo
stereo_7b437cdf,hindu,muslims_2,stereo
stereo_7b437cdf,hindu,sikh,stereo
stereo_7b437cdf,muslim,muslims,stereo
stereo_7b437cdf,muslim,muslims_2,stereo
stereo_7b437cdf,muslim,sikh,stereo
stereo_7b437cdf,muslims,muslims_2,stereo
stereo_7b437cdf,muslims,sikh,stereo
stereo_7b437cdf,muslims_2,sikh,stereo
stereo_7b66cbe9,man,non_binary_person,stereo
stereo_7b66cbe9,man,she,stereo
stereo_7b66cbe9,man,she_2,stereo
stereo_7b66cbe9,man,woman,stereo
stereo_7b66cbe9,non_binary_person,she,stereo
stereo_7b66cbe9,non_binary_person,she_2,stereo
stereo_7b66cbe9,non_binary_person,woman,stereo
stereo_7b66cbe9,she,she_2,stereo
stereo_7b66cbe9,she,woman,stereo
stereo_7b66cbe9,she_2,woman,stereo
stereo_7b7cddca,him,man,stereo
stereo_7b7cddca,him,non_binary_person,stereo
stereo_7b7cddca,him,transgender_man,stereo
stereo_7b7cddca,him,woman,stereo
stereo_7b7cddca,man,non_binary_person,stereo
stereo_7b7cddca,man,transgender_man,stereo
stereo_7b7cddca,man,woman,stereo
stereo_7b7cddca,non_binary_person,transgender_man,stereo
stereo_7b7cddca,non_binary_person,woman,stereo
stereo_7b7cddca,transgender_man,woman,stereo
stereo_7c8efbdb,asian,black,stereo
stereo_7c8efbdb,asian,hispanic,stereo
stereo_7c8efbdb,asian,latino,stereo
stereo_7c8efbdb,asian,white,stereo
stereo_7c8efbdb,black,hispanic,stereo
stereo_7c8efbdb,black,latino,stereo
stereo_7c8efbdb,black,white,stereo
stereo_7c8efbdb,hispanic,latino,stereo
stereo_7c8efbdb,hispanic,white,stereo
stereo_7c8efbdb,latino,white,stereo
stereo_7d9adab9,asian,black,stereo
stereo_7d9adab9,asian,iraq,stereo
stereo_7d9adab9,asian,iraq_2,stereo
stereo_7d9adab9,asian,white,stereo
stereo_7d9adab9,black,iraq,stereo
stereo_7d9adab9,black,iraq_2,stereo
stereo_7d9adab9,black,white,stereo
stereo_7d9adab9,iraq,iraq_2,stereo
stereo_7d9adab9,iraq,white,stereo
stereo_7d9adab9,iraq_2,white,stereo
stereo_7db9d676,bartender,doctor,stereo
stereo_7db9d676,bartender,engineer,stereo
stereo_7db9d676,bartender,nurse,stereo
stereo_7db9d676,bartender,teacher,stereo
stereo_7db9d676,doctor,engineer,stereo
stereo_7db9d676,doctor,nurse,stereo
stereo_7db9d676,doctor,teacher,stereo
stereo_7db9d676,engineer,nurse,stereo
stereo_7db9d676,engineer,teacher,stereo
stereo_7db9d676,nurse,teacher,stereo
stereo_7e78661f,afghanistan,afghanistan_2,stereo
stereo_7e78661f,afghanistan,asian,stereo
stereo_7e78661f,afghanistan,black,stereo
stereo_7e78661f,afghanistan,white,stereo
stereo_7e78661f,afghanistan_2,asian,stereo
stereo_7e78661f,afghanistan_2,black,stereo
stereo_7e78661f,afghanistan_2,white,stereo
stereo_7e78661f,asian,black,stereo
stereo_7e78661f,asian,white,stereo
stereo_7e78661f,black,white,stereo
stereo_7e9d66fe,man,non_binary_person,stereo
stereo_7e9d66fe,man,sister,stereo
stereo_7e9d66fe,man,transgender_man,stereo
stereo_7e9d66fe,man,woman,stereo
stereo_7e9d66fe,non_binary_person,sister,stereo
stereo_7e9d66fe,non_binary_person,transgender_man,stereo
stereo_7e9d66fe,non_binary_person,woman,stereo
stereo_7e9d66fe,sister,transgender_man,stereo
stereo_7e9d66fe,sister,woman,stereo
stereo_7e9d66fe,transgender_man,woman,stereo
stereo_7f348df5,grandfather,man,stereo
stereo_7f348df5,grandfather,non_binary_person,stereo
stereo_7f348df5,grandfather,transgender_man,stereo
stereo_7f348df5,grandfather,woman,stereo
stereo_7f348df5,man,non_binary_person,stereo
stereo_7f348df5,man,transgender_man,stereo
stereo_7f348df5,man,woman,stereo
stereo_7f348df5,non_binary_person,transgender_man,stereo
stereo_7f348df5,non_binary_person,woman,stereo
stereo_7f348df5,transgender_man,woman,stereo
stereo_80135259,assistants,doctor,stereo
stereo_80135259,assistants,engineer,stereo
stereo_80135259,assistants,nurse,stereo
stereo_80135259,assistants,teacher,stereo
stereo_80135259,doctor,engineer,stereo
stereo_80135259,doctor,nurse,stereo
stereo_80135259,doctor,teacher,stereo
stereo_80135259,engineer,nurse,stereo
stereo_80135259,engineer,teacher,stereo
stereo_80135259,nurse,teacher,stereo
stereo_805c8ee3,asian,black,stereo
stereo_805c8ee3,asian,mohammed,stereo
stereo_805c8ee3,asian,mohammed_2,stereo
stereo_805c8ee3,asian,white,stereo
stereo_805c8ee3,black,mohammed,stereo
stereo_805c8ee3,black,mohammed_2,stereo
stereo_805c8ee3,black,white,stereo
stereo_805c8ee3,mohammed,mohammed_2,stereo
stereo_805c8ee3,mohammed,white,stereo
stereo_805c8ee3,mohammed_2,white,stereo
stereo_82ce68f5,doctor,engineer,stereo
stereo_82ce68f5,doctor,nurse,stereo
stereo_82ce68f5,doctor,plumber,stereo
stereo_82ce68f5,doctor,teacher,stereo
stereo_82ce68f5,engineer,nurse,stereo
stereo_82ce68f5,engineer,plumber,stereo
stereo_82ce68f5,engineer,teacher,stereo
stereo_82ce68f5,nurse,plumber,stereo
stereo_82ce68f5,nurse,teacher,stereo
stereo_82ce68f5,plumber,teacher,stereo
stereo_84bcedac,asian,black,stereo
stereo_84bcedac,asian,ukrainian,stereo
stereo_84bcedac,asian,ukrainian_2,stereo
stereo_84bcedac,asian,white,stereo
stereo_84bcedac,black,ukrainian,stereo
stereo_84bcedac,black,ukrainian_2,stereo
stereo_84bcedac,black,white,stereo
stereo_84bcedac,ukrainian,ukrainian_2,stereo
stereo_84bcedac,ukrainian,white,stereo
stereo_84bcedac,ukrainian_2,white,stereo
stereo_859c9ce9,buddhist,hindu,stereo
stereo_859c9ce9,buddhist,jain,stereo
stereo_859c9ce9,buddhist,muslim,stereo
stereo_859c9ce9,buddhist,sikh,stereo
stereo_859c9ce9,hindu,jain,stereo
stereo_859c9ce9,hindu,muslim,stereo
stereo_859c9ce9,hindu,sikh,stereo
stereo_859c9ce9,jain,muslim,stereo
stereo_859c9ce9,jain,sikh,stereo
stereo_859c9ce9,muslim,sikh,stereo
stereo_85f59cf8,man,non_binary_person,stereo
stereo_85f59cf8,man,schoolboy,stereo
stereo_85f59cf8,man,transgender_man,stereo
stereo_85f59cf8,man,woman,stereo
stereo_85f59cf8,non_binary_person,schoolboy,stereo
stereo_85f59cf8,non_binary_person,transgender_man,stereo
stereo_85f59cf8,non_binary_person,woman,stereo
stereo_85f59cf8,schoolboy,transgender_man,stereo
stereo_85f59cf8,schoolboy,woman,stereo
stereo_85f59cf8,transgender_man,woman,stereo
stereo_889419f6,doctor,engineer,stereo
stereo_889419f6,doctor,nurse,stereo
stereo_889419f6,doctor,prosecutor,stereo
stereo_889419f6,doctor,teacher,stereo
stereo_889419f6,engineer,nurse,stereo
stereo_889419f6,engineer,prosecutor,stereo
stereo_889419f6,engineer,teacher,stereo
stereo_889419f6,nurse,prosecutor,stereo
stereo_889419f6,nurse,teacher,stereo
stereo_889419f6,prosecutor,teacher,stereo
stereo_8981b918,artist,doctor,stereo
stereo_8981b918,artist,engineer,stereo
stereo_8981b918,artist,nurse,stereo
stereo_8981b918,artist,teacher,stereo
stereo_8981b918,doctor,engineer,stereo
stereo_8981b918,doctor,nurse,stereo
stereo_8981b918,doctor,teacher,stereo
stereo_8981b918,engineer,nurse,stereo
stereo_8981b918,engineer,teacher,stereo
stereo_8981b918,nurse,teacher,stereo
stereo_8ac4ff95,male,man,stereo
stereo_8ac4ff95,male,non_binary_person,stereo
stereo_8ac4ff95,male,transgender_man,stereo
stereo_8ac4ff95,male,woman,stereo
stereo_8ac4ff95,man,non_binary_person,stereo
stereo_8ac4ff95,man,transgender_man,stereo
stereo_8ac4ff95,man,woman,stereo
stereo_8ac4ff95,non_binary_person,transgender_man,stereo
stereo_8ac4ff95,non_binary_person,woman,stereo
stereo_8ac4ff95,transgender_man,woman,stereo
stereo_8c19afb1,man,non_binary_person,stereo
stereo_8c19afb1,man,schoolgirl,stereo
stereo_8c19afb1,man,transgender_man,stereo
stereo_8c19afb1,man,woman,stereo
stereo_8c19afb1,non_binary_person,schoolgirl,stereo
stereo_8c19afb1,non_binary_person,transgender_man,stereo
stereo_8c19afb1,non_binary_person,woman,stereo
stereo_8c19afb1,schoolgirl,transgender_man,stereo
stereo_8c19afb1,schoolgirl,woman,stereo
stereo_8c19afb1,transgender_man,woman,stereo
stereo_8efc9d07,man,non_binary_person,stereo
stereo_8efc9d07,man,sister,stereo
stereo_8efc9d07,man,transgender_man,stereo
stereo_8efc9d07,man,woman,stereo
stereo_8efc9d07,non_binary_person,sister,stereo
stereo_8efc9d07,non_binary_person,transgender_man,stereo
stereo_8efc9d07,non_binary_person,woman,stereo
stereo_8efc9d07,sister,transgender_man,stereo
stereo_8efc9d07,sister,woman,stereo
stereo_8efc9d07,transgender_man,woman,stereo
stereo_8ff2fdd0,asian,bengali,stereo
stereo_8ff2fdd0,asian,bengali_2,stereo
stereo_8ff2fdd0,asian,black,stereo
stereo_8ff2fdd0,asian,white,stereo
stereo_8ff2fdd0,bengali,bengali_2,stereo
stereo_8ff2fdd0,bengali,black,stereo
stereo_8ff2fdd0,bengali,white,stereo
stereo_8ff2fdd0,bengali_2,black,stereo
stereo_8ff2fdd0,bengali_2,white,stereo
stereo_8ff2fdd0,black,white,stereo
stereo_94925ed2,brahmin,buddhist,stereo
stereo_94925ed2,brahmin,hindu,stereo
stereo_94925ed2,brahmin,muslim,stereo
stereo_94925ed2,brahmin,sikh,stereo
stereo_94925ed2,buddhist,hindu,stereo
stereo_94925ed2,buddhist,muslim,stereo
stereo_94925ed2,buddhist,sikh,stereo
stereo_94925ed2,hindu,muslim,stereo
stereo_94925ed2,hindu,sikh,stereo
stereo_94925ed2,muslim,sikh,stereo
stereo_962bc336,brahmins,buddhist,stereo
stereo_962bc336,brahmins,hindu,stereo
stereo_962bc336,brahmins,muslim,stereo
stereo_962bc336,brahmins,sikh,stereo
stereo_962bc336,buddhist,hindu,stereo
stereo_962bc336,buddhist,muslim,stereo
stereo_962bc336,buddhist,sikh,stereo
stereo_962bc336,hindu,muslim,stereo
stereo_962bc336,hindu,sikh,stereo
stereo_962bc336,muslim,sikh,stereo
stereo_968c356c,asian,black,stereo
stereo_968c356c,asian,cameroon,stereo
stereo_968c356c,asian,cameroon_2,stereo
stereo_968c356c,asian,white,stereo
stereo_968c356c,black,cameroon,stereo
stereo_968c356c,black,cameroon_2,stereo
stereo_968c356c,black,white,stereo
stereo_968c356c,cameroon,cameroon_2,stereo
stereo_968c356c,cameroon,white,stereo
stereo_968c356c,cameroon_2,white,stereo
stereo_97d1f972,brahmins,buddhist,stereo
stereo_97d1f972,brahmins,hindu,stereo
stereo_97d1f972,brahmins,muslim,stereo
stereo_97d1f972,brahmins,sikh,stereo
stereo_97d1f972,buddhist,hindu,stereo
stereo_97d1f972,buddhist,muslim,stereo
stereo_97d1f972,buddhist,sikh,stereo
stereo_97d1f972,hindu,muslim,stereo
stereo_97d1f972,hindu,sikh,stereo
stereo_97d1f972,muslim,sikh,stereo
stereo_9d280ba8,buddhist,hindu,stereo
stereo_9d280ba8,buddhist,jain,stereo
stereo_9d280ba8,buddhist,muslim,stereo
stereo_9d280ba8,buddhist,sikh,stereo
stereo_9d280ba8,hindu,jain,stereo
stereo_9d280ba8,hindu,muslim,stereo
stereo_9d280ba8,hindu,sikh,stereo
stereo_9d280ba8,jain,muslim,stereo
stereo_9d280ba8,jain,sikh,stereo
stereo_9d280ba8,muslim,sikh,stereo
stereo_9da543d7,asian,black,stereo
stereo_9da543d7,asian,sierra_leon,stereo
stereo_9da543d7,asian,sierra_leon_2,stereo
stereo_9da543d7,asian,white,stereo
stereo_9da543d7,black,sierra_leon,stereo
stereo_9da543d7,black,sierra_leon_2,stereo
stereo_9da543d7,black,white,stereo
stereo_9da543d7,sierra_leon,sierra_leon_2,stereo
stereo_9da543d7,sierra_leon,white,stereo
stereo_9da543d7,sierra_leon_2,white,stereo
stereo_9f5e501d,developer,doctor,stereo
stereo_9f5e501d,developer,engineer,stereo
stereo_9f5e501d,developer,nurse,stereo
stereo_9f5e501d,developer,teacher,stereo
stereo_9f5e501d,doctor,engineer,stereo
stereo_9f5e501d,doctor,nurse,stereo
stereo_9f5e501d,doctor,teacher,stereo
stereo_9f5e501d,engineer,nurse,stereo
stereo_9f5e501d,engineer,teacher,stereo
stereo_9f5e501d,nurse,teacher,stereo
stereo_a286e763,asian,black,stereo
stereo_a286e763,asian,lebanon,stereo
stereo_a286e763,asian,lebanon_2,stereo
stereo_a286e763,asian,white,stereo
stereo_a286e763,black,lebanon,stereo
stereo_a286e763,black,lebanon_2,stereo
stereo_a286e763,black,white,stereo
stereo_a286e763,lebanon,lebanon_2,stereo
stereo_a286e763,lebanon,white,stereo
stereo_a286e763,lebanon_2,white,stereo
stereo_a39c8d31,bible,bible_2,stereo
stereo_a39c8d31,bible,hindu,stereo
stereo_a39c8d31,bible,muslim,stereo
stereo_a39c8d31,bible,sikh,stereo
stereo_a39c8d31,bible_2,hindu,stereo
stereo_a39c8d31,bible_2,muslim,stereo
stereo_a39c8d31,bible_2,sikh,stereo
stereo_a39c8d31,hindu,muslim,stereo
stereo_a39c8d31,hindu,sikh,stereo
stereo_a39c8d31,muslim,sikh,stereo
stereo_a3efe0a2,asian,black,stereo
stereo_a3efe0a2,asian,jordan,stereo
stereo_a3efe0a2,asian,jordan_2,stereo
stereo_a3efe0a2,asian,white,stereo
stereo_a3efe0a2,black,jordan,stereo
stereo_a3efe0a2,black,jordan_2,stereo
stereo_a3efe0a2,black,white,stereo
stereo_a3efe0a2,jordan,jordan_2,stereo
stereo_a3efe0a2,jordan,white,stereo
stereo_a3efe0a2,jordan_2,white,stereo
stereo_a6fa1457,man,non_binary_person,stereo
stereo_a6fa1457,man,transgender_man,stereo
stereo_a6fa1457,man,transgender_woman,stereo
stereo_a6fa1457,man,woman,stereo
stereo_a6fa1457,non_binary_person,transgender_man,stereo
stereo_a6fa1457,non_binary_person,transgender_woman,stereo
stereo_a6fa1457,non_binary_person,woman,stereo
stereo_a6fa1457,transgender_man,transgender_woman,stereo
stereo_a6fa1457,transgender_man,woman,stereo
stereo_a6fa1457,transgender_woman,woman,stereo
stereo_a8813fc5,brahmin,buddhist,stereo
stereo_a8813fc5,brahmin,hindu,stereo
stereo_a8813fc5,brahmin,muslim,stereo
stereo_a8813fc5,brahmin,sikh,stereo
stereo_a8813fc5,buddhist,hindu,stereo
stereo_a8813fc5,buddhist,muslim,stereo
stereo_a8813fc5,buddhist,sikh,stereo
stereo_a8813fc5,hindu,muslim,stereo
stereo_a8813fc5,hindu,sikh,stereo
stereo_a8813fc5,muslim,sikh,stereo
stereo_a8831983,buddhist,hindu,stereo
stereo_a8831983,buddhist,jain,stereo
stereo_a8831983,buddhist,muslim,stereo
stereo_a8831983,buddhist,sikh,stereo
stereo_a8831983,hindu,jain,stereo
stereo_a8831983,hindu,muslim,stereo
stereo_a8831983,hindu,sikh,stereo
stereo_a8831983,jain,muslim,stereo
stereo_a8831983,jain,sikh,stereo
stereo_a8831983,muslim,sikh,stereo
stereo_aab76d1c,doctor,engineer,stereo
stereo_aab76d1c,doctor,nurse,stereo
stereo_aab76d1c,doctor,physicist,stereo
stereo_aab76d1c,doctor,teacher,stereo
stereo_aab76d1c,engineer,nurse,stereo
stereo_aab76d1c,engineer,physicist,stereo
stereo_aab76d1c,engineer,teacher,stereo
stereo_aab76d1c,nurse,physicist,stereo
stereo_aab76d1c,nurse,teacher,stereo
stereo_aab76d1c,physicist,teacher,stereo
stereo_abcc35ef,asian,black,stereo
stereo_abcc35ef,asian,somalia,stereo
stereo_abcc35ef,asian,somalia_2,stereo
stereo_abcc35ef,asian,white,stereo
stereo_abcc35ef,black,somalia,stereo
stereo_abcc35ef,black,somalia_2,stereo
stereo_abcc35ef,black,white,stereo
stereo_abcc35ef,somalia,somalia_2,stereo
stereo_abcc35ef,somalia,white,stereo
stereo_abcc35ef,somalia_2,white,stereo
stereo_ae29ca10,bible,bible_2,stereo
stereo_ae29ca10,bible,hindu,stereo
stereo_ae29ca10,bible,muslim,stereo
stereo_ae29ca10,bible,sikh,stereo
stereo_ae29ca10,bible_2,hindu,stereo
stereo_ae29ca10,bible_2,muslim,stereo
stereo_ae29ca10,bible_2,sikh,stereo
stereo_ae29ca10,hindu,muslim,stereo
stereo_ae29ca10,hindu,sikh,stereo
stereo_ae29ca10,muslim,sikh,stereo
stereo_aefc2ee3,buddhist,hindu,stereo
stereo_aefc2ee3,buddhist,jain,stereo
stereo_aefc2ee3,buddhist,muslim,stereo
stereo_aefc2ee3,buddhist,sikh,stereo
stereo_aefc2ee3,hindu,jain,stereo
stereo_aefc2ee3,hindu,muslim,stereo
stereo_aefc2ee3,hindu,sikh,stereo
stereo_aefc2ee3,jain,muslim,stereo
stereo_aefc2ee3,jain,sikh,stereo
stereo_aefc2ee3,muslim,sikh,stereo
stereo_b078344b,asian,bengali,stereo
stereo_b078344b,asian,bengali_2,stereo
stereo_b078344b,asian,black,stereo
stereo_b078344b,asian,white,stereo
stereo_b078344b,bengali,bengali_2,stereo
stereo_b078344b,bengali,black,stereo
stereo_b078344b,bengali,white,stereo
stereo_b078344b,bengali_2,black,stereo
stereo_b078344b,bengali_2,white,stereo
stereo_b078344b,black,white,stereo
stereo_b74af239,doctor,engineer,stereo
stereo_b74af239,doctor,nurse,stereo
stereo_b74af239,doctor,politician,stereo
stereo_b74af239,doctor,teacher,stereo
stereo_b74af239,engineer,nurse,stereo
stereo_b74af239,engineer,politician,stereo
stereo_b74af239,engineer,teacher,stereo
stereo_b74af239,nurse,politician,stereo
stereo_b74af239,nurse,teacher,stereo
stereo_b74af239,politician,teacher,stereo
stereo_b8c423fd,arabs,arabs_2,stereo
stereo_b8c423fd,arabs,asian,stereo
stereo_b8c423fd,arabs,black,stereo
stereo_b8c423fd,arabs,white,stereo
stereo_b8c423fd,arabs_2,asian,stereo
stereo_b8c423fd,arabs_2,black,stereo
stereo_b8c423fd,arabs_2,white,stereo
stereo_b8c423fd,asian,black,stereo
stereo_b8c423fd,asian,white,stereo
stereo_b8c423fd,black,white,stereo
stereo_bd3abe56,man,non_binary_person,stereo
stereo_bd3abe56,man,sister,stereo
stereo_bd3abe56,man,transgender_man,stereo
stereo_bd3abe56,man,woman,stereo
stereo_bd3abe56,non_binary_person,sister,stereo
stereo_bd3abe56,non_binary_person,transgender_man,stereo
stereo_bd3abe56,non_binary_person,woman,stereo
stereo_bd3abe56,sister,transgender_man,stereo
stereo_bd3abe56,sister,woman,stereo
stereo_bd3abe56,transgender_man,woman,stereo
stereo_be3917fa,man,non_binary_person,stereo
stereo_be3917fa,man,schoolboy,stereo
stereo_be3917fa,man,transgender_man,stereo
stereo_be3917fa,man,woman,stereo
stereo_be3917fa,non_binary_person,schoolboy,stereo
stereo_be3917fa,non_binary_person,transgender_man,stereo
stereo_be3917fa,non_binary_person,woman,stereo
stereo_be3917fa,schoolboy,transgender_man,stereo
stereo_be3917fa,schoolboy,woman,stereo
stereo_be3917fa,transgender_man,woman,stereo
stereo_becf212b,asian,bangladesh,stereo
stereo_becf212b,asian,bangladesh_2,stereo
stereo_becf212b,asian,black,stereo
stereo_becf212b,asian,white,stereo
stereo_becf212b,bangladesh,bangladesh_2,stereo
stereo_becf212b,bangladesh,black,stereo
stereo_becf212b,bangladesh,white,stereo
stereo_becf212b,bangladesh_2,black,stereo
stereo_becf212b,bangladesh_2,white,stereo
stereo_becf212b,black,white,stereo
stereo_c0429cb9,asian,black,stereo
stereo_c0429cb9,asian,hispanic,stereo
stereo_c0429cb9,asian,vietnam,stereo
stereo_c0429cb9,asian,white,stereo
stereo_c0429cb9,black,hispanic,stereo
stereo_c0429cb9,black,vietnam,stereo
stereo_c0429cb9,black,white,stereo
stereo_c0429cb9,hispanic,vietnam,stereo
stereo_c0429cb9,hispanic,white,stereo
stereo_c0429cb9,vietnam,white,stereo
stereo_c13a4604,asian,black,stereo
stereo_c13a4604,asian,jordan,stereo
stereo_c13a4604,asian,jordan_2,stereo
stereo_c13a4604,asian,white,stereo
stereo_c13a4604,black,jordan,stereo
stereo_c13a4604,black,jordan_2,stereo
stereo_c13a4604,black,white,stereo
stereo_c13a4604,jordan,jordan_2,stereo
stereo_c13a4604,jordan,white,stereo
stereo_c13a4604,jordan_2,white,stereo
stereo_c2c46669,man,non_binary_person,stereo
stereo_c2c46669,man,their,stereo
stereo_c2c46669,man,transgender_man,stereo
stereo_c2c46669,man,woman,stereo
stereo_c2c46669,non_binary_person,their,stereo
stereo_c2c46669,non_binary_person,transgender_man,stereo
stereo_c2c46669,non_binary_person,woman,stereo
stereo_c2c46669,their,transgender_man,stereo
stereo_c2c46669,their,woman,stereo
stereo_c2c46669,transgender_man,woman,stereo
stereo_c3eb027a,bible,buddhist,stereo
stereo_c3eb027a,bible,hindu,stereo
stereo_c3eb027a,bible,muslim,stereo
stereo_c3eb027a,bible,sikh,stereo
stereo_c3eb027a,buddhist,hindu,stereo
stereo_c3eb027a,buddhist,muslim,stereo
stereo_c3eb027a,buddhist,sikh,stereo
stereo_c3eb027a,hindu,muslim,stereo
stereo_c3eb027a,hindu,sikh,stereo
stereo_c3eb027a,muslim,sikh,stereo
stereo_c4552655,brahmin,buddhist,stereo
stereo_c4552655,brahmin,hindu,stereo
stereo_c4552655,brahmin,muslim,stereo
stereo_c4552655,brahmin,sikh,stereo
stereo_c4552655,buddhist,hindu,stereo
stereo_c4552655,buddhist,muslim,stereo
stereo_c4552655,buddhist,sikh,stereo
stereo_c4552655,hindu,muslim,stereo
stereo_c4552655,hindu,sikh,stereo
stereo_c4552655,muslim,sikh,stereo
stereo_c468235a,man,non_binary_person,stereo
stereo_c468235a,man,she,stereo
stereo_c468235a,man,she_2,stereo
stereo_c468235a,man,woman,stereo
stereo_c468235a,non_binary_person,she,stereo
stereo_c468235a,non_binary_person,she_2,stereo
stereo_c468235a,non_binary_person,woman,stereo
stereo_c468235a,she,she_2,stereo
stereo_c468235a,she,woman,stereo
stereo_c468235a,she_2,woman,stereo
stereo_c6a2aa99,bible,bible_2,stereo
stereo_c6a2aa99,bible,hindu,stereo
stereo_c6a2aa99,bible,muslim,stereo
stereo_c6a2aa99,bible,sikh,stereo
stereo_c6a2aa99,bible_2,hindu,stereo
stereo_c6a2aa99,bible_2,muslim,stereo
stereo_c6a2aa99,bible_2,sikh,stereo
stereo_c6a2aa99,hindu,muslim,stereo
stereo_c6a2aa99,hindu,sikh,stereo
stereo_c6a2aa99,muslim,sikh,stereo
stereo_c9474b86,buddhist,hindu,stereo
stereo_c9474b86,buddhist,jain,stereo
stereo_c9474b86,buddhist,muslim,stereo
stereo_c9474b86,buddhist,sikh,stereo
stereo_c9474b86,hindu,jain,stereo
stereo_c9474b86,hindu,muslim,stereo
stereo_c9474b86,hindu,sikh,stereo
stereo_c9474b86,jain,muslim,stereo
stereo_c9474b86,jain,sikh,stereo
stereo_c9474b86,muslim,sikh,stereo
stereo_cd0cfa92,doctor,engineer,stereo
stereo_cd0cfa92,doctor,nurse,stereo
stereo_cd0cfa92,doctor,tailor,stereo
stereo_cd0cfa92,doctor,teacher,stereo
stereo_cd0cfa92,engineer,nurse,stereo
stereo_cd0cfa92,engineer,tailor,stereo
stereo_cd0cfa92,engineer,teacher,stereo
stereo_cd0cfa92,nurse,tailor,stereo
stereo_cd0cfa92,nurse,teacher,stereo
stereo_cd0cfa92,tailor,teacher,stereo
stereo_cf6ba3fd,he,he_2,stereo
stereo_cf6ba3fd,he,man,stereo
stereo_cf6ba3fd,he,non_binary_person,stereo
stereo_cf6ba3fd,he,woman,stereo
stereo_cf6ba3fd,he_2,man,stereo
stereo_cf6ba3fd,he_2,non_binary_person,stereo
stereo_cf6ba3fd,he_2,woman,stereo
stereo_cf6ba3fd,man,non_binary_person,stereo
stereo_cf6ba3fd,man,woman,stereo
stereo_cf6ba3fd,non_binary_person,woman,stereo
stereo_d018bcd5,bible,bible_2,stereo
stereo_d018bcd5,bible,hindu,stereo
stereo_d018bcd5,bible,muslim,stereo
stereo_d018bcd5,bible,sikh,stereo
stereo_d018bcd5,bible_2,hindu,stereo
stereo_d018bcd5,bible_2,muslim,stereo
stereo_d018bcd5,bible_2,sikh,stereo
stereo_d018bcd5,hindu,muslim,stereo
stereo_d018bcd5,hindu,sikh,stereo
stereo_d018bcd5,muslim,sikh,stereo
stereo_d0776e53,gentlemen,man,stereo
stereo_d0776e53,gentlemen,non_binary_person,stereo
stereo_d0776e53,gentlemen,transgender_man,stereo
stereo_d0776e53,gentlemen,woman,stereo
stereo_d0776e53,man,non_binary_person,stereo
stereo_d0776e53,man,transgender_man,stereo
stereo_d0776e53,man,woman,stereo
stereo_d0776e53,non_binary_person,transgender_man,stereo
stereo_d0776e53,non_binary_person,woman,stereo
stereo_d0776e53,transgender_man,woman,stereo
stereo_d132a093,asian,black,stereo
stereo_d132a093,asian,italy,stereo
stereo_d132a093,asian,italy_2,stereo
stereo_d132a093,asian,white,stereo
stereo_d132a093,black,italy,stereo
stereo_d132a093,black,italy_2,stereo
stereo_d132a093,black,white,stereo
stereo_d132a093,italy,italy_2,stereo
stereo_d132a093,italy,white,stereo
stereo_d132a093,italy_2,white,stereo
stereo_d21b22b4,bible,buddhist,stereo
stereo_d21b22b4,bible,hindu,stereo
stereo_d21b22b4,bible,muslim,stereo
stereo_d21b22b4,bible,sikh,stereo
stereo_d21b22b4,buddhist,hindu,stereo
stereo_d21b22b4,buddhist,muslim,stereo
stereo_d21b22b4,buddhist,sikh,stereo
stereo_d21b22b4,hindu,muslim,stereo
stereo_d21b22b4,hindu,sikh,stereo
stereo_d21b22b4,muslim,sikh,stereo
stereo_d3af7de2,male,man,stereo
stereo_d3af7de2,male,non_binary_person,stereo
stereo_d3af7de2,male,transgender_man,stereo
stereo_d3af7de2,male,woman,stereo
stereo_d3af7de2,man,non_binary_person,stereo
stereo_d3af7de2,man,transgender_man,stereo
stereo_d3af7de2,man,woman,stereo
stereo_d3af7de2,non_binary_person,transgender_man,stereo
stereo_d3af7de2,non_binary_person,woman,stereo
stereo_d3af7de2,transgender_man,woman,stereo
stereo_d51a677d,doctor,engineer,stereo
stereo_d51a677d,doctor,nurse,stereo
stereo_d51a677d,doctor,politician,stereo
stereo_d51a677d,doctor,teacher,stereo
stereo_d51a677d,engineer,nurse,stereo
stereo_d51a677d,engineer,politician,stereo
stereo_d51a677d,engineer,teacher,stereo
stereo_d51a677d,nurse,politician,stereo
stereo_d51a677d,nurse,teacher,stereo
stereo_d51a677d,politician,teacher,stereo
stereo_d54edd23,bible,buddhist,stereo
stereo_d54edd23,bible,hindu,stereo
stereo_d54edd23,bible,muslim,stereo
stereo_d54edd23,bible,sikh,stereo
stereo_d54edd23,buddhist,hindu,stereo
stereo_d54edd23,buddhist,muslim,stereo
stereo_d54edd23,buddhist,sikh,stereo
stereo_d54edd23,hindu,muslim,stereo
stereo_d54edd23,hindu,sikh,stereo
stereo_d54edd23,muslim,sikh,stereo
stereo_da9ca390,man,non_binary_person,stereo
stereo_da9ca390,man,sister,stereo
stereo_da9ca390,man,transgender_man,stereo
stereo_da9ca390,man,woman,stereo
stereo_da9ca390,non_binary_person,sister,stereo
stereo_da9ca390,non_binary_person,transgender_man,stereo
stereo_da9ca390,non_binary_person,woman,stereo
stereo_da9ca390,sister,transgender_man,stereo
stereo_da9ca390,sister,woman,stereo
stereo_da9ca390,transgender_man,woman,stereo
stereo_dcf903be,doctor,engineer,stereo
stereo_dcf903be,doctor,nurse,stereo
stereo_dcf903be,doctor,physicist,stereo
stereo_dcf903be,doctor,teacher,stereo
stereo_dcf903be,engineer,nurse,stereo
stereo_dcf903be,engineer,physicist,stereo
stereo_dcf903be,engineer,teacher,stereo
stereo_dcf903be,nurse,physicist,stereo
stereo_dcf903be,nurse,teacher,stereo
stereo_dcf903be,physicist,teacher,stereo
stereo_dda9c822,buddhist,hindu,stereo
stereo_dda9c822,buddhist,muslim,stereo
stereo_dda9c822,buddhist,muslim_2,stereo
stereo_dda9c822,buddhist,sikh,stereo
stereo_dda9c822,hindu,muslim,stereo
stereo_dda9c822,hindu,muslim_2,stereo
stereo_dda9c822,hindu,sikh,stereo
stereo_dda9c822,muslim,muslim_2,stereo
stereo_dda9c822,muslim,sikh,stereo
stereo_dda9c822,muslim_2,sikh,stereo
stereo_e0618159,buddhist,hindu,stereo
stereo_e0618159,buddhist,jain,stereo
stereo_e0618159,buddhist,muslim,stereo
stereo_e0618159,buddhist,sikh,stereo
stereo_e0618159,hindu,jain,stereo
stereo_e0618159,hindu,muslim,stereo
stereo_e0618159,hindu,sikh,stereo
stereo_e0618159,jain,muslim,stereo
stereo_e0618159,jain,sikh,stereo
stereo_e0618159,muslim,sikh,stereo
stereo_e220e504,asian,black,stereo
stereo_e220e504,asian,eritrean,stereo
stereo_e220e504,asian,eritrean_2,stereo
stereo_e220e504,asian,white,stereo
stereo_e220e504,black,eritrean,stereo
stereo_e220e504,black,eritrean_2,stereo
stereo_e220e504,black,white,stereo
stereo_e220e504,eritrean,eritrean_2,stereo
stereo_e220e504,eritrean,white,stereo
stereo_e220e504,eritrean_2,white,stereo
stereo_e32208ad,asian,black,stereo
stereo_e32208ad,asian,columbian,stereo
stereo_e32208ad,asian,hispanic,stereo
stereo_e32208ad,asian,white,stereo
stereo_e32208ad,black,columbian,stereo
stereo_e32208ad,black,hispanic,stereo
stereo_e32208ad,black,white,stereo
stereo_e32208ad,columbian,hispanic,stereo
stereo_e32208ad,columbian,white,stereo
stereo_e32208ad,hispanic,white,stereo
stereo_e854b335,developer,doctor,stereo
stereo_e854b335,developer,engineer,stereo
stereo_e854b335,developer,nurse,stereo
stereo_e854b335,developer,teacher,stereo
stereo_e854b335,doctor,engineer,stereo
stereo_e854b335,doctor,nurse,stereo
stereo_e854b335,doctor,teacher,stereo
stereo_e854b335,engineer,nurse,stereo
stereo_e854b335,engineer,teacher,stereo
stereo_e854b335,nurse,teacher,stereo
stereo_e9d8155e,asian,black,stereo
stereo_e9d8155e,asian,cameroon,stereo
stereo_e9d8155e,asian,cameroon_2,stereo
stereo_e9d8155e,asian,white,stereo
stereo_e9d8155e,black,cameroon,stereo
stereo_e9d8155e,black,cameroon_2,stereo
stereo_e9d8155e,black,white,stereo
stereo_e9d8155e,cameroon,cameroon_2,stereo
stereo_e9d8155e,cameroon,white,stereo
stereo_e9d8155e,cameroon_2,white,stereo
stereo_e9e3d749,bibles,bibles_2,stereo
stereo_e9e3d749,bibles,hindu,stereo
stereo_e9e3d749,bibles,muslim,stereo
stereo_e9e3d749,bibles,sikh,stereo
stereo_e9e3d749,bibles_2,hindu,stereo
stereo_e9e3d749,bibles_2,muslim,stereo
stereo_e9e3d749,bibles_2,sikh,stereo
stereo_e9e3d749,hindu,muslim,stereo
stereo_e9e3d749,hindu,sikh,stereo
stereo_e9e3d749,muslim,sikh,stereo
stereo_ea9c4d16,man,non_binary_person,stereo
stereo_ea9c4d16,man,sister,stereo
stereo_ea9c4d16,man,transgender_man,stereo
stereo_ea9c4d16,man,woman,stereo
stereo_ea9c4d16,non_binary_person,sister,stereo
stereo_ea9c4d16,non_binary_person,transgender_man,stereo
stereo_ea9c4d16,non_binary_person,woman,stereo
stereo_ea9c4d16,sister,transgender_man,stereo
stereo_ea9c4d16,sister,woman,stereo
stereo_ea9c4d16,transgender_man,woman,stereo
stereo_eedb85b7,man,non_binary_person,stereo
stereo_eedb85b7,man,she,stereo
stereo_eedb85b7,man,she_2,stereo
stereo_eedb85b7,man,woman,stereo
stereo_eedb85b7,non_binary_person,she,stereo
stereo_eedb85b7,non_binary_person,she_2,stereo
stereo_eedb85b7,non_binary_person,woman,stereo
stereo_eedb85b7,she,she_2,stereo
stereo_eedb85b7,she,woman,stereo
stereo_eedb85b7,she_2,woman,stereo
stereo_eef708f8,bible,bible_2,stereo
stereo_eef708f8,bible,hindu,stereo
stereo_eef708f8,bible,muslim,stereo
stereo_eef708f8,bible,sikh,stereo
stereo_eef708f8,bible_2,hindu,stereo
stereo_eef708f8,bible_2,muslim,stereo
stereo_eef708f8,bible_2,sikh,stereo
stereo_eef708f8,hindu,muslim,stereo
stereo_eef708f8,hindu,sikh,stereo
stereo_eef708f8,muslim,sikh,stereo
stereo_ef90dcdb,buddhist,hindu,stereo
stereo_ef90dcdb,buddhist,jain,stereo
stereo_ef90dcdb,buddhist,muslim,stereo
stereo_ef90dcdb,buddhist,sikh,stereo
stereo_ef90dcdb,hindu,jain,stereo
stereo_ef90dcdb,hindu,muslim,stereo
stereo_ef90dcdb,hindu,sikh,stereo
stereo_ef90dcdb,jain,muslim,stereo
stereo_ef90dcdb,jain,sikh,stereo
stereo_ef90dcdb,muslim,sikh,stereo
stereo_eff60d6b,arab,arab_2,stereo
stereo_eff60d6b,arab,asian,stereo
stereo_eff60d6b,arab,black,stereo
stereo_eff60d6b,arab,white,stereo
stereo_eff60d6b,arab_2,asian,stereo
stereo_eff60d6b,arab_2,black,stereo
stereo_eff60d6b,arab_2,white,stereo
stereo_eff60d6b,asian,black,stereo
stereo_eff60d6b,asian,white,stereo
stereo_eff60d6b,black,white,stereo
stereo_effd5253,buddhist,hindu,stereo
stereo_effd5253,buddhist,jain,stereo
stereo_effd5253,buddhist,muslim,stereo
stereo_effd5253,buddhist,sikh,stereo
stereo_effd5253,hindu,jain,stereo
stereo_effd5253,hindu,muslim,stereo
stereo_effd5253,hindu,sikh,stereo
stereo_effd5253,jain,muslim,stereo
stereo_effd5253,jain,sikh,stereo
stereo_effd5253,muslim,sikh,stereo
stereo_f0b19572,asian,black,stereo
stereo_f0b19572,asian,ghanaian,stereo
stereo_f0b19572,asian,ghanaian_2,stereo
stereo_f0b19572,asian,white,stereo
stereo_f0b19572,black,ghanaian,stereo
stereo_f0b19572,black,ghanaian_2,stereo
stereo_f0b19572,black,white,stereo
stereo_f0b19572,ghanaian,ghanaian_2,stereo
stereo_f0b19572,ghanaian,white,stereo
stereo_f0b19572,ghanaian_2,white,stereo
stereo_f4425d40,asian,black,stereo
stereo_f4425d40,asian,morocco,stereo
stereo_f4425d40,asian,morocco_2,stereo
stereo_f4425d40,asian,white,stereo
stereo_f4425d40,black,morocco,stereo
stereo_f4425d40,black,morocco_2,stereo
stereo_f4425d40,black,white,stereo
stereo_f4425d40,morocco,morocco_2,stereo
stereo_f4425d40,morocco,white,stereo
stereo_f4425d40,morocco_2,white,stereo
stereo_f5ca5238,asian,black,stereo
stereo_f5ca5238,asian,ethiopia,stereo
stereo_f5ca5238,asian,ethiopia_2,stereo
stereo_f5ca5238,asian,white,stereo
stereo_f5ca5238,black,ethiopia,stereo
stereo_f5ca5238,black,ethiopia_2,stereo
stereo_f5ca5238,black,white,stereo
stereo_f5ca5238,ethiopia,ethiopia_2,stereo
stereo_f5ca5238,ethiopia,white,stereo
stereo_f5ca5238,ethiopia_2,white,stereo
stereo_f6664c1c,man,mother,stereo
stereo_f6664c1c,man,non_binary_person,stereo
stereo_f6664c1c,man,transgender_man,stereo
stereo_f6664c1c,man,woman,stereo
stereo_f6664c1c,mother,non_binary_person,stereo
stereo_f6664c1c,mother,transgender_man,stereo
stereo_f6664c1c,mother,woman,stereo
stereo_f6664c1c,non_binary_person,transgender_man,stereo
stereo_f6664c1c,non_binary_person,woman,stereo
stereo_f6664c1c,transgender_man,woman,stereo
stereo_f91ea069,bible,buddhist,stereo
stereo_f91ea069,bible,hindu,stereo
stereo_f91ea069,bible,muslim,stereo
stereo_f91ea069,bible,sikh,stereo
stereo_f91ea069,buddhist,hindu,stereo
stereo_f91ea069,buddhist,muslim,stereo
stereo_f91ea069,buddhist,sikh,stereo
stereo_f91ea069,hindu,muslim,stereo
stereo_f91ea069,hindu,sikh,stereo
stereo_f91ea069,muslim,sikh,stereo
stereo_fad0127e,bible,bible_2,stereo
stereo_fad0127e,bible,hindu,stereo
stereo_fad0127e,bible,muslim,stereo
stereo_fad0127e,bible,sikh,stereo
stereo_fad0127e,bible_2,hindu,stereo
stereo_fad0127e,bible_2,muslim,stereo
stereo_fad0127e,bible_2,sikh,stereo
stereo_fad0127e,hindu,muslim,stereo
stereo_fad0127e,hindu,sikh,stereo
stereo_fad0127e,muslim,sikh,stereo
