model_name,phase,cond_id,condition,rank,alpha,pair_type,stratum,label,n_seeds,n_items,n_audit,absC_pre_mean,absC_post_mean,W,L,U,D,D_lo,D_hi,R,R_lo,R_hi,X_den,X_num,X_reverse_num,X_reverse_den,X,X_lo,X_hi,energy_audit_mean,energy_gen_mean,opt_acc,opt_acc_pre,d_opt_acc,d_opt_acc_lo,d_opt_acc_hi,gen_acc_attempted,gen_acc_attempted_pre,d_gen_acc_attempted,d_gen_acc_attempted_lo,d_gen_acc_attempted_hi,validity,validity_pre,d_validity,d_validity_lo,d_validity_hi,gen_acc_usable,gen_acc_usable_n,gen_acc_usable_pre,flip_attempted_num,flip_attempted_den,flip_attempted,flip_usable_den,flip_usable
phi-4-mini-instruct,dev,cure_centred_svd_r1_a0.25,cure_centred_svd,1,0.25,demographic,pooled,exploratory,100,100,100,0.466875,0.3625,0.56,0.26,0.18,0.104375,0.049359375000000004,0.1587656249999999,0.22356091030789826,0.11666366906474823,0.32468094488733634,16,7,1,84,0.4375,0.2,0.6875,0.002803809127574733,0.0029267673215766232,0.645,0.55,0.095,0.035,0.155,0.36,0.36,0.0,-0.06,0.055,0.46,0.48,-0.02,-0.08,0.04,0.7818181818181819,55,0.7280701754385965,4,100,0.04,37,0.10810810810810811
phi-4-mini-instruct,dev,cure_centred_svd_r1_a0.25,cure_centred_svd,1,0.25,demographic,bbq,exploratory,42,42,42,0.5416666666666666,0.38392857142857145,0.6428571428571429,0.2619047619047619,0.09523809523809523,0.15773809523809523,0.06696428571428571,0.24553571428571427,0.2912087912087912,0.13396503282519198,0.4355010295126972,10,6,1,32,0.6,0.2857142857142857,0.9,0.0024665444500716,0.0025936613869841866,0.75,0.75,0.0,-0.08333333333333333,0.07142857142857142,0.6904761904761905,0.75,-0.05952380952380952,-0.16666666666666666,0.03571428571428571,0.7738095238095238,0.8214285714285714,-0.047619047619047616,-0.14285714285714285,0.03571428571428571,0.881578947368421,38,0.9230769230769231,3,42,0.07142857142857142,27,0.1111111111111111
phi-4-mini-instruct,dev,cure_centred_svd_r1_a0.25,cure_centred_svd,1,0.25,demographic,crows_pairs,exploratory,30,30,30,0.34791666666666665,0.27708333333333335,0.5,0.23333333333333334,0.26666666666666666,0.07083333333333333,-0.020833333333333332,0.16463541666666637,0.20359281437125754,-0.07580329153605009,0.4068142511241783,4,1,0,26,0.25,0.0,1.0,0.0031062068412884957,0.00320859062179554,0.9333333333333333,0.6166666666666667,0.31666666666666665,0.18333333333333332,0.45,0.1,0.05,0.05,-0.016666666666666666,0.13333333333333333,0.1,0.1,0.0,-0.06666666666666667,0.06666666666666667,1.0,4,0.5,0,30,0.0,2,0.0
phi-4-mini-instruct,dev,cure_centred_svd_r1_a0.25,cure_centred_svd,1,0.25,demographic,stereoset,exploratory,28,28,28,0.48214285714285715,0.421875,0.5,0.2857142857142857,0.21428571428571427,0.060267857142857144,-0.03571428571428571,0.15401785714285715,0.125,-0.12123059866962296,0.33125679347826087,2,0,0,26,0.0,0.0,0.0,0.0029857085934218287,0.003124472687516438,0.17857142857142858,0.17857142857142858,0.0,-0.07142857142857142,0.07142857142857142,0.14285714285714285,0.10714285714285714,0.03571428571428571,-0.07142857142857142,0.14285714285714285,0.375,0.375,0.0,-0.14285714285714285,0.14285714285714285,0.4230769230769231,13,0.25,1,28,0.03571428571428571,8,0.125
phi-4-mini-instruct,dev,cure_centred_svd_r1_a0.25,cure_centred_svd,1,0.25,identity,pooled,exploratory,100,100,100,0.0425,0.03,0.01,0.0,0.99,0.0125,0.0,0.0375,0.2941176470588235,0.2941176470588235,0.2941176470588235,1,0,0,99,0.0,0.0,0.0,0.003189915765085275,0.003190408874323724,0.6701030927835051,0.5670103092783505,0.10309278350515463,0.030927835051546393,0.17525773195876287,0.37,0.39,-0.02,-0.1,0.05,0.48,0.49,-0.01,-0.09,0.07,0.7708333333333334,48,0.8125,0,100,0.0,48,0.0
phi-4-mini-instruct,dev,cure_centred_svd_r1_a0.25,cure_centred_svd,1,0.25,identity,bbq,exploratory,42,42,42,0.0,0.0,0.0,0.0,1.0,0.0,0.0,0.0,,,,0,0,0,42,,,,0.0030850157050078047,0.0030851290325296923,0.7692307692307693,0.7435897435897436,0.02564102564102564,-0.05128205128205128,0.10256410256410256,0.6666666666666666,0.7857142857142857,-0.11904761904761904,-0.2619047619047619,0.023809523809523808,0.7380952380952381,0.8333333333333334,-0.09523809523809523,-0.21428571428571427,0.023809523809523808,0.9032258064516129,31,0.9705882352941176,0,42,0.0,31,0.0
phi-4-mini-instruct,dev,cure_centred_svd_r1_a0.25,cure_centred_svd,1,0.25,identity,crows_pairs,exploratory,30,30,30,0.0,0.0,0.0,0.0,1.0,0.0,0.0,0.0,,,,0,0,0,30,,,,0.003313229874328552,0.0033137779814087914,0.9666666666666667,0.7,0.26666666666666666,0.09916666666666672,0.4666666666666667,0.13333333333333333,0.06666666666666667,0.06666666666666667,0.0,0.16666666666666666,0.13333333333333333,0.1,0.03333333333333333,-0.06666666666666667,0.1341666666666621,1.0,4,0.6666666666666666,0,30,0.0,4,0.0
phi-4-mini-instruct,dev,cure_centred_svd_r1_a0.25,cure_centred_svd,1,0.25,identity,stereoset,exploratory,28,28,28,0.15178571428571427,0.10714285714285714,0.03571428571428571,0.0,0.9642857142857143,0.044642857142857144,0.0,0.13392857142857142,0.2941176470588235,0.2941176470588235,0.2941176470588235,1,0,0,27,0.0,0.0,0.0,0.0032151435952979704,0.003216147450852201,0.21428571428571427,0.17857142857142858,0.03571428571428571,0.0,0.10714285714285714,0.17857142857142858,0.14285714285714285,0.03571428571428571,-0.10714285714285714,0.17857142857142858,0.4642857142857143,0.39285714285714285,0.07142857142857142,-0.14285714285714285,0.2857142857142857,0.38461538461538464,13,0.36363636363636365,0,28,0.0,13,0.0
phi-4-mini-instruct,dev,cure_centred_svd_r1_a0.25,cure_centred_svd,1,0.25,neutral,pooled,exploratory,42,42,42,0.3586309523809524,0.28422619047619047,0.5238095238095238,0.40476190476190477,0.07142857142857142,0.0744047619047619,-0.001488095238095238,0.15479910714285694,0.20746887966804983,-0.005470725995316166,0.38431372549019605,4,3,1,38,0.75,0.0,1.0,0.002539534048629282,0.00281007943185397,0.7435897435897436,0.717948717948718,0.02564102564102564,-0.038461538461538464,0.08974358974358974,0.6309523809523809,0.6785714285714286,-0.047619047619047616,-0.10714285714285714,0.023809523809523808,0.7976190476190477,0.8095238095238095,-0.011904761904761904,-0.09523809523809523,0.05952380952380952,0.7916666666666666,36,0.8714285714285714,5,42,0.11904761904761904,29,0.1724137931034483
phi-4-mini-instruct,dev,cure_centred_svd_r1_a0.25,cure_centred_svd,1,0.25,neutral,bbq,exploratory,42,42,42,0.3586309523809524,0.28422619047619047,0.5238095238095238,0.40476190476190477,0.07142857142857142,0.0744047619047619,-0.001488095238095238,0.15479910714285694,0.20746887966804983,-0.005470725995316166,0.38431372549019605,4,3,1,38,0.75,0.0,1.0,0.002539534048629282,0.00281007943185397,0.7435897435897436,0.717948717948718,0.02564102564102564,-0.038461538461538464,0.08974358974358974,0.6309523809523809,0.6785714285714286,-0.047619047619047616,-0.10714285714285714,0.023809523809523808,0.7976190476190477,0.8095238095238095,-0.011904761904761904,-0.09523809523809523,0.05952380952380952,0.7916666666666666,36,0.8714285714285714,5,42,0.11904761904761904,29,0.1724137931034483
phi-4-mini-instruct,dev,cure_centred_svd_r1_a0.5,cure_centred_svd,1,0.5,demographic,pooled,exploratory,100,100,100,0.466875,0.338125,0.57,0.24,0.19,0.12875,0.068109375,0.1925,0.2757697456492637,0.16639566222145166,0.37882532252597156,16,12,0,84,0.75,0.5263157894736842,0.9411764705882353,0.007453457530104912,0.007656059344746694,0.68,0.55,0.13,0.06487500000000002,0.195,0.355,0.36,-0.005,-0.065,0.055,0.49,0.48,0.01,-0.05,0.065,0.7413793103448276,58,0.7280701754385965,6,100,0.06,39,0.15384615384615385
phi-4-mini-instruct,dev,cure_centred_svd_r1_a0.5,cure_centred_svd,1,0.5,demographic,bbq,exploratory,42,42,42,0.5416666666666666,0.3586309523809524,0.6666666666666666,0.16666666666666666,0.16666666666666666,0.18303571428571427,0.09970238095238096,0.267894345238095,0.33791208791208793,0.1920693212613944,0.47059601618425145,10,8,0,32,0.8,0.5,1.0,0.0072739152118562215,0.007302912984872718,0.8095238095238095,0.75,0.05952380952380952,-0.03571428571428571,0.15476190476190477,0.6666666666666666,0.75,-0.08333333333333333,-0.20238095238095238,0.023809523809523808,0.8095238095238095,0.8214285714285714,-0.011904761904761904,-0.10714285714285714,0.08333333333333333,0.8552631578947368,38,0.9230769230769231,5,42,0.11904761904761904,29,0.1724137931034483
phi-4-mini-instruct,dev,cure_centred_svd_r1_a0.5,cure_centred_svd,1,0.5,demographic,crows_pairs,exploratory,30,30,30,0.34791666666666665,0.25625,0.4666666666666667,0.3,0.23333333333333334,0.09166666666666666,-0.0020833333333333333,0.1875,0.26347305389221554,-0.006463933691756179,0.4555571992110454,4,3,0,26,0.75,0.0,1.0,0.007647698442343476,0.00789075280984217,0.95,0.6166666666666667,0.3333333333333333,0.2,0.4666666666666667,0.11666666666666667,0.05,0.06666666666666667,0.016666666666666666,0.13333333333333333,0.11666666666666667,0.1,0.016666666666666666,-0.03333333333333333,0.06708333333333105,1.0,5,0.5,0,30,0.0,2,0.0
phi-4-mini-instruct,dev,cure_centred_svd_r1_a0.5,cure_centred_svd,1,0.5,demographic,stereoset,exploratory,28,28,28,0.48214285714285715,0.3950892857142857,0.5357142857142857,0.2857142857142857,0.17857142857142858,0.08705357142857142,-0.05362723214285714,0.23660714285714285,0.18055555555555558,-0.1954296875,0.40441383013879706,2,1,0,26,0.5,0.0,1.0,0.007514655744365199,0.007934321600526791,0.19642857142857142,0.17857142857142858,0.017857142857142856,-0.05357142857142857,0.10714285714285714,0.14285714285714285,0.10714285714285714,0.03571428571428571,-0.07142857142857142,0.125,0.4107142857142857,0.375,0.03571428571428571,-0.10714285714285714,0.16116071428571185,0.36666666666666664,15,0.25,1,28,0.03571428571428571,8,0.125
phi-4-mini-instruct,dev,cure_centred_svd_r1_a0.5,cure_centred_svd,1,0.5,identity,pooled,exploratory,100,100,100,0.0425,0.01,0.01,0.0,0.99,0.0325,0.0,0.0975,0.7647058823529411,0.7647058823529411,0.7647058823529411,1,0,0,99,0.0,0.0,0.0,0.008096454056311759,0.008093358852625254,0.6804123711340206,0.5670103092783505,0.1134020618556701,0.030927835051546393,0.1958762886597938,0.35,0.39,-0.04,-0.12,0.03,0.47,0.49,-0.02,-0.11,0.06,0.7608695652173914,46,0.8125,0,100,0.0,47,0.0
phi-4-mini-instruct,dev,cure_centred_svd_r1_a0.5,cure_centred_svd,1,0.5,identity,bbq,exploratory,42,42,42,0.0,0.0,0.0,0.0,1.0,0.0,0.0,0.0,,,,0,0,0,42,,,,0.008002557857291911,0.008000873089661067,0.7948717948717948,0.7435897435897436,0.05128205128205128,-0.07692307692307693,0.1794871794871795,0.6190476190476191,0.7857142857142857,-0.16666666666666666,-0.30952380952380953,-0.023809523809523808,0.7380952380952381,0.8333333333333334,-0.09523809523809523,-0.23809523809523808,0.047619047619047616,0.8666666666666667,30,0.9705882352941176,0,42,0.0,31,0.0
phi-4-mini-instruct,dev,cure_centred_svd_r1_a0.5,cure_centred_svd,1,0.5,identity,crows_pairs,exploratory,30,30,30,0.0,0.0,0.0,0.0,1.0,0.0,0.0,0.0,,,,0,0,0,30,,,,0.008100721607623184,0.00809064537411256,0.9666666666666667,0.7,0.26666666666666666,0.09916666666666672,0.4666666666666667,0.1,0.06666666666666667,0.03333333333333333,0.0,0.1,0.1,0.1,0.0,-0.1,0.1,1.0,3,0.6666666666666666,0,30,0.0,3,0.0
phi-4-mini-instruct,dev,cure_centred_svd_r1_a0.5,cure_centred_svd,1,0.5,identity,stereoset,exploratory,28,28,28,0.15178571428571427,0.03571428571428571,0.03571428571428571,0.0,0.9642857142857143,0.11607142857142858,0.0,0.3482142857142857,0.7647058823529411,0.7647058823529411,0.7647058823529411,1,0,0,27,0.0,0.0,0.0,0.008232725978436427,0.008234994795477988,0.21428571428571427,0.17857142857142858,0.03571428571428571,0.0,0.10714285714285714,0.21428571428571427,0.14285714285714285,0.07142857142857142,-0.07142857142857142,0.21428571428571427,0.4642857142857143,0.39285714285714285,0.07142857142857142,-0.10714285714285714,0.2857142857142857,0.46153846153846156,13,0.36363636363636365,0,28,0.0,13,0.0
phi-4-mini-instruct,dev,cure_centred_svd_r1_a0.5,cure_centred_svd,1,0.5,neutral,pooled,exploratory,42,42,42,0.3586309523809524,0.2931547619047619,0.47619047619047616,0.2857142857142857,0.23809523809523808,0.06547619047619048,-0.010416666666666666,0.14285714285714285,0.18257261410788383,-0.03478804347826089,0.35610316792823093,4,2,1,38,0.5,0.0,1.0,0.008499593871765153,0.008208851844014745,0.7692307692307693,0.717948717948718,0.05128205128205128,0.0,0.11538461538461539,0.6071428571428571,0.6785714285714286,-0.07142857142857142,-0.14285714285714285,0.0,0.8095238095238095,0.8095238095238095,0.0,-0.09523809523809523,0.09523809523809523,0.75,36,0.8714285714285714,7,42,0.16666666666666666,31,0.22580645161290322
phi-4-mini-instruct,dev,cure_centred_svd_r1_a0.5,cure_centred_svd,1,0.5,neutral,bbq,exploratory,42,42,42,0.3586309523809524,0.2931547619047619,0.47619047619047616,0.2857142857142857,0.23809523809523808,0.06547619047619048,-0.010416666666666666,0.14285714285714285,0.18257261410788383,-0.03478804347826089,0.35610316792823093,4,2,1,38,0.5,0.0,1.0,0.008499593871765153,0.008208851844014745,0.7692307692307693,0.717948717948718,0.05128205128205128,0.0,0.11538461538461539,0.6071428571428571,0.6785714285714286,-0.07142857142857142,-0.14285714285714285,0.0,0.8095238095238095,0.8095238095238095,0.0,-0.09523809523809523,0.09523809523809523,0.75,36,0.8714285714285714,7,42,0.16666666666666666,31,0.22580645161290322
phi-4-mini-instruct,dev,cure_centred_svd_r1_a1,cure_centred_svd,1,1.0,demographic,pooled,exploratory,100,100,100,0.466875,0.2925,0.61,0.19,0.2,0.174375,0.10625,0.24690624999999983,0.37349397590361444,0.25772005821070093,0.478586966312376,16,13,2,84,0.8125,0.6,1.0,0.021986460670987525,0.02267078531466644,0.68,0.55,0.13,0.065,0.195,0.34,0.36,-0.02,-0.085,0.035,0.465,0.48,-0.015,-0.075,0.04012499999999932,0.7033898305084746,59,0.7280701754385965,3,100,0.03,34,0.08823529411764706
phi-4-mini-instruct,dev,cure_centred_svd_r1_a1,cure_centred_svd,1,1.0,demographic,bbq,exploratory,42,42,42,0.5416666666666666,0.3244047619047619,0.7380952380952381,0.11904761904761904,0.14285714285714285,0.21726190476190477,0.11752232142857143,0.32142857142857145,0.4010989010989011,0.22671511627906973,0.5706229479101961,10,9,2,32,0.9,0.6666666666666666,1.0,0.023024508205779008,0.023369891138579076,0.7857142857142857,0.75,0.03571428571428571,-0.047619047619047616,0.11904761904761904,0.6785714285714286,0.75,-0.07142857142857142,-0.19047619047619047,0.03571428571428571,0.7857142857142857,0.8214285714285714,-0.03571428571428571,-0.13095238095238096,0.05952380952380952,0.8552631578947368,38,0.9230769230769231,3,42,0.07142857142857142,28,0.10714285714285714
phi-4-mini-instruct,dev,cure_centred_svd_r1_a1,cure_centred_svd,1,1.0,demographic,crows_pairs,exploratory,30,30,30,0.34791666666666665,0.2375,0.5,0.2,0.3,0.11041666666666666,0.008281250000000002,0.22708333333333333,0.3173652694610778,0.024138160226869886,0.5354141414141411,4,3,0,26,0.75,0.0,1.0,0.021283056456948765,0.021712429929706654,0.9666666666666667,0.6166666666666667,0.35,0.21666666666666667,0.5,0.13333333333333333,0.05,0.08333333333333333,0.03333333333333333,0.15,0.15,0.1,0.05,-0.016666666666666666,0.11666666666666667,0.8571428571428571,7,0.5,0,30,0.0,2,0.0
phi-4-mini-instruct,dev,cure_centred_svd_r1_a1,cure_centred_svd,1,1.0,demographic,stereoset,exploratory,28,28,28,0.48214285714285715,0.30357142857142855,0.5357142857142857,0.2857142857142857,0.17857142857142858,0.17857142857142858,0.04017857142857143,0.34375,0.37037037037037035,0.15381355932203392,0.5340314136125655,2,1,0,26,0.5,0.0,1.0,0.021183036740984686,0.022648935919825842,0.21428571428571427,0.17857142857142858,0.03571428571428571,-0.05357142857142857,0.125,0.05357142857142857,0.10714285714285714,-0.05357142857142857,-0.16071428571428573,0.03571428571428571,0.32142857142857145,0.375,-0.05357142857142857,-0.17857142857142858,0.07142857142857142,0.21428571428571427,14,0.25,0,28,0.0,4,0.0
phi-4-mini-instruct,dev,cure_centred_svd_r1_a1,cure_centred_svd,1,1.0,identity,pooled,exploratory,100,100,100,0.0425,0.03,0.01,0.0,0.99,0.0125,0.0,0.0375,0.2941176470588235,0.2941176470588235,0.2941176470588235,1,0,0,99,0.0,0.0,0.0,0.023204237904728156,0.02320775535798912,0.6804123711340206,0.5670103092783505,0.1134020618556701,0.030927835051546393,0.1958762886597938,0.35,0.39,-0.04,-0.12,0.04,0.49,0.49,0.0,-0.09,0.08,0.7291666666666666,48,0.8125,0,100,0.0,49,0.0
phi-4-mini-instruct,dev,cure_centred_svd_r1_a1,cure_centred_svd,1,1.0,identity,bbq,exploratory,42,42,42,0.0,0.0,0.0,0.0,1.0,0.0,0.0,0.0,,,,0,0,0,42,,,,0.023947280636128065,0.023953973184592216,0.7692307692307693,0.7435897435897436,0.02564102564102564,-0.07692307692307693,0.1282051282051282,0.6428571428571429,0.7857142857142857,-0.14285714285714285,-0.2857142857142857,0.0,0.7857142857142857,0.8333333333333334,-0.047619047619047616,-0.19047619047619047,0.07142857142857142,0.84375,32,0.9705882352941176,0,42,0.0,33,0.0
phi-4-mini-instruct,dev,cure_centred_svd_r1_a1,cure_centred_svd,1,1.0,identity,crows_pairs,exploratory,30,30,30,0.0,0.0,0.0,0.0,1.0,0.0,0.0,0.0,,,,0,0,0,30,,,,0.022047726167194373,0.022036213895574325,0.9666666666666667,0.7,0.26666666666666666,0.09916666666666672,0.4666666666666667,0.2,0.06666666666666667,0.13333333333333333,0.03333333333333333,0.26666666666666666,0.2,0.1,0.1,-0.03333333333333333,0.23333333333333334,1.0,6,0.6666666666666666,0,30,0.0,6,0.0
phi-4-mini-instruct,dev,cure_centred_svd_r1_a1,cure_centred_svd,1,1.0,identity,stereoset,exploratory,28,28,28,0.15178571428571427,0.10714285714285714,0.03571428571428571,0.0,0.9642857142857143,0.044642857142857144,0.0,0.13392857142857142,0.2941176470588235,0.2941176470588235,0.2941176470588235,1,0,0,27,0.0,0.0,0.0,0.023328793526414482,0.023343651613528898,0.25,0.17857142857142858,0.07142857142857142,0.0,0.17857142857142858,0.07142857142857142,0.14285714285714285,-0.07142857142857142,-0.17857142857142858,0.0,0.35714285714285715,0.39285714285714285,-0.03571428571428571,-0.21428571428571427,0.14285714285714285,0.2,10,0.36363636363636365,0,28,0.0,10,0.0
phi-4-mini-instruct,dev,cure_centred_svd_r1_a1,cure_centred_svd,1,1.0,neutral,pooled,exploratory,42,42,42,0.3586309523809524,0.28720238095238093,0.5238095238095238,0.38095238095238093,0.09523809523809523,0.07142857142857142,-0.008928571428571428,0.15178571428571427,0.19917012448132776,-0.02608980444275686,0.3866290922172922,4,3,2,38,0.75,0.0,1.0,0.0310600361339275,0.02686975471459926,0.7564102564102564,0.717948717948718,0.038461538461538464,-0.02564102564102564,0.10256410256410256,0.6190476190476191,0.6785714285714286,-0.05952380952380952,-0.13095238095238096,0.011904761904761904,0.8095238095238095,0.8095238095238095,0.0,-0.07142857142857142,0.07142857142857142,0.7638888888888888,36,0.8714285714285714,7,42,0.16666666666666666,30,0.23333333333333334
phi-4-mini-instruct,dev,cure_centred_svd_r1_a1,cure_centred_svd,1,1.0,neutral,bbq,exploratory,42,42,42,0.3586309523809524,0.28720238095238093,0.5238095238095238,0.38095238095238093,0.09523809523809523,0.07142857142857142,-0.008928571428571428,0.15178571428571427,0.19917012448132776,-0.02608980444275686,0.3866290922172922,4,3,2,38,0.75,0.0,1.0,0.0310600361339275,0.02686975471459926,0.7564102564102564,0.717948717948718,0.038461538461538464,-0.02564102564102564,0.10256410256410256,0.6190476190476191,0.6785714285714286,-0.05952380952380952,-0.13095238095238096,0.011904761904761904,0.8095238095238095,0.8095238095238095,0.0,-0.07142857142857142,0.07142857142857142,0.7638888888888888,36,0.8714285714285714,7,42,0.16666666666666666,30,0.23333333333333334
phi-4-mini-instruct,dev,cure_centred_svd_r2_a1,cure_centred_svd,2,1.0,demographic,pooled,exploratory,100,100,100,0.466875,0.285625,0.59,0.18,0.23,0.18125,0.116859375,0.249375,0.3882195448460509,0.28050267187168354,0.5016662750626566,16,13,0,84,0.8125,0.6,1.0,0.028772658903132214,0.02742663723633183,0.705,0.55,0.155,0.09,0.22,0.355,0.36,-0.005,-0.07,0.05,0.485,0.48,0.005,-0.055,0.065,0.7410714285714286,56,0.7280701754385965,5,100,0.05,41,0.12195121951219512
phi-4-mini-instruct,dev,cure_centred_svd_r2_a1,cure_centred_svd,2,1.0,demographic,bbq,exploratory,42,42,42,0.5416666666666666,0.26785714285714285,0.7380952380952381,0.09523809523809523,0.16666666666666666,0.27380952380952384,0.18601190476190477,0.36904761904761907,0.5054945054945055,0.3675604771438105,0.6361471706232518,10,9,0,32,0.9,0.6666666666666666,1.0,0.03141025342699102,0.02773166326231489,0.8452380952380952,0.75,0.09523809523809523,0.023809523809523808,0.17857142857142858,0.6904761904761905,0.75,-0.05952380952380952,-0.17857142857142858,0.05952380952380952,0.8452380952380952,0.8214285714285714,0.023809523809523808,-0.07142857142857142,0.11904761904761904,0.825,40,0.9230769230769231,4,42,0.09523809523809523,31,0.12903225806451613
phi-4-mini-instruct,dev,cure_centred_svd_r2_a1,cure_centred_svd,2,1.0,demographic,crows_pairs,exploratory,30,30,30,0.34791666666666665,0.24375,0.4666666666666667,0.26666666666666666,0.26666666666666666,0.10416666666666667,0.0,0.21875,0.29940119760479045,0.0,0.5048859126984122,4,3,0,26,0.75,0.0,1.0,0.02617503567921641,0.02638863549372578,0.9666666666666667,0.6166666666666667,0.35,0.21666666666666667,0.5,0.1,0.05,0.05,0.0,0.11666666666666667,0.1,0.1,0.0,-0.06666666666666667,0.06666666666666667,1.0,4,0.5,0,30,0.0,2,0.0
phi-4-mini-instruct,dev,cure_centred_svd_r2_a1,cure_centred_svd,2,1.0,demographic,stereoset,exploratory,28,28,28,0.48214285714285715,0.35714285714285715,0.5,0.21428571428571427,0.2857142857142857,0.125,-0.002232142857142857,0.27901785714285715,0.2592592592592593,-0.00870348609479039,0.49738482990870586,2,1,0,26,0.5,0.0,1.0,0.027599434857253777,0.028081242921578025,0.21428571428571427,0.17857142857142858,0.03571428571428571,-0.05357142857142857,0.14285714285714285,0.125,0.10714285714285714,0.017857142857142856,-0.08928571428571429,0.10714285714285714,0.35714285714285715,0.375,-0.017857142857142856,-0.14285714285714285,0.10714285714285714,0.375,12,0.25,1,28,0.03571428571428571,8,0.125
phi-4-mini-instruct,dev,cure_centred_svd_r2_a1,cure_centred_svd,2,1.0,identity,pooled,exploratory,100,100,100,0.0425,0.0175,0.01,0.0,0.99,0.025,0.0,0.075,0.5882352941176471,0.5882352941176471,0.5882352941176471,1,0,0,99,0.0,0.0,0.0,0.027446620656553587,0.02746907552660421,0.7010309278350515,0.5670103092783505,0.13402061855670103,0.05154639175257732,0.21649484536082475,0.34,0.39,-0.05,-0.14,0.04,0.46,0.49,-0.03,-0.12,0.06,0.7555555555555555,45,0.8125,0,100,0.0,46,0.0
phi-4-mini-instruct,dev,cure_centred_svd_r2_a1,cure_centred_svd,2,1.0,identity,bbq,exploratory,42,42,42,0.0,0.0,0.0,0.0,1.0,0.0,0.0,0.0,,,,0,0,0,42,,,,0.027433653743970648,0.027463509723641644,0.8461538461538461,0.7435897435897436,0.10256410256410256,0.0,0.23076923076923078,0.5714285714285714,0.7857142857142857,-0.21428571428571427,-0.35714285714285715,-0.047619047619047616,0.7380952380952381,0.8333333333333334,-0.09523809523809523,-0.2619047619047619,0.047619047619047616,0.8,30,0.9705882352941176,0,42,0.0,31,0.0
phi-4-mini-instruct,dev,cure_centred_svd_r2_a1,cure_centred_svd,2,1.0,identity,crows_pairs,exploratory,30,30,30,0.0,0.0,0.0,0.0,1.0,0.0,0.0,0.0,,,,0,0,0,30,,,,0.026568651697967124,0.026571239980930323,0.9666666666666667,0.7,0.26666666666666666,0.09916666666666672,0.4666666666666667,0.13333333333333333,0.06666666666666667,0.06666666666666667,0.0,0.16666666666666666,0.13333333333333333,0.1,0.03333333333333333,-0.06666666666666667,0.13333333333333333,1.0,4,0.6666666666666666,0,30,0.0,4,0.0
phi-4-mini-instruct,dev,cure_centred_svd_r2_a1,cure_centred_svd,2,1.0,identity,stereoset,exploratory,28,28,28,0.15178571428571427,0.0625,0.03571428571428571,0.0,0.9642857142857143,0.08928571428571429,0.0,0.26785714285714285,0.5882352941176471,0.5882352941176471,0.5882352941176471,1,0,0,27,0.0,0.0,0.0,0.028406752052484944,0.02843939088712721,0.21428571428571427,0.17857142857142858,0.03571428571428571,0.0,0.10714285714285714,0.21428571428571427,0.14285714285714285,0.07142857142857142,-0.07142857142857142,0.21428571428571427,0.39285714285714285,0.39285714285714285,0.0,-0.21428571428571427,0.21428571428571427,0.5454545454545454,11,0.36363636363636365,0,28,0.0,11,0.0
phi-4-mini-instruct,dev,cure_centred_svd_r2_a1,cure_centred_svd,2,1.0,neutral,pooled,exploratory,42,42,42,0.3586309523809524,0.22470238095238096,0.5476190476190477,0.30952380952380953,0.14285714285714285,0.13392857142857142,0.052083333333333336,0.21875,0.37344398340248963,0.16740196078431369,0.5355838683788121,4,4,1,38,1.0,1.0,1.0,0.03979865397020071,0.03188477134108468,0.782051282051282,0.717948717948718,0.0641025641025641,-0.01282051282051282,0.15384615384615385,0.5952380952380952,0.6785714285714286,-0.08333333333333333,-0.17857142857142858,0.011904761904761904,0.7976190476190477,0.8095238095238095,-0.011904761904761904,-0.09523809523809523,0.07142857142857142,0.7361111111111112,36,0.8714285714285714,6,42,0.14285714285714285,30,0.2
phi-4-mini-instruct,dev,cure_centred_svd_r2_a1,cure_centred_svd,2,1.0,neutral,bbq,exploratory,42,42,42,0.3586309523809524,0.22470238095238096,0.5476190476190477,0.30952380952380953,0.14285714285714285,0.13392857142857142,0.052083333333333336,0.21875,0.37344398340248963,0.16740196078431369,0.5355838683788121,4,4,1,38,1.0,1.0,1.0,0.03979865397020071,0.03188477134108468,0.782051282051282,0.717948717948718,0.0641025641025641,-0.01282051282051282,0.15384615384615385,0.5952380952380952,0.6785714285714286,-0.08333333333333333,-0.17857142857142858,0.011904761904761904,0.7976190476190477,0.8095238095238095,-0.011904761904761904,-0.09523809523809523,0.07142857142857142,0.7361111111111112,36,0.8714285714285714,6,42,0.14285714285714285,30,0.2
phi-4-mini-instruct,dev,cure_centred_svd_r4_a1,cure_centred_svd,4,1.0,demographic,pooled,exploratory,100,100,100,0.466875,0.24875,0.58,0.21,0.21,0.218125,0.12875,0.334375,0.4672021419009371,0.33659257923835034,0.5720009605122732,16,13,0,84,0.8125,0.6,1.0,0.036704335036741,0.034201885923795555,0.69,0.55,0.14,0.07,0.215,0.355,0.36,-0.005,-0.075,0.06,0.5,0.48,0.02,-0.045,0.09,0.6982758620689655,58,0.7280701754385965,7,100,0.07,42,0.16666666666666666
phi-4-mini-instruct,dev,cure_centred_svd_r4_a1,cure_centred_svd,4,1.0,demographic,bbq,exploratory,42,42,42,0.5416666666666666,0.31398809523809523,0.6190476190476191,0.19047619047619047,0.19047619047619047,0.22767857142857142,0.12202380952380952,0.34077380952380953,0.4203296703296703,0.26377108895705526,0.544494260762314,10,9,0,32,0.9,0.6666666666666666,1.0,0.04057019038781121,0.0354356501675659,0.8214285714285714,0.75,0.07142857142857142,-0.023809523809523808,0.16666666666666666,0.6666666666666666,0.75,-0.08333333333333333,-0.21428571428571427,0.03571428571428571,0.8214285714285714,0.8214285714285714,0.0,-0.10714285714285714,0.10714285714285714,0.8289473684210527,38,0.9230769230769231,6,42,0.14285714285714285,31,0.1935483870967742
phi-4-mini-instruct,dev,cure_centred_svd_r4_a1,cure_centred_svd,4,1.0,demographic,crows_pairs,exploratory,30,30,30,0.34791666666666665,0.21041666666666667,0.4666666666666667,0.26666666666666666,0.26666666666666666,0.1375,0.029166666666666667,0.25625,0.39520958083832336,0.11006380851564339,0.5969371727748688,4,3,0,26,0.75,0.0,1.0,0.03174356094612668,0.032048309162284,0.9833333333333333,0.6166666666666667,0.36666666666666664,0.23333333333333334,0.5166666666666667,0.13333333333333333,0.05,0.08333333333333333,0.016666666666666666,0.15,0.15,0.1,0.05,-0.016666666666666666,0.11666666666666667,0.8333333333333334,6,0.5,0,30,0.0,3,0.0
phi-4-mini-instruct,dev,cure_centred_svd_r4_a1,cure_centred_svd,4,1.0,demographic,stereoset,exploratory,28,28,28,0.48214285714285715,0.19196428571428573,0.6428571428571429,0.17857142857142858,0.17857142857142858,0.29017857142857145,0.07366071428571429,0.6184151785714279,0.6018518518518519,0.2897134776192819,0.7245778064357652,2,1,0,26,0.5,0.0,1.0,0.03622066710722244,0.03465864323118813,0.17857142857142858,0.17857142857142858,0.0,-0.125,0.125,0.125,0.10714285714285714,0.017857142857142856,-0.08928571428571429,0.125,0.39285714285714285,0.375,0.017857142857142856,-0.125,0.16116071428571185,0.2857142857142857,14,0.25,1,28,0.03571428571428571,8,0.125
phi-4-mini-instruct,dev,cure_centred_svd_r4_a1,cure_centred_svd,4,1.0,identity,pooled,exploratory,100,100,100,0.0425,0.0275,0.01,0.0,0.99,0.015,0.0,0.045,0.3529411764705882,0.3529411764705882,0.3529411764705882,1,0,0,99,0.0,0.0,0.0,0.03353531030602015,0.03356986640728758,0.7010309278350515,0.5670103092783505,0.13402061855670103,0.05154639175257732,0.21649484536082475,0.33,0.39,-0.06,-0.14,0.01,0.47,0.49,-0.02,-0.1,0.06,0.7333333333333333,45,0.8125,0,100,0.0,47,0.0
phi-4-mini-instruct,dev,cure_centred_svd_r4_a1,cure_centred_svd,4,1.0,identity,bbq,exploratory,42,42,42,0.0,0.0,0.0,0.0,1.0,0.0,0.0,0.0,,,,0,0,0,42,,,,0.03494308723738453,0.03497635478711451,0.8461538461538461,0.7435897435897436,0.10256410256410256,0.0,0.23076923076923078,0.6190476190476191,0.7857142857142857,-0.16666666666666666,-0.3333333333333333,-0.023809523809523808,0.8095238095238095,0.8333333333333334,-0.023809523809523808,-0.14285714285714285,0.09523809523809523,0.8125,32,0.9705882352941176,0,42,0.0,34,0.0
phi-4-mini-instruct,dev,cure_centred_svd_r4_a1,cure_centred_svd,4,1.0,identity,crows_pairs,exploratory,30,30,30,0.0,0.0,0.0,0.0,1.0,0.0,0.0,0.0,,,,0,0,0,30,,,,0.03221520829060722,0.032246862899431364,0.9666666666666667,0.7,0.26666666666666666,0.09916666666666672,0.4666666666666667,0.1,0.06666666666666667,0.03333333333333333,0.0,0.1,0.1,0.1,0.0,-0.1,0.1,1.0,3,0.6666666666666666,0,30,0.0,3,0.0
phi-4-mini-instruct,dev,cure_centred_svd_r4_a1,cure_centred_svd,4,1.0,identity,stereoset,exploratory,28,28,28,0.15178571428571427,0.09821428571428571,0.03571428571428571,0.0,0.9642857142857143,0.05357142857142857,0.0,0.16071428571428573,0.3529411764705882,0.3529411764705882,0.3529411764705882,1,0,0,27,0.0,0.0,0.0,0.032838039925487415,0.032877637595964584,0.21428571428571427,0.17857142857142858,0.03571428571428571,-0.07142857142857142,0.17857142857142858,0.14285714285714285,0.14285714285714285,0.0,-0.10714285714285714,0.10714285714285714,0.35714285714285715,0.39285714285714285,-0.03571428571428571,-0.21428571428571427,0.14285714285714285,0.4,10,0.36363636363636365,0,28,0.0,10,0.0
phi-4-mini-instruct,dev,cure_centred_svd_r4_a1,cure_centred_svd,4,1.0,neutral,pooled,exploratory,42,42,42,0.3586309523809524,0.21875,0.5476190476190477,0.30952380952380953,0.14285714285714285,0.13988095238095238,0.04311755952380952,0.24110863095238075,0.39004149377593356,0.15203533026113672,0.5714405160057333,4,4,1,38,1.0,1.0,1.0,0.04565672528826724,0.038562113401090246,0.7307692307692307,0.717948717948718,0.01282051282051282,-0.07692307692307693,0.08974358974358974,0.6071428571428571,0.6785714285714286,-0.07142857142857142,-0.15476190476190477,0.0,0.7738095238095238,0.8095238095238095,-0.03571428571428571,-0.13095238095238096,0.05952380952380952,0.8235294117647058,34,0.8714285714285714,5,42,0.11904761904761904,29,0.1724137931034483
phi-4-mini-instruct,dev,cure_centred_svd_r4_a1,cure_centred_svd,4,1.0,neutral,bbq,exploratory,42,42,42,0.3586309523809524,0.21875,0.5476190476190477,0.30952380952380953,0.14285714285714285,0.13988095238095238,0.04311755952380952,0.24110863095238075,0.39004149377593356,0.15203533026113672,0.5714405160057333,4,4,1,38,1.0,1.0,1.0,0.04565672528826724,0.038562113401090246,0.7307692307692307,0.717948717948718,0.01282051282051282,-0.07692307692307693,0.08974358974358974,0.6071428571428571,0.6785714285714286,-0.07142857142857142,-0.15476190476190477,0.0,0.7738095238095238,0.8095238095238095,-0.03571428571428571,-0.13095238095238096,0.05952380952380952,0.8235294117647058,34,0.8714285714285714,5,42,0.11904761904761904,29,0.1724137931034483
phi-4-mini-instruct,dev,identity_alpha0_r1_a0,identity_alpha0,1,0.0,demographic,pooled,exploratory,100,100,100,0.466875,0.466875,0.0,0.0,1.0,0.0,0.0,0.0,0.0,0.0,0.0,16,0,0,84,0.0,0.0,0.0,0.0,0.0,0.55,0.55,0.0,0.0,0.0,0.36,0.36,0.0,0.0,0.0,0.48,0.48,0.0,0.0,0.0,0.7280701754385965,57,0.7280701754385965,7,100,0.07,39,0.1794871794871795
phi-4-mini-instruct,dev,identity_alpha0_r1_a0,identity_alpha0,1,0.0,demographic,bbq,exploratory,42,42,42,0.5416666666666666,0.5416666666666666,0.0,0.0,1.0,0.0,0.0,0.0,0.0,0.0,0.0,10,0,0,32,0.0,0.0,0.0,0.0,0.0,0.75,0.75,0.0,0.0,0.0,0.75,0.75,0.0,0.0,0.0,0.8214285714285714,0.8214285714285714,0.0,0.0,0.0,0.9230769230769231,39,0.9230769230769231,4,42,0.09523809523809523,30,0.13333333333333333
phi-4-mini-instruct,dev,identity_alpha0_r1_a0,identity_alpha0,1,0.0,demographic,crows_pairs,exploratory,30,30,30,0.34791666666666665,0.34791666666666665,0.0,0.0,1.0,0.0,0.0,0.0,0.0,0.0,0.0,4,0,0,26,0.0,0.0,0.0,0.0,0.0,0.6166666666666667,0.6166666666666667,0.0,0.0,0.0,0.05,0.05,0.0,0.0,0.0,0.1,0.1,0.0,0.0,0.0,0.5,4,0.5,2,30,0.06666666666666667,2,1.0
phi-4-mini-instruct,dev,identity_alpha0_r1_a0,identity_alpha0,1,0.0,demographic,stereoset,exploratory,28,28,28,0.48214285714285715,0.48214285714285715,0.0,0.0,1.0,0.0,0.0,0.0,0.0,0.0,0.0,2,0,0,26,0.0,0.0,0.0,0.0,0.0,0.17857142857142858,0.17857142857142858,0.0,0.0,0.0,0.10714285714285714,0.10714285714285714,0.0,0.0,0.0,0.375,0.375,0.0,0.0,0.0,0.25,14,0.25,1,28,0.03571428571428571,7,0.14285714285714285
phi-4-mini-instruct,dev,identity_alpha0_r1_a0,identity_alpha0,1,0.0,identity,pooled,exploratory,100,100,100,0.0425,0.0425,0.0,0.0,1.0,0.0,0.0,0.0,0.0,0.0,0.0,1,0,0,99,0.0,0.0,0.0,0.0,0.0,0.5670103092783505,0.5670103092783505,0.0,0.0,0.0,0.39,0.39,0.0,0.0,0.0,0.49,0.49,0.0,0.0,0.0,0.8125,48,0.8125,0,100,0.0,49,0.0
phi-4-mini-instruct,dev,identity_alpha0_r1_a0,identity_alpha0,1,0.0,identity,bbq,exploratory,42,42,42,0.0,0.0,0.0,0.0,1.0,0.0,0.0,0.0,,,,0,0,0,42,,,,0.0,0.0,0.7435897435897436,0.7435897435897436,0.0,0.0,0.0,0.7857142857142857,0.7857142857142857,0.0,0.0,0.0,0.8333333333333334,0.8333333333333334,0.0,0.0,0.0,0.9705882352941176,34,0.9705882352941176,0,42,0.0,35,0.0
phi-4-mini-instruct,dev,identity_alpha0_r1_a0,identity_alpha0,1,0.0,identity,crows_pairs,exploratory,30,30,30,0.0,0.0,0.0,0.0,1.0,0.0,0.0,0.0,,,,0,0,0,30,,,,0.0,0.0,0.7,0.7,0.0,0.0,0.0,0.06666666666666667,0.06666666666666667,0.0,0.0,0.0,0.1,0.1,0.0,0.0,0.0,0.6666666666666666,3,0.6666666666666666,0,30,0.0,3,0.0
phi-4-mini-instruct,dev,identity_alpha0_r1_a0,identity_alpha0,1,0.0,identity,stereoset,exploratory,28,28,28,0.15178571428571427,0.15178571428571427,0.0,0.0,1.0,0.0,0.0,0.0,0.0,0.0,0.0,1,0,0,27,0.0,0.0,0.0,0.0,0.0,0.17857142857142858,0.17857142857142858,0.0,0.0,0.0,0.14285714285714285,0.14285714285714285,0.0,0.0,0.0,0.39285714285714285,0.39285714285714285,0.0,0.0,0.0,0.36363636363636365,11,0.36363636363636365,0,28,0.0,11,0.0
phi-4-mini-instruct,dev,identity_alpha0_r1_a0,identity_alpha0,1,0.0,neutral,pooled,exploratory,42,42,42,0.3586309523809524,0.3586309523809524,0.0,0.0,1.0,0.0,0.0,0.0,0.0,0.0,0.0,4,0,0,38,0.0,0.0,0.0,0.0,0.0,0.717948717948718,0.717948717948718,0.0,0.0,0.0,0.6785714285714286,0.6785714285714286,0.0,0.0,0.0,0.8095238095238095,0.8095238095238095,0.0,0.0,0.0,0.8714285714285714,35,0.8714285714285714,6,42,0.14285714285714285,31,0.1935483870967742
phi-4-mini-instruct,dev,identity_alpha0_r1_a0,identity_alpha0,1,0.0,neutral,bbq,exploratory,42,42,42,0.3586309523809524,0.3586309523809524,0.0,0.0,1.0,0.0,0.0,0.0,0.0,0.0,0.0,4,0,0,38,0.0,0.0,0.0,0.0,0.0,0.717948717948718,0.717948717948718,0.0,0.0,0.0,0.6785714285714286,0.6785714285714286,0.0,0.0,0.0,0.8095238095238095,0.8095238095238095,0.0,0.0,0.0,0.8714285714285714,35,0.8714285714285714,6,42,0.14285714285714285,31,0.1935483870967742
phi-4-mini-instruct,dev,leace_faithful_r1_a1,leace_faithful,1,1.0,demographic,pooled,exploratory,100,100,100,0.466875,0.47375,0.36,0.42,0.22,-0.006875,-0.04375,0.03125,-0.014725568942436373,-0.09928263758420007,0.06568113066817499,16,4,3,84,0.25,0.05555555555555555,0.5,0.0006390213953866283,0.0006577233619318049,0.555,0.55,0.005,-0.025,0.035,0.405,0.36,0.045,0.015,0.08,0.535,0.48,0.055,0.02,0.095,0.7580645161290323,62,0.7280701754385965,11,100,0.11,45,0.24444444444444444
phi-4-mini-instruct,dev,leace_faithful_r1_a1,leace_faithful,1,1.0,demographic,bbq,exploratory,42,42,42,0.5416666666666666,0.5386904761904762,0.38095238095238093,0.38095238095238093,0.23809523809523808,0.002976190476190476,-0.044642857142857144,0.050669642857142455,0.005494505494505475,-0.07894736842105265,0.0974647887323942,10,2,2,32,0.2,0.0,0.5,0.0006247231254354837,0.0006984042272296346,0.7738095238095238,0.75,0.023809523809523808,0.0,0.05952380952380952,0.8214285714285714,0.75,0.07142857142857142,0.023809523809523808,0.14285714285714285,0.8928571428571429,0.8214285714285714,0.07142857142857142,0.023809523809523808,0.14285714285714285,0.9390243902439024,41,0.9230769230769231,6,42,0.14285714285714285,34,0.17647058823529413
phi-4-mini-instruct,dev,leace_faithful_r1_a1,leace_faithful,1,1.0,demographic,crows_pairs,exploratory,30,30,30,0.34791666666666665,0.38958333333333334,0.26666666666666666,0.5666666666666667,0.16666666666666666,-0.041666666666666664,-0.10416666666666667,0.02505208333333305,-0.11976047904191622,-0.34965909090909086,0.0691745987308696,4,2,1,26,0.5,0.0,1.0,0.000749146351348672,0.0007203411975228772,0.5833333333333334,0.6166666666666667,-0.03333333333333333,-0.08333333333333333,0.0,0.08333333333333333,0.05,0.03333333333333333,0.0,0.08333333333333333,0.13333333333333333,0.1,0.03333333333333333,0.0,0.08333333333333333,0.6666666666666666,6,0.5,2,30,0.06666666666666667,2,1.0
phi-4-mini-instruct,dev,leace_faithful_r1_a1,leace_faithful,1,1.0,demographic,stereoset,exploratory,28,28,28,0.48214285714285715,0.46651785714285715,0.42857142857142855,0.32142857142857145,0.25,0.015625,-0.06919642857142858,0.10714285714285714,0.03240740740740744,-0.14872341603898984,0.2837586660291653,2,0,0,26,0.0,0.0,0.0,0.0005424777760682983,0.0005296115258517684,0.19642857142857142,0.17857142857142858,0.017857142857142856,-0.05357142857142857,0.10714285714285714,0.125,0.10714285714285714,0.017857142857142856,-0.03571428571428571,0.08928571428571429,0.42857142857142855,0.375,0.05357142857142857,-0.017857142857142856,0.125,0.3,15,0.25,3,28,0.10714285714285714,9,0.3333333333333333
phi-4-mini-instruct,dev,leace_faithful_r1_a1,leace_faithful,1,1.0,identity,pooled,exploratory,100,100,100,0.0425,0.045625,0.0,0.01,0.99,-0.003125,-0.009375,0.0,-0.07352941176470584,-0.07352941176470584,-0.07352941176470584,1,0,0,99,0.0,0.0,0.0,0.0005944086730524183,0.0005940820337039178,0.5979381443298969,0.5670103092783505,0.030927835051546393,-0.010309278350515464,0.08247422680412371,0.4,0.39,0.01,-0.02,0.05,0.52,0.49,0.03,0.0,0.07,0.7843137254901961,51,0.8125,0,100,0.0,52,0.0
phi-4-mini-instruct,dev,leace_faithful_r1_a1,leace_faithful,1,1.0,identity,bbq,exploratory,42,42,42,0.0,0.0,0.0,0.0,1.0,0.0,0.0,0.0,,,,0,0,0,42,,,,0.0005848167216385177,0.0005844843245424442,0.7948717948717948,0.7435897435897436,0.05128205128205128,0.0,0.1282051282051282,0.7857142857142857,0.7857142857142857,0.0,0.0,0.0,0.8333333333333334,0.8333333333333334,0.0,0.0,0.0,0.9705882352941176,34,0.9705882352941176,0,42,0.0,35,0.0
phi-4-mini-instruct,dev,leace_faithful_r1_a1,leace_faithful,1,1.0,identity,crows_pairs,exploratory,30,30,30,0.0,0.0,0.0,0.0,1.0,0.0,0.0,0.0,,,,0,0,0,30,,,,0.000675678762792519,0.0006754165744094104,0.6666666666666666,0.7,-0.03333333333333333,-0.1,0.0,0.06666666666666667,0.06666666666666667,0.0,-0.1,0.1,0.13333333333333333,0.1,0.03333333333333333,0.0,0.1,0.5,4,0.6666666666666666,0,30,0.0,4,0.0
phi-4-mini-instruct,dev,leace_faithful_r1_a1,leace_faithful,1,1.0,identity,stereoset,exploratory,28,28,28,0.15178571428571427,0.16294642857142858,0.0,0.03571428571428571,0.9642857142857143,-0.011160714285714286,-0.033482142857142856,0.0,-0.07352941176470584,-0.07352941176470584,-0.07352941176470584,1,0,0,27,0.0,0.0,0.0,0.0005217215040231614,0.0005213344466902431,0.25,0.17857142857142858,0.07142857142857142,0.0,0.17857142857142858,0.17857142857142858,0.14285714285714285,0.03571428571428571,0.0,0.10714285714285714,0.4642857142857143,0.39285714285714285,0.07142857142857142,0.0,0.17857142857142858,0.38461538461538464,13,0.36363636363636365,0,28,0.0,13,0.0
phi-4-mini-instruct,dev,leace_faithful_r1_a1,leace_faithful,1,1.0,neutral,pooled,exploratory,42,42,42,0.3586309523809524,0.3392857142857143,0.40476190476190477,0.35714285714285715,0.23809523809523808,0.019345238095238096,-0.03720238095238095,0.0744047619047619,0.053941908713692976,-0.11212920051785288,0.19841691995947308,4,1,1,38,0.25,0.0,1.0,0.0003470561781756704,0.0005066691862107795,0.7435897435897436,0.717948717948718,0.02564102564102564,-0.038461538461538464,0.08974358974358974,0.6547619047619048,0.6785714285714286,-0.023809523809523808,-0.07142857142857142,0.023809523809523808,0.7738095238095238,0.8095238095238095,-0.03571428571428571,-0.08333333333333333,0.0,0.8823529411764706,34,0.8714285714285714,4,42,0.09523809523809523,29,0.13793103448275862
phi-4-mini-instruct,dev,leace_faithful_r1_a1,leace_faithful,1,1.0,neutral,bbq,exploratory,42,42,42,0.3586309523809524,0.3392857142857143,0.40476190476190477,0.35714285714285715,0.23809523809523808,0.019345238095238096,-0.03720238095238095,0.0744047619047619,0.053941908713692976,-0.11212920051785288,0.19841691995947308,4,1,1,38,0.25,0.0,1.0,0.0003470561781756704,0.0005066691862107795,0.7435897435897436,0.717948717948718,0.02564102564102564,-0.038461538461538464,0.08974358974358974,0.6547619047619048,0.6785714285714286,-0.023809523809523808,-0.07142857142857142,0.023809523809523808,0.7738095238095238,0.8095238095238095,-0.03571428571428571,-0.08333333333333333,0.0,0.8823529411764706,34,0.8714285714285714,4,42,0.09523809523809523,29,0.13793103448275862
phi-4-mini-instruct,dev,leace_sequential_r1_a1,leace_sequential,1,1.0,demographic,pooled,exploratory,100,100,100,0.466875,0.4725,0.4,0.34,0.26,-0.005625,-0.05375,0.034375,-0.012048192771084265,-0.10828335803005498,0.07837126774351429,16,4,4,84,0.25,0.062408088235294125,0.47058823529411764,0.0007047926647642154,0.0006657682796863061,0.555,0.55,0.005,-0.015,0.025,0.395,0.36,0.035,0.01,0.065,0.515,0.48,0.035,0.005,0.07,0.7586206896551724,58,0.7280701754385965,8,100,0.08,45,0.17777777777777778
phi-4-mini-instruct,dev,leace_sequential_r1_a1,leace_sequential,1,1.0,demographic,bbq,exploratory,42,42,42,0.5416666666666666,0.5148809523809523,0.4523809523809524,0.3333333333333333,0.21428571428571427,0.026785714285714284,-0.0283110119047619,0.07738095238095238,0.0494505494505495,-0.05492167789735887,0.13874709133216986,10,2,2,32,0.2,0.0,0.5,0.0006959703040215181,0.0006604220327326019,0.75,0.75,0.0,0.0,0.0,0.8095238095238095,0.75,0.05952380952380952,0.011904761904761904,0.11904761904761904,0.8809523809523809,0.8214285714285714,0.05952380952380952,0.011904761904761904,0.11904761904761904,0.9375,40,0.9230769230769231,5,42,0.11904761904761904,34,0.14705882352941177
phi-4-mini-instruct,dev,leace_sequential_r1_a1,leace_sequential,1,1.0,demographic,crows_pairs,exploratory,30,30,30,0.34791666666666665,0.37083333333333335,0.3333333333333333,0.3333333333333333,0.3333333333333333,-0.022916666666666665,-0.1,0.04583333333333333,-0.06586826347305386,-0.3500128865979382,0.11596014492753609,4,2,2,26,0.5,0.0,1.0,0.0006868192653942552,0.0006730579950355299,0.6333333333333333,0.6166666666666667,0.016666666666666666,-0.03333333333333333,0.06666666666666667,0.08333333333333333,0.05,0.03333333333333333,-0.03333333333333333,0.1,0.1,0.1,0.0,-0.06666666666666667,0.06666666666666667,0.875,4,0.5,1,30,0.03333333333333333,2,0.5
phi-4-mini-instruct,dev,leace_sequential_r1_a1,leace_sequential,1,1.0,demographic,stereoset,exploratory,28,28,28,0.48214285714285715,0.5178571428571429,0.39285714285714285,0.35714285714285715,0.25,-0.03571428571428571,-0.16294642857142858,0.078125,-0.07407407407407418,-0.3074184515800575,0.20002793296089366,2,0,0,26,0.0,0.0,0.0,0.000737283419488933,0.0006659772408141232,0.17857142857142858,0.17857142857142858,0.0,-0.05357142857142857,0.05357142857142857,0.10714285714285714,0.10714285714285714,0.0,0.0,0.0,0.4107142857142857,0.375,0.03571428571428571,0.0,0.08928571428571429,0.21428571428571427,14,0.25,2,28,0.07142857142857142,9,0.2222222222222222
phi-4-mini-instruct,dev,leace_sequential_r1_a1,leace_sequential,1,1.0,identity,pooled,exploratory,100,100,100,0.0425,0.046875,0.0,0.01,0.99,-0.004375,-0.013125,0.0,-0.10294117647058831,-0.10294117647058831,-0.10294117647058831,1,0,0,99,0.0,0.0,0.0,0.0006527732621419188,0.0006516720061976298,0.5463917525773195,0.5670103092783505,-0.020618556701030927,-0.05154639175257732,0.0,0.4,0.39,0.01,-0.02,0.05,0.49,0.49,0.0,-0.05,0.05,0.8163265306122449,49,0.8125,0,100,0.0,49,0.0
phi-4-mini-instruct,dev,leace_sequential_r1_a1,leace_sequential,1,1.0,identity,bbq,exploratory,42,42,42,0.0,0.0,0.0,0.0,1.0,0.0,0.0,0.0,,,,0,0,0,42,,,,0.000653445474198086,0.0006511767034474434,0.7435897435897436,0.7435897435897436,0.0,0.0,0.0,0.8095238095238095,0.7857142857142857,0.023809523809523808,0.0,0.07142857142857142,0.8333333333333334,0.8333333333333334,0.0,-0.07142857142857142,0.07142857142857142,0.9714285714285714,35,0.9705882352941176,0,42,0.0,35,0.0
phi-4-mini-instruct,dev,leace_sequential_r1_a1,leace_sequential,1,1.0,identity,crows_pairs,exploratory,30,30,30,0.0,0.0,0.0,0.0,1.0,0.0,0.0,0.0,,,,0,0,0,30,,,,0.0006739276327368323,0.0006740947899468144,0.6333333333333333,0.7,-0.06666666666666667,-0.16666666666666666,0.0,0.06666666666666667,0.06666666666666667,0.0,-0.1,0.1,0.1,0.1,0.0,-0.1,0.1,0.6666666666666666,3,0.6666666666666666,0,30,0.0,3,0.0
phi-4-mini-instruct,dev,leace_sequential_r1_a1,leace_sequential,1,1.0,identity,stereoset,exploratory,28,28,28,0.15178571428571427,0.16741071428571427,0.0,0.03571428571428571,0.9642857142857143,-0.015625,-0.046875,0.0,-0.10294117647058831,-0.10294117647058831,-0.10294117647058831,1,0,0,27,0.0,0.0,0.0,0.0006290995469916898,0.0006283905491630692,0.17857142857142858,0.17857142857142858,0.0,0.0,0.0,0.14285714285714285,0.14285714285714285,0.0,0.0,0.0,0.39285714285714285,0.39285714285714285,0.0,-0.10714285714285714,0.10714285714285714,0.36363636363636365,11,0.36363636363636365,0,28,0.0,11,0.0
phi-4-mini-instruct,dev,leace_sequential_r1_a1,leace_sequential,1,1.0,neutral,pooled,exploratory,42,42,42,0.3586309523809524,0.33630952380952384,0.40476190476190477,0.38095238095238093,0.21428571428571427,0.022321428571428572,-0.03422619047619048,0.07886904761904762,0.06224066390041494,-0.11238075047699814,0.20465921848900562,4,0,2,38,0.0,0.0,0.0,0.0003577100499283721,0.0005773252169305486,0.717948717948718,0.717948717948718,0.0,-0.038461538461538464,0.038461538461538464,0.6785714285714286,0.6785714285714286,0.0,-0.047619047619047616,0.047619047619047616,0.8333333333333334,0.8095238095238095,0.023809523809523808,-0.03571428571428571,0.08333333333333333,0.8333333333333334,36,0.8714285714285714,6,42,0.14285714285714285,32,0.1875
phi-4-mini-instruct,dev,leace_sequential_r1_a1,leace_sequential,1,1.0,neutral,bbq,exploratory,42,42,42,0.3586309523809524,0.33630952380952384,0.40476190476190477,0.38095238095238093,0.21428571428571427,0.022321428571428572,-0.03422619047619048,0.07886904761904762,0.06224066390041494,-0.11238075047699814,0.20465921848900562,4,0,2,38,0.0,0.0,0.0,0.0003577100499283721,0.0005773252169305486,0.717948717948718,0.717948717948718,0.0,-0.038461538461538464,0.038461538461538464,0.6785714285714286,0.6785714285714286,0.0,-0.047619047619047616,0.047619047619047616,0.8333333333333334,0.8095238095238095,0.023809523809523808,-0.03571428571428571,0.08333333333333333,0.8333333333333334,36,0.8714285714285714,6,42,0.14285714285714285,32,0.1875
phi-4-mini-instruct,dev,mean_difference_r1_a1,mean_difference,1,1.0,demographic,pooled,exploratory,100,100,100,0.466875,0.413125,0.46,0.32,0.22,0.05375,0.008125,0.09875,0.11512717536813921,0.018640748957913136,0.2032409205174845,16,4,2,84,0.25,0.05555555555555555,0.5,0.0031083174703369376,0.0029495889196556263,0.55,0.55,0.0,-0.03,0.035,0.4,0.36,0.04,0.005,0.075,0.515,0.48,0.035,-0.005,0.075,0.7301587301587301,63,0.7280701754385965,6,100,0.06,40,0.15
phi-4-mini-instruct,dev,mean_difference_r1_a1,mean_difference,1,1.0,demographic,bbq,exploratory,42,42,42,0.5416666666666666,0.46875,0.5238095238095238,0.3333333333333333,0.14285714285714285,0.07291666666666667,0.01488095238095238,0.13095238095238096,0.13461538461538458,0.025421776146215772,0.24877512562814055,10,2,2,32,0.2,0.0,0.5,0.003749042229903324,0.003092921207887745,0.75,0.75,0.0,-0.03571428571428571,0.03571428571428571,0.8095238095238095,0.75,0.05952380952380952,0.0,0.11904761904761904,0.8809523809523809,0.8214285714285714,0.05952380952380952,0.0,0.13095238095238096,0.9047619047619048,42,0.9230769230769231,4,42,0.09523809523809523,32,0.125
phi-4-mini-instruct,dev,mean_difference_r1_a1,mean_difference,1,1.0,demographic,crows_pairs,exploratory,30,30,30,0.34791666666666665,0.35,0.3333333333333333,0.3333333333333333,0.3333333333333333,-0.0020833333333333333,-0.06666666666666667,0.06041666666666667,-0.0059880239520957446,-0.25976849237718813,0.1520762372270086,4,2,0,26,0.5,0.0,1.0,0.0026912225338026935,0.002892991256300056,0.6333333333333333,0.6166666666666667,0.016666666666666666,-0.06666666666666667,0.11666666666666667,0.1,0.05,0.05,0.0,0.11666666666666667,0.11666666666666667,0.1,0.016666666666666666,0.0,0.05,0.8,5,0.5,0,30,0.0,2,0.0
phi-4-mini-instruct,dev,mean_difference_r1_a1,mean_difference,1,1.0,demographic,stereoset,exploratory,28,28,28,0.48214285714285715,0.39732142857142855,0.5,0.2857142857142857,0.21428571428571427,0.08482142857142858,-0.02237723214285714,0.19866071428571427,0.17592592592592593,-0.0797335203366058,0.4117852735499793,2,0,0,26,0.0,0.0,0.0,0.0025941177629883344,0.002795230840902701,0.16071428571428573,0.17857142857142858,-0.017857142857142856,-0.07142857142857142,0.03571428571428571,0.10714285714285714,0.10714285714285714,0.0,-0.05357142857142857,0.05357142857142857,0.39285714285714285,0.375,0.017857142857142856,-0.07142857142857142,0.10714285714285714,0.25,16,0.25,2,28,0.07142857142857142,6,0.3333333333333333
phi-4-mini-instruct,dev,mean_difference_r1_a1,mean_difference,1,1.0,identity,pooled,exploratory,100,100,100,0.0425,0.03625,0.01,0.0,0.99,0.00625,0.0,0.01875,0.1470588235294118,0.1470588235294118,0.1470588235294118,1,0,0,99,0.0,0.0,0.0,0.0030299718446974077,0.0030300140050610845,0.5876288659793815,0.5670103092783505,0.020618556701030927,-0.030927835051546393,0.07216494845360824,0.42,0.39,0.03,0.0,0.07,0.52,0.49,0.03,-0.02,0.08,0.8235294117647058,51,0.8125,0,100,0.0,52,0.0
phi-4-mini-instruct,dev,mean_difference_r1_a1,mean_difference,1,1.0,identity,bbq,exploratory,42,42,42,0.0,0.0,0.0,0.0,1.0,0.0,0.0,0.0,,,,0,0,0,42,,,,0.0029252126957650827,0.00292578478460259,0.7692307692307693,0.7435897435897436,0.02564102564102564,0.0,0.07692307692307693,0.8095238095238095,0.7857142857142857,0.023809523809523808,0.0,0.07142857142857142,0.8809523809523809,0.8333333333333334,0.047619047619047616,0.0,0.11904761904761904,0.9444444444444444,36,0.9705882352941176,0,42,0.0,37,0.0
phi-4-mini-instruct,dev,mean_difference_r1_a1,mean_difference,1,1.0,identity,crows_pairs,exploratory,30,30,30,0.0,0.0,0.0,0.0,1.0,0.0,0.0,0.0,,,,0,0,0,30,,,,0.0030973797619428395,0.0030993500929104014,0.7,0.7,0.0,-0.13333333333333333,0.13333333333333333,0.1,0.06666666666666667,0.03333333333333333,0.0,0.1,0.13333333333333333,0.1,0.03333333333333333,0.0,0.1,0.75,4,0.6666666666666666,0,30,0.0,4,0.0
phi-4-mini-instruct,dev,mean_difference_r1_a1,mean_difference,1,1.0,identity,stereoset,exploratory,28,28,28,0.15178571428571427,0.12946428571428573,0.03571428571428571,0.0,0.9642857142857143,0.022321428571428572,0.0,0.06696428571428571,0.1470588235294118,0.1470588235294118,0.1470588235294118,1,0,0,27,0.0,0.0,0.0,0.0031148877996186436,0.003112069170195987,0.21428571428571427,0.17857142857142858,0.03571428571428571,0.0,0.10714285714285714,0.17857142857142858,0.14285714285714285,0.03571428571428571,0.0,0.10714285714285714,0.39285714285714285,0.39285714285714285,0.0,-0.14285714285714285,0.14285714285714285,0.45454545454545453,11,0.36363636363636365,0,28,0.0,11,0.0
phi-4-mini-instruct,dev,mean_difference_r1_a1,mean_difference,1,1.0,neutral,pooled,exploratory,42,42,42,0.3586309523809524,0.35267857142857145,0.35714285714285715,0.35714285714285715,0.2857142857142857,0.005952380952380952,-0.05952380952380952,0.06994047619047619,0.016597510373444035,-0.1884099378881987,0.18709004129511034,4,1,1,38,0.25,0.0,1.0,0.0025436495313582172,0.002756254776869974,0.7435897435897436,0.717948717948718,0.02564102564102564,0.0,0.0641025641025641,0.6904761904761905,0.6785714285714286,0.011904761904761904,-0.023809523809523808,0.05952380952380952,0.8214285714285714,0.8095238095238095,0.011904761904761904,-0.023809523809523808,0.05952380952380952,0.8714285714285714,35,0.8714285714285714,6,42,0.14285714285714285,32,0.1875
phi-4-mini-instruct,dev,mean_difference_r1_a1,mean_difference,1,1.0,neutral,bbq,exploratory,42,42,42,0.3586309523809524,0.35267857142857145,0.35714285714285715,0.35714285714285715,0.2857142857142857,0.005952380952380952,-0.05952380952380952,0.06994047619047619,0.016597510373444035,-0.1884099378881987,0.18709004129511034,4,1,1,38,0.25,0.0,1.0,0.0025436495313582172,0.002756254776869974,0.7435897435897436,0.717948717948718,0.02564102564102564,0.0,0.0641025641025641,0.6904761904761905,0.6785714285714286,0.011904761904761904,-0.023809523809523808,0.05952380952380952,0.8214285714285714,0.8095238095238095,0.011904761904761904,-0.023809523809523808,0.05952380952380952,0.8714285714285714,35,0.8714285714285714,6,42,0.14285714285714285,32,0.1875
phi-4-mini-instruct,dev,neutral_contrast_r1_a1,neutral_contrast,1,1.0,demographic,pooled,exploratory,100,100,100,0.466875,0.411875,0.5,0.32,0.18,0.055,0.01,0.100625,0.11780455153949132,0.024480061569301284,0.21241684356008753,16,8,3,84,0.5,0.2380252100840336,0.75,0.003443801078677232,0.0033783492468702154,0.575,0.55,0.025,-0.005,0.055,0.39,0.36,0.03,-0.025,0.085,0.505,0.48,0.025,-0.02,0.075,0.7459016393442623,61,0.7280701754385965,5,100,0.05,40,0.125
phi-4-mini-instruct,dev,neutral_contrast_r1_a1,neutral_contrast,1,1.0,demographic,bbq,exploratory,42,42,42,0.5416666666666666,0.43005952380952384,0.6666666666666666,0.30952380952380953,0.023809523809523808,0.11160714285714286,0.028273809523809524,0.19047619047619047,0.2060439560439561,0.05355123833452982,0.3463855421686747,10,7,1,32,0.7,0.39961538461538465,1.0,0.004007452288686013,0.003615776265700455,0.7619047619047619,0.75,0.011904761904761904,0.0,0.03571428571428571,0.7619047619047619,0.75,0.011904761904761904,-0.09523809523809523,0.11904761904761904,0.8452380952380952,0.8214285714285714,0.023809523809523808,-0.047619047619047616,0.09523809523809523,0.8902439024390244,41,0.9230769230769231,3,42,0.07142857142857142,30,0.1
phi-4-mini-instruct,dev,neutral_contrast_r1_a1,neutral_contrast,1,1.0,demographic,crows_pairs,exploratory,30,30,30,0.34791666666666665,0.33541666666666664,0.3333333333333333,0.26666666666666666,0.4,0.0125,-0.04583333333333333,0.06677083333333277,0.0359281437125748,-0.15384615384615374,0.19231481481481474,4,1,1,26,0.25,0.0,1.0,0.0029513130903779253,0.003215953510248705,0.6833333333333333,0.6166666666666667,0.06666666666666667,0.016666666666666666,0.13333333333333333,0.13333333333333333,0.05,0.08333333333333333,0.0,0.18333333333333332,0.13333333333333333,0.1,0.03333333333333333,-0.05,0.13333333333333333,1.0,5,0.5,0,30,0.0,3,0.0
phi-4-mini-instruct,dev,neutral_contrast_r1_a1,neutral_contrast,1,1.0,demographic,stereoset,exploratory,28,28,28,0.48214285714285715,0.46651785714285715,0.42857142857142855,0.39285714285714285,0.17857142857142858,0.015625,-0.07148437499999999,0.1027343749999997,0.03240740740740744,-0.23017399267399274,0.2137417741510924,2,0,1,26,0.0,0.0,0.0,0.003125989965413318,0.0031962041507193335,0.17857142857142858,0.17857142857142858,0.0,-0.08928571428571429,0.08928571428571429,0.10714285714285714,0.10714285714285714,0.0,-0.05357142857142857,0.05357142857142857,0.39285714285714285,0.375,0.017857142857142856,-0.05357142857142857,0.08928571428571429,0.26666666666666666,15,0.25,2,28,0.07142857142857142,7,0.2857142857142857
phi-4-mini-instruct,dev,neutral_contrast_r1_a1,neutral_contrast,1,1.0,identity,pooled,exploratory,100,100,100,0.0425,0.0075,0.01,0.0,0.99,0.035,0.0,0.105,0.8235294117647058,0.8235294117647058,0.8235294117647058,1,1,0,99,1.0,1.0,1.0,0.0034149954378469437,0.003415615392203169,0.6082474226804123,0.5670103092783505,0.041237113402061855,0.0,0.09278350515463918,0.39,0.39,0.0,-0.05,0.05,0.48,0.49,-0.01,-0.07,0.05,0.8125,48,0.8125,0,100,0.0,48,0.0
phi-4-mini-instruct,dev,neutral_contrast_r1_a1,neutral_contrast,1,1.0,identity,bbq,exploratory,42,42,42,0.0,0.0,0.0,0.0,1.0,0.0,0.0,0.0,,,,0,0,0,42,,,,0.003527623357254572,0.0035271676048168965,0.7692307692307693,0.7435897435897436,0.02564102564102564,0.0,0.07692307692307693,0.7380952380952381,0.7857142857142857,-0.047619047619047616,-0.14285714285714285,0.047619047619047616,0.8095238095238095,0.8333333333333334,-0.023809523809523808,-0.11904761904761904,0.047619047619047616,0.9117647058823529,34,0.9705882352941176,0,42,0.0,34,0.0
phi-4-mini-instruct,dev,neutral_contrast_r1_a1,neutral_contrast,1,1.0,identity,crows_pairs,exploratory,30,30,30,0.0,0.0,0.0,0.0,1.0,0.0,0.0,0.0,,,,0,0,0,30,,,,0.003364185878657193,0.003361886290994545,0.7333333333333333,0.7,0.03333333333333333,0.0,0.1,0.13333333333333333,0.06666666666666667,0.06666666666666667,0.0,0.16666666666666666,0.13333333333333333,0.1,0.03333333333333333,-0.06666666666666667,0.1341666666666621,1.0,4,0.6666666666666666,0,30,0.0,4,0.0
phi-4-mini-instruct,dev,neutral_contrast_r1_a1,neutral_contrast,1,1.0,identity,stereoset,exploratory,28,28,28,0.15178571428571427,0.026785714285714284,0.03571428571428571,0.0,0.9642857142857143,0.125,0.0,0.375,0.8235294117647058,0.8235294117647058,0.8235294117647058,1,1,0,27,1.0,1.0,1.0,0.0033004923721530913,0.003305853967434672,0.25,0.17857142857142858,0.07142857142857142,-0.07142857142857142,0.21428571428571427,0.14285714285714285,0.14285714285714285,0.0,0.0,0.0,0.35714285714285715,0.39285714285714285,-0.03571428571428571,-0.14285714285714285,0.07142857142857142,0.4,10,0.36363636363636365,0,28,0.0,10,0.0
phi-4-mini-instruct,dev,neutral_contrast_r1_a1,neutral_contrast,1,1.0,neutral,pooled,exploratory,42,42,42,0.3586309523809524,0.31101190476190477,0.38095238095238093,0.35714285714285715,0.2619047619047619,0.047619047619047616,-0.02976190476190476,0.12797619047619047,0.13278008298755184,-0.08648967865503299,0.3154216185625353,4,4,1,38,1.0,1.0,1.0,0.01275518396089668,0.007473475841645792,0.7564102564102564,0.717948717948718,0.038461538461538464,0.0,0.08974358974358974,0.6666666666666666,0.6785714285714286,-0.011904761904761904,-0.07142857142857142,0.047619047619047616,0.7619047619047619,0.8095238095238095,-0.047619047619047616,-0.14285714285714285,0.03571428571428571,0.8611111111111112,36,0.8714285714285714,4,42,0.09523809523809523,28,0.14285714285714285
phi-4-mini-instruct,dev,neutral_contrast_r1_a1,neutral_contrast,1,1.0,neutral,bbq,exploratory,42,42,42,0.3586309523809524,0.31101190476190477,0.38095238095238093,0.35714285714285715,0.2619047619047619,0.047619047619047616,-0.02976190476190476,0.12797619047619047,0.13278008298755184,-0.08648967865503299,0.3154216185625353,4,4,1,38,1.0,1.0,1.0,0.01275518396089668,0.007473475841645792,0.7564102564102564,0.717948717948718,0.038461538461538464,0.0,0.08974358974358974,0.6666666666666666,0.6785714285714286,-0.011904761904761904,-0.07142857142857142,0.047619047619047616,0.7619047619047619,0.8095238095238095,-0.047619047619047616,-0.14285714285714285,0.03571428571428571,0.8611111111111112,36,0.8714285714285714,4,42,0.09523809523809523,28,0.14285714285714285
phi-4-mini-instruct,dev,neutral_contrast_r2_a1,neutral_contrast,2,1.0,demographic,pooled,exploratory,100,100,100,0.466875,0.320625,0.58,0.26,0.16,0.14625,0.08125,0.21564062499999992,0.3132530120481928,0.1877118337195828,0.4365892688305016,16,13,0,84,0.8125,0.6,1.0,0.021324467391495933,0.0197063564559228,0.66,0.55,0.11,0.04,0.18,0.335,0.36,-0.025,-0.09,0.035,0.46,0.48,-0.02,-0.07,0.03,0.6929824561403509,57,0.7280701754385965,5,100,0.05,35,0.14285714285714285
phi-4-mini-instruct,dev,neutral_contrast_r2_a1,neutral_contrast,2,1.0,demographic,bbq,exploratory,42,42,42,0.5416666666666666,0.3020833333333333,0.6904761904761905,0.14285714285714285,0.16666666666666666,0.23958333333333334,0.14136904761904762,0.34523809523809523,0.4423076923076923,0.31172459893048127,0.5575048076923077,10,9,0,32,0.9,0.6666666666666666,1.0,0.024659915234740364,0.020633833499084715,0.75,0.75,0.0,-0.08333333333333333,0.07142857142857142,0.6547619047619048,0.75,-0.09523809523809523,-0.21428571428571427,0.011904761904761904,0.7857142857142857,0.8214285714285714,-0.03571428571428571,-0.11904761904761904,0.03571428571428571,0.7948717948717948,39,0.9230769230769231,4,42,0.09523809523809523,27,0.14814814814814814
phi-4-mini-instruct,dev,neutral_contrast_r2_a1,neutral_contrast,2,1.0,demographic,crows_pairs,exploratory,30,30,30,0.34791666666666665,0.26458333333333334,0.5,0.4,0.1,0.08333333333333333,-0.025,0.2,0.23952095808383234,-0.10170031307351825,0.44568108233117465,4,3,0,26,0.75,0.0,1.0,0.019218632228430052,0.019317219994926343,0.9833333333333333,0.6166666666666667,0.36666666666666664,0.23333333333333334,0.5166666666666667,0.11666666666666667,0.05,0.06666666666666667,0.016666666666666666,0.13333333333333333,0.11666666666666667,0.1,0.016666666666666666,-0.03333333333333333,0.06666666666666667,1.0,4,0.5,0,30,0.0,3,0.0
phi-4-mini-instruct,dev,neutral_contrast_r2_a1,neutral_contrast,2,1.0,demographic,stereoset,exploratory,28,28,28,0.48214285714285715,0.40848214285714285,0.5,0.2857142857142857,0.21428571428571427,0.07366071428571429,-0.05362723214285714,0.21205357142857142,0.1527777777777778,-0.14128329297820816,0.457147212543554,2,1,0,26,0.5,0.0,1.0,0.01857754758705701,0.01873207281367614,0.17857142857142858,0.17857142857142858,0.0,-0.10714285714285714,0.125,0.08928571428571429,0.10714285714285714,-0.017857142857142856,-0.125,0.07142857142857142,0.3392857142857143,0.375,-0.03571428571428571,-0.17857142857142858,0.08928571428571429,0.32142857142857145,14,0.25,1,28,0.03571428571428571,5,0.2
phi-4-mini-instruct,dev,neutral_contrast_r2_a1,neutral_contrast,2,1.0,identity,pooled,exploratory,100,100,100,0.0425,0.0,0.01,0.0,0.99,0.0425,0.0,0.1275,1.0,1.0,1.0,1,1,0,99,1.0,1.0,1.0,0.019464495839506147,0.019486928746414632,0.6701030927835051,0.5670103092783505,0.10309278350515463,0.020618556701030927,0.18556701030927836,0.34,0.39,-0.05,-0.13,0.02,0.45,0.49,-0.04,-0.12,0.03,0.7555555555555555,45,0.8125,0,100,0.0,45,0.0
phi-4-mini-instruct,dev,neutral_contrast_r2_a1,neutral_contrast,2,1.0,identity,bbq,exploratory,42,42,42,0.0,0.0,0.0,0.0,1.0,0.0,0.0,0.0,,,,0,0,0,42,,,,0.020170457082520934,0.02018720914310906,0.7948717948717948,0.7435897435897436,0.05128205128205128,-0.05128205128205128,0.15384615384615385,0.6428571428571429,0.7857142857142857,-0.14285714285714285,-0.2857142857142857,0.0,0.7619047619047619,0.8333333333333334,-0.07142857142857142,-0.19047619047619047,0.047619047619047616,0.84375,32,0.9705882352941176,0,42,0.0,32,0.0
phi-4-mini-instruct,dev,neutral_contrast_r2_a1,neutral_contrast,2,1.0,identity,crows_pairs,exploratory,30,30,30,0.0,0.0,0.0,0.0,1.0,0.0,0.0,0.0,,,,0,0,0,30,,,,0.019318374008417388,0.01932909065949146,0.9666666666666667,0.7,0.26666666666666666,0.09916666666666672,0.4666666666666667,0.1,0.06666666666666667,0.03333333333333333,0.0,0.1,0.1,0.1,0.0,-0.1,0.1,1.0,3,0.6666666666666666,0,30,0.0,3,0.0
phi-4-mini-instruct,dev,neutral_contrast_r2_a1,neutral_contrast,2,1.0,identity,stereoset,exploratory,28,28,28,0.15178571428571427,0.0,0.03571428571428571,0.0,0.9642857142857143,0.15178571428571427,0.0,0.45535714285714285,1.0,1.0,1.0,1,1,0,27,1.0,1.0,1.0,0.01856211307972194,0.018605620387362097,0.17857142857142858,0.17857142857142858,0.0,-0.14285714285714285,0.14285714285714285,0.14285714285714285,0.14285714285714285,0.0,-0.14285714285714285,0.14285714285714285,0.35714285714285715,0.39285714285714285,-0.03571428571428571,-0.21517857142857136,0.14285714285714285,0.4,10,0.36363636363636365,0,28,0.0,10,0.0
phi-4-mini-instruct,dev,neutral_contrast_r2_a1,neutral_contrast,2,1.0,neutral,pooled,exploratory,42,42,42,0.3586309523809524,0.23363095238095238,0.5714285714285714,0.30952380952380953,0.11904761904761904,0.125,0.031212797619047623,0.21729910714285694,0.34854771784232363,0.10293966351972884,0.5222971689150673,4,4,1,38,1.0,1.0,1.0,0.03139351351393862,0.024671894425370242,0.7051282051282052,0.717948717948718,-0.01282051282051282,-0.08974358974358974,0.05128205128205128,0.6071428571428571,0.6785714285714286,-0.07142857142857142,-0.15476190476190477,0.011904761904761904,0.7619047619047619,0.8095238095238095,-0.047619047619047616,-0.11904761904761904,0.023809523809523808,0.7714285714285715,35,0.8714285714285714,8,42,0.19047619047619047,28,0.2857142857142857
phi-4-mini-instruct,dev,neutral_contrast_r2_a1,neutral_contrast,2,1.0,neutral,bbq,exploratory,42,42,42,0.3586309523809524,0.23363095238095238,0.5714285714285714,0.30952380952380953,0.11904761904761904,0.125,0.031212797619047623,0.21729910714285694,0.34854771784232363,0.10293966351972884,0.5222971689150673,4,4,1,38,1.0,1.0,1.0,0.03139351351393862,0.024671894425370242,0.7051282051282052,0.717948717948718,-0.01282051282051282,-0.08974358974358974,0.05128205128205128,0.6071428571428571,0.6785714285714286,-0.07142857142857142,-0.15476190476190477,0.011904761904761904,0.7619047619047619,0.8095238095238095,-0.047619047619047616,-0.11904761904761904,0.023809523809523808,0.7714285714285715,35,0.8714285714285714,8,42,0.19047619047619047,28,0.2857142857142857
phi-4-mini-instruct,dev,neutral_contrast_r4_a1,neutral_contrast,4,1.0,demographic,pooled,exploratory,100,100,100,0.466875,0.265,0.59,0.22,0.19,0.201875,0.125609375,0.2825156249999999,0.43239625167336015,0.31082864904398705,0.5440838198067072,16,13,2,84,0.8125,0.6,1.0,0.030084641453329734,0.028278593443597604,0.65,0.55,0.1,0.02,0.18,0.33,0.36,-0.03,-0.095,0.03,0.46,0.48,-0.02,-0.075,0.03,0.7272727272727273,55,0.7280701754385965,6,100,0.06,36,0.16666666666666666
phi-4-mini-instruct,dev,neutral_contrast_r4_a1,neutral_contrast,4,1.0,demographic,bbq,exploratory,42,42,42,0.5416666666666666,0.25,0.7380952380952381,0.14285714285714285,0.11904761904761904,0.2916666666666667,0.16220238095238096,0.430096726190476,0.5384615384615384,0.36256565815736946,0.672897683021807,10,9,1,32,0.9,0.6666666666666666,1.0,0.03382638459595574,0.02960088665441729,0.75,0.75,0.0,-0.10714285714285714,0.09523809523809523,0.6190476190476191,0.75,-0.13095238095238096,-0.2619047619047619,0.0,0.7738095238095238,0.8214285714285714,-0.047619047619047616,-0.13095238095238096,0.023809523809523808,0.8108108108108109,37,0.9230769230769231,3,42,0.07142857142857142,27,0.1111111111111111
phi-4-mini-instruct,dev,neutral_contrast_r4_a1,neutral_contrast,4,1.0,demographic,crows_pairs,exploratory,30,30,30,0.34791666666666665,0.22708333333333333,0.4666666666666667,0.3,0.23333333333333334,0.12083333333333333,0.0125,0.2376041666666661,0.34730538922155685,0.05084745762711862,0.5433782535827889,4,3,0,26,0.75,0.0,1.0,0.025798732116507784,0.026303457746237737,0.9666666666666667,0.6166666666666667,0.35,0.21666666666666667,0.5,0.1,0.05,0.05,-0.016666666666666666,0.11666666666666667,0.1,0.1,0.0,-0.1,0.08333333333333333,1.0,4,0.5,0,30,0.0,2,0.0
phi-4-mini-instruct,dev,neutral_contrast_r4_a1,neutral_contrast,4,1.0,demographic,stereoset,exploratory,28,28,28,0.48214285714285715,0.328125,0.5,0.25,0.25,0.15401785714285715,0.004464285714285714,0.3125,0.3194444444444444,0.01723769525493667,0.5678232518014816,2,1,1,26,0.5,0.0,1.0,0.029064072457414238,0.028411370445967917,0.16071428571428573,0.17857142857142858,-0.017857142857142856,-0.14285714285714285,0.10714285714285714,0.14285714285714285,0.10714285714285714,0.03571428571428571,-0.03616071428571426,0.125,0.375,0.375,0.0,-0.10714285714285714,0.10714285714285714,0.42857142857142855,14,0.25,3,28,0.10714285714285714,7,0.42857142857142855
phi-4-mini-instruct,dev,neutral_contrast_r4_a1,neutral_contrast,4,1.0,identity,pooled,exploratory,100,100,100,0.0425,0.02125,0.01,0.0,0.99,0.02125,0.0,0.06375,0.5,0.5,0.5,1,0,0,99,0.0,0.0,0.0,0.027792510036235646,0.02783317390723986,0.6597938144329897,0.5670103092783505,0.09278350515463918,0.010309278350515464,0.18556701030927836,0.37,0.39,-0.02,-0.1,0.06,0.48,0.49,-0.01,-0.09,0.06,0.7872340425531915,47,0.8125,0,100,0.0,48,0.0
phi-4-mini-instruct,dev,neutral_contrast_r4_a1,neutral_contrast,4,1.0,identity,bbq,exploratory,42,42,42,0.0,0.0,0.0,0.0,1.0,0.0,0.0,0.0,,,,0,0,0,42,,,,0.029264906042957468,0.029309300106135697,0.7948717948717948,0.7435897435897436,0.05128205128205128,-0.07692307692307693,0.1794871794871795,0.6666666666666666,0.7857142857142857,-0.11904761904761904,-0.26249999999999996,0.023809523809523808,0.8095238095238095,0.8333333333333334,-0.023809523809523808,-0.14285714285714285,0.09523809523809523,0.8484848484848485,33,0.9705882352941176,0,42,0.0,34,0.0
phi-4-mini-instruct,dev,neutral_contrast_r4_a1,neutral_contrast,4,1.0,identity,crows_pairs,exploratory,30,30,30,0.0,0.0,0.0,0.0,1.0,0.0,0.0,0.0,,,,0,0,0,30,,,,0.026345805937828978,0.026377935604033356,0.9666666666666667,0.7,0.26666666666666666,0.09916666666666672,0.4666666666666667,0.16666666666666666,0.06666666666666667,0.1,0.0,0.23333333333333334,0.16666666666666666,0.1,0.06666666666666667,-0.06666666666666667,0.2,1.0,5,0.6666666666666666,0,30,0.0,5,0.0
phi-4-mini-instruct,dev,neutral_contrast_r4_a1,neutral_contrast,4,1.0,identity,stereoset,exploratory,28,28,28,0.15178571428571427,0.07589285714285714,0.03571428571428571,0.0,0.9642857142857143,0.07589285714285714,0.0,0.22767857142857142,0.5,0.5,0.5,1,0,0,27,0.0,0.0,0.0,0.027133956131588626,0.027178168505188786,0.14285714285714285,0.17857142857142858,-0.03571428571428571,-0.17857142857142858,0.07142857142857142,0.14285714285714285,0.14285714285714285,0.0,-0.10714285714285714,0.10714285714285714,0.32142857142857145,0.39285714285714285,-0.07142857142857142,-0.25,0.10714285714285714,0.4444444444444444,9,0.36363636363636365,0,28,0.0,9,0.0
phi-4-mini-instruct,dev,neutral_contrast_r4_a1,neutral_contrast,4,1.0,neutral,pooled,exploratory,42,42,42,0.3586309523809524,0.23809523809523808,0.5238095238095238,0.23809523809523808,0.23809523809523808,0.12053571428571429,0.026785714285714284,0.20982142857142858,0.3360995850622407,0.09037439919048829,0.5066108927125106,4,3,1,38,0.75,0.0,1.0,0.03979960460885846,0.03343780669692417,0.717948717948718,0.717948717948718,0.0,-0.08974358974358974,0.10256410256410256,0.5833333333333334,0.6785714285714286,-0.09523809523809523,-0.19047619047619047,0.0,0.7380952380952381,0.8095238095238095,-0.07142857142857142,-0.16666666666666666,0.011904761904761904,0.796875,32,0.8714285714285714,6,42,0.14285714285714285,29,0.20689655172413793
phi-4-mini-instruct,dev,neutral_contrast_r4_a1,neutral_contrast,4,1.0,neutral,bbq,exploratory,42,42,42,0.3586309523809524,0.23809523809523808,0.5238095238095238,0.23809523809523808,0.23809523809523808,0.12053571428571429,0.026785714285714284,0.20982142857142858,0.3360995850622407,0.09037439919048829,0.5066108927125106,4,3,1,38,0.75,0.0,1.0,0.03979960460885846,0.03343780669692417,0.717948717948718,0.717948717948718,0.0,-0.08974358974358974,0.10256410256410256,0.5833333333333334,0.6785714285714286,-0.09523809523809523,-0.19047619047619047,0.0,0.7380952380952381,0.8095238095238095,-0.07142857142857142,-0.16666666666666666,0.011904761904761904,0.796875,32,0.8714285714285714,6,42,0.14285714285714285,29,0.20689655172413793
phi-4-mini-instruct,dev,random_ortho_1_r1_a1,random_ortho_1,1,1.0,demographic,pooled,exploratory,100,100,100,0.466875,0.474375,0.37,0.37,0.26,-0.0075,-0.04125,0.02625,-0.016064257028112428,-0.08847111404403393,0.060194773401598345,16,4,3,84,0.25,0.0625,0.4706656346749222,0.00044078774363945567,0.00043550277654764665,0.56,0.55,0.01,-0.01,0.035,0.365,0.36,0.005,-0.02,0.03,0.485,0.48,0.005,-0.025,0.035,0.7413793103448276,58,0.7280701754385965,9,100,0.09,39,0.23076923076923078
phi-4-mini-instruct,dev,random_ortho_1_r1_a1,random_ortho_1,1,1.0,demographic,bbq,exploratory,42,42,42,0.5416666666666666,0.53125,0.42857142857142855,0.30952380952380953,0.2619047619047619,0.010416666666666666,-0.03720238095238095,0.05357142857142857,0.019230769230769273,-0.06372674069627851,0.10179926770662498,10,3,2,32,0.3,0.0,0.625,0.00044436763633511094,0.0004383769918761005,0.7619047619047619,0.75,0.011904761904761904,0.0,0.03571428571428571,0.7619047619047619,0.75,0.011904761904761904,-0.023809523809523808,0.05952380952380952,0.8452380952380952,0.8214285714285714,0.023809523809523808,-0.023809523809523808,0.07142857142857142,0.9024390243902439,41,0.9230769230769231,5,42,0.11904761904761904,30,0.16666666666666666
phi-4-mini-instruct,dev,random_ortho_1_r1_a1,random_ortho_1,1,1.0,demographic,crows_pairs,exploratory,30,30,30,0.34791666666666665,0.39791666666666664,0.3,0.4666666666666667,0.23333333333333334,-0.05,-0.12083333333333333,0.016666666666666666,-0.14371257485029942,-0.44538658405172415,0.03861163847351695,4,1,1,26,0.25,0.0,1.0,0.00043941059876199663,0.0004350432290018073,0.6333333333333333,0.6166666666666667,0.016666666666666666,-0.03333333333333333,0.08333333333333333,0.03333333333333333,0.05,-0.016666666666666666,-0.05,0.0,0.06666666666666667,0.1,-0.03333333333333333,-0.08333333333333333,0.0,0.5,2,0.5,2,30,0.06666666666666667,2,1.0
phi-4-mini-instruct,dev,random_ortho_1_r1_a1,random_ortho_1,1,1.0,demographic,stereoset,exploratory,28,28,28,0.48214285714285715,0.47098214285714285,0.35714285714285715,0.35714285714285715,0.2857142857142857,0.011160714285714286,-0.06473214285714286,0.08487723214285685,0.02314814814814814,-0.12631723539618273,0.24106508875739627,2,0,0,26,0.0,0.0,0.0,0.0004368934169646791,0.00043168382592550765,0.17857142857142858,0.17857142857142858,0.0,-0.05357142857142857,0.05357142857142857,0.125,0.10714285714285714,0.017857142857142856,-0.03571428571428571,0.07142857142857142,0.39285714285714285,0.375,0.017857142857142856,-0.03571428571428571,0.07142857142857142,0.3333333333333333,15,0.25,2,28,0.07142857142857142,7,0.2857142857142857
phi-4-mini-instruct,dev,random_ortho_1_r1_a1,random_ortho_1,1,1.0,identity,pooled,exploratory,100,100,100,0.0425,0.0475,0.0,0.01,0.99,-0.005,-0.015,0.0,-0.11764705882352944,-0.11764705882352944,-0.11764705882352944,1,0,0,99,0.0,0.0,0.0,0.00043813326470103193,0.00043803703248226943,0.5670103092783505,0.5670103092783505,0.0,-0.030927835051546393,0.030927835051546393,0.39,0.39,0.0,-0.04,0.04,0.48,0.49,-0.01,-0.05,0.03,0.8125,48,0.8125,0,100,0.0,48,0.0
phi-4-mini-instruct,dev,random_ortho_1_r1_a1,random_ortho_1,1,1.0,identity,bbq,exploratory,42,42,42,0.0,0.0,0.0,0.0,1.0,0.0,0.0,0.0,,,,0,0,0,42,,,,0.0004456704396369095,0.000445695723176546,0.7435897435897436,0.7435897435897436,0.0,0.0,0.0,0.7857142857142857,0.7857142857142857,0.0,-0.07142857142857142,0.07142857142857142,0.8095238095238095,0.8333333333333334,-0.023809523809523808,-0.0958333333333333,0.047619047619047616,0.9705882352941176,34,0.9705882352941176,0,42,0.0,34,0.0
phi-4-mini-instruct,dev,random_ortho_1_r1_a1,random_ortho_1,1,1.0,identity,crows_pairs,exploratory,30,30,30,0.0,0.0,0.0,0.0,1.0,0.0,0.0,0.0,,,,0,0,0,30,,,,0.0004381572359979504,0.00043796822876699916,0.6666666666666666,0.7,-0.03333333333333333,-0.1,0.0,0.03333333333333333,0.06666666666666667,-0.03333333333333333,-0.1,0.0,0.06666666666666667,0.1,-0.03333333333333333,-0.1,0.0,0.5,2,0.6666666666666666,0,30,0.0,2,0.0
phi-4-mini-instruct,dev,random_ortho_1_r1_a1,random_ortho_1,1,1.0,identity,stereoset,exploratory,28,28,28,0.15178571428571427,0.16964285714285715,0.0,0.03571428571428571,0.9642857142857143,-0.017857142857142856,-0.05357142857142857,0.0,-0.11764705882352944,-0.11764705882352944,-0.11764705882352944,1,0,0,27,0.0,0.0,0.0,0.0004268018187648027,0.0004266227147072154,0.21428571428571427,0.17857142857142858,0.03571428571428571,0.0,0.10714285714285714,0.17857142857142858,0.14285714285714285,0.03571428571428571,0.0,0.10714285714285714,0.42857142857142855,0.39285714285714285,0.03571428571428571,0.0,0.10714285714285714,0.4166666666666667,12,0.36363636363636365,0,28,0.0,12,0.0
phi-4-mini-instruct,dev,random_ortho_1_r1_a1,random_ortho_1,1,1.0,neutral,pooled,exploratory,42,42,42,0.3586309523809524,0.35119047619047616,0.35714285714285715,0.42857142857142855,0.21428571428571427,0.00744047619047619,-0.046130952380952384,0.06101190476190476,0.020746887966805017,-0.1447616371330335,0.16394717668488148,4,1,1,38,0.25,0.0,1.0,0.0004908097015154609,0.00046864409761227313,0.7307692307692307,0.717948717948718,0.01282051282051282,0.0,0.038461538461538464,0.6785714285714286,0.6785714285714286,0.0,-0.03571428571428571,0.03571428571428571,0.8095238095238095,0.8095238095238095,0.0,-0.047619047619047616,0.047619047619047616,0.8472222222222222,36,0.8714285714285714,5,42,0.11904761904761904,30,0.16666666666666666
phi-4-mini-instruct,dev,random_ortho_1_r1_a1,random_ortho_1,1,1.0,neutral,bbq,exploratory,42,42,42,0.3586309523809524,0.35119047619047616,0.35714285714285715,0.42857142857142855,0.21428571428571427,0.00744047619047619,-0.046130952380952384,0.06101190476190476,0.020746887966805017,-0.1447616371330335,0.16394717668488148,4,1,1,38,0.25,0.0,1.0,0.0004908097015154609,0.00046864409761227313,0.7307692307692307,0.717948717948718,0.01282051282051282,0.0,0.038461538461538464,0.6785714285714286,0.6785714285714286,0.0,-0.03571428571428571,0.03571428571428571,0.8095238095238095,0.8095238095238095,0.0,-0.047619047619047616,0.047619047619047616,0.8472222222222222,36,0.8714285714285714,5,42,0.11904761904761904,30,0.16666666666666666
phi-4-mini-instruct,dev,random_ortho_1_r2_a1,random_ortho_1,2,1.0,demographic,pooled,exploratory,100,100,100,0.466875,0.45875,0.37,0.32,0.31,0.008125,-0.028125,0.045625,0.01740294511378848,-0.059101384321629355,0.09505163511187602,16,4,3,84,0.25,0.058823529411764705,0.5,0.0007789550668336355,0.0007554368189043831,0.56,0.55,0.01,-0.005,0.03,0.385,0.36,0.025,0.0,0.05,0.51,0.48,0.03,0.0,0.065,0.7372881355932204,59,0.7280701754385965,8,100,0.08,43,0.18604651162790697
phi-4-mini-instruct,dev,random_ortho_1_r2_a1,random_ortho_1,2,1.0,demographic,bbq,exploratory,42,42,42,0.5416666666666666,0.5029761904761905,0.4523809523809524,0.23809523809523808,0.30952380952380953,0.03869047619047619,-0.002976190476190476,0.07886904761904762,0.0714285714285714,-0.005441770186335321,0.152705370508982,10,3,3,32,0.3,0.0,0.6,0.000791449841224688,0.0007614181996588524,0.75,0.75,0.0,0.0,0.0,0.7976190476190477,0.75,0.047619047619047616,0.011904761904761904,0.09523809523809523,0.8809523809523809,0.8214285714285714,0.05952380952380952,0.011904761904761904,0.11904761904761904,0.9125,40,0.9230769230769231,6,42,0.14285714285714285,34,0.17647058823529413
phi-4-mini-instruct,dev,random_ortho_1_r2_a1,random_ortho_1,2,1.0,demographic,crows_pairs,exploratory,30,30,30,0.34791666666666665,0.39166666666666666,0.16666666666666666,0.36666666666666664,0.4666666666666667,-0.04375,-0.08958333333333333,0.004166666666666667,-0.12574850299401197,-0.3361362648507678,0.011444061962134194,4,0,0,26,0.0,0.0,0.0,0.0007663044341197641,0.0007489176250605492,0.65,0.6166666666666667,0.03333333333333333,0.0,0.08333333333333333,0.08333333333333333,0.05,0.03333333333333333,0.0,0.08333333333333333,0.1,0.1,0.0,-0.05,0.05,0.875,4,0.5,1,30,0.03333333333333333,2,0.5
phi-4-mini-instruct,dev,random_ortho_1_r2_a1,random_ortho_1,2,1.0,demographic,stereoset,exploratory,28,28,28,0.48214285714285715,0.4642857142857143,0.4642857142857143,0.39285714285714285,0.14285714285714285,0.017857142857142856,-0.07589285714285714,0.12053571428571429,0.03703703703703709,-0.18645255821321077,0.28695022527354636,2,1,0,26,0.5,0.0,1.0,0.0007737671545833471,0.0007534495983196443,0.17857142857142858,0.17857142857142858,0.0,-0.05357142857142857,0.05357142857142857,0.08928571428571429,0.10714285714285714,-0.017857142857142856,-0.05357142857142857,0.0,0.39285714285714285,0.375,0.017857142857142856,-0.05357142857142857,0.10714285714285714,0.23333333333333334,15,0.25,1,28,0.03571428571428571,7,0.14285714285714285
phi-4-mini-instruct,dev,random_ortho_1_r2_a1,random_ortho_1,2,1.0,identity,pooled,exploratory,100,100,100,0.0425,0.045,0.0,0.01,0.99,-0.0025,-0.0075,0.0,-0.05882352941176472,-0.05882352941176472,-0.05882352941176472,1,0,0,99,0.0,0.0,0.0,0.0007493777878140725,0.000749210583197591,0.5773195876288659,0.5670103092783505,0.010309278350515464,0.0,0.030927835051546393,0.37,0.39,-0.02,-0.05,0.0,0.49,0.49,0.0,-0.04,0.04,0.7708333333333334,48,0.8125,0,100,0.0,49,0.0
phi-4-mini-instruct,dev,random_ortho_1_r2_a1,random_ortho_1,2,1.0,identity,bbq,exploratory,42,42,42,0.0,0.0,0.0,0.0,1.0,0.0,0.0,0.0,,,,0,0,0,42,,,,0.000769795063536414,0.0007700660453943241,0.7435897435897436,0.7435897435897436,0.0,0.0,0.0,0.7619047619047619,0.7857142857142857,-0.023809523809523808,-0.07142857142857142,0.0,0.8333333333333334,0.8333333333333334,0.0,-0.07142857142857142,0.07142857142857142,0.9411764705882353,34,0.9705882352941176,0,42,0.0,35,0.0
phi-4-mini-instruct,dev,random_ortho_1_r2_a1,random_ortho_1,2,1.0,identity,crows_pairs,exploratory,30,30,30,0.0,0.0,0.0,0.0,1.0,0.0,0.0,0.0,,,,0,0,0,30,,,,0.0007381981810711532,0.0007376968264889133,0.7,0.7,0.0,0.0,0.0,0.03333333333333333,0.06666666666666667,-0.03333333333333333,-0.1,0.0,0.06666666666666667,0.1,-0.03333333333333333,-0.1,0.0,0.5,2,0.6666666666666666,0,30,0.0,2,0.0
phi-4-mini-instruct,dev,random_ortho_1_r2_a1,random_ortho_1,2,1.0,identity,stereoset,exploratory,28,28,28,0.15178571428571427,0.16071428571428573,0.0,0.03571428571428571,0.9642857142857143,-0.008928571428571428,-0.026785714285714284,0.0,-0.05882352941176472,-0.05882352941176472,-0.05882352941176472,1,0,0,27,0.0,0.0,0.0,0.0007307300243122588,0.000730263557804646,0.21428571428571427,0.17857142857142858,0.03571428571428571,0.0,0.10714285714285714,0.14285714285714285,0.14285714285714285,0.0,0.0,0.0,0.42857142857142855,0.39285714285714285,0.03571428571428571,0.0,0.10714285714285714,0.3333333333333333,12,0.36363636363636365,0,28,0.0,12,0.0
phi-4-mini-instruct,dev,random_ortho_1_r2_a1,random_ortho_1,2,1.0,neutral,pooled,exploratory,42,42,42,0.3586309523809524,0.33630952380952384,0.40476190476190477,0.2857142857142857,0.30952380952380953,0.022321428571428572,-0.025297619047619048,0.07295386904761884,0.06224066390041494,-0.08072082816525142,0.1904920634920634,4,2,3,38,0.5,0.0,1.0,0.0008641495703128998,0.0008086148115370986,0.7051282051282052,0.717948717948718,-0.01282051282051282,-0.0641025641025641,0.02564102564102564,0.6785714285714286,0.6785714285714286,0.0,-0.047619047619047616,0.047619047619047616,0.8214285714285714,0.8095238095238095,0.011904761904761904,-0.03571428571428571,0.07142857142857142,0.8472222222222222,36,0.8714285714285714,6,42,0.14285714285714285,31,0.1935483870967742
phi-4-mini-instruct,dev,random_ortho_1_r2_a1,random_ortho_1,2,1.0,neutral,bbq,exploratory,42,42,42,0.3586309523809524,0.33630952380952384,0.40476190476190477,0.2857142857142857,0.30952380952380953,0.022321428571428572,-0.025297619047619048,0.07295386904761884,0.06224066390041494,-0.08072082816525142,0.1904920634920634,4,2,3,38,0.5,0.0,1.0,0.0008641495703128998,0.0008086148115370986,0.7051282051282052,0.717948717948718,-0.01282051282051282,-0.0641025641025641,0.02564102564102564,0.6785714285714286,0.6785714285714286,0.0,-0.047619047619047616,0.047619047619047616,0.8214285714285714,0.8095238095238095,0.011904761904761904,-0.03571428571428571,0.07142857142857142,0.8472222222222222,36,0.8714285714285714,6,42,0.14285714285714285,31,0.1935483870967742
phi-4-mini-instruct,dev,random_ortho_1_r4_a1,random_ortho_1,4,1.0,demographic,pooled,exploratory,100,100,100,0.466875,0.46,0.38,0.39,0.23,0.006875,-0.030625,0.04375,0.014725568942436373,-0.06578040934050688,0.09290448324224983,16,3,2,84,0.1875,0.0,0.4,0.0013944510521371543,0.0013594041437492163,0.57,0.55,0.02,0.005,0.04,0.375,0.36,0.015,-0.01,0.04,0.475,0.48,-0.005,-0.04,0.03,0.7672413793103449,58,0.7280701754385965,7,100,0.07,37,0.1891891891891892
phi-4-mini-instruct,dev,random_ortho_1_r4_a1,random_ortho_1,4,1.0,demographic,bbq,exploratory,42,42,42,0.5416666666666666,0.49107142857142855,0.47619047619047616,0.2619047619047619,0.2619047619047619,0.050595238095238096,0.004464285714285714,0.0952752976190474,0.09340659340659341,0.0074741379310344375,0.18024651819734586,10,2,2,32,0.2,0.0,0.5,0.0014020284298776706,0.0013550757560859199,0.7619047619047619,0.75,0.011904761904761904,0.0,0.03571428571428571,0.7738095238095238,0.75,0.023809523809523808,-0.023809523809523808,0.07142857142857142,0.8214285714285714,0.8214285714285714,0.0,-0.05952380952380952,0.05952380952380952,0.9487179487179487,39,0.9230769230769231,4,42,0.09523809523809523,30,0.13333333333333333
phi-4-mini-instruct,dev,random_ortho_1_r4_a1,random_ortho_1,4,1.0,demographic,crows_pairs,exploratory,30,30,30,0.34791666666666665,0.38125,0.23333333333333334,0.5,0.26666666666666666,-0.03333333333333333,-0.0875,0.027135416666666384,-0.09580838323353302,-0.3018977621763931,0.07729602049803827,4,1,0,26,0.25,0.0,1.0,0.001407283806953924,0.0013729676817912423,0.6666666666666666,0.6166666666666667,0.05,0.0,0.11666666666666667,0.08333333333333333,0.05,0.03333333333333333,0.0,0.08333333333333333,0.11666666666666667,0.1,0.016666666666666666,-0.03333333333333333,0.08333333333333333,0.8,5,0.5,2,30,0.06666666666666667,2,1.0
phi-4-mini-instruct,dev,random_ortho_1_r4_a1,random_ortho_1,4,1.0,demographic,stereoset,exploratory,28,28,28,0.48214285714285715,0.49776785714285715,0.39285714285714285,0.4642857142857143,0.14285714285714285,-0.015625,-0.10267857142857142,0.07142857142857142,-0.03240740740740744,-0.29414175506268087,0.175695548489666,2,0,0,26,0.0,0.0,0.0,0.0013693356053655528,0.0013513643630562754,0.17857142857142858,0.17857142857142858,0.0,0.0,0.0,0.08928571428571429,0.10714285714285714,-0.017857142857142856,-0.05357142857142857,0.0,0.3392857142857143,0.375,-0.03571428571428571,-0.10714285714285714,0.03571428571428571,0.25,14,0.25,1,28,0.03571428571428571,5,0.2
phi-4-mini-instruct,dev,random_ortho_1_r4_a1,random_ortho_1,4,1.0,identity,pooled,exploratory,100,100,100,0.0425,0.0525,0.0,0.01,0.99,-0.01,-0.03,0.0,-0.23529411764705888,-0.23529411764705888,-0.23529411764705888,1,0,0,99,0.0,0.0,0.0,0.0013527144930427068,0.0013524939873754307,0.5670103092783505,0.5670103092783505,0.0,0.0,0.0,0.37,0.39,-0.02,-0.06,0.02,0.44,0.49,-0.05,-0.1,0.0,0.8409090909090909,44,0.8125,0,100,0.0,44,0.0
phi-4-mini-instruct,dev,random_ortho_1_r4_a1,random_ortho_1,4,1.0,identity,bbq,exploratory,42,42,42,0.0,0.0,0.0,0.0,1.0,0.0,0.0,0.0,,,,0,0,0,42,,,,0.0013644567850300128,0.0013646182365564823,0.7435897435897436,0.7435897435897436,0.0,0.0,0.0,0.7380952380952381,0.7857142857142857,-0.047619047619047616,-0.11904761904761904,0.0,0.7619047619047619,0.8333333333333334,-0.07142857142857142,-0.16666666666666666,0.0,0.96875,32,0.9705882352941176,0,42,0.0,32,0.0
phi-4-mini-instruct,dev,random_ortho_1_r4_a1,random_ortho_1,4,1.0,identity,crows_pairs,exploratory,30,30,30,0.0,0.0,0.0,0.0,1.0,0.0,0.0,0.0,,,,0,0,0,30,,,,0.0013578320084518963,0.001357273626378602,0.7,0.7,0.0,0.0,0.0,0.06666666666666667,0.06666666666666667,0.0,-0.1,0.1,0.1,0.1,0.0,-0.1,0.1,0.6666666666666666,3,0.6666666666666666,0,30,0.0,3,0.0
phi-4-mini-instruct,dev,random_ortho_1_r4_a1,random_ortho_1,4,1.0,identity,stereoset,exploratory,28,28,28,0.15178571428571427,0.1875,0.0,0.03571428571428571,0.9642857142857143,-0.03571428571428571,-0.10714285714285714,0.0,-0.23529411764705888,-0.23529411764705888,-0.23529411764705888,1,0,0,27,0.0,0.0,0.0,0.0013296180028376165,0.0013291865718147416,0.17857142857142858,0.17857142857142858,0.0,0.0,0.0,0.14285714285714285,0.14285714285714285,0.0,0.0,0.0,0.32142857142857145,0.39285714285714285,-0.07142857142857142,-0.17857142857142858,0.0,0.4444444444444444,9,0.36363636363636365,0,28,0.0,9,0.0
phi-4-mini-instruct,dev,random_ortho_1_r4_a1,random_ortho_1,4,1.0,neutral,pooled,exploratory,42,42,42,0.3586309523809524,0.29910714285714285,0.5238095238095238,0.2857142857142857,0.19047619047619047,0.05952380952380952,-3.7202380952378835e-05,0.12202380952380952,0.1659751037344398,-0.0001059322033898242,0.3173495082590311,4,1,1,38,0.25,0.0,1.0,0.001400024307005222,0.001376636070325482,0.7051282051282052,0.717948717948718,-0.01282051282051282,-0.038461538461538464,0.0,0.6547619047619048,0.6785714285714286,-0.023809523809523808,-0.07142857142857142,0.023809523809523808,0.7738095238095238,0.8095238095238095,-0.03571428571428571,-0.11904761904761904,0.03571428571428571,0.8571428571428571,35,0.8714285714285714,6,42,0.14285714285714285,29,0.20689655172413793
phi-4-mini-instruct,dev,random_ortho_1_r4_a1,random_ortho_1,4,1.0,neutral,bbq,exploratory,42,42,42,0.3586309523809524,0.29910714285714285,0.5238095238095238,0.2857142857142857,0.19047619047619047,0.05952380952380952,-3.7202380952378835e-05,0.12202380952380952,0.1659751037344398,-0.0001059322033898242,0.3173495082590311,4,1,1,38,0.25,0.0,1.0,0.001400024307005222,0.001376636070325482,0.7051282051282052,0.717948717948718,-0.01282051282051282,-0.038461538461538464,0.0,0.6547619047619048,0.6785714285714286,-0.023809523809523808,-0.07142857142857142,0.023809523809523808,0.7738095238095238,0.8095238095238095,-0.03571428571428571,-0.11904761904761904,0.03571428571428571,0.8571428571428571,35,0.8714285714285714,6,42,0.14285714285714285,29,0.20689655172413793
phi-4-mini-instruct,dev,random_ortho_2_r1_a1,random_ortho_2,1,1.0,demographic,pooled,exploratory,100,100,100,0.466875,0.4575,0.38,0.29,0.33,0.009375,-0.02625,0.045625,0.02008032128514059,-0.060118667495735564,0.09190819264642522,16,5,3,84,0.3125,0.09090909090909091,0.5625,0.00025993253320536586,0.00026732066129450476,0.55,0.55,0.0,-0.015,0.015,0.365,0.36,0.005,-0.01,0.025,0.48,0.48,0.0,-0.025,0.025,0.7368421052631579,57,0.7280701754385965,8,100,0.08,39,0.20512820512820512
phi-4-mini-instruct,dev,random_ortho_2_r1_a1,random_ortho_2,1,1.0,demographic,bbq,exploratory,42,42,42,0.5416666666666666,0.5223214285714286,0.35714285714285715,0.23809523809523808,0.40476190476190477,0.019345238095238096,-0.02235863095238095,0.05952380952380952,0.0357142857142857,-0.04222402597402591,0.11404135338345864,10,2,2,32,0.2,0.0,0.5,0.00024779640128786605,0.0002663429239309977,0.75,0.75,0.0,0.0,0.0,0.7619047619047619,0.75,0.011904761904761904,0.0,0.03571428571428571,0.8214285714285714,0.8214285714285714,0.0,-0.03571428571428571,0.03571428571428571,0.9230769230769231,39,0.9230769230769231,4,42,0.09523809523809523,30,0.13333333333333333
phi-4-mini-instruct,dev,random_ortho_2_r1_a1,random_ortho_2,1,1.0,demographic,crows_pairs,exploratory,30,30,30,0.34791666666666665,0.36875,0.3333333333333333,0.3,0.36666666666666664,-0.020833333333333332,-0.09791666666666667,0.04583333333333333,-0.05988023952095811,-0.3553246683782628,0.11767391888262142,4,3,1,26,0.75,0.2,1.0,0.0002621993516531845,0.0002593656695693359,0.6166666666666667,0.6166666666666667,0.0,-0.05,0.05,0.05,0.05,0.0,0.0,0.0,0.08333333333333333,0.1,-0.016666666666666666,-0.05,0.0,0.6666666666666666,3,0.5,2,30,0.06666666666666667,2,1.0
phi-4-mini-instruct,dev,random_ortho_2_r1_a1,random_ortho_2,1,1.0,demographic,stereoset,exploratory,28,28,28,0.48214285714285715,0.45535714285714285,0.4642857142857143,0.35714285714285715,0.17857142857142858,0.026785714285714284,-0.060267857142857144,0.10714285714285714,0.05555555555555558,-0.18943850267379683,0.24139321468298106,2,0,0,26,0.0,0.0,0.0,0.0002757079970303812,0.000277310472759589,0.17857142857142858,0.17857142857142858,0.0,0.0,0.0,0.10714285714285714,0.10714285714285714,0.0,-0.05357142857142857,0.05357142857142857,0.39285714285714285,0.375,0.017857142857142856,-0.03571428571428571,0.07142857142857142,0.26666666666666666,15,0.25,2,28,0.07142857142857142,7,0.2857142857142857
phi-4-mini-instruct,dev,random_ortho_2_r1_a1,random_ortho_2,1,1.0,identity,pooled,exploratory,100,100,100,0.0425,0.0425,0.0,0.0,1.0,0.0,0.0,0.0,0.0,0.0,0.0,1,0,0,99,0.0,0.0,0.0,0.0002641770052604497,0.00026404183174569984,0.5670103092783505,0.5670103092783505,0.0,-0.030927835051546393,0.030927835051546393,0.37,0.39,-0.02,-0.05,0.0,0.45,0.49,-0.04,-0.08,-0.01,0.8222222222222222,45,0.8125,0,100,0.0,45,0.0
phi-4-mini-instruct,dev,random_ortho_2_r1_a1,random_ortho_2,1,1.0,identity,bbq,exploratory,42,42,42,0.0,0.0,0.0,0.0,1.0,0.0,0.0,0.0,,,,0,0,0,42,,,,0.00025598548085393975,0.00025587920393344997,0.7435897435897436,0.7435897435897436,0.0,0.0,0.0,0.7619047619047619,0.7857142857142857,-0.023809523809523808,-0.07142857142857142,0.0,0.7857142857142857,0.8333333333333334,-0.047619047619047616,-0.11904761904761904,0.0,0.9696969696969697,33,0.9705882352941176,0,42,0.0,33,0.0
phi-4-mini-instruct,dev,random_ortho_2_r1_a1,random_ortho_2,1,1.0,identity,crows_pairs,exploratory,30,30,30,0.0,0.0,0.0,0.0,1.0,0.0,0.0,0.0,,,,0,0,0,30,,,,0.00025801518590170777,0.00025795735279992345,0.7,0.7,0.0,-0.1,0.1,0.03333333333333333,0.06666666666666667,-0.03333333333333333,-0.1,0.0,0.06666666666666667,0.1,-0.03333333333333333,-0.1,0.0,0.5,2,0.6666666666666666,0,30,0.0,2,0.0
phi-4-mini-instruct,dev,random_ortho_2_r1_a1,random_ortho_2,1,1.0,identity,stereoset,exploratory,28,28,28,0.15178571428571427,0.15178571428571427,0.0,0.0,1.0,0.0,0.0,0.0,0.0,0.0,0.0,1,0,0,27,0.0,0.0,0.0,0.0002830662411831524,0.00028280485804883527,0.17857142857142858,0.17857142857142858,0.0,0.0,0.0,0.14285714285714285,0.14285714285714285,0.0,0.0,0.0,0.35714285714285715,0.39285714285714285,-0.03571428571428571,-0.10714285714285714,0.0,0.4,10,0.36363636363636365,0,28,0.0,10,0.0
phi-4-mini-instruct,dev,random_ortho_2_r1_a1,random_ortho_2,1,1.0,neutral,pooled,exploratory,42,42,42,0.3586309523809524,0.34970238095238093,0.35714285714285715,0.35714285714285715,0.2857142857142857,0.008928571428571428,-0.04017857142857143,0.05807291666666647,0.024896265560165998,-0.11926605504587151,0.160004329004329,4,1,2,38,0.25,0.0,1.0,0.00025820897946277256,0.00025940355894778845,0.7051282051282052,0.717948717948718,-0.01282051282051282,-0.038461538461538464,0.0,0.6785714285714286,0.6785714285714286,0.0,-0.047619047619047616,0.047619047619047616,0.8095238095238095,0.8095238095238095,0.0,-0.047619047619047616,0.047619047619047616,0.8513513513513513,37,0.8714285714285714,5,42,0.11904761904761904,29,0.1724137931034483
phi-4-mini-instruct,dev,random_ortho_2_r1_a1,random_ortho_2,1,1.0,neutral,bbq,exploratory,42,42,42,0.3586309523809524,0.34970238095238093,0.35714285714285715,0.35714285714285715,0.2857142857142857,0.008928571428571428,-0.04017857142857143,0.05807291666666647,0.024896265560165998,-0.11926605504587151,0.160004329004329,4,1,2,38,0.25,0.0,1.0,0.00025820897946277256,0.00025940355894778845,0.7051282051282052,0.717948717948718,-0.01282051282051282,-0.038461538461538464,0.0,0.6785714285714286,0.6785714285714286,0.0,-0.047619047619047616,0.047619047619047616,0.8095238095238095,0.8095238095238095,0.0,-0.047619047619047616,0.047619047619047616,0.8513513513513513,37,0.8714285714285714,5,42,0.11904761904761904,29,0.1724137931034483
phi-4-mini-instruct,dev,random_ortho_2_r2_a1,random_ortho_2,2,1.0,demographic,pooled,exploratory,100,100,100,0.466875,0.465,0.37,0.36,0.27,0.001875,-0.03125,0.036875,0.004016064257028162,-0.07338581454338397,0.07979935591257771,16,2,2,84,0.125,0.0,0.3125822368421048,0.0006355327207060704,0.0006406506309750965,0.55,0.55,0.0,-0.025,0.025,0.385,0.36,0.025,-0.005,0.055,0.515,0.48,0.035,0.0,0.075,0.6984126984126984,63,0.7280701754385965,6,100,0.06,40,0.15
phi-4-mini-instruct,dev,random_ortho_2_r2_a1,random_ortho_2,2,1.0,demographic,bbq,exploratory,42,42,42,0.5416666666666666,0.5059523809523809,0.4523809523809524,0.23809523809523808,0.30952380952380953,0.03571428571428571,-0.019345238095238096,0.08630952380952381,0.06593406593406592,-0.03449434556915097,0.15609315420767927,10,1,1,32,0.1,0.0,0.3333333333333333,0.0006468745261033075,0.0006581027051433068,0.75,0.75,0.0,0.0,0.0,0.7738095238095238,0.75,0.023809523809523808,-0.023809523809523808,0.07142857142857142,0.8690476190476191,0.8214285714285714,0.047619047619047616,-0.011904761904761904,0.10714285714285714,0.8780487804878049,41,0.9230769230769231,4,42,0.09523809523809523,32,0.125
phi-4-mini-instruct,dev,random_ortho_2_r2_a1,random_ortho_2,2,1.0,demographic,crows_pairs,exploratory,30,30,30,0.34791666666666665,0.38958333333333334,0.26666666666666666,0.4666666666666667,0.26666666666666666,-0.041666666666666664,-0.09375,0.008333333333333333,-0.11976047904191622,-0.32611930641821935,0.02582618393960177,4,1,1,26,0.25,0.0,1.0,0.000604084387951216,0.0006031217746830616,0.6333333333333333,0.6166666666666667,0.016666666666666666,-0.05,0.08333333333333333,0.11666666666666667,0.05,0.06666666666666667,0.016666666666666666,0.13333333333333333,0.15,0.1,0.05,0.0,0.13333333333333333,0.75,6,0.5,1,30,0.03333333333333333,3,0.3333333333333333
phi-4-mini-instruct,dev,random_ortho_2_r2_a1,random_ortho_2,2,1.0,demographic,stereoset,exploratory,28,28,28,0.48214285714285715,0.484375,0.35714285714285715,0.42857142857142855,0.21428571428571427,-0.002232142857142857,-0.08258928571428571,0.08482142857142858,-0.004629629629629539,-0.24204194864649675,0.1948222829801776,2,0,0,26,0.0,0.0,0.0,0.0006522146548475587,0.0006546820086071038,0.16071428571428573,0.17857142857142858,-0.017857142857142856,-0.05357142857142857,0.0,0.08928571428571429,0.10714285714285714,-0.017857142857142856,-0.05357142857142857,0.0,0.375,0.375,0.0,-0.07142857142857142,0.07142857142857142,0.21875,16,0.25,1,28,0.03571428571428571,5,0.2
phi-4-mini-instruct,dev,random_ortho_2_r2_a1,random_ortho_2,2,1.0,identity,pooled,exploratory,100,100,100,0.0425,0.04375,0.0,0.01,0.99,-0.00125,-0.00375,0.0,-0.02941176470588225,-0.02941176470588225,-0.02941176470588225,1,0,0,99,0.0,0.0,0.0,0.0006383946598179241,0.0006380955110974417,0.5567010309278351,0.5670103092783505,-0.010309278350515464,-0.030927835051546393,0.0,0.38,0.39,-0.01,-0.05,0.02,0.53,0.49,0.04,-0.01,0.09,0.7169811320754716,53,0.8125,0,100,0.0,53,0.0
phi-4-mini-instruct,dev,random_ortho_2_r2_a1,random_ortho_2,2,1.0,identity,bbq,exploratory,42,42,42,0.0,0.0,0.0,0.0,1.0,0.0,0.0,0.0,,,,0,0,0,42,,,,0.0006435247300419923,0.0006435263829810397,0.7435897435897436,0.7435897435897436,0.0,0.0,0.0,0.7380952380952381,0.7857142857142857,-0.047619047619047616,-0.11904761904761904,0.0,0.8095238095238095,0.8333333333333334,-0.023809523809523808,-0.09523809523809523,0.047619047619047616,0.9117647058823529,34,0.9705882352941176,0,42,0.0,34,0.0
phi-4-mini-instruct,dev,random_ortho_2_r2_a1,random_ortho_2,2,1.0,identity,crows_pairs,exploratory,30,30,30,0.0,0.0,0.0,0.0,1.0,0.0,0.0,0.0,,,,0,0,0,30,,,,0.0006018670377307103,0.0006014114243178214,0.6666666666666666,0.7,-0.03333333333333333,-0.1,0.0,0.1,0.06666666666666667,0.03333333333333333,0.0,0.1,0.16666666666666666,0.1,0.06666666666666667,0.0,0.16666666666666666,0.6,5,0.6666666666666666,0,30,0.0,5,0.0
phi-4-mini-instruct,dev,random_ortho_2_r2_a1,random_ortho_2,2,1.0,identity,stereoset,exploratory,28,28,28,0.15178571428571427,0.15625,0.0,0.03571428571428571,0.9642857142857143,-0.004464285714285714,-0.013392857142857142,0.0,-0.02941176470588225,-0.02941176470588225,-0.02941176470588225,1,0,0,27,0.0,0.0,0.0,0.000669836292432408,0.0006692535819644949,0.17857142857142858,0.17857142857142858,0.0,0.0,0.0,0.14285714285714285,0.14285714285714285,0.0,0.0,0.0,0.5,0.39285714285714285,0.10714285714285714,0.0,0.25,0.2857142857142857,14,0.36363636363636365,0,28,0.0,14,0.0
phi-4-mini-instruct,dev,random_ortho_2_r2_a1,random_ortho_2,2,1.0,neutral,pooled,exploratory,42,42,42,0.3586309523809524,0.30654761904761907,0.5238095238095238,0.2619047619047619,0.21428571428571427,0.052083333333333336,-0.011904761904761904,0.1130952380952381,0.1452282157676349,-0.04040550008758105,0.29219593484485745,4,2,0,38,0.5,0.0,1.0,0.0006148558249184215,0.0006311505830180484,0.717948717948718,0.717948717948718,0.0,-0.038461538461538464,0.038461538461538464,0.6428571428571429,0.6785714285714286,-0.03571428571428571,-0.08333333333333333,0.011904761904761904,0.7619047619047619,0.8095238095238095,-0.047619047619047616,-0.10714285714285714,0.011904761904761904,0.8571428571428571,35,0.8714285714285714,4,42,0.09523809523809523,27,0.14814814814814814
phi-4-mini-instruct,dev,random_ortho_2_r2_a1,random_ortho_2,2,1.0,neutral,bbq,exploratory,42,42,42,0.3586309523809524,0.30654761904761907,0.5238095238095238,0.2619047619047619,0.21428571428571427,0.052083333333333336,-0.011904761904761904,0.1130952380952381,0.1452282157676349,-0.04040550008758105,0.29219593484485745,4,2,0,38,0.5,0.0,1.0,0.0006148558249184215,0.0006311505830180484,0.717948717948718,0.717948717948718,0.0,-0.038461538461538464,0.038461538461538464,0.6428571428571429,0.6785714285714286,-0.03571428571428571,-0.08333333333333333,0.011904761904761904,0.7619047619047619,0.8095238095238095,-0.047619047619047616,-0.10714285714285714,0.011904761904761904,0.8571428571428571,35,0.8714285714285714,4,42,0.09523809523809523,27,0.14814814814814814
phi-4-mini-instruct,dev,random_ortho_2_r4_a1,random_ortho_2,4,1.0,demographic,pooled,exploratory,100,100,100,0.466875,0.456875,0.43,0.35,0.22,0.01,-0.02875,0.04878124999999983,0.021419009370816644,-0.06676781455427279,0.0987346517601294,16,4,1,84,0.25,0.05555555555555555,0.5,0.001196046025451398,0.0011850120640029746,0.56,0.55,0.01,-0.015,0.035,0.37,0.36,0.01,-0.02,0.04,0.48,0.48,0.0,-0.03,0.03,0.75,58,0.7280701754385965,5,100,0.05,38,0.13157894736842105
phi-4-mini-instruct,dev,random_ortho_2_r4_a1,random_ortho_2,4,1.0,demographic,bbq,exploratory,42,42,42,0.5416666666666666,0.5193452380952381,0.5,0.2857142857142857,0.21428571428571427,0.022321428571428572,-0.03125,0.07444196428571408,0.04120879120879117,-0.05929639175257733,0.1436016949152542,10,2,0,32,0.2,0.0,0.5,0.001228410681188848,0.0012047860729667997,0.7619047619047619,0.75,0.011904761904761904,0.0,0.03571428571428571,0.75,0.75,0.0,-0.047619047619047616,0.047619047619047616,0.8214285714285714,0.8214285714285714,0.0,-0.047619047619047616,0.047619047619047616,0.9358974358974359,39,0.9230769230769231,3,42,0.07142857142857142,30,0.1
phi-4-mini-instruct,dev,random_ortho_2_r4_a1,random_ortho_2,4,1.0,demographic,crows_pairs,exploratory,30,30,30,0.34791666666666665,0.39166666666666666,0.23333333333333334,0.43333333333333335,0.3333333333333333,-0.04375,-0.10208333333333333,0.016666666666666666,-0.12574850299401197,-0.35897435897435903,0.0416729041916167,4,2,1,26,0.5,0.0,1.0,0.0011350261096002084,0.0011388683776057272,0.6333333333333333,0.6166666666666667,0.016666666666666666,-0.03333333333333333,0.08333333333333333,0.08333333333333333,0.05,0.03333333333333333,0.0,0.08333333333333333,0.08333333333333333,0.1,-0.016666666666666666,-0.05,0.0,1.0,3,0.5,0,30,0.0,2,0.0
phi-4-mini-instruct,dev,random_ortho_2_r4_a1,random_ortho_2,4,1.0,demographic,stereoset,exploratory,28,28,28,0.48214285714285715,0.4330357142857143,0.5357142857142857,0.35714285714285715,0.10714285714285714,0.049107142857142856,-0.049107142857142856,0.140625,0.10185185185185186,-0.1513251454427924,0.29055314643001207,2,0,0,26,0.0,0.0,0.0,0.0012128775231143563,0.0012047907145542882,0.17857142857142858,0.17857142857142858,0.0,-0.05357142857142857,0.05357142857142857,0.10714285714285714,0.10714285714285714,0.0,-0.05357142857142857,0.05357142857142857,0.39285714285714285,0.375,0.017857142857142856,-0.05357142857142857,0.08928571428571429,0.25,16,0.25,2,28,0.07142857142857142,6,0.3333333333333333
phi-4-mini-instruct,dev,random_ortho_2_r4_a1,random_ortho_2,4,1.0,identity,pooled,exploratory,100,100,100,0.0425,0.0425,0.0,0.0,1.0,0.0,0.0,0.0,0.0,0.0,0.0,1,0,0,99,0.0,0.0,0.0,0.0011660719090225884,0.0011654633850623547,0.5773195876288659,0.5670103092783505,0.010309278350515464,-0.020618556701030927,0.05154639175257732,0.36,0.39,-0.03,-0.07,0.0,0.46,0.49,-0.03,-0.08,0.02,0.8,45,0.8125,0,100,0.0,46,0.0
phi-4-mini-instruct,dev,random_ortho_2_r4_a1,random_ortho_2,4,1.0,identity,bbq,exploratory,42,42,42,0.0,0.0,0.0,0.0,1.0,0.0,0.0,0.0,,,,0,0,0,42,,,,0.0011611352310084717,0.0011605751913450625,0.7692307692307693,0.7435897435897436,0.02564102564102564,0.0,0.07692307692307693,0.7142857142857143,0.7857142857142857,-0.07142857142857142,-0.14285714285714285,0.0,0.7857142857142857,0.8333333333333334,-0.047619047619047616,-0.11904761904761904,0.0,0.9375,32,0.9705882352941176,0,42,0.0,33,0.0
phi-4-mini-instruct,dev,random_ortho_2_r4_a1,random_ortho_2,4,1.0,identity,crows_pairs,exploratory,30,30,30,0.0,0.0,0.0,0.0,1.0,0.0,0.0,0.0,,,,0,0,0,30,,,,0.001135901798706443,0.0011351438779683431,0.7,0.7,0.0,-0.1,0.1,0.06666666666666667,0.06666666666666667,0.0,0.0,0.0,0.06666666666666667,0.1,-0.03333333333333333,-0.1,0.0,1.0,2,0.6666666666666666,0,30,0.0,2,0.0
phi-4-mini-instruct,dev,random_ortho_2_r4_a1,random_ortho_2,4,1.0,identity,stereoset,exploratory,28,28,28,0.15178571428571427,0.15178571428571427,0.0,0.0,1.0,0.0,0.0,0.0,0.0,0.0,0.0,1,0,0,27,0.0,0.0,0.0,0.001205802044239635,0.0012052808618104472,0.17857142857142858,0.17857142857142858,0.0,0.0,0.0,0.14285714285714285,0.14285714285714285,0.0,0.0,0.0,0.39285714285714285,0.39285714285714285,0.0,-0.14285714285714285,0.14285714285714285,0.36363636363636365,11,0.36363636363636365,0,28,0.0,11,0.0
phi-4-mini-instruct,dev,random_ortho_2_r4_a1,random_ortho_2,4,1.0,neutral,pooled,exploratory,42,42,42,0.3586309523809524,0.3020833333333333,0.5238095238095238,0.2619047619047619,0.21428571428571427,0.05654761904761905,0.008928571428571428,0.10119047619047619,0.15767634854771784,0.027897375720076834,0.28037806064194193,4,0,2,38,0.0,0.0,0.0,0.0012406277597416288,0.001188438754354652,0.7307692307692307,0.717948717948718,0.01282051282051282,0.0,0.038461538461538464,0.6547619047619048,0.6785714285714286,-0.023809523809523808,-0.07142857142857142,0.023809523809523808,0.8095238095238095,0.8095238095238095,0.0,-0.047619047619047616,0.047619047619047616,0.8428571428571429,35,0.8714285714285714,6,42,0.14285714285714285,31,0.1935483870967742
phi-4-mini-instruct,dev,random_ortho_2_r4_a1,random_ortho_2,4,1.0,neutral,bbq,exploratory,42,42,42,0.3586309523809524,0.3020833333333333,0.5238095238095238,0.2619047619047619,0.21428571428571427,0.05654761904761905,0.008928571428571428,0.10119047619047619,0.15767634854771784,0.027897375720076834,0.28037806064194193,4,0,2,38,0.0,0.0,0.0,0.0012406277597416288,0.001188438754354652,0.7307692307692307,0.717948717948718,0.01282051282051282,0.0,0.038461538461538464,0.6547619047619048,0.6785714285714286,-0.023809523809523808,-0.07142857142857142,0.023809523809523808,0.8095238095238095,0.8095238095238095,0.0,-0.047619047619047616,0.047619047619047616,0.8428571428571429,35,0.8714285714285714,6,42,0.14285714285714285,31,0.1935483870967742
phi-4-mini-instruct,dev,random_ortho_3_r1_a1,random_ortho_3,1,1.0,demographic,pooled,exploratory,100,100,100,0.466875,0.45125,0.4,0.32,0.28,0.015625,-0.01375,0.044375,0.03346720214190091,-0.029813208728104956,0.09581701732262562,16,4,3,84,0.25,0.0625,0.4706656346749222,0.0002526921017112867,0.0002557860311139926,0.575,0.55,0.025,0.005,0.05,0.36,0.36,0.0,-0.02,0.02,0.465,0.48,-0.015,-0.04,0.01,0.7454545454545455,55,0.7280701754385965,6,100,0.06,38,0.15789473684210525
phi-4-mini-instruct,dev,random_ortho_3_r1_a1,random_ortho_3,1,1.0,demographic,bbq,exploratory,42,42,42,0.5416666666666666,0.4851190476190476,0.5476190476190477,0.2619047619047619,0.19047619047619047,0.05654761904761905,0.011904761904761904,0.09676339285714265,0.10439560439560436,0.024372203781209432,0.18684941520467835,10,3,2,32,0.3,0.0,0.625,0.0002401209408074353,0.0002489236398012363,0.7619047619047619,0.75,0.011904761904761904,0.0,0.03571428571428571,0.7619047619047619,0.75,0.011904761904761904,0.0,0.03571428571428571,0.8214285714285714,0.8214285714285714,0.0,-0.03571428571428571,0.03571428571428571,0.9230769230769231,39,0.9230769230769231,4,42,0.09523809523809523,30,0.13333333333333333
phi-4-mini-instruct,dev,random_ortho_3_r1_a1,random_ortho_3,1,1.0,demographic,crows_pairs,exploratory,30,30,30,0.34791666666666665,0.35625,0.26666666666666666,0.3333333333333333,0.4,-0.008333333333333333,-0.04583333333333333,0.029166666666666667,-0.0239520958083832,-0.15874420564686062,0.07627697508567194,4,1,0,26,0.25,0.0,1.0,0.0002568943448519322,0.0002558577342999916,0.65,0.6166666666666667,0.03333333333333333,0.0,0.08333333333333333,0.05,0.05,0.0,-0.05,0.05,0.06666666666666667,0.1,-0.03333333333333333,-0.08333333333333333,0.0,0.75,2,0.5,1,30,0.03333333333333333,2,0.5
phi-4-mini-instruct,dev,random_ortho_3_r1_a1,random_ortho_3,1,1.0,demographic,stereoset,exploratory,28,28,28,0.48214285714285715,0.5022321428571429,0.32142857142857145,0.39285714285714285,0.2857142857142857,-0.020089285714285716,-0.09151785714285714,0.046875,-0.04166666666666674,-0.24247474747474748,0.1103516936222154,2,0,1,26,0.0,0.0,0.0,0.00026704643970208627,0.00026600279324098504,0.21428571428571427,0.17857142857142858,0.03571428571428571,0.0,0.08928571428571429,0.08928571428571429,0.10714285714285714,-0.017857142857142856,-0.05357142857142857,0.0,0.35714285714285715,0.375,-0.017857142857142856,-0.08928571428571429,0.03571428571428571,0.25,14,0.25,1,28,0.03571428571428571,6,0.16666666666666666
phi-4-mini-instruct,dev,random_ortho_3_r1_a1,random_ortho_3,1,1.0,identity,pooled,exploratory,100,100,100,0.0425,0.04,0.01,0.0,0.99,0.0025,0.0,0.0075,0.05882352941176472,0.05882352941176472,0.05882352941176472,1,0,0,99,0.0,0.0,0.0,0.00025766498739480416,0.00025779621793823644,0.5876288659793815,0.5670103092783505,0.020618556701030927,0.0,0.05154639175257732,0.37,0.39,-0.02,-0.05,0.0,0.48,0.49,-0.01,-0.05,0.02,0.7872340425531915,47,0.8125,0,100,0.0,48,0.0
phi-4-mini-instruct,dev,random_ortho_3_r1_a1,random_ortho_3,1,1.0,identity,bbq,exploratory,42,42,42,0.0,0.0,0.0,0.0,1.0,0.0,0.0,0.0,,,,0,0,0,42,,,,0.00025433580247416357,0.00025457990584464826,0.7435897435897436,0.7435897435897436,0.0,0.0,0.0,0.7619047619047619,0.7857142857142857,-0.023809523809523808,-0.07142857142857142,0.0,0.8095238095238095,0.8333333333333334,-0.023809523809523808,-0.07142857142857142,0.0,0.9696969696969697,33,0.9705882352941176,0,42,0.0,34,0.0
phi-4-mini-instruct,dev,random_ortho_3_r1_a1,random_ortho_3,1,1.0,identity,crows_pairs,exploratory,30,30,30,0.0,0.0,0.0,0.0,1.0,0.0,0.0,0.0,,,,0,0,0,30,,,,0.00025293559159374614,0.00025306806507217753,0.7333333333333333,0.7,0.03333333333333333,0.0,0.1,0.03333333333333333,0.06666666666666667,-0.03333333333333333,-0.1,0.0,0.06666666666666667,0.1,-0.03333333333333333,-0.1,0.0,0.5,2,0.6666666666666666,0,30,0.0,2,0.0
phi-4-mini-instruct,dev,random_ortho_3_r1_a1,random_ortho_3,1,1.0,identity,stereoset,exploratory,28,28,28,0.15178571428571427,0.14285714285714285,0.03571428571428571,0.0,0.9642857142857143,0.008928571428571428,0.0,0.026785714285714284,0.05882352941176472,0.05882352941176472,0.05882352941176472,1,0,0,27,0.0,0.0,0.0,0.0002677259745626131,0.0002676865641493962,0.21428571428571427,0.17857142857142858,0.03571428571428571,0.0,0.10714285714285714,0.14285714285714285,0.14285714285714285,0.0,0.0,0.0,0.42857142857142855,0.39285714285714285,0.03571428571428571,0.0,0.10714285714285714,0.3333333333333333,12,0.36363636363636365,0,28,0.0,12,0.0
phi-4-mini-instruct,dev,random_ortho_3_r1_a1,random_ortho_3,1,1.0,neutral,pooled,exploratory,42,42,42,0.3586309523809524,0.31398809523809523,0.42857142857142855,0.23809523809523808,0.3333333333333333,0.044642857142857144,-0.008928571428571428,0.09523809523809523,0.12448132780082988,-0.029098930481283387,0.26722274436090215,4,0,2,38,0.0,0.0,0.0,0.00029808753019666917,0.0002696938280942798,0.7051282051282052,0.717948717948718,-0.01282051282051282,-0.038461538461538464,0.0,0.6666666666666666,0.6785714285714286,-0.011904761904761904,-0.047619047619047616,0.023809523809523808,0.7857142857142857,0.8095238095238095,-0.023809523809523808,-0.08333333333333333,0.03571428571428571,0.8888888888888888,36,0.8714285714285714,4,42,0.09523809523809523,28,0.14285714285714285
phi-4-mini-instruct,dev,random_ortho_3_r1_a1,random_ortho_3,1,1.0,neutral,bbq,exploratory,42,42,42,0.3586309523809524,0.31398809523809523,0.42857142857142855,0.23809523809523808,0.3333333333333333,0.044642857142857144,-0.008928571428571428,0.09523809523809523,0.12448132780082988,-0.029098930481283387,0.26722274436090215,4,0,2,38,0.0,0.0,0.0,0.00029808753019666917,0.0002696938280942798,0.7051282051282052,0.717948717948718,-0.01282051282051282,-0.038461538461538464,0.0,0.6666666666666666,0.6785714285714286,-0.011904761904761904,-0.047619047619047616,0.023809523809523808,0.7857142857142857,0.8095238095238095,-0.023809523809523808,-0.08333333333333333,0.03571428571428571,0.8888888888888888,36,0.8714285714285714,4,42,0.09523809523809523,28,0.14285714285714285
phi-4-mini-instruct,dev,random_ortho_3_r2_a1,random_ortho_3,2,1.0,demographic,pooled,exploratory,100,100,100,0.466875,0.4525,0.38,0.35,0.27,0.014375,-0.016890625,0.048125,0.030789825970548912,-0.04239097249947154,0.09682858091243919,16,4,1,84,0.25,0.058823529411764705,0.5,0.0005524675726493785,0.0005534838728900792,0.535,0.55,-0.015,-0.04,0.005,0.37,0.36,0.01,-0.01,0.03,0.485,0.48,0.005,-0.02,0.03,0.75,58,0.7280701754385965,6,100,0.06,39,0.15384615384615385
phi-4-mini-instruct,dev,random_ortho_3_r2_a1,random_ortho_3,2,1.0,demographic,bbq,exploratory,42,42,42,0.5416666666666666,0.5133928571428571,0.40476190476190477,0.2857142857142857,0.30952380952380953,0.028273809523809524,-0.011904761904761904,0.06696428571428571,0.052197802197802234,-0.023938727495908446,0.12570052000983803,10,2,1,32,0.2,0.0,0.5,0.000538510211190454,0.0005526014350458837,0.7380952380952381,0.75,-0.011904761904761904,-0.03571428571428571,0.0,0.7619047619047619,0.75,0.011904761904761904,0.0,0.03571428571428571,0.8214285714285714,0.8214285714285714,0.0,-0.03571428571428571,0.03571428571428571,0.9358974358974359,39,0.9230769230769231,4,42,0.09523809523809523,30,0.13333333333333333
phi-4-mini-instruct,dev,random_ortho_3_r2_a1,random_ortho_3,2,1.0,demographic,crows_pairs,exploratory,30,30,30,0.34791666666666665,0.37916666666666665,0.26666666666666666,0.43333333333333335,0.3,-0.03125,-0.0875,0.025,-0.08982035928143706,-0.3140612503332445,0.06500816582914563,4,2,0,26,0.5,0.0,1.0,0.0005468914306711541,0.0005435349411229857,0.6,0.6166666666666667,-0.016666666666666666,-0.05,0.0,0.08333333333333333,0.05,0.03333333333333333,0.0,0.08333333333333333,0.1,0.1,0.0,-0.05,0.05,0.875,4,0.5,1,30,0.03333333333333333,2,0.5
phi-4-mini-instruct,dev,random_ortho_3_r2_a1,random_ortho_3,2,1.0,demographic,stereoset,exploratory,28,28,28,0.48214285714285715,0.43973214285714285,0.4642857142857143,0.35714285714285715,0.17857142857142858,0.04241071428571429,-0.04017857142857143,0.11830357142857142,0.08796296296296291,-0.11218939628825797,0.25600756302521005,2,0,0,26,0.0,0.0,0.0,0.000579378052671577,0.0005654670994068306,0.16071428571428573,0.17857142857142858,-0.017857142857142856,-0.07142857142857142,0.03571428571428571,0.08928571428571429,0.10714285714285714,-0.017857142857142856,-0.05357142857142857,0.0,0.39285714285714285,0.375,0.017857142857142856,-0.03571428571428571,0.08928571428571429,0.23333333333333334,15,0.25,1,28,0.03571428571428571,7,0.14285714285714285
phi-4-mini-instruct,dev,random_ortho_3_r2_a1,random_ortho_3,2,1.0,identity,pooled,exploratory,100,100,100,0.0425,0.04,0.01,0.0,0.99,0.0025,0.0,0.0075,0.05882352941176472,0.05882352941176472,0.05882352941176472,1,0,0,99,0.0,0.0,0.0,0.0005595308534667643,0.0005596467393231823,0.5670103092783505,0.5670103092783505,0.0,-0.030927835051546393,0.030927835051546393,0.39,0.39,0.0,-0.03,0.03,0.49,0.49,0.0,-0.05,0.05,0.8125,48,0.8125,0,100,0.0,49,0.0
phi-4-mini-instruct,dev,random_ortho_3_r2_a1,random_ortho_3,2,1.0,identity,bbq,exploratory,42,42,42,0.0,0.0,0.0,0.0,1.0,0.0,0.0,0.0,,,,0,0,0,42,,,,0.0005761608414153815,0.0005764706539822158,0.7435897435897436,0.7435897435897436,0.0,0.0,0.0,0.7619047619047619,0.7857142857142857,-0.023809523809523808,-0.07142857142857142,0.0,0.8095238095238095,0.8333333333333334,-0.023809523809523808,-0.07142857142857142,0.0,0.9696969696969697,33,0.9705882352941176,0,42,0.0,34,0.0
phi-4-mini-instruct,dev,random_ortho_3_r2_a1,random_ortho_3,2,1.0,identity,crows_pairs,exploratory,30,30,30,0.0,0.0,0.0,0.0,1.0,0.0,0.0,0.0,,,,0,0,0,30,,,,0.0005381613260685163,0.0005383369590496082,0.6666666666666666,0.7,-0.03333333333333333,-0.1,0.0,0.1,0.06666666666666667,0.03333333333333333,0.0,0.1,0.1,0.1,0.0,-0.1,0.1,1.0,3,0.6666666666666666,0,30,0.0,3,0.0
phi-4-mini-instruct,dev,random_ortho_3_r2_a1,random_ortho_3,2,1.0,identity,stereoset,exploratory,28,28,28,0.15178571428571427,0.14285714285714285,0.03571428571428571,0.0,0.9642857142857143,0.008928571428571428,0.0,0.026785714285714284,0.05882352941176472,0.05882352941176472,0.05882352941176472,1,0,0,27,0.0,0.0,0.0,0.0005574817937562469,0.0005572427747706042,0.21428571428571427,0.17857142857142858,0.03571428571428571,0.0,0.10714285714285714,0.14285714285714285,0.14285714285714285,0.0,0.0,0.0,0.42857142857142855,0.39285714285714285,0.03571428571428571,-0.07142857142857142,0.17857142857142858,0.3333333333333333,12,0.36363636363636365,0,28,0.0,12,0.0
phi-4-mini-instruct,dev,random_ortho_3_r2_a1,random_ortho_3,2,1.0,neutral,pooled,exploratory,42,42,42,0.3586309523809524,0.3392857142857143,0.3333333333333333,0.38095238095238093,0.2857142857142857,0.019345238095238096,-0.03571428571428571,0.0744047619047619,0.053941908713692976,-0.11444674533093697,0.19556028368794326,4,1,1,38,0.25,0.0,1.0,0.0005378409736887292,0.0005623687415978753,0.7307692307692307,0.717948717948718,0.01282051282051282,-0.02564102564102564,0.05128205128205128,0.6547619047619048,0.6785714285714286,-0.023809523809523808,-0.07142857142857142,0.023809523809523808,0.8214285714285714,0.8095238095238095,0.011904761904761904,-0.03571428571428571,0.07142857142857142,0.8194444444444444,36,0.8714285714285714,8,42,0.19047619047619047,31,0.25806451612903225
phi-4-mini-instruct,dev,random_ortho_3_r2_a1,random_ortho_3,2,1.0,neutral,bbq,exploratory,42,42,42,0.3586309523809524,0.3392857142857143,0.3333333333333333,0.38095238095238093,0.2857142857142857,0.019345238095238096,-0.03571428571428571,0.0744047619047619,0.053941908713692976,-0.11444674533093697,0.19556028368794326,4,1,1,38,0.25,0.0,1.0,0.0005378409736887292,0.0005623687415978753,0.7307692307692307,0.717948717948718,0.01282051282051282,-0.02564102564102564,0.05128205128205128,0.6547619047619048,0.6785714285714286,-0.023809523809523808,-0.07142857142857142,0.023809523809523808,0.8214285714285714,0.8095238095238095,0.011904761904761904,-0.03571428571428571,0.07142857142857142,0.8194444444444444,36,0.8714285714285714,8,42,0.19047619047619047,31,0.25806451612903225
phi-4-mini-instruct,dev,random_ortho_3_r4_a1,random_ortho_3,4,1.0,demographic,pooled,exploratory,100,100,100,0.466875,0.474375,0.35,0.32,0.33,-0.0075,-0.042515625,0.029375,-0.016064257028112428,-0.10177620101814926,0.05796009452092868,16,3,3,84,0.1875,0.0,0.4,0.0011820565540053261,0.0011955092912020635,0.545,0.55,-0.005,-0.03,0.02,0.36,0.36,0.0,-0.035,0.035,0.475,0.48,-0.005,-0.04,0.03,0.7456140350877193,57,0.7280701754385965,8,100,0.08,38,0.21052631578947367
phi-4-mini-instruct,dev,random_ortho_3_r4_a1,random_ortho_3,4,1.0,demographic,bbq,exploratory,42,42,42,0.5416666666666666,0.5342261904761905,0.38095238095238093,0.21428571428571427,0.40476190476190477,0.00744047619047619,-0.041703869047619045,0.05357142857142857,0.013736263736263687,-0.08284065934065932,0.09999999999999998,10,2,2,32,0.2,0.0,0.5,0.0011617332171064416,0.001193222013324717,0.7619047619047619,0.75,0.011904761904761904,0.0,0.03571428571428571,0.7380952380952381,0.75,-0.011904761904761904,-0.07172619047619046,0.047619047619047616,0.8095238095238095,0.8214285714285714,-0.011904761904761904,-0.07172619047619046,0.047619047619047616,0.9230769230769231,39,0.9230769230769231,5,42,0.11904761904761904,29,0.1724137931034483
phi-4-mini-instruct,dev,random_ortho_3_r4_a1,random_ortho_3,4,1.0,demographic,crows_pairs,exploratory,30,30,30,0.34791666666666665,0.3958333333333333,0.23333333333333334,0.4,0.36666666666666664,-0.04791666666666667,-0.10833333333333334,0.004166666666666667,-0.13772455089820368,-0.35390410958904117,0.013171413121845678,4,1,1,26,0.25,0.0,1.0,0.0011937322925049307,0.0011959930215280142,0.5833333333333334,0.6166666666666667,-0.03333333333333333,-0.1,0.03333333333333333,0.06666666666666667,0.05,0.016666666666666666,-0.03333333333333333,0.06666666666666667,0.08333333333333333,0.1,-0.016666666666666666,-0.08333333333333333,0.03333333333333333,0.8333333333333334,3,0.5,1,30,0.03333333333333333,2,0.5
phi-4-mini-instruct,dev,random_ortho_3_r4_a1,random_ortho_3,4,1.0,demographic,stereoset,exploratory,28,28,28,0.48214285714285715,0.46875,0.42857142857142855,0.39285714285714285,0.17857142857142858,0.013392857142857142,-0.07589285714285714,0.10267857142857142,0.02777777777777779,-0.2596670560747663,0.1746096799375488,2,0,0,26,0.0,0.0,0.0,0.001200031839532647,0.001198421925525993,0.17857142857142858,0.17857142857142858,0.0,-0.05357142857142857,0.05357142857142857,0.10714285714285714,0.10714285714285714,0.0,-0.05357142857142857,0.05357142857142857,0.39285714285714285,0.375,0.017857142857142856,-0.03571428571428571,0.07142857142857142,0.26666666666666666,15,0.25,2,28,0.07142857142857142,7,0.2857142857142857
phi-4-mini-instruct,dev,random_ortho_3_r4_a1,random_ortho_3,4,1.0,identity,pooled,exploratory,100,100,100,0.0425,0.03875,0.01,0.0,0.99,0.00375,0.0,0.01125,0.08823529411764708,0.08823529411764708,0.08823529411764708,1,0,0,99,0.0,0.0,0.0,0.0012000360086250666,0.0012001452107357898,0.5463917525773195,0.5670103092783505,-0.020618556701030927,-0.061855670103092786,0.020618556701030927,0.36,0.39,-0.03,-0.07,0.01,0.47,0.49,-0.02,-0.07,0.03,0.782608695652174,46,0.8125,0,100,0.0,47,0.0
phi-4-mini-instruct,dev,random_ortho_3_r4_a1,random_ortho_3,4,1.0,identity,bbq,exploratory,42,42,42,0.0,0.0,0.0,0.0,1.0,0.0,0.0,0.0,,,,0,0,0,42,,,,0.0012070573833972305,0.001206996703062,0.7435897435897436,0.7435897435897436,0.0,0.0,0.0,0.7142857142857143,0.7857142857142857,-0.07142857142857142,-0.16666666666666666,0.0,0.7619047619047619,0.8333333333333334,-0.07142857142857142,-0.16666666666666666,0.0,0.967741935483871,31,0.9705882352941176,0,42,0.0,32,0.0
phi-4-mini-instruct,dev,random_ortho_3_r4_a1,random_ortho_3,4,1.0,identity,crows_pairs,exploratory,30,30,30,0.0,0.0,0.0,0.0,1.0,0.0,0.0,0.0,,,,0,0,0,30,,,,0.0011963525703118896,0.0011962308410555997,0.6,0.7,-0.1,-0.2,0.0,0.06666666666666667,0.06666666666666667,0.0,-0.1,0.1,0.1,0.1,0.0,-0.1,0.1,0.6666666666666666,3,0.6666666666666666,0,30,0.0,3,0.0
phi-4-mini-instruct,dev,random_ortho_3_r4_a1,random_ortho_3,4,1.0,identity,stereoset,exploratory,28,28,28,0.15178571428571427,0.13839285714285715,0.03571428571428571,0.0,0.9642857142857143,0.013392857142857142,0.0,0.04017857142857143,0.08823529411764708,0.08823529411764708,0.08823529411764708,1,0,0,27,0.0,0.0,0.0,0.0011934504875166535,0.0011940619397609645,0.21428571428571427,0.17857142857142858,0.03571428571428571,0.0,0.10714285714285714,0.14285714285714285,0.14285714285714285,0.0,0.0,0.0,0.42857142857142855,0.39285714285714285,0.03571428571428571,0.0,0.10714285714285714,0.3333333333333333,12,0.36363636363636365,0,28,0.0,12,0.0
phi-4-mini-instruct,dev,random_ortho_3_r4_a1,random_ortho_3,4,1.0,neutral,pooled,exploratory,42,42,42,0.3586309523809524,0.33630952380952384,0.38095238095238093,0.3333333333333333,0.2857142857142857,0.022321428571428572,-0.043154761904761904,0.08482142857142858,0.06224066390041494,-0.14064044844632767,0.22305351980098143,4,2,1,38,0.5,0.0,1.0,0.0010635818287600377,0.00114041781550164,0.7051282051282052,0.717948717948718,-0.01282051282051282,-0.038461538461538464,0.0,0.6666666666666666,0.6785714285714286,-0.011904761904761904,-0.047619047619047616,0.023809523809523808,0.8095238095238095,0.8095238095238095,0.0,-0.03571428571428571,0.03571428571428571,0.8611111111111112,36,0.8714285714285714,6,42,0.14285714285714285,30,0.2
phi-4-mini-instruct,dev,random_ortho_3_r4_a1,random_ortho_3,4,1.0,neutral,bbq,exploratory,42,42,42,0.3586309523809524,0.33630952380952384,0.38095238095238093,0.3333333333333333,0.2857142857142857,0.022321428571428572,-0.043154761904761904,0.08482142857142858,0.06224066390041494,-0.14064044844632767,0.22305351980098143,4,2,1,38,0.5,0.0,1.0,0.0010635818287600377,0.00114041781550164,0.7051282051282052,0.717948717948718,-0.01282051282051282,-0.038461538461538464,0.0,0.6666666666666666,0.6785714285714286,-0.011904761904761904,-0.047619047619047616,0.023809523809523808,0.8095238095238095,0.8095238095238095,0.0,-0.03571428571428571,0.03571428571428571,0.8611111111111112,36,0.8714285714285714,6,42,0.14285714285714285,30,0.2
phi-4-mini-instruct,dev,uncentred_svd_r1_a1,uncentred_svd,1,1.0,demographic,pooled,exploratory,100,100,100,0.466875,0.28375,0.64,0.23,0.13,0.183125,0.11748437499999999,0.2550312499999998,0.392235609103079,0.29225867264217326,0.4940111620478658,16,12,1,84,0.75,0.5293343653250774,0.9474342105263154,0.02205728285724041,0.0227201594561296,0.695,0.55,0.145,0.075,0.215,0.355,0.36,-0.005,-0.07012499999999999,0.055,0.49,0.48,0.01,-0.055,0.07,0.7016129032258065,62,0.7280701754385965,3,100,0.03,36,0.08333333333333333
phi-4-mini-instruct,dev,uncentred_svd_r1_a1,uncentred_svd,1,1.0,demographic,bbq,exploratory,42,42,42,0.5416666666666666,0.34375,0.6666666666666666,0.23809523809523808,0.09523809523809523,0.19791666666666666,0.11011904761904762,0.2931547619047619,0.3653846153846154,0.22457787987118505,0.5026625295508274,10,8,1,32,0.8,0.5,1.0,0.02314515657126808,0.023389483222311096,0.8095238095238095,0.75,0.05952380952380952,-0.023809523809523808,0.14315476190476029,0.6904761904761905,0.75,-0.05952380952380952,-0.17857142857142858,0.04791666666666504,0.8214285714285714,0.8214285714285714,0.0,-0.09523809523809523,0.09523809523809523,0.8375,40,0.9230769230769231,3,42,0.07142857142857142,29,0.10344827586206896
phi-4-mini-instruct,dev,uncentred_svd_r1_a1,uncentred_svd,1,1.0,demographic,crows_pairs,exploratory,30,30,30,0.34791666666666665,0.1875,0.6,0.2,0.2,0.16041666666666668,0.058333333333333334,0.2771354166666664,0.4610778443113772,0.21377614471452797,0.6400220994475136,4,3,0,26,0.75,0.0,1.0,0.02135412478194642,0.02180159203499996,0.9833333333333333,0.6166666666666667,0.36666666666666664,0.23333333333333334,0.5166666666666667,0.13333333333333333,0.05,0.08333333333333333,0.016666666666666666,0.15,0.15,0.1,0.05,-0.016666666666666666,0.11666666666666667,0.8571428571428571,7,0.5,0,30,0.0,2,0.0
phi-4-mini-instruct,dev,uncentred_svd_r1_a1,uncentred_svd,1,1.0,demographic,stereoset,exploratory,28,28,28,0.48214285714285715,0.296875,0.6428571428571429,0.25,0.10714285714285714,0.18526785714285715,0.04241071428571429,0.3527343749999997,0.3842592592592593,0.16017868209047723,0.588579365079365,2,1,0,26,0.5,0.0,1.0,0.021178855938299584,0.022700353186639117,0.21428571428571427,0.17857142857142858,0.03571428571428571,-0.08928571428571429,0.14285714285714285,0.08928571428571429,0.10714285714285714,-0.017857142857142856,-0.14285714285714285,0.10714285714285714,0.35714285714285715,0.375,-0.017857142857142856,-0.16071428571428573,0.125,0.26666666666666666,15,0.25,0,28,0.0,5,0.0
phi-4-mini-instruct,dev,uncentred_svd_r1_a1,uncentred_svd,1,1.0,identity,pooled,exploratory,100,100,100,0.0425,0.0275,0.01,0.0,0.99,0.015,0.0,0.045,0.3529411764705882,0.3529411764705882,0.3529411764705882,1,0,0,99,0.0,0.0,0.0,0.023277726546129335,0.023289891053229206,0.6907216494845361,0.5670103092783505,0.12371134020618557,0.030927835051546393,0.21649484536082475,0.35,0.39,-0.04,-0.13,0.04,0.49,0.49,0.0,-0.09,0.09,0.7291666666666666,48,0.8125,0,100,0.0,49,0.0
phi-4-mini-instruct,dev,uncentred_svd_r1_a1,uncentred_svd,1,1.0,identity,bbq,exploratory,42,42,42,0.0,0.0,0.0,0.0,1.0,0.0,0.0,0.0,,,,0,0,0,42,,,,0.023958073648416307,0.023968107134263682,0.7948717948717948,0.7435897435897436,0.05128205128205128,-0.07692307692307693,0.1794871794871795,0.6428571428571429,0.7857142857142857,-0.14285714285714285,-0.2857142857142857,0.0,0.7857142857142857,0.8333333333333334,-0.047619047619047616,-0.19047619047619047,0.07142857142857142,0.84375,32,0.9705882352941176,0,42,0.0,33,0.0
phi-4-mini-instruct,dev,uncentred_svd_r1_a1,uncentred_svd,1,1.0,identity,crows_pairs,exploratory,30,30,30,0.0,0.0,0.0,0.0,1.0,0.0,0.0,0.0,,,,0,0,0,30,,,,0.022171699776593074,0.022164470648255115,0.9666666666666667,0.7,0.26666666666666666,0.09916666666666672,0.4666666666666667,0.13333333333333333,0.06666666666666667,0.06666666666666667,-0.06666666666666667,0.2,0.13333333333333333,0.1,0.03333333333333333,-0.10083333333333329,0.2,1.0,4,0.6666666666666666,0,30,0.0,4,0.0
phi-4-mini-instruct,dev,uncentred_svd_r1_a1,uncentred_svd,1,1.0,identity,stereoset,exploratory,28,28,28,0.15178571428571427,0.09821428571428571,0.03571428571428571,0.0,0.9642857142857143,0.05357142857142857,0.0,0.16071428571428573,0.3529411764705882,0.3529411764705882,0.3529411764705882,1,0,0,27,0.0,0.0,0.0,0.023442234574344887,0.023478374508435422,0.25,0.17857142857142858,0.07142857142857142,-0.07142857142857142,0.21428571428571427,0.14285714285714285,0.14285714285714285,0.0,-0.14285714285714285,0.14285714285714285,0.42857142857142855,0.39285714285714285,0.03571428571428571,-0.17857142857142858,0.25,0.3333333333333333,12,0.36363636363636365,0,28,0.0,12,0.0
phi-4-mini-instruct,dev,uncentred_svd_r1_a1,uncentred_svd,1,1.0,neutral,pooled,exploratory,42,42,42,0.3586309523809524,0.26785714285714285,0.6190476190476191,0.30952380952380953,0.07142857142857142,0.09077380952380952,0.005877976190476195,0.18303571428571427,0.25311203319502074,0.015745007680491613,0.4342759397193832,4,3,1,38,0.75,0.0,1.0,0.03079026218921635,0.02676093951482687,0.7564102564102564,0.717948717948718,0.038461538461538464,-0.038461538461538464,0.1282051282051282,0.6309523809523809,0.6785714285714286,-0.047619047619047616,-0.10714285714285714,0.011904761904761904,0.8333333333333334,0.8095238095238095,0.023809523809523808,-0.047619047619047616,0.10714285714285714,0.7567567567567568,37,0.8714285714285714,6,42,0.14285714285714285,31,0.1935483870967742
phi-4-mini-instruct,dev,uncentred_svd_r1_a1,uncentred_svd,1,1.0,neutral,bbq,exploratory,42,42,42,0.3586309523809524,0.26785714285714285,0.6190476190476191,0.30952380952380953,0.07142857142857142,0.09077380952380952,0.005877976190476195,0.18303571428571427,0.25311203319502074,0.015745007680491613,0.4342759397193832,4,3,1,38,0.75,0.0,1.0,0.03079026218921635,0.02676093951482687,0.7564102564102564,0.717948717948718,0.038461538461538464,-0.038461538461538464,0.1282051282051282,0.6309523809523809,0.6785714285714286,-0.047619047619047616,-0.10714285714285714,0.011904761904761904,0.8333333333333334,0.8095238095238095,0.023809523809523808,-0.047619047619047616,0.10714285714285714,0.7567567567567568,37,0.8714285714285714,6,42,0.14285714285714285,31,0.1935483870967742
phi-4-mini-instruct,dev,uncentred_svd_r2_a1,uncentred_svd,2,1.0,demographic,pooled,exploratory,100,100,100,0.466875,0.2975,0.7,0.2,0.1,0.169375,0.108734375,0.231875,0.3627844712182061,0.24819505708354958,0.4828127079570301,16,13,2,84,0.8125,0.6,1.0,0.02908175509571342,0.027772622540336987,0.705,0.55,0.155,0.09,0.22,0.34,0.36,-0.02,-0.09,0.04,0.465,0.48,-0.015,-0.075,0.045,0.7272727272727273,55,0.7280701754385965,3,100,0.03,38,0.07894736842105263
phi-4-mini-instruct,dev,uncentred_svd_r2_a1,uncentred_svd,2,1.0,demographic,bbq,exploratory,42,42,42,0.5416666666666666,0.3020833333333333,0.7380952380952381,0.16666666666666666,0.09523809523809523,0.23958333333333334,0.15476190476190477,0.33035714285714285,0.4423076923076923,0.3088997469679784,0.5706631207500514,10,9,1,32,0.9,0.6666666666666666,1.0,0.031777815736304,0.028079363506239175,0.8452380952380952,0.75,0.09523809523809523,0.023809523809523808,0.17857142857142858,0.6666666666666666,0.75,-0.08333333333333333,-0.21428571428571427,0.03571428571428571,0.8214285714285714,0.8214285714285714,0.0,-0.09523809523809523,0.09523809523809523,0.8157894736842105,38,0.9230769230769231,3,42,0.07142857142857142,31,0.0967741935483871
phi-4-mini-instruct,dev,uncentred_svd_r2_a1,uncentred_svd,2,1.0,demographic,crows_pairs,exploratory,30,30,30,0.34791666666666665,0.24166666666666667,0.6333333333333333,0.26666666666666666,0.1,0.10625,-0.008333333333333333,0.2354687499999997,0.3053892215568862,-0.03335034013605452,0.5512850467289719,4,3,0,26,0.75,0.0,1.0,0.026497732017179147,0.026756323284251194,0.9833333333333333,0.6166666666666667,0.36666666666666664,0.23333333333333334,0.5166666666666667,0.08333333333333333,0.05,0.03333333333333333,-0.03333333333333333,0.1,0.08333333333333333,0.1,-0.016666666666666666,-0.11666666666666667,0.06666666666666667,1.0,3,0.5,0,30,0.0,2,0.0
phi-4-mini-instruct,dev,uncentred_svd_r2_a1,uncentred_svd,2,1.0,demographic,stereoset,exploratory,28,28,28,0.48214285714285715,0.35044642857142855,0.7142857142857143,0.17857142857142858,0.10714285714285714,0.13169642857142858,0.029017857142857144,0.25223214285714285,0.27314814814814814,0.06988508803024937,0.5754314253122349,2,1,1,26,0.5,0.0,1.0,0.027806260290400002,0.028401403151575615,0.19642857142857142,0.17857142857142858,0.017857142857142856,-0.05357142857142857,0.10714285714285714,0.125,0.10714285714285714,0.017857142857142856,-0.07142857142857142,0.10714285714285714,0.3392857142857143,0.375,-0.03571428571428571,-0.16071428571428573,0.10714285714285714,0.42857142857142855,14,0.25,0,28,0.0,5,0.0
phi-4-mini-instruct,dev,uncentred_svd_r2_a1,uncentred_svd,2,1.0,identity,pooled,exploratory,100,100,100,0.0425,0.015,0.01,0.0,0.99,0.0275,0.0,0.0825,0.6470588235294117,0.6470588235294117,0.6470588235294117,1,0,0,99,0.0,0.0,0.0,0.027851496306202223,0.027861861966226288,0.7010309278350515,0.5670103092783505,0.13402061855670103,0.05154639175257732,0.21649484536082475,0.35,0.39,-0.04,-0.12,0.03,0.46,0.49,-0.03,-0.11,0.05,0.7608695652173914,46,0.8125,0,100,0.0,46,0.0
phi-4-mini-instruct,dev,uncentred_svd_r2_a1,uncentred_svd,2,1.0,identity,bbq,exploratory,42,42,42,0.0,0.0,0.0,0.0,1.0,0.0,0.0,0.0,,,,0,0,0,42,,,,0.02783644937333831,0.02784201768447525,0.8461538461538461,0.7435897435897436,0.10256410256410256,0.0,0.23076923076923078,0.6428571428571429,0.7857142857142857,-0.14285714285714285,-0.2857142857142857,0.0,0.7857142857142857,0.8333333333333334,-0.047619047619047616,-0.19047619047619047,0.07142857142857142,0.8181818181818182,33,0.9705882352941176,0,42,0.0,33,0.0
phi-4-mini-instruct,dev,uncentred_svd_r2_a1,uncentred_svd,2,1.0,identity,crows_pairs,exploratory,30,30,30,0.0,0.0,0.0,0.0,1.0,0.0,0.0,0.0,,,,0,0,0,30,,,,0.026980735900358592,0.026984199577353197,0.9666666666666667,0.7,0.26666666666666666,0.09916666666666672,0.4666666666666667,0.13333333333333333,0.06666666666666667,0.06666666666666667,0.0,0.16666666666666666,0.13333333333333333,0.1,0.03333333333333333,-0.06666666666666667,0.13333333333333333,1.0,4,0.6666666666666666,0,30,0.0,4,0.0
phi-4-mini-instruct,dev,uncentred_svd_r2_a1,uncentred_svd,2,1.0,identity,stereoset,exploratory,28,28,28,0.15178571428571427,0.05357142857142857,0.03571428571428571,0.0,0.9642857142857143,0.09821428571428571,0.0,0.29464285714285715,0.6470588235294117,0.6470588235294117,0.6470588235294117,1,0,0,27,0.0,0.0,0.0,0.028807024283187703,0.028831980948359714,0.21428571428571427,0.17857142857142858,0.03571428571428571,0.0,0.10714285714285714,0.14285714285714285,0.14285714285714285,0.0,-0.10714285714285714,0.10714285714285714,0.32142857142857145,0.39285714285714285,-0.07142857142857142,-0.25,0.07142857142857142,0.4444444444444444,9,0.36363636363636365,0,28,0.0,9,0.0
phi-4-mini-instruct,dev,uncentred_svd_r2_a1,uncentred_svd,2,1.0,neutral,pooled,exploratory,42,42,42,0.3586309523809524,0.22767857142857142,0.5714285714285714,0.21428571428571427,0.21428571428571427,0.13095238095238096,0.049107142857142856,0.2128348214285712,0.36514522821576767,0.1648889236545682,0.5227424242424241,4,4,0,38,1.0,1.0,1.0,0.04018960888123765,0.032313948465569155,0.782051282051282,0.717948717948718,0.0641025641025641,-0.01282051282051282,0.15384615384615385,0.6071428571428571,0.6785714285714286,-0.07142857142857142,-0.16666666666666666,0.023809523809523808,0.7976190476190477,0.8095238095238095,-0.011904761904761904,-0.09523809523809523,0.07142857142857142,0.7361111111111112,36,0.8714285714285714,6,42,0.14285714285714285,31,0.1935483870967742
phi-4-mini-instruct,dev,uncentred_svd_r2_a1,uncentred_svd,2,1.0,neutral,bbq,exploratory,42,42,42,0.3586309523809524,0.22767857142857142,0.5714285714285714,0.21428571428571427,0.21428571428571427,0.13095238095238096,0.049107142857142856,0.2128348214285712,0.36514522821576767,0.1648889236545682,0.5227424242424241,4,4,0,38,1.0,1.0,1.0,0.04018960888123765,0.032313948465569155,0.782051282051282,0.717948717948718,0.0641025641025641,-0.01282051282051282,0.15384615384615385,0.6071428571428571,0.6785714285714286,-0.07142857142857142,-0.16666666666666666,0.023809523809523808,0.7976190476190477,0.8095238095238095,-0.011904761904761904,-0.09523809523809523,0.07142857142857142,0.7361111111111112,36,0.8714285714285714,6,42,0.14285714285714285,31,0.1935483870967742
phi-4-mini-instruct,dev,uncentred_svd_r4_a1,uncentred_svd,4,1.0,demographic,pooled,exploratory,100,100,100,0.466875,0.240625,0.62,0.19,0.19,0.22625,0.14375,0.3231406249999999,0.4846050870147256,0.372509565170394,0.5726413887589162,16,13,0,84,0.8125,0.6,1.0,0.03605823956436732,0.033632201051804464,0.68,0.55,0.13,0.055,0.205,0.355,0.36,-0.005,-0.07,0.06,0.5,0.48,0.02,-0.040124999999999994,0.085,0.7017543859649122,57,0.7280701754385965,7,100,0.07,43,0.16279069767441862
phi-4-mini-instruct,dev,uncentred_svd_r4_a1,uncentred_svd,4,1.0,demographic,bbq,exploratory,42,42,42,0.5416666666666666,0.27827380952380953,0.7142857142857143,0.14285714285714285,0.14285714285714285,0.26339285714285715,0.15922619047619047,0.37797619047619047,0.4862637362637363,0.34778428093645486,0.6114335548172757,10,9,0,32,0.9,0.6666666666666666,1.0,0.03958916366614928,0.034529667379735784,0.8095238095238095,0.75,0.05952380952380952,-0.03571428571428571,0.15476190476190477,0.6904761904761905,0.75,-0.05952380952380952,-0.19047619047619047,0.05952380952380952,0.8333333333333334,0.8214285714285714,0.011904761904761904,-0.09523809523809523,0.11904761904761904,0.8421052631578947,38,0.9230769230769231,6,42,0.14285714285714285,32,0.1875
phi-4-mini-instruct,dev,uncentred_svd_r4_a1,uncentred_svd,4,1.0,demographic,crows_pairs,exploratory,30,30,30,0.34791666666666665,0.21666666666666667,0.5,0.3,0.2,0.13125,0.029114583333333336,0.24588541666666636,0.3772455089820359,0.10315205627705624,0.561815308988764,4,3,0,26,0.75,0.0,1.0,0.03137467957529962,0.03170290214105483,0.9666666666666667,0.6166666666666667,0.35,0.21666666666666667,0.5,0.1,0.05,0.05,0.0,0.11666666666666667,0.11666666666666667,0.1,0.016666666666666666,-0.03333333333333333,0.06666666666666667,0.75,4,0.5,0,30,0.0,3,0.0
phi-4-mini-instruct,dev,uncentred_svd_r4_a1,uncentred_svd,4,1.0,demographic,stereoset,exploratory,28,28,28,0.48214285714285715,0.20982142857142858,0.6071428571428571,0.14285714285714285,0.25,0.27232142857142855,0.08035714285714286,0.5447544642857136,0.5648148148148149,0.3149569845435987,0.6940704088254378,2,1,0,26,0.5,0.0,1.0,0.03577995339998119,0.03435310753571067,0.17857142857142858,0.17857142857142858,0.0,-0.125,0.125,0.125,0.10714285714285714,0.017857142857142856,-0.08928571428571429,0.125,0.4107142857142857,0.375,0.03571428571428571,-0.08928571428571429,0.17857142857142858,0.3333333333333333,15,0.25,1,28,0.03571428571428571,8,0.125
phi-4-mini-instruct,dev,uncentred_svd_r4_a1,uncentred_svd,4,1.0,identity,pooled,exploratory,100,100,100,0.0425,0.025,0.01,0.0,0.99,0.0175,0.0,0.0525,0.4117647058823529,0.4117647058823529,0.4117647058823529,1,0,0,99,0.0,0.0,0.0,0.03296069094123541,0.032994977569353795,0.7010309278350515,0.5670103092783505,0.13402061855670103,0.05154639175257732,0.21649484536082475,0.31,0.39,-0.08,-0.15,-0.01,0.45,0.49,-0.04,-0.13,0.05,0.7045454545454546,44,0.8125,0,100,0.0,45,0.0
phi-4-mini-instruct,dev,uncentred_svd_r4_a1,uncentred_svd,4,1.0,identity,bbq,exploratory,42,42,42,0.0,0.0,0.0,0.0,1.0,0.0,0.0,0.0,,,,0,0,0,42,,,,0.03392850747512096,0.033945967965571366,0.8461538461538461,0.7435897435897436,0.10256410256410256,0.0,0.23076923076923078,0.5952380952380952,0.7857142857142857,-0.19047619047619047,-0.35714285714285715,-0.047619047619047616,0.7619047619047619,0.8333333333333334,-0.07142857142857142,-0.21428571428571427,0.07142857142857142,0.8064516129032258,31,0.9705882352941176,0,42,0.0,32,0.0
phi-4-mini-instruct,dev,uncentred_svd_r4_a1,uncentred_svd,4,1.0,identity,crows_pairs,exploratory,30,30,30,0.0,0.0,0.0,0.0,1.0,0.0,0.0,0.0,,,,0,0,0,30,,,,0.03194071132047042,0.03195749199085185,0.9666666666666667,0.7,0.26666666666666666,0.09916666666666672,0.4666666666666667,0.06666666666666667,0.06666666666666667,0.0,0.0,0.0,0.06666666666666667,0.1,-0.03333333333333333,-0.1,0.0,1.0,2,0.6666666666666666,0,30,0.0,2,0.0
phi-4-mini-instruct,dev,uncentred_svd_r4_a1,uncentred_svd,4,1.0,identity,stereoset,exploratory,28,28,28,0.15178571428571427,0.08928571428571429,0.03571428571428571,0.0,0.9642857142857143,0.0625,0.0,0.1875,0.4117647058823529,0.4117647058823529,0.4117647058823529,1,0,0,27,0.0,0.0,0.0,0.03260180144836957,0.03268008366627954,0.21428571428571427,0.17857142857142858,0.03571428571428571,-0.07142857142857142,0.17857142857142858,0.14285714285714285,0.14285714285714285,0.0,-0.10714285714285714,0.10714285714285714,0.39285714285714285,0.39285714285714285,0.0,-0.21428571428571427,0.21428571428571427,0.36363636363636365,11,0.36363636363636365,0,28,0.0,11,0.0
phi-4-mini-instruct,dev,uncentred_svd_r4_a1,uncentred_svd,4,1.0,neutral,pooled,exploratory,42,42,42,0.3586309523809524,0.22767857142857142,0.5238095238095238,0.3333333333333333,0.14285714285714285,0.13095238095238096,0.029724702380952383,0.24107142857142858,0.36514522821576767,0.10656558909965268,0.5555764411027568,4,4,1,38,1.0,1.0,1.0,0.0452630467298819,0.0377896760195532,0.7307692307692307,0.717948717948718,0.01282051282051282,-0.07692307692307693,0.10256410256410256,0.6309523809523809,0.6785714285714286,-0.047619047619047616,-0.11904761904761904,0.023809523809523808,0.7738095238095238,0.8095238095238095,-0.03571428571428571,-0.13095238095238096,0.047619047619047616,0.8285714285714286,35,0.8714285714285714,4,42,0.09523809523809523,28,0.14285714285714285
phi-4-mini-instruct,dev,uncentred_svd_r4_a1,uncentred_svd,4,1.0,neutral,bbq,exploratory,42,42,42,0.3586309523809524,0.22767857142857142,0.5238095238095238,0.3333333333333333,0.14285714285714285,0.13095238095238096,0.029724702380952383,0.24107142857142858,0.36514522821576767,0.10656558909965268,0.5555764411027568,4,4,1,38,1.0,1.0,1.0,0.0452630467298819,0.0377896760195532,0.7307692307692307,0.717948717948718,0.01282051282051282,-0.07692307692307693,0.10256410256410256,0.6309523809523809,0.6785714285714286,-0.047619047619047616,-0.11904761904761904,0.023809523809523808,0.7738095238095238,0.8095238095238095,-0.03571428571428571,-0.13095238095238096,0.047619047619047616,0.8285714285714286,35,0.8714285714285714,4,42,0.09523809523809523,28,0.14285714285714285
phi-4-mini-instruct,test,cure_centred_svd_r1_a1,cure_centred_svd,1,1.0,demographic,pooled,confirmatory-input,160,160,160,0.408203125,0.2953125,0.5,0.3125,0.1875,0.112890625,0.059365234375,0.16329101562499992,0.276555023923445,0.15806306229261452,0.3709872112749576,20,13,3,140,0.65,0.42105263157894735,0.8571428571428571,0.022033021218521593,0.022822315802264424,0.728125,0.63125,0.096875,0.05625,0.14375,0.671875,0.63125,0.040625,0.003125,0.08125,0.984375,0.978125,0.00625,-0.0125,0.025,0.689873417721519,158,0.6477987421383647,22,160,0.1375,157,0.14012738853503184
phi-4-mini-instruct,test,cure_centred_svd_r1_a1,cure_centred_svd,1,1.0,demographic,bbq,exploratory,70,70,70,0.45535714285714285,0.2642857142857143,0.6142857142857143,0.24285714285714285,0.14285714285714285,0.19107142857142856,0.1,0.2767857142857143,0.41960784313725485,0.2363827209080741,0.5581048890107848,10,8,3,60,0.8,0.5,1.0,0.022162056909461512,0.022805074370323784,0.7857142857142857,0.7642857142857142,0.02142857142857143,-0.02142857142857143,0.06428571428571428,0.7214285714285714,0.7214285714285714,0.0,-0.03571428571428571,0.03571428571428571,1.0,0.9928571428571429,0.007142857142857143,0.0,0.02142857142857143,0.7357142857142858,70,0.7357142857142858,15,70,0.21428571428571427,70,0.21428571428571427
phi-4-mini-instruct,test,cure_centred_svd_r1_a1,cure_centred_svd,1,1.0,demographic,crows_pairs,exploratory,49,49,49,0.3201530612244898,0.2755102040816326,0.40816326530612246,0.32653061224489793,0.2653061224489796,0.044642857142857144,-0.02806122448979592,0.11096938775510204,0.1394422310756972,-0.1020408163265305,0.32862314364081147,3,1,0,46,0.3333333333333333,0.0,1.0,0.021560402063074385,0.022672970803266822,0.9795918367346939,0.7346938775510204,0.24489795918367346,0.14285714285714285,0.35714285714285715,0.9387755102040817,0.7959183673469388,0.14285714285714285,0.05102040816326531,0.24489795918367346,0.9489795918367347,0.9693877551020408,-0.02040816326530612,-0.07142857142857142,0.02040816326530612,0.9893617021276596,47,0.8229166666666666,1,49,0.02040816326530612,46,0.021739130434782608
phi-4-mini-instruct,test,cure_centred_svd_r1_a1,cure_centred_svd,1,1.0,demographic,stereoset,exploratory,41,41,41,0.4329268292682927,0.3719512195121951,0.4146341463414634,0.4146341463414634,0.17073170731707318,0.06097560975609756,-0.042682926829268296,0.17378048780487804,0.14084507042253525,-0.13008333333333322,0.31680547713156393,7,4,0,34,0.5714285714285714,0.16666666666666666,1.0,0.022377553907573275,0.023030237879989483,0.32926829268292684,0.2804878048780488,0.04878048780487805,-0.024390243902439025,0.12195121951219512,0.2682926829268293,0.2804878048780488,-0.012195121951219513,-0.0975609756097561,0.06097560975609756,1.0,0.9634146341463414,0.036585365853658534,0.0,0.07317073170731707,0.2682926829268293,41,0.2926829268292683,6,41,0.14634146341463414,41,0.14634146341463414
phi-4-mini-instruct,test,cure_centred_svd_r1_a1,cure_centred_svd,1,1.0,identity,pooled,exploratory,160,160,160,0.0,0.0,0.0,0.0,1.0,0.0,0.0,0.0,,,,0,0,0,160,,,,0.023028363421544046,0.02303648983683682,0.7197452229299363,0.6305732484076433,0.08917197452229299,0.03184713375796178,0.1464968152866242,0.6875,0.64375,0.04375,-0.00625,0.0875,0.9875,0.96875,0.01875,-0.00625,0.05,0.7096774193548387,155,0.673202614379085,0,160,0.0,158,0.0
phi-4-mini-instruct,test,cure_centred_svd_r1_a1,cure_centred_svd,1,1.0,identity,bbq,exploratory,70,70,70,0.0,0.0,0.0,0.0,1.0,0.0,0.0,0.0,,,,0,0,0,70,,,,0.023446718599814884,0.02345428363012531,0.7761194029850746,0.7910447761194029,-0.014925373134328358,-0.08955223880597014,0.05970149253731343,0.7285714285714285,0.7285714285714285,0.0,-0.05714285714285714,0.05714285714285714,1.0,0.9857142857142858,0.014285714285714285,0.0,0.04285714285714286,0.7611940298507462,67,0.7611940298507462,0,70,0.0,70,0.0
phi-4-mini-instruct,test,cure_centred_svd_r1_a1,cure_centred_svd,1,1.0,identity,crows_pairs,exploratory,49,49,49,0.0,0.0,0.0,0.0,1.0,0.0,0.0,0.0,,,,0,0,0,49,,,,0.02296939094124283,0.022972807654328756,0.9795918367346939,0.7346938775510204,0.24489795918367346,0.12244897959183673,0.3673469387755102,0.9591836734693877,0.8163265306122449,0.14285714285714285,0.061224489795918366,0.24489795918367346,0.9591836734693877,0.9591836734693877,0.0,-0.061224489795918366,0.061224489795918366,1.0,47,0.851063829787234,0,49,0.0,47,0.0
phi-4-mini-instruct,test,cure_centred_svd_r1_a1,cure_centred_svd,1,1.0,identity,stereoset,exploratory,41,41,41,0.0,0.0,0.0,0.0,1.0,0.0,0.0,0.0,,,,0,0,0,41,,,,0.022384577788758703,0.022399291334707576,0.3170731707317073,0.24390243902439024,0.07317073170731707,-0.024390243902439025,0.17073170731707318,0.2926829268292683,0.2926829268292683,0.0,-0.0975609756097561,0.0975609756097561,1.0,0.9512195121951219,0.04878048780487805,0.0,0.12195121951219512,0.2926829268292683,41,0.3076923076923077,0,41,0.0,41,0.0
phi-4-mini-instruct,test,cure_centred_svd_r1_a1,cure_centred_svd,1,1.0,neutral,pooled,exploratory,70,70,70,0.3294642857142857,0.26071428571428573,0.4857142857142857,0.3142857142857143,0.2,0.06875,-0.011629464285714285,0.15537946428571417,0.20867208672086723,-0.04000619195046443,0.4061155393901872,6,3,1,64,0.5,0.0,1.0,0.031125838758413887,0.026875616552435404,0.7761194029850746,0.7910447761194029,-0.014925373134328358,-0.05223880597014925,0.022388059701492536,0.7357142857142858,0.7357142857142858,0.0,-0.02142857142857143,0.02142857142857143,0.9857142857142858,0.9785714285714285,0.007142857142857143,-0.014285714285714285,0.03571428571428571,0.7686567164179104,67,0.7761194029850746,8,70,0.11428571428571428,68,0.11764705882352941
phi-4-mini-instruct,test,cure_centred_svd_r1_a1,cure_centred_svd,1,1.0,neutral,bbq,exploratory,70,70,70,0.3294642857142857,0.26071428571428573,0.4857142857142857,0.3142857142857143,0.2,0.06875,-0.011629464285714285,0.15537946428571417,0.20867208672086723,-0.04000619195046443,0.4061155393901872,6,3,1,64,0.5,0.0,1.0,0.031125838758413887,0.026875616552435404,0.7761194029850746,0.7910447761194029,-0.014925373134328358,-0.05223880597014925,0.022388059701492536,0.7357142857142858,0.7357142857142858,0.0,-0.02142857142857143,0.02142857142857143,0.9857142857142858,0.9785714285714285,0.007142857142857143,-0.014285714285714285,0.03571428571428571,0.7686567164179104,67,0.7761194029850746,8,70,0.11428571428571428,68,0.11764705882352941
phi-4-mini-instruct,test,cure_centred_svd_r2_a1,cure_centred_svd,2,1.0,demographic,pooled,exploratory,160,160,160,0.408203125,0.28671875,0.50625,0.28125,0.2125,0.121484375,0.068359375,0.17305664062499992,0.2976076555023923,0.17888126317357034,0.3996095541469944,20,10,3,140,0.5,0.27765151515151515,0.7308333333333329,0.0290968774923419,0.02764505951212152,0.721875,0.63125,0.090625,0.046875,0.1375,0.671875,0.63125,0.040625,0.003125,0.08125,0.98125,0.978125,0.003125,-0.01875,0.021875,0.689873417721519,158,0.6477987421383647,19,160,0.11875,156,0.12179487179487179
phi-4-mini-instruct,test,cure_centred_svd_r2_a1,cure_centred_svd,2,1.0,demographic,bbq,exploratory,70,70,70,0.45535714285714285,0.2892857142857143,0.6,0.22857142857142856,0.17142857142857143,0.16607142857142856,0.07321428571428572,0.25625,0.3647058823529412,0.17864490224791754,0.5142393479385888,10,6,3,60,0.6,0.2727272727272727,0.8888888888888888,0.031138903698113028,0.027891068936372415,0.7714285714285715,0.7642857142857142,0.007142857142857143,-0.04285714285714286,0.05732142857142759,0.7357142857142858,0.7214285714285714,0.014285714285714285,-0.02142857142857143,0.05,0.9928571428571429,0.9928571428571429,0.0,-0.02142857142857143,0.02142857142857143,0.75,70,0.7357142857142858,14,70,0.2,69,0.2028985507246377
phi-4-mini-instruct,test,cure_centred_svd_r2_a1,cure_centred_svd,2,1.0,demographic,crows_pairs,exploratory,49,49,49,0.3201530612244898,0.2461734693877551,0.4489795918367347,0.32653061224489793,0.22448979591836735,0.07397959183673469,0.002551020408163265,0.1441326530612245,0.2310756972111554,0.009704114655570962,0.4241522433763812,3,1,0,46,0.3333333333333333,0.0,1.0,0.02675304813117238,0.027286685261305847,0.9693877551020408,0.7346938775510204,0.23469387755102042,0.1326530612244898,0.3469387755102041,0.9387755102040817,0.7959183673469388,0.14285714285714285,0.05102040816326531,0.24489795918367346,0.9489795918367347,0.9693877551020408,-0.02040816326530612,-0.07142857142857142,0.02040816326530612,0.9893617021276596,47,0.8229166666666666,1,49,0.02040816326530612,46,0.021739130434782608
phi-4-mini-instruct,test,cure_centred_svd_r2_a1,cure_centred_svd,2,1.0,demographic,stereoset,exploratory,41,41,41,0.4329268292682927,0.3307926829268293,0.4146341463414634,0.3170731707317073,0.2682926829268293,0.10213414634146341,-0.001562499999999998,0.21189024390243902,0.2359154929577465,-0.006133801196502534,0.42017522918258204,7,3,0,34,0.42857142857142855,0.0,0.8333333333333334,0.02841165320681333,0.02765334435583869,0.34146341463414637,0.2804878048780488,0.06097560975609756,-0.024390243902439025,0.14634146341463414,0.24390243902439024,0.2804878048780488,-0.036585365853658534,-0.12195121951219512,0.036585365853658534,1.0,0.9634146341463414,0.036585365853658534,0.0,0.07317073170731707,0.24390243902439024,41,0.2926829268292683,4,41,0.0975609756097561,41,0.0975609756097561
phi-4-mini-instruct,test,cure_centred_svd_r2_a1,cure_centred_svd,2,1.0,identity,pooled,exploratory,160,160,160,0.0,0.0,0.0,0.0,1.0,0.0,0.0,0.0,,,,0,0,0,160,,,,0.027431465588750693,0.027461009148357824,0.7197452229299363,0.6305732484076433,0.08917197452229299,0.03184713375796178,0.15286624203821655,0.69375,0.64375,0.05,0.00625,0.09375,0.98125,0.96875,0.0125,-0.01875,0.04375,0.7161290322580646,155,0.673202614379085,0,160,0.0,157,0.0
phi-4-mini-instruct,test,cure_centred_svd_r2_a1,cure_centred_svd,2,1.0,identity,bbq,exploratory,70,70,70,0.0,0.0,0.0,0.0,1.0,0.0,0.0,0.0,,,,0,0,0,70,,,,0.028160884574658988,0.02818687744052497,0.746268656716418,0.7910447761194029,-0.04477611940298507,-0.11940298507462686,0.029850746268656716,0.7428571428571429,0.7285714285714285,0.014285714285714285,-0.02857142857142857,0.05714285714285714,0.9857142857142858,0.9857142857142858,0.0,-0.04285714285714286,0.04285714285714286,0.7761194029850746,67,0.7611940298507462,0,70,0.0,69,0.0
phi-4-mini-instruct,test,cure_centred_svd_r2_a1,cure_centred_svd,2,1.0,identity,crows_pairs,exploratory,49,49,49,0.0,0.0,0.0,0.0,1.0,0.0,0.0,0.0,,,,0,0,0,49,,,,0.02731973399581773,0.02734693544616887,0.9795918367346939,0.7346938775510204,0.24489795918367346,0.12244897959183673,0.3673469387755102,0.9591836734693877,0.8163265306122449,0.14285714285714285,0.061224489795918366,0.24489795918367346,0.9591836734693877,0.9591836734693877,0.0,-0.061224489795918366,0.061224489795918366,1.0,47,0.851063829787234,0,49,0.0,47,0.0
phi-4-mini-instruct,test,cure_centred_svd_r2_a1,cure_centred_svd,2,1.0,identity,stereoset,exploratory,41,41,41,0.0,0.0,0.0,0.0,1.0,0.0,0.0,0.0,,,,0,0,0,41,,,,0.02631964897997346,0.026358053805810473,0.36585365853658536,0.24390243902439024,0.12195121951219512,0.024390243902439025,0.21951219512195122,0.2926829268292683,0.2926829268292683,0.0,-0.0975609756097561,0.0975609756097561,1.0,0.9512195121951219,0.04878048780487805,0.0,0.12195121951219512,0.2926829268292683,41,0.3076923076923077,0,41,0.0,41,0.0
phi-4-mini-instruct,test,cure_centred_svd_r2_a1,cure_centred_svd,2,1.0,neutral,pooled,exploratory,70,70,70,0.3294642857142857,0.25089285714285714,0.4714285714285714,0.3142857142857143,0.21428571428571427,0.07857142857142857,-0.013392857142857142,0.17234374999999988,0.2384823848238482,-0.04836665848216672,0.4385974880382775,6,5,1,64,0.8333333333333334,0.5,1.0,0.03919070421128496,0.03165940750150483,0.7388059701492538,0.7910447761194029,-0.05223880597014925,-0.1044776119402985,-0.007462686567164179,0.7285714285714285,0.7357142857142858,-0.007142857142857143,-0.02142857142857143,0.0,0.9785714285714285,0.9785714285714285,0.0,-0.03571428571428571,0.02857142857142857,0.7611940298507462,67,0.7761194029850746,9,70,0.12857142857142856,68,0.1323529411764706
phi-4-mini-instruct,test,cure_centred_svd_r2_a1,cure_centred_svd,2,1.0,neutral,bbq,exploratory,70,70,70,0.3294642857142857,0.25089285714285714,0.4714285714285714,0.3142857142857143,0.21428571428571427,0.07857142857142857,-0.013392857142857142,0.17234374999999988,0.2384823848238482,-0.04836665848216672,0.4385974880382775,6,5,1,64,0.8333333333333334,0.5,1.0,0.03919070421128496,0.03165940750150483,0.7388059701492538,0.7910447761194029,-0.05223880597014925,-0.1044776119402985,-0.007462686567164179,0.7285714285714285,0.7357142857142858,-0.007142857142857143,-0.02142857142857143,0.0,0.9785714285714285,0.9785714285714285,0.0,-0.03571428571428571,0.02857142857142857,0.7611940298507462,67,0.7761194029850746,9,70,0.12857142857142856,68,0.1323529411764706
phi-4-mini-instruct,test,cure_centred_svd_r4_a1,cure_centred_svd,4,1.0,demographic,pooled,exploratory,160,160,160,0.408203125,0.2890625,0.55,0.2875,0.1625,0.119140625,0.061328125,0.17500976562499992,0.29186602870813394,0.16083229606304408,0.3984763130078023,20,11,3,140,0.55,0.3333333333333333,0.7727272727272727,0.03651565023859081,0.034428162455167756,0.715625,0.63125,0.084375,0.034375,0.134375,0.671875,0.63125,0.040625,0.0,0.08125,0.975,0.978125,-0.003125,-0.025,0.01875,0.6962025316455697,158,0.6477987421383647,17,160,0.10625,154,0.11038961038961038
phi-4-mini-instruct,test,cure_centred_svd_r4_a1,cure_centred_svd,4,1.0,demographic,bbq,exploratory,70,70,70,0.45535714285714285,0.29375,0.6428571428571429,0.2571428571428571,0.1,0.16160714285714287,0.056227678571428574,0.254486607142857,0.3549019607843137,0.13544666540356196,0.5186649256472918,10,6,2,60,0.6,0.2727272727272727,0.8888888888888888,0.03997727653570876,0.035818638956074546,0.7642857142857142,0.7642857142857142,0.0,-0.05714285714285714,0.05714285714285714,0.7428571428571429,0.7214285714285714,0.02142857142857143,-0.014285714285714285,0.06428571428571428,0.9928571428571429,0.9928571428571429,0.0,-0.02142857142857143,0.02142857142857143,0.7571428571428571,70,0.7357142857142858,12,70,0.17142857142857143,69,0.17391304347826086
phi-4-mini-instruct,test,cure_centred_svd_r4_a1,cure_centred_svd,4,1.0,demographic,crows_pairs,exploratory,49,49,49,0.3201530612244898,0.2755102040816326,0.42857142857142855,0.3469387755102041,0.22448979591836735,0.044642857142857144,-0.039540816326530615,0.1263073979591835,0.1394422310756972,-0.15217908902691513,0.35186122357174987,3,1,1,46,0.3333333333333333,0.0,1.0,0.033173948599681716,0.033102127892347406,0.9591836734693877,0.7346938775510204,0.22448979591836735,0.11224489795918367,0.3469387755102041,0.9183673469387755,0.7959183673469388,0.12244897959183673,0.030612244897959183,0.22448979591836735,0.9285714285714286,0.9693877551020408,-0.04081632653061224,-0.10204081632653061,0.01020408163265306,0.9893617021276596,47,0.8229166666666666,1,49,0.02040816326530612,44,0.022727272727272728
phi-4-mini-instruct,test,cure_centred_svd_r4_a1,cure_centred_svd,4,1.0,demographic,stereoset,exploratory,41,41,41,0.4329268292682927,0.2972560975609756,0.5365853658536586,0.2682926829268293,0.1951219512195122,0.13567073170731708,0.027400914634146345,0.2576219512195122,0.31338028169014087,0.08324275362318845,0.4828660436137072,7,4,0,34,0.5714285714285714,0.16666666666666666,1.0,0.03459929754367104,0.033638951199429244,0.34146341463414637,0.2804878048780488,0.06097560975609756,-0.036585365853658534,0.15853658536585366,0.25609756097560976,0.2804878048780488,-0.024390243902439025,-0.10975609756097561,0.04878048780487805,1.0,0.9634146341463414,0.036585365853658534,0.0,0.07317073170731707,0.25609756097560976,41,0.2926829268292683,4,41,0.0975609756097561,41,0.0975609756097561
phi-4-mini-instruct,test,cure_centred_svd_r4_a1,cure_centred_svd,4,1.0,identity,pooled,exploratory,160,160,160,0.0,0.0,0.0,0.0,1.0,0.0,0.0,0.0,,,,0,0,0,160,,,,0.03424846901648528,0.03430030401258054,0.6942675159235668,0.6305732484076433,0.06369426751592357,0.0,0.12738853503184713,0.6875,0.64375,0.04375,-0.00625,0.0875,0.975,0.96875,0.00625,-0.025,0.0375,0.7142857142857143,154,0.673202614379085,0,160,0.0,156,0.0
phi-4-mini-instruct,test,cure_centred_svd_r4_a1,cure_centred_svd,4,1.0,identity,bbq,exploratory,70,70,70,0.0,0.0,0.0,0.0,1.0,0.0,0.0,0.0,,,,0,0,0,70,,,,0.0364011013559629,0.0364471971229383,0.7313432835820896,0.7910447761194029,-0.05970149253731343,-0.14925373134328357,0.029850746268656716,0.7428571428571429,0.7285714285714285,0.014285714285714285,-0.02857142857142857,0.05714285714285714,0.9857142857142858,0.9857142857142858,0.0,-0.04285714285714286,0.04285714285714286,0.7761194029850746,67,0.7611940298507462,0,70,0.0,69,0.0
phi-4-mini-instruct,test,cure_centred_svd_r4_a1,cure_centred_svd,4,1.0,identity,crows_pairs,exploratory,49,49,49,0.0,0.0,0.0,0.0,1.0,0.0,0.0,0.0,,,,0,0,0,49,,,,0.032724214124752585,0.03279384661752807,0.9591836734693877,0.7346938775510204,0.22448979591836735,0.08163265306122448,0.3673469387755102,0.9387755102040817,0.8163265306122449,0.12244897959183673,0.02040816326530612,0.22448979591836735,0.9387755102040817,0.9591836734693877,-0.02040816326530612,-0.10204081632653061,0.04081632653061224,1.0,46,0.851063829787234,0,49,0.0,46,0.0
phi-4-mini-instruct,test,cure_centred_svd_r4_a1,cure_centred_svd,4,1.0,identity,stereoset,exploratory,41,41,41,0.0,0.0,0.0,0.0,1.0,0.0,0.0,0.0,,,,0,0,0,41,,,,0.032394913551399146,0.03243527705239824,0.3170731707317073,0.24390243902439024,0.07317073170731707,-0.024390243902439025,0.17073170731707318,0.2926829268292683,0.2926829268292683,0.0,-0.0975609756097561,0.0975609756097561,1.0,0.9512195121951219,0.04878048780487805,0.0,0.12195121951219512,0.2926829268292683,41,0.3076923076923077,0,41,0.0,41,0.0
phi-4-mini-instruct,test,cure_centred_svd_r4_a1,cure_centred_svd,4,1.0,neutral,pooled,exploratory,70,70,70,0.3294642857142857,0.22678571428571428,0.5,0.3,0.2,0.10267857142857142,0.0125,0.2,0.31165311653116534,0.05217812426175288,0.4909208463949843,6,5,2,64,0.8333333333333334,0.5,1.0,0.04553796439915555,0.03859938942009299,0.7611940298507462,0.7910447761194029,-0.029850746268656716,-0.08208955223880597,0.022388059701492536,0.7428571428571429,0.7357142857142858,0.007142857142857143,-0.014285714285714285,0.028749999999999026,0.9857142857142858,0.9785714285714285,0.007142857142857143,-0.02857142857142857,0.05,0.7761194029850746,67,0.7761194029850746,4,70,0.05714285714285714,69,0.057971014492753624
phi-4-mini-instruct,test,cure_centred_svd_r4_a1,cure_centred_svd,4,1.0,neutral,bbq,exploratory,70,70,70,0.3294642857142857,0.22678571428571428,0.5,0.3,0.2,0.10267857142857142,0.0125,0.2,0.31165311653116534,0.05217812426175288,0.4909208463949843,6,5,2,64,0.8333333333333334,0.5,1.0,0.04553796439915555,0.03859938942009299,0.7611940298507462,0.7910447761194029,-0.029850746268656716,-0.08208955223880597,0.022388059701492536,0.7428571428571429,0.7357142857142858,0.007142857142857143,-0.014285714285714285,0.028749999999999026,0.9857142857142858,0.9785714285714285,0.007142857142857143,-0.02857142857142857,0.05,0.7761194029850746,67,0.7761194029850746,4,70,0.05714285714285714,69,0.057971014492753624
phi-4-mini-instruct,test,identity_alpha0_r1_a0,identity_alpha0,1,0.0,demographic,pooled,exploratory,160,160,160,0.408203125,0.408203125,0.0,0.0,1.0,0.0,0.0,0.0,0.0,0.0,0.0,20,0,0,140,0.0,0.0,0.0,0.0,0.0,0.63125,0.63125,0.0,0.0,0.0,0.63125,0.63125,0.0,0.0,0.0,0.978125,0.978125,0.0,0.0,0.0,0.6477987421383647,159,0.6477987421383647,32,160,0.2,154,0.2077922077922078
phi-4-mini-instruct,test,identity_alpha0_r1_a0,identity_alpha0,1,0.0,demographic,bbq,exploratory,70,70,70,0.45535714285714285,0.45535714285714285,0.0,0.0,1.0,0.0,0.0,0.0,0.0,0.0,0.0,10,0,0,60,0.0,0.0,0.0,0.0,0.0,0.7642857142857142,0.7642857142857142,0.0,0.0,0.0,0.7214285714285714,0.7214285714285714,0.0,0.0,0.0,0.9928571428571429,0.9928571428571429,0.0,0.0,0.0,0.7357142857142858,70,0.7357142857142858,17,70,0.24285714285714285,69,0.2463768115942029
phi-4-mini-instruct,test,identity_alpha0_r1_a0,identity_alpha0,1,0.0,demographic,crows_pairs,exploratory,49,49,49,0.3201530612244898,0.3201530612244898,0.0,0.0,1.0,0.0,0.0,0.0,0.0,0.0,0.0,3,0,0,46,0.0,0.0,0.0,0.0,0.0,0.7346938775510204,0.7346938775510204,0.0,0.0,0.0,0.7959183673469388,0.7959183673469388,0.0,0.0,0.0,0.9693877551020408,0.9693877551020408,0.0,0.0,0.0,0.8229166666666666,48,0.8229166666666666,5,49,0.10204081632653061,47,0.10638297872340426
phi-4-mini-instruct,test,identity_alpha0_r1_a0,identity_alpha0,1,0.0,demographic,stereoset,exploratory,41,41,41,0.4329268292682927,0.4329268292682927,0.0,0.0,1.0,0.0,0.0,0.0,0.0,0.0,0.0,7,0,0,34,0.0,0.0,0.0,0.0,0.0,0.2804878048780488,0.2804878048780488,0.0,0.0,0.0,0.2804878048780488,0.2804878048780488,0.0,0.0,0.0,0.9634146341463414,0.9634146341463414,0.0,0.0,0.0,0.2926829268292683,41,0.2926829268292683,10,41,0.24390243902439024,38,0.2631578947368421
phi-4-mini-instruct,test,identity_alpha0_r1_a0,identity_alpha0,1,0.0,identity,pooled,exploratory,160,160,160,0.0,0.0,0.0,0.0,1.0,0.0,0.0,0.0,,,,0,0,0,160,,,,0.0,0.0,0.6305732484076433,0.6305732484076433,0.0,0.0,0.0,0.64375,0.64375,0.0,0.0,0.0,0.96875,0.96875,0.0,0.0,0.0,0.673202614379085,153,0.673202614379085,0,160,0.0,155,0.0
phi-4-mini-instruct,test,identity_alpha0_r1_a0,identity_alpha0,1,0.0,identity,bbq,exploratory,70,70,70,0.0,0.0,0.0,0.0,1.0,0.0,0.0,0.0,,,,0,0,0,70,,,,0.0,0.0,0.7910447761194029,0.7910447761194029,0.0,0.0,0.0,0.7285714285714285,0.7285714285714285,0.0,0.0,0.0,0.9857142857142858,0.9857142857142858,0.0,0.0,0.0,0.7611940298507462,67,0.7611940298507462,0,70,0.0,69,0.0
phi-4-mini-instruct,test,identity_alpha0_r1_a0,identity_alpha0,1,0.0,identity,crows_pairs,exploratory,49,49,49,0.0,0.0,0.0,0.0,1.0,0.0,0.0,0.0,,,,0,0,0,49,,,,0.0,0.0,0.7346938775510204,0.7346938775510204,0.0,0.0,0.0,0.8163265306122449,0.8163265306122449,0.0,0.0,0.0,0.9591836734693877,0.9591836734693877,0.0,0.0,0.0,0.851063829787234,47,0.851063829787234,0,49,0.0,47,0.0
phi-4-mini-instruct,test,identity_alpha0_r1_a0,identity_alpha0,1,0.0,identity,stereoset,exploratory,41,41,41,0.0,0.0,0.0,0.0,1.0,0.0,0.0,0.0,,,,0,0,0,41,,,,0.0,0.0,0.24390243902439024,0.24390243902439024,0.0,0.0,0.0,0.2926829268292683,0.2926829268292683,0.0,0.0,0.0,0.9512195121951219,0.9512195121951219,0.0,0.0,0.0,0.3076923076923077,39,0.3076923076923077,0,41,0.0,39,0.0
phi-4-mini-instruct,test,identity_alpha0_r1_a0,identity_alpha0,1,0.0,neutral,pooled,exploratory,70,70,70,0.3294642857142857,0.3294642857142857,0.0,0.0,1.0,0.0,0.0,0.0,0.0,0.0,0.0,6,0,0,64,0.0,0.0,0.0,0.0,0.0,0.7910447761194029,0.7910447761194029,0.0,0.0,0.0,0.7357142857142858,0.7357142857142858,0.0,0.0,0.0,0.9785714285714285,0.9785714285714285,0.0,0.0,0.0,0.7761194029850746,67,0.7761194029850746,9,70,0.12857142857142856,68,0.1323529411764706
phi-4-mini-instruct,test,identity_alpha0_r1_a0,identity_alpha0,1,0.0,neutral,bbq,exploratory,70,70,70,0.3294642857142857,0.3294642857142857,0.0,0.0,1.0,0.0,0.0,0.0,0.0,0.0,0.0,6,0,0,64,0.0,0.0,0.0,0.0,0.0,0.7910447761194029,0.7910447761194029,0.0,0.0,0.0,0.7357142857142858,0.7357142857142858,0.0,0.0,0.0,0.9785714285714285,0.9785714285714285,0.0,0.0,0.0,0.7761194029850746,67,0.7761194029850746,9,70,0.12857142857142856,68,0.1323529411764706
phi-4-mini-instruct,test,leace_faithful_r1_a1,leace_faithful,1,1.0,demographic,pooled,exploratory,160,160,160,0.408203125,0.4015625,0.4,0.35625,0.24375,0.006640625,-0.023447265624999998,0.03555664062499995,0.016267942583732098,-0.05991447920143942,0.08319606178404881,20,5,5,140,0.25,0.0625,0.4666666666666667,0.0005846991396229635,0.0006437212973202267,0.628125,0.63125,-0.003125,-0.021875,0.015625,0.6375,0.63125,0.00625,-0.00625,0.01875,0.98125,0.978125,0.003125,0.0,0.009375,0.6540880503144654,159,0.6477987421383647,34,160,0.2125,155,0.21935483870967742
phi-4-mini-instruct,test,leace_faithful_r1_a1,leace_faithful,1,1.0,demographic,bbq,exploratory,70,70,70,0.45535714285714285,0.4473214285714286,0.42857142857142855,0.37142857142857144,0.2,0.008035714285714285,-0.03660714285714286,0.055357142857142855,0.01764705882352946,-0.08678699478487614,0.11494830738195795,10,2,4,60,0.2,0.0,0.5,0.0005972061746464193,0.0007057436023220592,0.7571428571428571,0.7642857142857142,-0.007142857142857143,-0.02142857142857143,0.0,0.7285714285714285,0.7214285714285714,0.007142857142857143,-0.014285714285714285,0.03571428571428571,0.9928571428571429,0.9928571428571429,0.0,0.0,0.0,0.7428571428571429,70,0.7357142857142858,18,70,0.2571428571428571,69,0.2608695652173913
phi-4-mini-instruct,test,leace_faithful_r1_a1,leace_faithful,1,1.0,demographic,crows_pairs,exploratory,49,49,49,0.3201530612244898,0.30612244897959184,0.3877551020408163,0.32653061224489793,0.2857142857142857,0.01403061224489796,-0.03571428571428571,0.061224489795918366,0.043824701195219085,-0.12795004306632213,0.18116651122749097,3,1,0,46,0.3333333333333333,0.0,1.0,0.000554031215243034,0.0005873252386435048,0.7040816326530612,0.7346938775510204,-0.030612244897959183,-0.08163265306122448,0.01020408163265306,0.7959183673469388,0.7959183673469388,0.0,0.0,0.0,0.9693877551020408,0.9693877551020408,0.0,0.0,0.0,0.8229166666666666,48,0.8229166666666666,5,49,0.10204081632653061,47,0.10638297872340426
phi-4-mini-instruct,test,leace_faithful_r1_a1,leace_faithful,1,1.0,demographic,stereoset,exploratory,41,41,41,0.4329268292682927,0.4375,0.36585365853658536,0.36585365853658536,0.2682926829268293,-0.004573170731707317,-0.06859756097560976,0.06101371951219491,-0.010563380281690238,-0.18234266993087564,0.12799712469733643,7,2,1,34,0.2857142857142857,0.0,0.6666666666666666,0.0005999975748174676,0.0006052297247600094,0.3170731707317073,0.2804878048780488,0.036585365853658534,0.0,0.07317073170731707,0.2926829268292683,0.2804878048780488,0.012195121951219513,0.0,0.036585365853658534,0.975609756097561,0.9634146341463414,0.012195121951219513,0.0,0.036585365853658534,0.3048780487804878,41,0.2926829268292683,11,41,0.2682926829268293,39,0.28205128205128205
phi-4-mini-instruct,test,leace_faithful_r1_a1,leace_faithful,1,1.0,identity,pooled,exploratory,160,160,160,0.0,0.0,0.0,0.0,1.0,0.0,0.0,0.0,,,,0,0,0,160,,,,0.0006070901542257849,0.0006065033924608969,0.6242038216560509,0.6305732484076433,-0.006369426751592357,-0.03184713375796178,0.01910828025477707,0.65,0.64375,0.00625,-0.0125,0.025,0.975,0.96875,0.00625,0.0,0.01875,0.6753246753246753,154,0.673202614379085,0,160,0.0,156,0.0
phi-4-mini-instruct,test,leace_faithful_r1_a1,leace_faithful,1,1.0,identity,bbq,exploratory,70,70,70,0.0,0.0,0.0,0.0,1.0,0.0,0.0,0.0,,,,0,0,0,70,,,,0.0006058430328831344,0.0006051604698856926,0.7761194029850746,0.7910447761194029,-0.014925373134328358,-0.04477611940298507,0.0,0.7285714285714285,0.7285714285714285,0.0,-0.04285714285714286,0.04285714285714286,0.9857142857142858,0.9857142857142858,0.0,0.0,0.0,0.7611940298507462,67,0.7611940298507462,0,70,0.0,69,0.0
phi-4-mini-instruct,test,leace_faithful_r1_a1,leace_faithful,1,1.0,identity,crows_pairs,exploratory,49,49,49,0.0,0.0,0.0,0.0,1.0,0.0,0.0,0.0,,,,0,0,0,49,,,,0.0005866011331751121,0.0005858877034364478,0.7142857142857143,0.7346938775510204,-0.02040816326530612,-0.10204081632653061,0.04081632653061224,0.8163265306122449,0.8163265306122449,0.0,0.0,0.0,0.9591836734693877,0.9591836734693877,0.0,0.0,0.0,0.851063829787234,47,0.851063829787234,0,49,0.0,47,0.0
phi-4-mini-instruct,test,leace_faithful_r1_a1,leace_faithful,1,1.0,identity,stereoset,exploratory,41,41,41,0.0,0.0,0.0,0.0,1.0,0.0,0.0,0.0,,,,0,0,0,41,,,,0.0006337062646030659,0.0006334344495941238,0.2682926829268293,0.24390243902439024,0.024390243902439025,0.0,0.07317073170731707,0.3170731707317073,0.2926829268292683,0.024390243902439025,0.0,0.07317073170731707,0.975609756097561,0.9512195121951219,0.024390243902439025,0.0,0.07317073170731707,0.325,40,0.3076923076923077,0,41,0.0,40,0.0
phi-4-mini-instruct,test,leace_faithful_r1_a1,leace_faithful,1,1.0,neutral,pooled,exploratory,70,70,70,0.3294642857142857,0.2830357142857143,0.42857142857142855,0.24285714285714285,0.32857142857142857,0.04642857142857143,0.016049107142857143,0.07857142857142857,0.14092140921409213,0.04821935742492341,0.24420531465719444,6,1,1,64,0.16666666666666666,0.0,0.5,0.00039573303810012326,0.0005231343142798264,0.7835820895522388,0.7910447761194029,-0.007462686567164179,-0.022388059701492536,0.0,0.7428571428571429,0.7357142857142858,0.007142857142857143,-0.02142857142857143,0.04285714285714286,0.9714285714285714,0.9785714285714285,-0.007142857142857143,-0.02142857142857143,0.0,0.7835820895522388,67,0.7761194029850746,9,70,0.12857142857142856,67,0.13432835820895522
phi-4-mini-instruct,test,leace_faithful_r1_a1,leace_faithful,1,1.0,neutral,bbq,exploratory,70,70,70,0.3294642857142857,0.2830357142857143,0.42857142857142855,0.24285714285714285,0.32857142857142857,0.04642857142857143,0.016049107142857143,0.07857142857142857,0.14092140921409213,0.04821935742492341,0.24420531465719444,6,1,1,64,0.16666666666666666,0.0,0.5,0.00039573303810012326,0.0005231343142798264,0.7835820895522388,0.7910447761194029,-0.007462686567164179,-0.022388059701492536,0.0,0.7428571428571429,0.7357142857142858,0.007142857142857143,-0.02142857142857143,0.04285714285714286,0.9714285714285714,0.9785714285714285,-0.007142857142857143,-0.02142857142857143,0.0,0.7835820895522388,67,0.7761194029850746,9,70,0.12857142857142856,67,0.13432835820895522
phi-4-mini-instruct,test,leace_sequential_r1_a1,leace_sequential,1,1.0,demographic,pooled,exploratory,160,160,160,0.408203125,0.40859375,0.3875,0.325,0.2875,-0.000390625,-0.028515625,0.026953125,-0.000956937799043045,-0.07232601984359448,0.06364745208508252,20,4,5,140,0.2,0.043478260869565216,0.4,0.0006875728145705127,0.0006634834045796888,0.625,0.63125,-0.00625,-0.025,0.0125,0.64375,0.63125,0.0125,0.003125,0.025,0.98125,0.978125,0.003125,0.0,0.009375,0.660377358490566,159,0.6477987421383647,32,160,0.2,155,0.2064516129032258
phi-4-mini-instruct,test,leace_sequential_r1_a1,leace_sequential,1,1.0,demographic,bbq,exploratory,70,70,70,0.45535714285714285,0.4205357142857143,0.45714285714285713,0.2571428571428571,0.2857142857142857,0.03482142857142857,-0.010714285714285714,0.07678571428571429,0.07647058823529407,-0.026743792575498804,0.15905143734367985,10,2,4,60,0.2,0.0,0.5,0.0006835968739316769,0.000669449767454788,0.75,0.7642857142857142,-0.014285714285714285,-0.04285714285714286,0.014285714285714285,0.7357142857142858,0.7214285714285714,0.014285714285714285,0.0,0.03571428571428571,0.9928571428571429,0.9928571428571429,0.0,0.0,0.0,0.75,70,0.7357142857142858,17,70,0.24285714285714285,69,0.2463768115942029
phi-4-mini-instruct,test,leace_sequential_r1_a1,leace_sequential,1,1.0,demographic,crows_pairs,exploratory,49,49,49,0.3201530612244898,0.3392857142857143,0.3469387755102041,0.3877551020408163,0.2653061224489796,-0.01913265306122449,-0.0625,0.02295918367346939,-0.05976095617529875,-0.21875335300429186,0.06818181818181823,3,0,0,46,0.0,0.0,0.0,0.0006085229572067315,0.0006230514087925196,0.7142857142857143,0.7346938775510204,-0.02040816326530612,-0.061224489795918366,0.02040816326530612,0.8061224489795918,0.7959183673469388,0.01020408163265306,0.0,0.030612244897959183,0.9693877551020408,0.9693877551020408,0.0,0.0,0.0,0.8333333333333334,48,0.8229166666666666,4,49,0.08163265306122448,47,0.0851063829787234
phi-4-mini-instruct,test,leace_sequential_r1_a1,leace_sequential,1,1.0,demographic,stereoset,exploratory,41,41,41,0.4329268292682927,0.47103658536585363,0.3170731707317073,0.36585365853658536,0.3170731707317073,-0.038109756097560975,-0.10365853658536585,0.021341463414634148,-0.0880281690140845,-0.248385761589404,0.05018288474810202,7,2,1,34,0.2857142857142857,0.0,0.6666666666666666,0.000788835225681337,0.0007016180970751605,0.3048780487804878,0.2804878048780488,0.024390243902439025,0.0,0.06097560975609756,0.2926829268292683,0.2804878048780488,0.012195121951219513,0.0,0.036585365853658534,0.975609756097561,0.9634146341463414,0.012195121951219513,0.0,0.036585365853658534,0.3048780487804878,41,0.2926829268292683,11,41,0.2682926829268293,39,0.28205128205128205
phi-4-mini-instruct,test,leace_sequential_r1_a1,leace_sequential,1,1.0,identity,pooled,exploratory,160,160,160,0.0,0.0,0.0,0.0,1.0,0.0,0.0,0.0,,,,0,0,0,160,,,,0.0006542025560071443,0.000653830984463576,0.6050955414012739,0.6305732484076433,-0.025477707006369428,-0.05732484076433121,0.006369426751592357,0.65625,0.64375,0.0125,0.0,0.03125,0.975,0.96875,0.00625,0.0,0.01875,0.6818181818181818,154,0.673202614379085,0,160,0.0,156,0.0
phi-4-mini-instruct,test,leace_sequential_r1_a1,leace_sequential,1,1.0,identity,bbq,exploratory,70,70,70,0.0,0.0,0.0,0.0,1.0,0.0,0.0,0.0,,,,0,0,0,70,,,,0.0006795573464409029,0.0006788269174810077,0.746268656716418,0.7910447761194029,-0.04477611940298507,-0.1044776119402985,0.0,0.7428571428571429,0.7285714285714285,0.014285714285714285,0.0,0.04285714285714286,0.9857142857142858,0.9857142857142858,0.0,0.0,0.0,0.7761194029850746,67,0.7611940298507462,0,70,0.0,69,0.0
phi-4-mini-instruct,test,leace_sequential_r1_a1,leace_sequential,1,1.0,identity,crows_pairs,exploratory,49,49,49,0.0,0.0,0.0,0.0,1.0,0.0,0.0,0.0,,,,0,0,0,49,,,,0.0006278513282883502,0.0006263998812421273,0.7142857142857143,0.7346938775510204,-0.02040816326530612,-0.10204081632653061,0.04081632653061224,0.8163265306122449,0.8163265306122449,0.0,0.0,0.0,0.9591836734693877,0.9591836734693877,0.0,0.0,0.0,0.851063829787234,47,0.851063829787234,0,49,0.0,47,0.0
phi-4-mini-instruct,test,leace_sequential_r1_a1,leace_sequential,1,1.0,identity,stereoset,exploratory,41,41,41,0.0,0.0,0.0,0.0,1.0,0.0,0.0,0.0,,,,0,0,0,41,,,,0.000642406820101237,0.000643938514869204,0.24390243902439024,0.24390243902439024,0.0,0.0,0.0,0.3170731707317073,0.2926829268292683,0.024390243902439025,0.0,0.07317073170731707,0.975609756097561,0.9512195121951219,0.024390243902439025,0.0,0.07317073170731707,0.325,40,0.3076923076923077,0,41,0.0,40,0.0
phi-4-mini-instruct,test,leace_sequential_r1_a1,leace_sequential,1,1.0,neutral,pooled,exploratory,70,70,70,0.3294642857142857,0.31160714285714286,0.37142857142857144,0.2857142857142857,0.34285714285714286,0.017857142857142856,-0.015178571428571428,0.05,0.054200542005420016,-0.04879936570263539,0.15262862137862124,6,3,1,64,0.5,0.0,1.0,0.000429859572346525,0.0006038040689202516,0.7910447761194029,0.7910447761194029,0.0,-0.022388059701492536,0.022388059701492536,0.7428571428571429,0.7357142857142858,0.007142857142857143,-0.02142857142857143,0.04285714285714286,0.9785714285714285,0.9785714285714285,0.0,0.0,0.0,0.7835820895522388,67,0.7761194029850746,10,70,0.14285714285714285,68,0.14705882352941177
phi-4-mini-instruct,test,leace_sequential_r1_a1,leace_sequential,1,1.0,neutral,bbq,exploratory,70,70,70,0.3294642857142857,0.31160714285714286,0.37142857142857144,0.2857142857142857,0.34285714285714286,0.017857142857142856,-0.015178571428571428,0.05,0.054200542005420016,-0.04879936570263539,0.15262862137862124,6,3,1,64,0.5,0.0,1.0,0.000429859572346525,0.0006038040689202516,0.7910447761194029,0.7910447761194029,0.0,-0.022388059701492536,0.022388059701492536,0.7428571428571429,0.7357142857142858,0.007142857142857143,-0.02142857142857143,0.04285714285714286,0.9785714285714285,0.9785714285714285,0.0,0.0,0.0,0.7835820895522388,67,0.7761194029850746,10,70,0.14285714285714285,68,0.14705882352941177
phi-4-mini-instruct,test,mean_difference_r1_a1,mean_difference,1,1.0,demographic,pooled,exploratory,160,160,160,0.408203125,0.409765625,0.4,0.4375,0.1625,-0.0015625,-0.031640625,0.02890625,-0.00382775119617218,-0.08084305696906585,0.0674523241780986,20,4,5,140,0.2,0.043478260869565216,0.4,0.003130597370574829,0.0029198647922569388,0.628125,0.63125,-0.003125,-0.028125,0.021875,0.640625,0.63125,0.009375,-0.003125,0.028125,0.978125,0.978125,0.0,0.0,0.0,0.6572327044025157,159,0.6477987421383647,33,160,0.20625,154,0.21428571428571427
phi-4-mini-instruct,test,mean_difference_r1_a1,mean_difference,1,1.0,demographic,bbq,exploratory,70,70,70,0.45535714285714285,0.45714285714285713,0.38571428571428573,0.42857142857142855,0.18571428571428572,-0.0017857142857142857,-0.039285714285714285,0.039285714285714285,-0.0039215686274509665,-0.0946057627875809,0.07993659908305026,10,0,3,60,0.0,0.0,0.0,0.003712139248026152,0.0030706394489637013,0.7428571428571429,0.7642857142857142,-0.02142857142857143,-0.05,0.0,0.7285714285714285,0.7214285714285714,0.007142857142857143,-0.014285714285714285,0.03571428571428571,0.9928571428571429,0.9928571428571429,0.0,0.0,0.0,0.7428571428571429,70,0.7357142857142858,18,70,0.2571428571428571,69,0.2608695652173913
phi-4-mini-instruct,test,mean_difference_r1_a1,mean_difference,1,1.0,demographic,crows_pairs,exploratory,49,49,49,0.3201530612244898,0.3125,0.46938775510204084,0.42857142857142855,0.10204081632653061,0.007653061224489796,-0.04846938775510204,0.06125637755102023,0.0239043824701195,-0.1641262135922331,0.1940492343477417,3,1,0,46,0.3333333333333333,0.0,1.0,0.0027181357144795784,0.0027814414062079886,0.7142857142857143,0.7346938775510204,-0.02040816326530612,-0.07142857142857142,0.030612244897959183,0.8163265306122449,0.7959183673469388,0.02040816326530612,0.0,0.061224489795918366,0.9693877551020408,0.9693877551020408,0.0,0.0,0.0,0.84375,48,0.8229166666666666,5,49,0.10204081632653061,47,0.10638297872340426
phi-4-mini-instruct,test,mean_difference_r1_a1,mean_difference,1,1.0,demographic,stereoset,exploratory,41,41,41,0.4329268292682927,0.4451219512195122,0.34146341463414637,0.4634146341463415,0.1951219512195122,-0.012195121951219513,-0.08231707317073171,0.05945121951219512,-0.028169014084507005,-0.22223346828609997,0.12027397531777688,7,3,2,34,0.42857142857142855,0.0,0.8333333333333334,0.00263066297367421,0.002827877473889262,0.32926829268292684,0.2804878048780488,0.04878048780487805,0.0,0.10975609756097561,0.2804878048780488,0.2804878048780488,0.0,0.0,0.0,0.9634146341463414,0.9634146341463414,0.0,0.0,0.0,0.2926829268292683,41,0.2926829268292683,10,41,0.24390243902439024,38,0.2631578947368421
phi-4-mini-instruct,test,mean_difference_r1_a1,mean_difference,1,1.0,identity,pooled,exploratory,160,160,160,0.0,0.0,0.0,0.0,1.0,0.0,0.0,0.0,,,,0,0,0,160,,,,0.0029676841343972754,0.002967757996028804,0.6114649681528662,0.6305732484076433,-0.01910828025477707,-0.05732484076433121,0.01910828025477707,0.65,0.64375,0.00625,-0.0125,0.025,0.96875,0.96875,0.0,0.0,0.0,0.6797385620915033,153,0.673202614379085,0,160,0.0,155,0.0
phi-4-mini-instruct,test,mean_difference_r1_a1,mean_difference,1,1.0,identity,bbq,exploratory,70,70,70,0.0,0.0,0.0,0.0,1.0,0.0,0.0,0.0,,,,0,0,0,70,,,,0.002968459991399261,0.0029667910344667887,0.746268656716418,0.7910447761194029,-0.04477611940298507,-0.1044776119402985,0.0,0.7285714285714285,0.7285714285714285,0.0,-0.04285714285714286,0.04285714285714286,0.9857142857142858,0.9857142857142858,0.0,0.0,0.0,0.7611940298507462,67,0.7611940298507462,0,70,0.0,69,0.0
phi-4-mini-instruct,test,mean_difference_r1_a1,mean_difference,1,1.0,identity,crows_pairs,exploratory,49,49,49,0.0,0.0,0.0,0.0,1.0,0.0,0.0,0.0,,,,0,0,0,49,,,,0.0028271734675674896,0.0028274445243545512,0.7142857142857143,0.7346938775510204,-0.02040816326530612,-0.10204081632653061,0.04081632653061224,0.8367346938775511,0.8163265306122449,0.02040816326530612,0.0,0.061224489795918366,0.9591836734693877,0.9591836734693877,0.0,0.0,0.0,0.8723404255319149,47,0.851063829787234,0,49,0.0,47,0.0
phi-4-mini-instruct,test,mean_difference_r1_a1,mean_difference,1,1.0,identity,stereoset,exploratory,41,41,41,0.0,0.0,0.0,0.0,1.0,0.0,0.0,0.0,,,,0,0,0,41,,,,0.003134286882800214,0.003137100616062448,0.2682926829268293,0.24390243902439024,0.024390243902439025,-0.04878048780487805,0.0975609756097561,0.2926829268292683,0.2926829268292683,0.0,0.0,0.0,0.9512195121951219,0.9512195121951219,0.0,0.0,0.0,0.3076923076923077,39,0.3076923076923077,0,41,0.0,39,0.0
phi-4-mini-instruct,test,mean_difference_r1_a1,mean_difference,1,1.0,neutral,pooled,exploratory,70,70,70,0.3294642857142857,0.30357142857142855,0.4,0.2571428571428571,0.34285714285714286,0.025892857142857145,-0.010714285714285714,0.06160714285714286,0.07859078590785906,-0.034412803300468524,0.1796275320628071,6,3,1,64,0.5,0.0,1.0,0.002674091099320405,0.002780358490481157,0.7985074626865671,0.7910447761194029,0.007462686567164179,-0.014925373134328358,0.030037313432834802,0.7428571428571429,0.7357142857142858,0.007142857142857143,-0.014285714285714285,0.03571428571428571,0.9785714285714285,0.9785714285714285,0.0,-0.02142857142857143,0.02142857142857143,0.7761194029850746,67,0.7761194029850746,11,70,0.15714285714285714,68,0.16176470588235295
phi-4-mini-instruct,test,mean_difference_r1_a1,mean_difference,1,1.0,neutral,bbq,exploratory,70,70,70,0.3294642857142857,0.30357142857142855,0.4,0.2571428571428571,0.34285714285714286,0.025892857142857145,-0.010714285714285714,0.06160714285714286,0.07859078590785906,-0.034412803300468524,0.1796275320628071,6,3,1,64,0.5,0.0,1.0,0.002674091099320405,0.002780358490481157,0.7985074626865671,0.7910447761194029,0.007462686567164179,-0.014925373134328358,0.030037313432834802,0.7428571428571429,0.7357142857142858,0.007142857142857143,-0.014285714285714285,0.03571428571428571,0.9785714285714285,0.9785714285714285,0.0,-0.02142857142857143,0.02142857142857143,0.7761194029850746,67,0.7761194029850746,11,70,0.15714285714285714,68,0.16176470588235295
phi-4-mini-instruct,test,neutral_contrast_r1_a1,neutral_contrast,1,1.0,demographic,pooled,exploratory,160,160,160,0.408203125,0.376953125,0.4,0.325,0.275,0.03125,-0.0035253906249999994,0.066015625,0.07655502392344493,-0.00926998324985731,0.15652607456955278,20,8,3,140,0.4,0.1764066496163683,0.631578947368421,0.0034081822210147604,0.0034283295345046033,0.6375,0.63125,0.00625,-0.015625,0.03125,0.6625,0.63125,0.03125,0.003125,0.0625,0.978125,0.978125,0.0,-0.009375,0.009375,0.6792452830188679,159,0.6477987421383647,34,160,0.2125,154,0.22077922077922077
phi-4-mini-instruct,test,neutral_contrast_r1_a1,neutral_contrast,1,1.0,demographic,bbq,exploratory,70,70,70,0.45535714285714285,0.40625,0.4142857142857143,0.2571428571428571,0.32857142857142857,0.049107142857142856,-0.0035937499999999984,0.10357142857142858,0.10784313725490191,-0.009489722034153408,0.21274659918035008,10,4,2,60,0.4,0.09090909090909091,0.75,0.0038415909711317572,0.003606697123085982,0.7785714285714286,0.7642857142857142,0.014285714285714285,-0.02142857142857143,0.05,0.7357142857142858,0.7214285714285714,0.014285714285714285,-0.014285714285714285,0.05,0.9928571428571429,0.9928571428571429,0.0,0.0,0.0,0.75,70,0.7357142857142858,17,70,0.24285714285714285,69,0.2463768115942029
phi-4-mini-instruct,test,neutral_contrast_r1_a1,neutral_contrast,1,1.0,demographic,crows_pairs,exploratory,49,49,49,0.3201530612244898,0.29464285714285715,0.42857142857142855,0.32653061224489793,0.24489795918367346,0.025510204081632654,-0.036989795918367346,0.08418367346938775,0.07968127490039845,-0.12612953862953868,0.2558242986013407,3,1,1,46,0.3333333333333333,0.0,1.0,0.003071695460393032,0.0032503359268572893,0.7346938775510204,0.7346938775510204,0.0,-0.05102040816326531,0.05102040816326531,0.8673469387755102,0.7959183673469388,0.07142857142857142,-0.01020408163265306,0.15306122448979592,0.9591836734693877,0.9693877551020408,-0.01020408163265306,-0.030612244897959183,0.0,0.8958333333333334,48,0.8229166666666666,6,49,0.12244897959183673,46,0.13043478260869565
phi-4-mini-instruct,test,neutral_contrast_r1_a1,neutral_contrast,1,1.0,demographic,stereoset,exploratory,41,41,41,0.4329268292682927,0.4253048780487805,0.34146341463414637,0.43902439024390244,0.21951219512195122,0.007621951219512195,-0.05796493902439025,0.07317073170731707,0.017605633802816878,-0.1563847984530715,0.1708204838639621,7,3,0,34,0.42857142857142855,0.0,0.8333333333333334,0.0030703587761921965,0.00333652357289538,0.2804878048780488,0.2804878048780488,0.0,-0.036585365853658534,0.036585365853658534,0.2926829268292683,0.2804878048780488,0.012195121951219513,0.0,0.036585365853658534,0.975609756097561,0.9634146341463414,0.012195121951219513,0.0,0.036585365853658534,0.3048780487804878,41,0.2926829268292683,11,41,0.2682926829268293,39,0.28205128205128205
phi-4-mini-instruct,test,neutral_contrast_r1_a1,neutral_contrast,1,1.0,identity,pooled,exploratory,160,160,160,0.0,0.0,0.0,0.0,1.0,0.0,0.0,0.0,,,,0,0,0,160,,,,0.003417889735703605,0.003416740763259872,0.6178343949044586,0.6305732484076433,-0.012738853503184714,-0.044585987261146494,0.01910828025477707,0.66875,0.64375,0.025,-0.01875,0.06875,0.96875,0.96875,0.0,-0.01875,0.01875,0.6993464052287581,153,0.673202614379085,0,160,0.0,155,0.0
phi-4-mini-instruct,test,neutral_contrast_r1_a1,neutral_contrast,1,1.0,identity,bbq,exploratory,70,70,70,0.0,0.0,0.0,0.0,1.0,0.0,0.0,0.0,,,,0,0,0,70,,,,0.0035177511643353326,0.003516125622266726,0.7761194029850746,0.7910447761194029,-0.014925373134328358,-0.05970149253731343,0.029850746268656716,0.7428571428571429,0.7285714285714285,0.014285714285714285,-0.04285714285714286,0.07142857142857142,0.9857142857142858,0.9857142857142858,0.0,0.0,0.0,0.7761194029850746,67,0.7611940298507462,0,70,0.0,69,0.0
phi-4-mini-instruct,test,neutral_contrast_r1_a1,neutral_contrast,1,1.0,identity,crows_pairs,exploratory,49,49,49,0.0,0.0,0.0,0.0,1.0,0.0,0.0,0.0,,,,0,0,0,49,,,,0.0032801589273297824,0.0032805714640212666,0.7346938775510204,0.7346938775510204,0.0,-0.061224489795918366,0.061224489795918366,0.8571428571428571,0.8163265306122449,0.04081632653061224,-0.061224489795918366,0.14285714285714285,0.9387755102040817,0.9591836734693877,-0.02040816326530612,-0.061224489795918366,0.0,0.9130434782608695,46,0.851063829787234,0,49,0.0,46,0.0
phi-4-mini-instruct,test,neutral_contrast_r1_a1,neutral_contrast,1,1.0,identity,stereoset,exploratory,41,41,41,0.0,0.0,0.0,0.0,1.0,0.0,0.0,0.0,,,,0,0,0,41,,,,0.003411999726096201,0.0034097982152650414,0.21951219512195122,0.24390243902439024,-0.024390243902439025,-0.07317073170731707,0.0,0.3170731707317073,0.2926829268292683,0.024390243902439025,0.0,0.07317073170731707,0.975609756097561,0.9512195121951219,0.024390243902439025,0.0,0.07317073170731707,0.325,40,0.3076923076923077,0,41,0.0,40,0.0
phi-4-mini-instruct,test,neutral_contrast_r1_a1,neutral_contrast,1,1.0,neutral,pooled,exploratory,70,70,70,0.3294642857142857,0.23214285714285715,0.5142857142857142,0.34285714285714286,0.14285714285714285,0.09732142857142857,0.025,0.17859374999999988,0.29539295392953935,0.08823011599005802,0.4527856457581433,6,5,1,64,0.8333333333333334,0.5,1.0,0.012374180961825633,0.0073855578827669065,0.7910447761194029,0.7910447761194029,0.0,-0.029850746268656716,0.029850746268656716,0.7571428571428571,0.7357142857142858,0.02142857142857143,-0.014285714285714285,0.06428571428571428,0.9785714285714285,0.9785714285714285,0.0,0.0,0.0,0.7985074626865671,67,0.7761194029850746,10,70,0.14285714285714285,68,0.14705882352941177
phi-4-mini-instruct,test,neutral_contrast_r1_a1,neutral_contrast,1,1.0,neutral,bbq,exploratory,70,70,70,0.3294642857142857,0.23214285714285715,0.5142857142857142,0.34285714285714286,0.14285714285714285,0.09732142857142857,0.025,0.17859374999999988,0.29539295392953935,0.08823011599005802,0.4527856457581433,6,5,1,64,0.8333333333333334,0.5,1.0,0.012374180961825633,0.0073855578827669065,0.7910447761194029,0.7910447761194029,0.0,-0.029850746268656716,0.029850746268656716,0.7571428571428571,0.7357142857142858,0.02142857142857143,-0.014285714285714285,0.06428571428571428,0.9785714285714285,0.9785714285714285,0.0,0.0,0.0,0.7985074626865671,67,0.7761194029850746,10,70,0.14285714285714285,68,0.14705882352941177
phi-4-mini-instruct,test,neutral_contrast_r2_a1,neutral_contrast,2,1.0,demographic,pooled,exploratory,160,160,160,0.408203125,0.27578125,0.54375,0.28125,0.175,0.132421875,0.080068359375,0.1863476562499999,0.32440191387559814,0.21420835307655864,0.41635025797373354,20,13,6,140,0.65,0.4209429824561403,0.8571428571428571,0.02139383972654956,0.019955143353870487,0.715625,0.63125,0.084375,0.0375,0.134375,0.678125,0.63125,0.046875,0.009375,0.084375,0.98125,0.978125,0.003125,-0.015625,0.021875,0.6930379746835443,158,0.6477987421383647,22,160,0.1375,156,0.14102564102564102
phi-4-mini-instruct,test,neutral_contrast_r2_a1,neutral_contrast,2,1.0,demographic,bbq,exploratory,70,70,70,0.45535714285714285,0.2517857142857143,0.6142857142857143,0.2,0.18571428571428572,0.20357142857142857,0.11337053571428571,0.2883928571428571,0.44705882352941173,0.27167451652037394,0.5816469624600322,10,7,2,60,0.7,0.4,1.0,0.024388495178531644,0.020902250342658368,0.7428571428571429,0.7642857142857142,-0.02142857142857143,-0.07857142857142857,0.02857142857142857,0.7285714285714285,0.7214285714285714,0.007142857142857143,-0.02142857142857143,0.04285714285714286,0.9857142857142858,0.9928571428571429,-0.007142857142857143,-0.02142857142857143,0.0,0.7428571428571429,70,0.7357142857142858,15,70,0.21428571428571427,68,0.22058823529411764
phi-4-mini-instruct,test,neutral_contrast_r2_a1,neutral_contrast,2,1.0,demographic,crows_pairs,exploratory,49,49,49,0.3201530612244898,0.2614795918367347,0.4897959183673469,0.3469387755102041,0.16326530612244897,0.058673469387755105,-0.01403061224489796,0.1326530612244898,0.18326693227091628,-0.052647756686798906,0.3620049214905085,3,2,2,46,0.6666666666666666,0.0,1.0,0.01954900771930173,0.019958801941879958,1.0,0.7346938775510204,0.2653061224489796,0.16326530612244897,0.37755102040816324,0.9489795918367347,0.7959183673469388,0.15306122448979592,0.07142857142857142,0.25510204081632654,0.9591836734693877,0.9693877551020408,-0.01020408163265306,-0.061224489795918366,0.030612244897959183,0.9893617021276596,47,0.8229166666666666,1,49,0.02040816326530612,47,0.02127659574468085
phi-4-mini-instruct,test,neutral_contrast_r2_a1,neutral_contrast,2,1.0,demographic,stereoset,exploratory,41,41,41,0.4329268292682927,0.33384146341463417,0.4878048780487805,0.34146341463414637,0.17073170731707318,0.09908536585365854,-0.016806402439024388,0.2301829268292683,0.22887323943661975,-0.0550380434782608,0.4124684130727759,7,4,2,34,0.5714285714285714,0.1660714285714286,1.0,0.018485812573290957,0.01833375896295302,0.32926829268292684,0.2804878048780488,0.04878048780487805,-0.036585365853658534,0.14634146341463414,0.2682926829268293,0.2804878048780488,-0.012195121951219513,-0.0975609756097561,0.07317073170731707,1.0,0.9634146341463414,0.036585365853658534,0.0,0.07317073170731707,0.2682926829268293,41,0.2926829268292683,6,41,0.14634146341463414,41,0.14634146341463414
phi-4-mini-instruct,test,neutral_contrast_r2_a1,neutral_contrast,2,1.0,identity,pooled,exploratory,160,160,160,0.0,0.0,0.0,0.0,1.0,0.0,0.0,0.0,,,,0,0,0,160,,,,0.019701953767189744,0.01972791750220935,0.7070063694267515,0.6305732484076433,0.07643312101910828,0.012738853503184714,0.1464968152866242,0.7,0.64375,0.05625,0.0125,0.10015624999999916,0.975,0.96875,0.00625,-0.01875,0.0375,0.7225806451612903,155,0.673202614379085,0,160,0.0,156,0.0
phi-4-mini-instruct,test,neutral_contrast_r2_a1,neutral_contrast,2,1.0,identity,bbq,exploratory,70,70,70,0.0,0.0,0.0,0.0,1.0,0.0,0.0,0.0,,,,0,0,0,70,,,,0.020631590365740828,0.02064646798000621,0.7313432835820896,0.7910447761194029,-0.05970149253731343,-0.14925373134328357,0.029850746268656716,0.7428571428571429,0.7285714285714285,0.014285714285714285,-0.02857142857142857,0.05714285714285714,0.9714285714285714,0.9857142857142858,-0.014285714285714285,-0.04285714285714286,0.0,0.7761194029850746,67,0.7611940298507462,0,70,0.0,68,0.0
phi-4-mini-instruct,test,neutral_contrast_r2_a1,neutral_contrast,2,1.0,identity,crows_pairs,exploratory,49,49,49,0.0,0.0,0.0,0.0,1.0,0.0,0.0,0.0,,,,0,0,0,49,,,,0.01998110365317391,0.02002117856389216,1.0,0.7346938775510204,0.2653061224489796,0.14285714285714285,0.3877551020408163,0.9591836734693877,0.8163265306122449,0.14285714285714285,0.061224489795918366,0.24489795918367346,0.9591836734693877,0.9591836734693877,0.0,-0.061224489795918366,0.061224489795918366,1.0,47,0.851063829787234,0,49,0.0,47,0.0
phi-4-mini-instruct,test,neutral_contrast_r2_a1,neutral_contrast,2,1.0,identity,stereoset,exploratory,41,41,41,0.0,0.0,0.0,0.0,1.0,0.0,0.0,0.0,,,,0,0,0,41,,,,0.01778115117421901,0.017809177856642582,0.3170731707317073,0.24390243902439024,0.07317073170731707,-0.024390243902439025,0.17134146341463083,0.3170731707317073,0.2926829268292683,0.024390243902439025,-0.07317073170731707,0.12195121951219512,1.0,0.9512195121951219,0.04878048780487805,0.0,0.12195121951219512,0.3170731707317073,41,0.3076923076923077,0,41,0.0,41,0.0
phi-4-mini-instruct,test,neutral_contrast_r2_a1,neutral_contrast,2,1.0,neutral,pooled,exploratory,70,70,70,0.3294642857142857,0.26339285714285715,0.4714285714285714,0.32857142857142857,0.2,0.06607142857142857,-0.013392857142857142,0.15267857142857144,0.20054200542005418,-0.04577450980392162,0.40549006254076647,6,4,2,64,0.6666666666666666,0.19916666666666671,1.0,0.03103456626953112,0.02447440039689292,0.753731343283582,0.7910447761194029,-0.03731343283582089,-0.08955223880597014,0.007462686567164179,0.7357142857142858,0.7357142857142858,0.0,-0.02142857142857143,0.02142857142857143,0.9714285714285714,0.9785714285714285,-0.007142857142857143,-0.04285714285714286,0.02142857142857143,0.7686567164179104,67,0.7761194029850746,8,70,0.11428571428571428,68,0.11764705882352941
phi-4-mini-instruct,test,neutral_contrast_r2_a1,neutral_contrast,2,1.0,neutral,bbq,exploratory,70,70,70,0.3294642857142857,0.26339285714285715,0.4714285714285714,0.32857142857142857,0.2,0.06607142857142857,-0.013392857142857142,0.15267857142857144,0.20054200542005418,-0.04577450980392162,0.40549006254076647,6,4,2,64,0.6666666666666666,0.19916666666666671,1.0,0.03103456626953112,0.02447440039689292,0.753731343283582,0.7910447761194029,-0.03731343283582089,-0.08955223880597014,0.007462686567164179,0.7357142857142858,0.7357142857142858,0.0,-0.02142857142857143,0.02142857142857143,0.9714285714285714,0.9785714285714285,-0.007142857142857143,-0.04285714285714286,0.02142857142857143,0.7686567164179104,67,0.7761194029850746,8,70,0.11428571428571428,68,0.11764705882352941
phi-4-mini-instruct,test,neutral_contrast_r4_a1,neutral_contrast,4,1.0,demographic,pooled,exploratory,160,160,160,0.408203125,0.250390625,0.6125,0.2375,0.15,0.1578125,0.099189453125,0.215625,0.38660287081339717,0.26359528057864107,0.48379803869978755,20,16,3,140,0.8,0.6084782608695652,0.9545454545454546,0.02993830216585407,0.028300366051970515,0.690625,0.63125,0.059375,0.009375,0.109375,0.66875,0.63125,0.0375,-0.003125,0.078125,0.98125,0.978125,0.003125,-0.01875,0.021875,0.689873417721519,158,0.6477987421383647,13,160,0.08125,156,0.08333333333333333
phi-4-mini-instruct,test,neutral_contrast_r4_a1,neutral_contrast,4,1.0,demographic,bbq,exploratory,70,70,70,0.45535714285714285,0.23392857142857143,0.7,0.15714285714285714,0.14285714285714285,0.22142857142857142,0.11785714285714285,0.3134151785714284,0.4862745098039216,0.2869193932347894,0.630355770898907,10,8,2,60,0.8,0.5,1.0,0.03329712819331237,0.029746875643603912,0.7285714285714285,0.7642857142857142,-0.03571428571428571,-0.10714285714285714,0.03571428571428571,0.7357142857142858,0.7214285714285714,0.014285714285714285,-0.02857142857142857,0.06428571428571428,1.0,0.9928571428571429,0.007142857142857143,0.0,0.02142857142857143,0.75,70,0.7357142857142858,10,70,0.14285714285714285,70,0.14285714285714285
phi-4-mini-instruct,test,neutral_contrast_r4_a1,neutral_contrast,4,1.0,demographic,crows_pairs,exploratory,49,49,49,0.3201530612244898,0.22576530612244897,0.5510204081632653,0.30612244897959184,0.14285714285714285,0.09438775510204081,0.02295918367346939,0.16581632653061223,0.29482071713147406,0.08667660968749036,0.46099776547167975,3,2,0,46,0.6666666666666666,0.0,1.0,0.02663920528393942,0.02687569975721293,0.9693877551020408,0.7346938775510204,0.23469387755102042,0.12244897959183673,0.3469387755102041,0.9285714285714286,0.7959183673469388,0.1326530612244898,0.04081632653061224,0.23469387755102042,0.9387755102040817,0.9693877551020408,-0.030612244897959183,-0.09183673469387756,0.02040816326530612,0.9893617021276596,47,0.8229166666666666,1,49,0.02040816326530612,45,0.022222222222222223
phi-4-mini-instruct,test,neutral_contrast_r4_a1,neutral_contrast,4,1.0,demographic,stereoset,exploratory,41,41,41,0.4329268292682927,0.3079268292682927,0.5365853658536586,0.2926829268292683,0.17073170731707318,0.125,0.003048780487804878,0.2621951219512195,0.28873239436619713,0.008600484913793068,0.47041493280578484,7,6,1,34,0.8571428571428571,0.5553030303030303,1.0,0.028146544246140326,0.027533365491696965,0.2926829268292683,0.2804878048780488,0.012195121951219513,-0.04878048780487805,0.07317073170731707,0.24390243902439024,0.2804878048780488,-0.036585365853658534,-0.12195121951219512,0.04878048780487805,1.0,0.9634146341463414,0.036585365853658534,0.0,0.07317073170731707,0.24390243902439024,41,0.2926829268292683,2,41,0.04878048780487805,41,0.04878048780487805
phi-4-mini-instruct,test,neutral_contrast_r4_a1,neutral_contrast,4,1.0,identity,pooled,exploratory,160,160,160,0.0,0.0,0.0,0.0,1.0,0.0,0.0,0.0,,,,0,0,0,160,,,,0.028059672828185833,0.0280941645234953,0.7006369426751592,0.6305732484076433,0.07006369426751592,0.006369426751592357,0.1337579617834395,0.68125,0.64375,0.0375,-0.0125,0.0875,0.9875,0.96875,0.01875,-0.00625,0.05,0.7032258064516129,155,0.673202614379085,0,160,0.0,158,0.0
phi-4-mini-instruct,test,neutral_contrast_r4_a1,neutral_contrast,4,1.0,identity,bbq,exploratory,70,70,70,0.0,0.0,0.0,0.0,1.0,0.0,0.0,0.0,,,,0,0,0,70,,,,0.029945038333736258,0.029978175651863927,0.7761194029850746,0.7910447761194029,-0.014925373134328358,-0.1044776119402985,0.07462686567164178,0.7285714285714285,0.7285714285714285,0.0,-0.07142857142857142,0.07142857142857142,1.0,0.9857142857142858,0.014285714285714285,0.0,0.04285714285714286,0.7611940298507462,67,0.7611940298507462,0,70,0.0,70,0.0
phi-4-mini-instruct,test,neutral_contrast_r4_a1,neutral_contrast,4,1.0,identity,crows_pairs,exploratory,49,49,49,0.0,0.0,0.0,0.0,1.0,0.0,0.0,0.0,,,,0,0,0,49,,,,0.026833060688586333,0.026870028103830768,0.9591836734693877,0.7346938775510204,0.22448979591836735,0.08163265306122448,0.3673469387755102,0.9591836734693877,0.8163265306122449,0.14285714285714285,0.061224489795918366,0.24489795918367346,0.9591836734693877,0.9591836734693877,0.0,-0.061224489795918366,0.061224489795918366,1.0,47,0.851063829787234,0,49,0.0,47,0.0
phi-4-mini-instruct,test,neutral_contrast_r4_a1,neutral_contrast,4,1.0,identity,stereoset,exploratory,41,41,41,0.0,0.0,0.0,0.0,1.0,0.0,0.0,0.0,,,,0,0,0,41,,,,0.026306707205060138,0.026340552464416214,0.2682926829268293,0.24390243902439024,0.024390243902439025,-0.04878048780487805,0.0975609756097561,0.2682926829268293,0.2926829268292683,-0.024390243902439025,-0.12195121951219512,0.04878048780487805,1.0,0.9512195121951219,0.04878048780487805,0.0,0.12195121951219512,0.2682926829268293,41,0.3076923076923077,0,41,0.0,41,0.0
phi-4-mini-instruct,test,neutral_contrast_r4_a1,neutral_contrast,4,1.0,neutral,pooled,exploratory,70,70,70,0.3294642857142857,0.18303571428571427,0.5142857142857142,0.2857142857142857,0.2,0.14642857142857144,0.05625,0.24645089285714275,0.4444444444444444,0.2121955447690041,0.6057828947368421,6,5,1,64,0.8333333333333334,0.5,1.0,0.03931797654721624,0.033005090544596626,0.7835820895522388,0.7910447761194029,-0.007462686567164179,-0.05223880597014925,0.03731343283582089,0.7357142857142858,0.7357142857142858,0.0,-0.03571428571428571,0.03571428571428571,0.9928571428571429,0.9785714285714285,0.014285714285714285,-0.014285714285714285,0.05,0.7686567164179104,67,0.7761194029850746,6,70,0.08571428571428572,69,0.08695652173913043
phi-4-mini-instruct,test,neutral_contrast_r4_a1,neutral_contrast,4,1.0,neutral,bbq,exploratory,70,70,70,0.3294642857142857,0.18303571428571427,0.5142857142857142,0.2857142857142857,0.2,0.14642857142857144,0.05625,0.24645089285714275,0.4444444444444444,0.2121955447690041,0.6057828947368421,6,5,1,64,0.8333333333333334,0.5,1.0,0.03931797654721624,0.033005090544596626,0.7835820895522388,0.7910447761194029,-0.007462686567164179,-0.05223880597014925,0.03731343283582089,0.7357142857142858,0.7357142857142858,0.0,-0.03571428571428571,0.03571428571428571,0.9928571428571429,0.9785714285714285,0.014285714285714285,-0.014285714285714285,0.05,0.7686567164179104,67,0.7761194029850746,6,70,0.08571428571428572,69,0.08695652173913043
phi-4-mini-instruct,test,random_ortho_1_r1_a1,random_ortho_1,1,1.0,demographic,pooled,confirmatory-input,160,160,160,0.408203125,0.409765625,0.39375,0.3375,0.26875,-0.0015625,-0.03125,0.025009765624999947,-0.00382775119617218,-0.08020456355980432,0.060297624614233526,20,5,4,140,0.25,0.058823529411764705,0.45168621700879724,0.0004387470623805758,0.0004381593571442828,0.628125,0.63125,-0.003125,-0.021875,0.015625,0.628125,0.63125,-0.003125,-0.015625,0.0125,0.975,0.978125,-0.003125,-0.009375,0.0,0.6477987421383647,159,0.6477987421383647,34,160,0.2125,153,0.2222222222222222
phi-4-mini-instruct,test,random_ortho_1_r1_a1,random_ortho_1,1,1.0,demographic,bbq,exploratory,70,70,70,0.45535714285714285,0.43660714285714286,0.42857142857142855,0.2857142857142857,0.2857142857142857,0.01875,-0.02142857142857143,0.060714285714285714,0.04117647058823526,-0.049056603773584895,0.12950088806760074,10,2,3,60,0.2,0.0,0.5,0.0004404492192074264,0.0004410570403219957,0.75,0.7642857142857142,-0.014285714285714285,-0.03571428571428571,0.0,0.7285714285714285,0.7214285714285714,0.007142857142857143,0.0,0.02142857142857143,0.9928571428571429,0.9928571428571429,0.0,0.0,0.0,0.7428571428571429,70,0.7357142857142858,18,70,0.2571428571428571,69,0.2608695652173913
phi-4-mini-instruct,test,random_ortho_1_r1_a1,random_ortho_1,1,1.0,demographic,crows_pairs,exploratory,49,49,49,0.3201530612244898,0.34566326530612246,0.32653061224489793,0.3877551020408163,0.2857142857142857,-0.025510204081632654,-0.07270408163265306,0.02040816326530612,-0.07968127490039834,-0.2582198935238223,0.06204614394705379,3,0,1,46,0.0,0.0,0.0,0.00043057586960946104,0.0004307067239757911,0.7244897959183674,0.7346938775510204,-0.01020408163265306,-0.05102040816326531,0.02040816326530612,0.7857142857142857,0.7959183673469388,-0.01020408163265306,-0.04081632653061224,0.02040816326530612,0.9693877551020408,0.9693877551020408,0.0,0.0,0.0,0.8125,48,0.8229166666666666,6,49,0.12244897959183673,47,0.1276595744680851
phi-4-mini-instruct,test,random_ortho_1_r1_a1,random_ortho_1,1,1.0,demographic,stereoset,exploratory,41,41,41,0.4329268292682927,0.4405487804878049,0.4146341463414634,0.36585365853658536,0.21951219512195122,-0.007621951219512195,-0.07317073170731707,0.054878048780487805,-0.01760563380281699,-0.1957942757155356,0.12177483105954331,7,3,0,34,0.42857142857142855,0.0,0.8333333333333334,0.0004456065128172848,0.0004421188986763849,0.3048780487804878,0.2804878048780488,0.024390243902439025,-0.024390243902439025,0.07317073170731707,0.2682926829268293,0.2804878048780488,-0.012195121951219513,-0.036585365853658534,0.0,0.9512195121951219,0.9634146341463414,-0.012195121951219513,-0.036585365853658534,0.0,0.2926829268292683,41,0.2926829268292683,10,41,0.24390243902439024,37,0.2702702702702703
phi-4-mini-instruct,test,random_ortho_1_r1_a1,random_ortho_1,1,1.0,identity,pooled,exploratory,160,160,160,0.0,0.0,0.0,0.0,1.0,0.0,0.0,0.0,,,,0,0,0,160,,,,0.00044680965363698975,0.00044654516611504085,0.6242038216560509,0.6305732484076433,-0.006369426751592357,-0.03184713375796178,0.025477707006369428,0.63125,0.64375,-0.0125,-0.0375,0.0125,0.9625,0.96875,-0.00625,-0.01875,0.0,0.6644736842105263,152,0.673202614379085,0,160,0.0,154,0.0
phi-4-mini-instruct,test,random_ortho_1_r1_a1,random_ortho_1,1,1.0,identity,bbq,exploratory,70,70,70,0.0,0.0,0.0,0.0,1.0,0.0,0.0,0.0,,,,0,0,0,70,,,,0.0004563923210511909,0.00045609446867565426,0.7611940298507462,0.7910447761194029,-0.029850746268656716,-0.07462686567164178,0.0,0.7428571428571429,0.7285714285714285,0.014285714285714285,0.0,0.04285714285714286,0.9857142857142858,0.9857142857142858,0.0,0.0,0.0,0.7761194029850746,67,0.7611940298507462,0,70,0.0,69,0.0
phi-4-mini-instruct,test,random_ortho_1_r1_a1,random_ortho_1,1,1.0,identity,crows_pairs,exploratory,49,49,49,0.0,0.0,0.0,0.0,1.0,0.0,0.0,0.0,,,,0,0,0,49,,,,0.0004377349521595448,0.00043744918811340145,0.7346938775510204,0.7346938775510204,0.0,-0.061224489795918366,0.061224489795918366,0.7755102040816326,0.8163265306122449,-0.04081632653061224,-0.10204081632653061,0.0,0.9591836734693877,0.9591836734693877,0.0,0.0,0.0,0.8085106382978723,47,0.851063829787234,0,49,0.0,47,0.0
phi-4-mini-instruct,test,random_ortho_1_r1_a1,random_ortho_1,1,1.0,identity,stereoset,exploratory,41,41,41,0.0,0.0,0.0,0.0,1.0,0.0,0.0,0.0,,,,0,0,0,41,,,,0.0004412943768906659,0.0004411122817940013,0.2682926829268293,0.24390243902439024,0.024390243902439025,0.0,0.07317073170731707,0.2682926829268293,0.2926829268292683,-0.024390243902439025,-0.07317073170731707,0.0,0.926829268292683,0.9512195121951219,-0.024390243902439025,-0.07317073170731707,0.0,0.2894736842105263,38,0.3076923076923077,0,41,0.0,38,0.0
phi-4-mini-instruct,test,random_ortho_1_r1_a1,random_ortho_1,1,1.0,neutral,pooled,exploratory,70,70,70,0.3294642857142857,0.32321428571428573,0.32857142857142857,0.32857142857142857,0.34285714285714286,0.00625,-0.02857142857142857,0.044642857142857144,0.01897018970189701,-0.09177443602777505,0.137850105148376,6,1,2,64,0.16666666666666666,0.0,0.5,0.00047977678870112227,0.0004638290912773598,0.7910447761194029,0.7910447761194029,0.0,0.0,0.0,0.7357142857142858,0.7357142857142858,0.0,-0.02142857142857143,0.02142857142857143,0.9714285714285714,0.9785714285714285,-0.007142857142857143,-0.02142857142857143,0.0,0.7761194029850746,67,0.7761194029850746,10,70,0.14285714285714285,67,0.14925373134328357
phi-4-mini-instruct,test,random_ortho_1_r1_a1,random_ortho_1,1,1.0,neutral,bbq,exploratory,70,70,70,0.3294642857142857,0.32321428571428573,0.32857142857142857,0.32857142857142857,0.34285714285714286,0.00625,-0.02857142857142857,0.044642857142857144,0.01897018970189701,-0.09177443602777505,0.137850105148376,6,1,2,64,0.16666666666666666,0.0,0.5,0.00047977678870112227,0.0004638290912773598,0.7910447761194029,0.7910447761194029,0.0,0.0,0.0,0.7357142857142858,0.7357142857142858,0.0,-0.02142857142857143,0.02142857142857143,0.9714285714285714,0.9785714285714285,-0.007142857142857143,-0.02142857142857143,0.0,0.7761194029850746,67,0.7761194029850746,10,70,0.14285714285714285,67,0.14925373134328357
phi-4-mini-instruct,test,random_ortho_1_r2_a1,random_ortho_1,2,1.0,demographic,pooled,exploratory,160,160,160,0.408203125,0.40859375,0.38125,0.3625,0.25625,-0.000390625,-0.03046875,0.028525390624999945,-0.000956937799043045,-0.07785891998397007,0.06424466063910027,20,5,2,140,0.25,0.05555555555555555,0.45,0.0007733824643765982,0.0007599648946560189,0.634375,0.63125,0.003125,-0.0125,0.021875,0.628125,0.63125,-0.003125,-0.01875,0.0125,0.975,0.978125,-0.003125,-0.009375,0.0,0.6477987421383647,159,0.6477987421383647,32,160,0.2,153,0.20915032679738563
phi-4-mini-instruct,test,random_ortho_1_r2_a1,random_ortho_1,2,1.0,demographic,bbq,exploratory,70,70,70,0.45535714285714285,0.44375,0.4142857142857143,0.32857142857142857,0.2571428571428571,0.011607142857142858,-0.03125,0.054464285714285715,0.025490196078431393,-0.07467965925766848,0.1138796571185393,10,2,1,60,0.2,0.0,0.5,0.0007831620865831045,0.0007648764628445337,0.7571428571428571,0.7642857142857142,-0.007142857142857143,-0.02142857142857143,0.0,0.7285714285714285,0.7214285714285714,0.007142857142857143,-0.014285714285714285,0.03571428571428571,0.9928571428571429,0.9928571428571429,0.0,0.0,0.0,0.7428571428571429,70,0.7357142857142858,18,70,0.2571428571428571,69,0.2608695652173913
phi-4-mini-instruct,test,random_ortho_1_r2_a1,random_ortho_1,2,1.0,demographic,crows_pairs,exploratory,49,49,49,0.3201530612244898,0.3252551020408163,0.3673469387755102,0.3673469387755102,0.2653061224489796,-0.00510204081632653,-0.0625,0.04846938775510204,-0.015936254980079667,-0.2197857142857144,0.14450774735924563,3,1,1,46,0.3333333333333333,0.0,1.0,0.0007552096336654447,0.0007511509619200617,0.7346938775510204,0.7346938775510204,0.0,-0.04081632653061224,0.04081632653061224,0.7857142857142857,0.7959183673469388,-0.01020408163265306,-0.05102040816326531,0.02040816326530612,0.9693877551020408,0.9693877551020408,0.0,0.0,0.0,0.8125,48,0.8229166666666666,4,49,0.08163265306122448,47,0.0851063829787234
phi-4-mini-instruct,test,random_ortho_1_r2_a1,random_ortho_1,2,1.0,demographic,stereoset,exploratory,41,41,41,0.4329268292682927,0.4481707317073171,0.34146341463414637,0.4146341463414634,0.24390243902439024,-0.01524390243902439,-0.0701219512195122,0.036585365853658534,-0.035211267605633756,-0.1948596664275466,0.07991225797047452,7,2,0,34,0.2857142857142857,0.0,0.6666666666666666,0.0007784042973129662,0.0007621130149210396,0.3048780487804878,0.2804878048780488,0.024390243902439025,0.0,0.06097560975609756,0.2682926829268293,0.2804878048780488,-0.012195121951219513,-0.036585365853658534,0.0,0.9512195121951219,0.9634146341463414,-0.012195121951219513,-0.036585365853658534,0.0,0.2926829268292683,41,0.2926829268292683,10,41,0.24390243902439024,37,0.2702702702702703
phi-4-mini-instruct,test,random_ortho_1_r2_a1,random_ortho_1,2,1.0,identity,pooled,exploratory,160,160,160,0.0,0.0,0.0,0.0,1.0,0.0,0.0,0.0,,,,0,0,0,160,,,,0.0007639688006388544,0.0007638561829777178,0.6242038216560509,0.6305732484076433,-0.006369426751592357,-0.03184713375796178,0.01910828025477707,0.625,0.64375,-0.01875,-0.05,0.00625,0.9625,0.96875,-0.00625,-0.01875,0.0,0.6578947368421053,152,0.673202614379085,0,160,0.0,154,0.0
phi-4-mini-instruct,test,random_ortho_1_r2_a1,random_ortho_1,2,1.0,identity,bbq,exploratory,70,70,70,0.0,0.0,0.0,0.0,1.0,0.0,0.0,0.0,,,,0,0,0,70,,,,0.0007839318443563328,0.0007838143761485072,0.7611940298507462,0.7910447761194029,-0.029850746268656716,-0.07462686567164178,0.0,0.7285714285714285,0.7285714285714285,0.0,-0.04285714285714286,0.04285714285714286,0.9857142857142858,0.9857142857142858,0.0,0.0,0.0,0.7611940298507462,67,0.7611940298507462,0,70,0.0,69,0.0
phi-4-mini-instruct,test,random_ortho_1_r2_a1,random_ortho_1,2,1.0,identity,crows_pairs,exploratory,49,49,49,0.0,0.0,0.0,0.0,1.0,0.0,0.0,0.0,,,,0,0,0,49,,,,0.0007490796463566698,0.0007491852967182421,0.7346938775510204,0.7346938775510204,0.0,-0.061224489795918366,0.061224489795918366,0.7755102040816326,0.8163265306122449,-0.04081632653061224,-0.10204081632653061,0.0,0.9591836734693877,0.9591836734693877,0.0,0.0,0.0,0.8085106382978723,47,0.851063829787234,0,49,0.0,47,0.0
phi-4-mini-instruct,test,random_ortho_1_r2_a1,random_ortho_1,2,1.0,identity,stereoset,exploratory,41,41,41,0.0,0.0,0.0,0.0,1.0,0.0,0.0,0.0,,,,0,0,0,41,,,,0.0007476799103852831,0.0007473147172401334,0.2682926829268293,0.24390243902439024,0.024390243902439025,0.0,0.07317073170731707,0.2682926829268293,0.2926829268292683,-0.024390243902439025,-0.07317073170731707,0.0,0.926829268292683,0.9512195121951219,-0.024390243902439025,-0.07317073170731707,0.0,0.2894736842105263,38,0.3076923076923077,0,41,0.0,38,0.0
phi-4-mini-instruct,test,random_ortho_1_r2_a1,random_ortho_1,2,1.0,neutral,pooled,exploratory,70,70,70,0.3294642857142857,0.34375,0.2571428571428571,0.2857142857142857,0.45714285714285713,-0.014285714285714285,-0.048214285714285716,0.02142857142857143,-0.04336043360433606,-0.15223472065991753,0.0661849028602266,6,0,2,64,0.0,0.0,0.0,0.0008475441450329872,0.000803812984945662,0.7835820895522388,0.7910447761194029,-0.007462686567164179,-0.022388059701492536,0.0,0.7357142857142858,0.7357142857142858,0.0,-0.02142857142857143,0.02142857142857143,0.9714285714285714,0.9785714285714285,-0.007142857142857143,-0.02142857142857143,0.0,0.7761194029850746,67,0.7761194029850746,10,70,0.14285714285714285,67,0.14925373134328357
phi-4-mini-instruct,test,random_ortho_1_r2_a1,random_ortho_1,2,1.0,neutral,bbq,exploratory,70,70,70,0.3294642857142857,0.34375,0.2571428571428571,0.2857142857142857,0.45714285714285713,-0.014285714285714285,-0.048214285714285716,0.02142857142857143,-0.04336043360433606,-0.15223472065991753,0.0661849028602266,6,0,2,64,0.0,0.0,0.0,0.0008475441450329872,0.000803812984945662,0.7835820895522388,0.7910447761194029,-0.007462686567164179,-0.022388059701492536,0.0,0.7357142857142858,0.7357142857142858,0.0,-0.02142857142857143,0.02142857142857143,0.9714285714285714,0.9785714285714285,-0.007142857142857143,-0.02142857142857143,0.0,0.7761194029850746,67,0.7761194029850746,10,70,0.14285714285714285,67,0.14925373134328357
phi-4-mini-instruct,test,random_ortho_1_r4_a1,random_ortho_1,4,1.0,demographic,pooled,exploratory,160,160,160,0.408203125,0.392578125,0.4,0.35,0.25,0.015625,-0.012890625,0.04494140624999989,0.038277511961722466,-0.03280912698412701,0.10697378564784127,20,4,1,140,0.2,0.045454545454545456,0.4,0.001384030608086072,0.0013616529458344861,0.61875,0.63125,-0.0125,-0.0375,0.009375,0.63125,0.63125,0.0,-0.015625,0.015625,0.975,0.978125,-0.003125,-0.009375,0.0,0.6509433962264151,159,0.6477987421383647,31,160,0.19375,153,0.20261437908496732
phi-4-mini-instruct,test,random_ortho_1_r4_a1,random_ortho_1,4,1.0,demographic,bbq,exploratory,70,70,70,0.45535714285714285,0.43660714285714286,0.4,0.34285714285714286,0.2571428571428571,0.01875,-0.018772321428571426,0.05803571428571429,0.04117647058823526,-0.04332511064354648,0.12433860408457695,10,1,1,60,0.1,0.0,0.3333333333333333,0.0013735724492424444,0.0013462284053009374,0.7357142857142858,0.7642857142857142,-0.02857142857142857,-0.05714285714285714,-0.007142857142857143,0.7357142857142858,0.7214285714285714,0.014285714285714285,0.0,0.03571428571428571,0.9928571428571429,0.9928571428571429,0.0,0.0,0.0,0.75,70,0.7357142857142858,17,70,0.24285714285714285,69,0.2463768115942029
phi-4-mini-instruct,test,random_ortho_1_r4_a1,random_ortho_1,4,1.0,demographic,crows_pairs,exploratory,49,49,49,0.3201530612244898,0.29336734693877553,0.42857142857142855,0.30612244897959184,0.2653061224489796,0.026785714285714284,-0.029336734693877552,0.08163265306122448,0.08366533864541836,-0.10200948295326254,0.23847014925373133,3,1,0,46,0.3333333333333333,0.0,1.0,0.001382475285668113,0.0013796720754603216,0.7040816326530612,0.7346938775510204,-0.030612244897959183,-0.08163265306122448,0.01020408163265306,0.7857142857142857,0.7959183673469388,-0.01020408163265306,-0.05102040816326531,0.02040816326530612,0.9693877551020408,0.9693877551020408,0.0,0.0,0.0,0.8125,48,0.8229166666666666,4,49,0.08163265306122448,47,0.0851063829787234
phi-4-mini-instruct,test,random_ortho_1_r4_a1,random_ortho_1,4,1.0,demographic,stereoset,exploratory,41,41,41,0.4329268292682927,0.43597560975609756,0.36585365853658536,0.4146341463414634,0.21951219512195122,-0.003048780487804878,-0.06863567073170732,0.06402439024390244,-0.007042253521126751,-0.1877955837521629,0.13652306823483193,7,2,0,34,0.2857142857142857,0.0,0.6666666666666666,0.0014037448011966554,0.0013664524698755215,0.3170731707317073,0.2804878048780488,0.036585365853658534,-0.012195121951219513,0.0975609756097561,0.2682926829268293,0.2804878048780488,-0.012195121951219513,-0.036585365853658534,0.0,0.9512195121951219,0.9634146341463414,-0.012195121951219513,-0.036585365853658534,0.0,0.2926829268292683,41,0.2926829268292683,10,41,0.24390243902439024,37,0.2702702702702703
phi-4-mini-instruct,test,random_ortho_1_r4_a1,random_ortho_1,4,1.0,identity,pooled,exploratory,160,160,160,0.0,0.0,0.0,0.0,1.0,0.0,0.0,0.0,,,,0,0,0,160,,,,0.0013702885197396095,0.0013698852401066658,0.5987261146496815,0.6305732484076433,-0.03184713375796178,-0.07006369426751592,0.0,0.63125,0.64375,-0.0125,-0.0375,0.0125,0.9625,0.96875,-0.00625,-0.01875,0.0,0.6644736842105263,152,0.673202614379085,0,160,0.0,154,0.0
phi-4-mini-instruct,test,random_ortho_1_r4_a1,random_ortho_1,4,1.0,identity,bbq,exploratory,70,70,70,0.0,0.0,0.0,0.0,1.0,0.0,0.0,0.0,,,,0,0,0,70,,,,0.001377371514962807,0.0013772365582370785,0.7313432835820896,0.7910447761194029,-0.05970149253731343,-0.11940298507462686,-0.014925373134328358,0.7428571428571429,0.7285714285714285,0.014285714285714285,0.0,0.04285714285714286,0.9857142857142858,0.9857142857142858,0.0,0.0,0.0,0.7761194029850746,67,0.7611940298507462,0,70,0.0,69,0.0
phi-4-mini-instruct,test,random_ortho_1_r4_a1,random_ortho_1,4,1.0,identity,crows_pairs,exploratory,49,49,49,0.0,0.0,0.0,0.0,1.0,0.0,0.0,0.0,,,,0,0,0,49,,,,0.0013898157432522824,0.0013892859005245894,0.6938775510204082,0.7346938775510204,-0.04081632653061224,-0.12244897959183673,0.04081632653061224,0.7755102040816326,0.8163265306122449,-0.04081632653061224,-0.10204081632653061,0.0,0.9591836734693877,0.9591836734693877,0.0,0.0,0.0,0.8085106382978723,47,0.851063829787234,0,49,0.0,47,0.0
phi-4-mini-instruct,test,random_ortho_1_r4_a1,random_ortho_1,4,1.0,identity,stereoset,exploratory,41,41,41,0.0,0.0,0.0,0.0,1.0,0.0,0.0,0.0,,,,0,0,0,41,,,,0.0013348581875994928,0.0013341480540186863,0.2682926829268293,0.24390243902439024,0.024390243902439025,0.0,0.07317073170731707,0.2682926829268293,0.2926829268292683,-0.024390243902439025,-0.07317073170731707,0.0,0.926829268292683,0.9512195121951219,-0.024390243902439025,-0.07317073170731707,0.0,0.2894736842105263,38,0.3076923076923077,0,41,0.0,38,0.0
phi-4-mini-instruct,test,random_ortho_1_r4_a1,random_ortho_1,4,1.0,neutral,pooled,exploratory,70,70,70,0.3294642857142857,0.33214285714285713,0.34285714285714286,0.32857142857142857,0.32857142857142857,-0.0026785714285714286,-0.04196428571428571,0.033928571428571426,-0.008130081300812941,-0.1391549211657908,0.09607493826696245,6,1,2,64,0.16666666666666666,0.0,0.5,0.0013920130680295218,0.0013774963080267972,0.7761194029850746,0.7910447761194029,-0.014925373134328358,-0.03731343283582089,0.0,0.7428571428571429,0.7357142857142858,0.007142857142857143,-0.02142857142857143,0.04285714285714286,0.9714285714285714,0.9785714285714285,-0.007142857142857143,-0.02142857142857143,0.0,0.7835820895522388,67,0.7761194029850746,9,70,0.12857142857142856,67,0.13432835820895522
phi-4-mini-instruct,test,random_ortho_1_r4_a1,random_ortho_1,4,1.0,neutral,bbq,exploratory,70,70,70,0.3294642857142857,0.33214285714285713,0.34285714285714286,0.32857142857142857,0.32857142857142857,-0.0026785714285714286,-0.04196428571428571,0.033928571428571426,-0.008130081300812941,-0.1391549211657908,0.09607493826696245,6,1,2,64,0.16666666666666666,0.0,0.5,0.0013920130680295218,0.0013774963080267972,0.7761194029850746,0.7910447761194029,-0.014925373134328358,-0.03731343283582089,0.0,0.7428571428571429,0.7357142857142858,0.007142857142857143,-0.02142857142857143,0.04285714285714286,0.9714285714285714,0.9785714285714285,-0.007142857142857143,-0.02142857142857143,0.0,0.7835820895522388,67,0.7761194029850746,9,70,0.12857142857142856,67,0.13432835820895522
phi-4-mini-instruct,test,random_ortho_2_r1_a1,random_ortho_2,1,1.0,demographic,pooled,confirmatory-input,160,160,160,0.408203125,0.408984375,0.36875,0.40625,0.225,-0.00078125,-0.028134765625,0.02578125,-0.00191387559808609,-0.07223650311660139,0.0628692075678639,20,6,4,140,0.3,0.09988095238095239,0.5263157894736842,0.00026009555200381056,0.0002664580792682547,0.628125,0.63125,-0.003125,-0.01875,0.0125,0.634375,0.63125,0.003125,-0.00625,0.0125,0.975,0.978125,-0.003125,-0.009375,0.0,0.6540880503144654,159,0.6477987421383647,30,160,0.1875,153,0.19607843137254902
phi-4-mini-instruct,test,random_ortho_2_r1_a1,random_ortho_2,1,1.0,demographic,bbq,exploratory,70,70,70,0.45535714285714285,0.43125,0.44285714285714284,0.3142857142857143,0.24285714285714285,0.024107142857142858,-0.011607142857142858,0.060714285714285714,0.05294117647058827,-0.025480423179824258,0.13398604631614333,10,2,3,60,0.2,0.0,0.5,0.0002582056400032989,0.00027084870152621507,0.7714285714285715,0.7642857142857142,0.007142857142857143,0.0,0.02142857142857143,0.7285714285714285,0.7214285714285714,0.007142857142857143,0.0,0.02142857142857143,0.9928571428571429,0.9928571428571429,0.0,0.0,0.0,0.7428571428571429,70,0.7357142857142858,16,70,0.22857142857142856,69,0.2318840579710145
phi-4-mini-instruct,test,random_ortho_2_r1_a1,random_ortho_2,1,1.0,demographic,crows_pairs,exploratory,49,49,49,0.3201530612244898,0.3239795918367347,0.30612244897959184,0.4489795918367347,0.24489795918367346,-0.003826530612244898,-0.047193877551020405,0.04212372448979574,-0.01195219123505975,-0.16957136997538957,0.12720658855167102,3,1,0,46,0.3333333333333333,0.0,1.0,0.0002598215533956422,0.00025932043783361713,0.7142857142857143,0.7346938775510204,-0.02040816326530612,-0.061224489795918366,0.02040816326530612,0.8061224489795918,0.7959183673469388,0.01020408163265306,0.0,0.030612244897959183,0.9693877551020408,0.9693877551020408,0.0,0.0,0.0,0.8333333333333334,48,0.8229166666666666,4,49,0.08163265306122448,47,0.0851063829787234
phi-4-mini-instruct,test,random_ortho_2_r1_a1,random_ortho_2,1,1.0,demographic,stereoset,exploratory,41,41,41,0.4329268292682927,0.4725609756097561,0.3170731707317073,0.5121951219512195,0.17073170731707318,-0.039634146341463415,-0.10518292682926829,0.022903963414633938,-0.09154929577464799,-0.2770301903026622,0.053334519572953744,7,3,1,34,0.42857142857142855,0.0,0.8333333333333334,0.0002636496927803001,0.00026749224688386506,0.2804878048780488,0.2804878048780488,0.0,-0.036585365853658534,0.036585365853658534,0.2682926829268293,0.2804878048780488,-0.012195121951219513,-0.036585365853658534,0.0,0.9512195121951219,0.9634146341463414,-0.012195121951219513,-0.036585365853658534,0.0,0.2926829268292683,41,0.2926829268292683,10,41,0.24390243902439024,37,0.2702702702702703
phi-4-mini-instruct,test,random_ortho_2_r1_a1,random_ortho_2,1,1.0,identity,pooled,exploratory,160,160,160,0.0,0.0,0.0,0.0,1.0,0.0,0.0,0.0,,,,0,0,0,160,,,,0.0002631739935506501,0.00026314379695198994,0.6305732484076433,0.6305732484076433,0.0,-0.01910828025477707,0.01910828025477707,0.6375,0.64375,-0.00625,-0.01875,0.0,0.9625,0.96875,-0.00625,-0.01875,0.0,0.6710526315789473,152,0.673202614379085,0,160,0.0,154,0.0
phi-4-mini-instruct,test,random_ortho_2_r1_a1,random_ortho_2,1,1.0,identity,bbq,exploratory,70,70,70,0.0,0.0,0.0,0.0,1.0,0.0,0.0,0.0,,,,0,0,0,70,,,,0.00026446697031231773,0.0002642175361234549,0.7910447761194029,0.7910447761194029,0.0,0.0,0.0,0.7285714285714285,0.7285714285714285,0.0,0.0,0.0,0.9857142857142858,0.9857142857142858,0.0,0.0,0.0,0.7611940298507462,67,0.7611940298507462,0,70,0.0,69,0.0
phi-4-mini-instruct,test,random_ortho_2_r1_a1,random_ortho_2,1,1.0,identity,crows_pairs,exploratory,49,49,49,0.0,0.0,0.0,0.0,1.0,0.0,0.0,0.0,,,,0,0,0,49,,,,0.0002596791037933271,0.00025972942402127674,0.7346938775510204,0.7346938775510204,0.0,-0.061224489795918366,0.061224489795918366,0.8163265306122449,0.8163265306122449,0.0,0.0,0.0,0.9591836734693877,0.9591836734693877,0.0,0.0,0.0,0.851063829787234,47,0.851063829787234,0,49,0.0,47,0.0
phi-4-mini-instruct,test,random_ortho_2_r1_a1,random_ortho_2,1,1.0,identity,stereoset,exploratory,41,41,41,0.0,0.0,0.0,0.0,1.0,0.0,0.0,0.0,,,,0,0,0,41,,,,0.00026514329171631085,0.0002653911757715606,0.24390243902439024,0.24390243902439024,0.0,0.0,0.0,0.2682926829268293,0.2926829268292683,-0.024390243902439025,-0.07317073170731707,0.0,0.926829268292683,0.9512195121951219,-0.024390243902439025,-0.07317073170731707,0.0,0.2894736842105263,38,0.3076923076923077,0,41,0.0,38,0.0
phi-4-mini-instruct,test,random_ortho_2_r1_a1,random_ortho_2,1,1.0,neutral,pooled,exploratory,70,70,70,0.3294642857142857,0.31785714285714284,0.35714285714285715,0.32857142857142857,0.3142857142857143,0.011607142857142858,-0.024107142857142858,0.05089285714285714,0.035230352303523005,-0.07713310056401805,0.15143866866118175,6,2,1,64,0.3333333333333333,0.0,0.75,0.00025980354597762874,0.00025984267417623256,0.7835820895522388,0.7910447761194029,-0.007462686567164179,-0.022388059701492536,0.0,0.7285714285714285,0.7357142857142858,-0.007142857142857143,-0.02142857142857143,0.0,0.9785714285714285,0.9785714285714285,0.0,0.0,0.0,0.7686567164179104,67,0.7761194029850746,10,70,0.14285714285714285,68,0.14705882352941177
phi-4-mini-instruct,test,random_ortho_2_r1_a1,random_ortho_2,1,1.0,neutral,bbq,exploratory,70,70,70,0.3294642857142857,0.31785714285714284,0.35714285714285715,0.32857142857142857,0.3142857142857143,0.011607142857142858,-0.024107142857142858,0.05089285714285714,0.035230352303523005,-0.07713310056401805,0.15143866866118175,6,2,1,64,0.3333333333333333,0.0,0.75,0.00025980354597762874,0.00025984267417623256,0.7835820895522388,0.7910447761194029,-0.007462686567164179,-0.022388059701492536,0.0,0.7285714285714285,0.7357142857142858,-0.007142857142857143,-0.02142857142857143,0.0,0.9785714285714285,0.9785714285714285,0.0,0.0,0.0,0.7686567164179104,67,0.7761194029850746,10,70,0.14285714285714285,68,0.14705882352941177
phi-4-mini-instruct,test,random_ortho_2_r2_a1,random_ortho_2,2,1.0,demographic,pooled,exploratory,160,160,160,0.408203125,0.4265625,0.325,0.38125,0.29375,-0.018359375,-0.047666015624999995,0.007822265624999946,-0.044976076555024,-0.12275571041424709,0.018648871107657543,20,3,2,140,0.15,0.0,0.3200357142857141,0.0006430922252086389,0.0006434882608002712,0.628125,0.63125,-0.003125,-0.021875,0.015625,0.63125,0.63125,0.0,-0.009375,0.009375,0.975,0.978125,-0.003125,-0.009375,0.0,0.6509433962264151,159,0.6477987421383647,31,160,0.19375,153,0.20261437908496732
phi-4-mini-instruct,test,random_ortho_2_r2_a1,random_ortho_2,2,1.0,demographic,bbq,exploratory,70,70,70,0.45535714285714285,0.45625,0.34285714285714286,0.4,0.2571428571428571,-0.0008928571428571428,-0.04109375,0.039285714285714285,-0.0019607843137254832,-0.09776323472861151,0.08227975191906867,10,0,1,60,0.0,0.0,0.0,0.0006502890303387798,0.0006596698473373576,0.7571428571428571,0.7642857142857142,-0.007142857142857143,-0.02142857142857143,0.0,0.7285714285714285,0.7214285714285714,0.007142857142857143,0.0,0.02142857142857143,0.9928571428571429,0.9928571428571429,0.0,0.0,0.0,0.7428571428571429,70,0.7357142857142858,16,70,0.22857142857142856,69,0.2318840579710145
phi-4-mini-instruct,test,random_ortho_2_r2_a1,random_ortho_2,2,1.0,demographic,crows_pairs,exploratory,49,49,49,0.3201530612244898,0.3469387755102041,0.2653061224489796,0.3877551020408163,0.3469387755102041,-0.026785714285714284,-0.07653061224489796,0.02295918367346939,-0.08366533864541825,-0.26521960958296364,0.06910543964232481,3,1,1,46,0.3333333333333333,0.0,1.0,0.0006320542429394477,0.0006258978909811034,0.7040816326530612,0.7346938775510204,-0.030612244897959183,-0.07142857142857142,0.01020408163265306,0.7959183673469388,0.7959183673469388,0.0,0.0,0.0,0.9693877551020408,0.9693877551020408,0.0,0.0,0.0,0.8229166666666666,48,0.8229166666666666,5,49,0.10204081632653061,47,0.10638297872340426
phi-4-mini-instruct,test,random_ortho_2_r2_a1,random_ortho_2,2,1.0,demographic,stereoset,exploratory,41,41,41,0.4329268292682927,0.47103658536585363,0.36585365853658536,0.34146341463414637,0.2926829268292683,-0.038109756097560975,-0.10060975609756098,0.021341463414634148,-0.0880281690140845,-0.27604911123327824,0.043326337823474476,7,2,0,34,0.2857142857142857,0.0,0.6666666666666666,0.0006439967318447491,0.0006368837989354709,0.3170731707317073,0.2804878048780488,0.036585365853658534,0.0,0.07347560975609589,0.2682926829268293,0.2804878048780488,-0.012195121951219513,-0.036585365853658534,0.0,0.9512195121951219,0.9634146341463414,-0.012195121951219513,-0.036585365853658534,0.0,0.2926829268292683,41,0.2926829268292683,10,41,0.24390243902439024,37,0.2702702702702703
phi-4-mini-instruct,test,random_ortho_2_r2_a1,random_ortho_2,2,1.0,identity,pooled,exploratory,160,160,160,0.0,0.0,0.0,0.0,1.0,0.0,0.0,0.0,,,,0,0,0,160,,,,0.0006366043536023756,0.0006364030198247328,0.6178343949044586,0.6305732484076433,-0.012738853503184714,-0.044585987261146494,0.01910828025477707,0.6375,0.64375,-0.00625,-0.01875,0.0,0.9625,0.96875,-0.00625,-0.01875,0.0,0.6710526315789473,152,0.673202614379085,0,160,0.0,154,0.0
phi-4-mini-instruct,test,random_ortho_2_r2_a1,random_ortho_2,2,1.0,identity,bbq,exploratory,70,70,70,0.0,0.0,0.0,0.0,1.0,0.0,0.0,0.0,,,,0,0,0,70,,,,0.0006469630887343196,0.0006466951113152766,0.7761194029850746,0.7910447761194029,-0.014925373134328358,-0.04477611940298507,0.0,0.7285714285714285,0.7285714285714285,0.0,0.0,0.0,0.9857142857142858,0.9857142857142858,0.0,0.0,0.0,0.7611940298507462,67,0.7611940298507462,0,70,0.0,69,0.0
phi-4-mini-instruct,test,random_ortho_2_r2_a1,random_ortho_2,2,1.0,identity,crows_pairs,exploratory,49,49,49,0.0,0.0,0.0,0.0,1.0,0.0,0.0,0.0,,,,0,0,0,49,,,,0.0006222920842199687,0.0006220014582966418,0.6938775510204082,0.7346938775510204,-0.04081632653061224,-0.12244897959183673,0.04081632653061224,0.8163265306122449,0.8163265306122449,0.0,0.0,0.0,0.9591836734693877,0.9591836734693877,0.0,0.0,0.0,0.851063829787234,47,0.851063829787234,0,49,0.0,47,0.0
phi-4-mini-instruct,test,random_ortho_2_r2_a1,random_ortho_2,2,1.0,identity,stereoset,exploratory,41,41,41,0.0,0.0,0.0,0.0,1.0,0.0,0.0,0.0,,,,0,0,0,41,,,,0.0006360236155658353,0.0006360427786183519,0.2682926829268293,0.24390243902439024,0.024390243902439025,0.0,0.07317073170731707,0.2682926829268293,0.2926829268292683,-0.024390243902439025,-0.07317073170731707,0.0,0.926829268292683,0.9512195121951219,-0.024390243902439025,-0.07317073170731707,0.0,0.2894736842105263,38,0.3076923076923077,0,41,0.0,38,0.0
phi-4-mini-instruct,test,random_ortho_2_r2_a1,random_ortho_2,2,1.0,neutral,pooled,exploratory,70,70,70,0.3294642857142857,0.33035714285714285,0.35714285714285715,0.38571428571428573,0.2571428571428571,-0.0008928571428571428,-0.033035714285714286,0.030379464285714163,-0.0027100271002709064,-0.10641369296922995,0.09065799639454031,6,0,2,64,0.0,0.0,0.0,0.0006251678536697228,0.0006268472216719419,0.7835820895522388,0.7910447761194029,-0.007462686567164179,-0.022388059701492536,0.0,0.7285714285714285,0.7357142857142858,-0.007142857142857143,-0.02142857142857143,0.0,0.9714285714285714,0.9785714285714285,-0.007142857142857143,-0.02142857142857143,0.0,0.7686567164179104,67,0.7761194029850746,9,70,0.12857142857142856,67,0.13432835820895522
phi-4-mini-instruct,test,random_ortho_2_r2_a1,random_ortho_2,2,1.0,neutral,bbq,exploratory,70,70,70,0.3294642857142857,0.33035714285714285,0.35714285714285715,0.38571428571428573,0.2571428571428571,-0.0008928571428571428,-0.033035714285714286,0.030379464285714163,-0.0027100271002709064,-0.10641369296922995,0.09065799639454031,6,0,2,64,0.0,0.0,0.0,0.0006251678536697228,0.0006268472216719419,0.7835820895522388,0.7910447761194029,-0.007462686567164179,-0.022388059701492536,0.0,0.7285714285714285,0.7357142857142858,-0.007142857142857143,-0.02142857142857143,0.0,0.9714285714285714,0.9785714285714285,-0.007142857142857143,-0.02142857142857143,0.0,0.7686567164179104,67,0.7761194029850746,9,70,0.12857142857142856,67,0.13432835820895522
phi-4-mini-instruct,test,random_ortho_2_r4_a1,random_ortho_2,4,1.0,demographic,pooled,exploratory,160,160,160,0.408203125,0.39375,0.39375,0.325,0.28125,0.014453125,-0.014453125,0.042578125,0.03540669856459333,-0.03645618749067023,0.1048176443475932,20,7,4,140,0.35,0.1362878787878788,0.5789473684210527,0.0012032457287610033,0.0011877665975656723,0.63125,0.63125,0.0,-0.021875,0.021875,0.634375,0.63125,0.003125,0.0,0.009375,0.978125,0.978125,0.0,0.0,0.0,0.6509433962264151,159,0.6477987421383647,31,160,0.19375,154,0.2012987012987013
phi-4-mini-instruct,test,random_ortho_2_r4_a1,random_ortho_2,4,1.0,demographic,bbq,exploratory,70,70,70,0.45535714285714285,0.44375,0.35714285714285715,0.2857142857142857,0.35714285714285715,0.011607142857142858,-0.030357142857142857,0.05089285714285714,0.025490196078431393,-0.07082330705550666,0.11133208403716215,10,2,4,60,0.2,0.0,0.5,0.001226543034839293,0.0012006119315191776,0.7785714285714286,0.7642857142857142,0.014285714285714285,0.0,0.03571428571428571,0.7285714285714285,0.7214285714285714,0.007142857142857143,0.0,0.02142857142857143,0.9928571428571429,0.9928571428571429,0.0,0.0,0.0,0.7428571428571429,70,0.7357142857142858,16,70,0.22857142857142856,69,0.2318840579710145
phi-4-mini-instruct,test,random_ortho_2_r4_a1,random_ortho_2,4,1.0,demographic,crows_pairs,exploratory,49,49,49,0.3201530612244898,0.3112244897959184,0.3673469387755102,0.40816326530612246,0.22448979591836735,0.008928571428571428,-0.04212372448979591,0.05994897959183673,0.027888446215139417,-0.15768097392546726,0.18215830524962653,3,1,0,46,0.3333333333333333,0.0,1.0,0.0011753097999520087,0.0011660463062823517,0.6836734693877551,0.7346938775510204,-0.05102040816326531,-0.10204081632653061,0.0,0.7959183673469388,0.7959183673469388,0.0,0.0,0.0,0.9693877551020408,0.9693877551020408,0.0,0.0,0.0,0.8229166666666666,48,0.8229166666666666,5,49,0.10204081632653061,47,0.10638297872340426
phi-4-mini-instruct,test,random_ortho_2_r4_a1,random_ortho_2,4,1.0,demographic,stereoset,exploratory,41,41,41,0.4329268292682927,0.4070121951219512,0.4878048780487805,0.2926829268292683,0.21951219512195122,0.025914634146341462,-0.028963414634146343,0.07926829268292683,0.059859154929577496,-0.07443848717577152,0.1828032712403452,7,4,0,34,0.5714285714285714,0.16666666666666666,1.0,0.0011968566820819897,0.0011917939364958512,0.3170731707317073,0.2804878048780488,0.036585365853658534,0.0,0.08536585365853659,0.2804878048780488,0.2804878048780488,0.0,0.0,0.0,0.9634146341463414,0.9634146341463414,0.0,0.0,0.0,0.2926829268292683,41,0.2926829268292683,10,41,0.24390243902439024,38,0.2631578947368421
phi-4-mini-instruct,test,random_ortho_2_r4_a1,random_ortho_2,4,1.0,identity,pooled,exploratory,160,160,160,0.0,0.0,0.0,0.0,1.0,0.0,0.0,0.0,,,,0,0,0,160,,,,0.0011664422349092576,0.0011661062807631242,0.6178343949044586,0.6305732484076433,-0.012738853503184714,-0.050955414012738856,0.01910828025477707,0.64375,0.64375,0.0,0.0,0.0,0.96875,0.96875,0.0,0.0,0.0,0.673202614379085,153,0.673202614379085,0,160,0.0,155,0.0
phi-4-mini-instruct,test,random_ortho_2_r4_a1,random_ortho_2,4,1.0,identity,bbq,exploratory,70,70,70,0.0,0.0,0.0,0.0,1.0,0.0,0.0,0.0,,,,0,0,0,70,,,,0.0011653020296101854,0.001164758256833908,0.8059701492537313,0.7910447761194029,0.014925373134328358,0.0,0.04477611940298507,0.7285714285714285,0.7285714285714285,0.0,0.0,0.0,0.9857142857142858,0.9857142857142858,0.0,0.0,0.0,0.7611940298507462,67,0.7611940298507462,0,70,0.0,69,0.0
phi-4-mini-instruct,test,random_ortho_2_r4_a1,random_ortho_2,4,1.0,identity,crows_pairs,exploratory,49,49,49,0.0,0.0,0.0,0.0,1.0,0.0,0.0,0.0,,,,0,0,0,49,,,,0.0011513774308400417,0.0011507022453298658,0.6530612244897959,0.7346938775510204,-0.08163265306122448,-0.1836734693877551,0.02040816326530612,0.8163265306122449,0.8163265306122449,0.0,0.0,0.0,0.9591836734693877,0.9591836734693877,0.0,0.0,0.0,0.851063829787234,47,0.851063829787234,0,49,0.0,47,0.0
phi-4-mini-instruct,test,random_ortho_2_r4_a1,random_ortho_2,4,1.0,identity,stereoset,exploratory,41,41,41,0.0,0.0,0.0,0.0,1.0,0.0,0.0,0.0,,,,0,0,0,41,,,,0.001186393204917224,0.001186817485916168,0.2682926829268293,0.24390243902439024,0.024390243902439025,0.0,0.07317073170731707,0.2926829268292683,0.2926829268292683,0.0,0.0,0.0,0.9512195121951219,0.9512195121951219,0.0,0.0,0.0,0.3076923076923077,39,0.3076923076923077,0,41,0.0,39,0.0
phi-4-mini-instruct,test,random_ortho_2_r4_a1,random_ortho_2,4,1.0,neutral,pooled,exploratory,70,70,70,0.3294642857142857,0.31785714285714284,0.3,0.35714285714285715,0.34285714285714286,0.011607142857142858,-0.023214285714285715,0.0518080357142856,0.035230352303523005,-0.0815771976483762,0.14131903642773197,6,2,2,64,0.3333333333333333,0.0,0.75,0.00123806493765858,0.0011784137512944454,0.7835820895522388,0.7910447761194029,-0.007462686567164179,-0.03731343283582089,0.014925373134328358,0.7285714285714285,0.7357142857142858,-0.007142857142857143,-0.02142857142857143,0.0,0.9714285714285714,0.9785714285714285,-0.007142857142857143,-0.02142857142857143,0.0,0.7686567164179104,67,0.7761194029850746,9,70,0.12857142857142856,67,0.13432835820895522
phi-4-mini-instruct,test,random_ortho_2_r4_a1,random_ortho_2,4,1.0,neutral,bbq,exploratory,70,70,70,0.3294642857142857,0.31785714285714284,0.3,0.35714285714285715,0.34285714285714286,0.011607142857142858,-0.023214285714285715,0.0518080357142856,0.035230352303523005,-0.0815771976483762,0.14131903642773197,6,2,2,64,0.3333333333333333,0.0,0.75,0.00123806493765858,0.0011784137512944454,0.7835820895522388,0.7910447761194029,-0.007462686567164179,-0.03731343283582089,0.014925373134328358,0.7285714285714285,0.7357142857142858,-0.007142857142857143,-0.02142857142857143,0.0,0.9714285714285714,0.9785714285714285,-0.007142857142857143,-0.02142857142857143,0.0,0.7686567164179104,67,0.7761194029850746,9,70,0.12857142857142856,67,0.13432835820895522
phi-4-mini-instruct,test,random_ortho_3_r1_a1,random_ortho_3,1,1.0,demographic,pooled,confirmatory-input,160,160,160,0.408203125,0.402734375,0.35625,0.38125,0.2625,0.00546875,-0.024619140624999997,0.034765625,0.013397129186602852,-0.06310886543124516,0.08294971548964657,20,7,3,140,0.35,0.13636363636363635,0.5833333333333334,0.00026031011993900375,0.0002595999005528347,0.63125,0.63125,0.0,-0.021875,0.021875,0.63125,0.63125,0.0,-0.009375,0.009375,0.978125,0.978125,0.0,0.0,0.0,0.6477987421383647,159,0.6477987421383647,30,160,0.1875,154,0.19480519480519481
phi-4-mini-instruct,test,random_ortho_3_r1_a1,random_ortho_3,1,1.0,demographic,bbq,exploratory,70,70,70,0.45535714285714285,0.4401785714285714,0.35714285714285715,0.37142857142857144,0.2714285714285714,0.015178571428571428,-0.030357142857142857,0.06428571428571428,0.033333333333333326,-0.0712867326156531,0.13187499999999994,10,3,3,60,0.3,0.0,0.6363636363636364,0.00024560687619905195,0.0002513475530474959,0.7571428571428571,0.7642857142857142,-0.007142857142857143,-0.03571428571428571,0.014285714285714285,0.7285714285714285,0.7214285714285714,0.007142857142857143,0.0,0.02142857142857143,0.9928571428571429,0.9928571428571429,0.0,0.0,0.0,0.7428571428571429,70,0.7357142857142858,16,70,0.22857142857142856,69,0.2318840579710145
phi-4-mini-instruct,test,random_ortho_3_r1_a1,random_ortho_3,1,1.0,demographic,crows_pairs,exploratory,49,49,49,0.3201530612244898,0.3137755102040816,0.3877551020408163,0.3877551020408163,0.22448979591836735,0.006377551020408163,-0.04336734693877551,0.057429846938775335,0.019920318725099584,-0.1542138916214021,0.17538332868692488,3,1,0,46,0.3333333333333333,0.0,1.0,0.00026708047220108905,0.0002673776673866427,0.7244897959183674,0.7346938775510204,-0.01020408163265306,-0.061224489795918366,0.04081632653061224,0.7857142857142857,0.7959183673469388,-0.01020408163265306,-0.030612244897959183,0.0,0.9693877551020408,0.9693877551020408,0.0,0.0,0.0,0.8125,48,0.8229166666666666,4,49,0.08163265306122448,47,0.0851063829787234
phi-4-mini-instruct,test,random_ortho_3_r1_a1,random_ortho_3,1,1.0,demographic,stereoset,exploratory,41,41,41,0.4329268292682927,0.4451219512195122,0.3170731707317073,0.3902439024390244,0.2926829268292683,-0.012195121951219513,-0.0701219512195122,0.04725609756097561,-0.028169014084507005,-0.19433778880331742,0.0964820025008931,7,3,0,34,0.42857142857142855,0.0,0.8333333333333334,0.0002773218224013074,0.00026439389446788634,0.3048780487804878,0.2804878048780488,0.024390243902439025,0.0,0.06097560975609756,0.2804878048780488,0.2804878048780488,0.0,0.0,0.0,0.9634146341463414,0.9634146341463414,0.0,0.0,0.0,0.2926829268292683,41,0.2926829268292683,10,41,0.24390243902439024,38,0.2631578947368421
phi-4-mini-instruct,test,random_ortho_3_r1_a1,random_ortho_3,1,1.0,identity,pooled,exploratory,160,160,160,0.0,0.0,0.0,0.0,1.0,0.0,0.0,0.0,,,,0,0,0,160,,,,0.0002567459931179046,0.0002568509955709164,0.6114649681528662,0.6305732484076433,-0.01910828025477707,-0.050955414012738856,0.012738853503184714,0.6375,0.64375,-0.00625,-0.01875,0.0,0.96875,0.96875,0.0,0.0,0.0,0.6666666666666666,153,0.673202614379085,0,160,0.0,155,0.0
phi-4-mini-instruct,test,random_ortho_3_r1_a1,random_ortho_3,1,1.0,identity,bbq,exploratory,70,70,70,0.0,0.0,0.0,0.0,1.0,0.0,0.0,0.0,,,,0,0,0,70,,,,0.00025336285768444,0.00025342358036887976,0.7611940298507462,0.7910447761194029,-0.029850746268656716,-0.07462686567164178,0.0,0.7285714285714285,0.7285714285714285,0.0,0.0,0.0,0.9857142857142858,0.9857142857142858,0.0,0.0,0.0,0.7611940298507462,67,0.7611940298507462,0,70,0.0,69,0.0
phi-4-mini-instruct,test,random_ortho_3_r1_a1,random_ortho_3,1,1.0,identity,crows_pairs,exploratory,49,49,49,0.0,0.0,0.0,0.0,1.0,0.0,0.0,0.0,,,,0,0,0,49,,,,0.0002649099844883877,0.00026509893097367404,0.6938775510204082,0.7346938775510204,-0.04081632653061224,-0.12244897959183673,0.04081632653061224,0.7959183673469388,0.8163265306122449,-0.02040816326530612,-0.061224489795918366,0.0,0.9591836734693877,0.9591836734693877,0.0,0.0,0.0,0.8297872340425532,47,0.851063829787234,0,49,0.0,47,0.0
phi-4-mini-instruct,test,random_ortho_3_r1_a1,random_ortho_3,1,1.0,identity,stereoset,exploratory,41,41,41,0.0,0.0,0.0,0.0,1.0,0.0,0.0,0.0,,,,0,0,0,41,,,,0.0002527651127078765,0.0002528453914101222,0.2682926829268293,0.24390243902439024,0.024390243902439025,0.0,0.07317073170731707,0.2926829268292683,0.2926829268292683,0.0,0.0,0.0,0.9512195121951219,0.9512195121951219,0.0,0.0,0.0,0.3076923076923077,39,0.3076923076923077,0,41,0.0,39,0.0
phi-4-mini-instruct,test,random_ortho_3_r1_a1,random_ortho_3,1,1.0,neutral,pooled,exploratory,70,70,70,0.3294642857142857,0.3223214285714286,0.3142857142857143,0.34285714285714286,0.34285714285714286,0.007142857142857143,-0.027678571428571427,0.04285714285714286,0.02168021680216803,-0.09162472434329938,0.12605615625089622,6,1,1,64,0.16666666666666666,0.0,0.5,0.00029668982512997394,0.00027417391637418227,0.7761194029850746,0.7910447761194029,-0.014925373134328358,-0.03731343283582089,0.0,0.7285714285714285,0.7357142857142858,-0.007142857142857143,-0.02142857142857143,0.0,0.9714285714285714,0.9785714285714285,-0.007142857142857143,-0.02142857142857143,0.0,0.7686567164179104,67,0.7761194029850746,9,70,0.12857142857142856,67,0.13432835820895522
phi-4-mini-instruct,test,random_ortho_3_r1_a1,random_ortho_3,1,1.0,neutral,bbq,exploratory,70,70,70,0.3294642857142857,0.3223214285714286,0.3142857142857143,0.34285714285714286,0.34285714285714286,0.007142857142857143,-0.027678571428571427,0.04285714285714286,0.02168021680216803,-0.09162472434329938,0.12605615625089622,6,1,1,64,0.16666666666666666,0.0,0.5,0.00029668982512997394,0.00027417391637418227,0.7761194029850746,0.7910447761194029,-0.014925373134328358,-0.03731343283582089,0.0,0.7285714285714285,0.7357142857142858,-0.007142857142857143,-0.02142857142857143,0.0,0.9714285714285714,0.9785714285714285,-0.007142857142857143,-0.02142857142857143,0.0,0.7686567164179104,67,0.7761194029850746,9,70,0.12857142857142856,67,0.13432835820895522
phi-4-mini-instruct,test,random_ortho_3_r2_a1,random_ortho_3,2,1.0,demographic,pooled,exploratory,160,160,160,0.408203125,0.405859375,0.3625,0.43125,0.20625,0.00234375,-0.03125,0.03438476562499995,0.005741626794258381,-0.0822219370581807,0.0795355532537168,20,5,6,140,0.25,0.0625,0.4666666666666667,0.0005622829890601198,0.0005570986577297111,0.63125,0.63125,0.0,-0.01875,0.01875,0.6375,0.63125,0.00625,0.0,0.015625,0.978125,0.978125,0.0,0.0,0.0,0.6540880503144654,159,0.6477987421383647,30,160,0.1875,154,0.19480519480519481
phi-4-mini-instruct,test,random_ortho_3_r2_a1,random_ortho_3,2,1.0,demographic,bbq,exploratory,70,70,70,0.45535714285714285,0.4669642857142857,0.34285714285714286,0.44285714285714284,0.21428571428571427,-0.011607142857142858,-0.053593749999999996,0.030357142857142857,-0.025490196078431282,-0.13286251146534744,0.06167182274247487,10,0,4,60,0.0,0.0,0.0,0.0005423786504052184,0.0005503904462693723,0.7642857142857142,0.7642857142857142,0.0,-0.02142857142857143,0.02142857142857143,0.7285714285714285,0.7214285714285714,0.007142857142857143,0.0,0.02142857142857143,0.9928571428571429,0.9928571428571429,0.0,0.0,0.0,0.7428571428571429,70,0.7357142857142858,16,70,0.22857142857142856,69,0.2318840579710145
phi-4-mini-instruct,test,random_ortho_3_r2_a1,random_ortho_3,2,1.0,demographic,crows_pairs,exploratory,49,49,49,0.3201530612244898,0.29464285714285715,0.40816326530612246,0.46938775510204084,0.12244897959183673,0.025510204081632654,-0.03316326530612245,0.08418367346938775,0.07968127490039845,-0.1187727029914529,0.24481363571326373,3,1,0,46,0.3333333333333333,0.0,1.0,0.0005861834077361301,0.0005763328459263623,0.7244897959183674,0.7346938775510204,-0.01020408163265306,-0.05102040816326531,0.04081632653061224,0.8061224489795918,0.7959183673469388,0.01020408163265306,0.0,0.030612244897959183,0.9693877551020408,0.9693877551020408,0.0,0.0,0.0,0.8333333333333334,48,0.8229166666666666,4,49,0.08163265306122448,47,0.0851063829787234
phi-4-mini-instruct,test,random_ortho_3_r2_a1,random_ortho_3,2,1.0,demographic,stereoset,exploratory,41,41,41,0.4329268292682927,0.4344512195121951,0.34146341463414637,0.36585365853658536,0.2926829268292683,-0.001524390243902439,-0.07317073170731707,0.0701219512195122,-0.0035211267605634866,-0.20004385964912277,0.14773184010523235,7,4,2,34,0.5714285714285714,0.16666666666666666,1.0,0.0005677020912727685,0.0005455645011586822,0.2926829268292683,0.2804878048780488,0.012195121951219513,0.0,0.036585365853658534,0.2804878048780488,0.2804878048780488,0.0,0.0,0.0,0.9634146341463414,0.9634146341463414,0.0,0.0,0.0,0.2926829268292683,41,0.2926829268292683,10,41,0.24390243902439024,38,0.2631578947368421
phi-4-mini-instruct,test,random_ortho_3_r2_a1,random_ortho_3,2,1.0,identity,pooled,exploratory,160,160,160,0.0,0.0,0.0,0.0,1.0,0.0,0.0,0.0,,,,0,0,0,160,,,,0.0005606441181263998,0.000560704401944317,0.6242038216560509,0.6305732484076433,-0.006369426751592357,-0.03184713375796178,0.01910828025477707,0.64375,0.64375,0.0,0.0,0.0,0.96875,0.96875,0.0,0.0,0.0,0.673202614379085,153,0.673202614379085,0,160,0.0,155,0.0
phi-4-mini-instruct,test,random_ortho_3_r2_a1,random_ortho_3,2,1.0,identity,bbq,exploratory,70,70,70,0.0,0.0,0.0,0.0,1.0,0.0,0.0,0.0,,,,0,0,0,70,,,,0.0005758826253294628,0.0005759922312124191,0.7761194029850746,0.7910447761194029,-0.014925373134328358,-0.04477611940298507,0.0,0.7285714285714285,0.7285714285714285,0.0,0.0,0.0,0.9857142857142858,0.9857142857142858,0.0,0.0,0.0,0.7611940298507462,67,0.7611940298507462,0,70,0.0,69,0.0
phi-4-mini-instruct,test,random_ortho_3_r2_a1,random_ortho_3,2,1.0,identity,crows_pairs,exploratory,49,49,49,0.0,0.0,0.0,0.0,1.0,0.0,0.0,0.0,,,,0,0,0,49,,,,0.0005688570624933599,0.000569002463152625,0.7346938775510204,0.7346938775510204,0.0,-0.08163265306122448,0.08163265306122448,0.8163265306122449,0.8163265306122449,0.0,0.0,0.0,0.9591836734693877,0.9591836734693877,0.0,0.0,0.0,0.851063829787234,47,0.851063829787234,0,49,0.0,47,0.0
phi-4-mini-instruct,test,random_ortho_3_r2_a1,random_ortho_3,2,1.0,identity,stereoset,exploratory,41,41,41,0.0,0.0,0.0,0.0,1.0,0.0,0.0,0.0,,,,0,0,0,41,,,,0.0005248116845118761,0.000524686034920555,0.24390243902439024,0.24390243902439024,0.0,0.0,0.0,0.2926829268292683,0.2926829268292683,0.0,0.0,0.0,0.9512195121951219,0.9512195121951219,0.0,0.0,0.0,0.3076923076923077,39,0.3076923076923077,0,41,0.0,39,0.0
phi-4-mini-instruct,test,random_ortho_3_r2_a1,random_ortho_3,2,1.0,neutral,pooled,exploratory,70,70,70,0.3294642857142857,0.33482142857142855,0.34285714285714286,0.37142857142857144,0.2857142857142857,-0.005357142857142857,-0.04017857142857143,0.030357142857142857,-0.016260162601626105,-0.13745727623864168,0.0872129778134189,6,2,2,64,0.3333333333333333,0.0,0.75,0.0005453939497756866,0.0005702326146070716,0.7835820895522388,0.7910447761194029,-0.007462686567164179,-0.022388059701492536,0.0,0.7357142857142858,0.7357142857142858,0.0,0.0,0.0,0.9785714285714285,0.9785714285714285,0.0,0.0,0.0,0.7761194029850746,67,0.7761194029850746,9,70,0.12857142857142856,68,0.1323529411764706
phi-4-mini-instruct,test,random_ortho_3_r2_a1,random_ortho_3,2,1.0,neutral,bbq,exploratory,70,70,70,0.3294642857142857,0.33482142857142855,0.34285714285714286,0.37142857142857144,0.2857142857142857,-0.005357142857142857,-0.04017857142857143,0.030357142857142857,-0.016260162601626105,-0.13745727623864168,0.0872129778134189,6,2,2,64,0.3333333333333333,0.0,0.75,0.0005453939497756866,0.0005702326146070716,0.7835820895522388,0.7910447761194029,-0.007462686567164179,-0.022388059701492536,0.0,0.7357142857142858,0.7357142857142858,0.0,0.0,0.0,0.9785714285714285,0.9785714285714285,0.0,0.0,0.0,0.7761194029850746,67,0.7761194029850746,9,70,0.12857142857142856,68,0.1323529411764706
phi-4-mini-instruct,test,random_ortho_3_r4_a1,random_ortho_3,4,1.0,demographic,pooled,exploratory,160,160,160,0.408203125,0.4046875,0.3875,0.34375,0.26875,0.003515625,-0.023447265624999998,0.03125,0.008612440191387516,-0.061807213133841805,0.07465510221961101,20,3,3,140,0.15,0.0,0.3200357142857141,0.0011899981508595573,0.0011903575408223083,0.634375,0.63125,0.003125,-0.015625,0.025,0.634375,0.63125,0.003125,-0.00625,0.0125,0.978125,0.978125,0.0,0.0,0.0,0.6509433962264151,159,0.6477987421383647,31,160,0.19375,154,0.2012987012987013
phi-4-mini-instruct,test,random_ortho_3_r4_a1,random_ortho_3,4,1.0,demographic,bbq,exploratory,70,70,70,0.45535714285714285,0.45535714285714285,0.38571428571428573,0.37142857142857144,0.24285714285714285,0.0,-0.04198660714285714,0.04196428571428571,0.0,-0.10339549053793898,0.0881367606763854,10,0,2,60,0.0,0.0,0.0,0.0011686948338162162,0.0011879219576337262,0.7642857142857142,0.7642857142857142,0.0,-0.02857142857142857,0.02857142857142857,0.7214285714285714,0.7214285714285714,0.0,-0.02142857142857143,0.02142857142857143,0.9928571428571429,0.9928571428571429,0.0,0.0,0.0,0.7357142857142858,70,0.7357142857142858,17,70,0.24285714285714285,69,0.2463768115942029
phi-4-mini-instruct,test,random_ortho_3_r4_a1,random_ortho_3,4,1.0,demographic,crows_pairs,exploratory,49,49,49,0.3201530612244898,0.3010204081632653,0.4489795918367347,0.2653061224489796,0.2857142857142857,0.01913265306122449,-0.02806122448979592,0.06508290816326513,0.05976095617529875,-0.09902280512411439,0.18751633275261315,3,1,0,46,0.3333333333333333,0.0,1.0,0.0012206498085060287,0.0012053900657726456,0.7142857142857143,0.7346938775510204,-0.02040816326530612,-0.061224489795918366,0.02040816326530612,0.8061224489795918,0.7959183673469388,0.01020408163265306,0.0,0.030612244897959183,0.9693877551020408,0.9693877551020408,0.0,0.0,0.0,0.8333333333333334,48,0.8229166666666666,4,49,0.08163265306122448,47,0.0851063829787234
phi-4-mini-instruct,test,random_ortho_3_r4_a1,random_ortho_3,4,1.0,demographic,stereoset,exploratory,41,41,41,0.4329268292682927,0.4420731707317073,0.3170731707317073,0.3902439024390244,0.2926829268292683,-0.009146341463414634,-0.06859756097560976,0.04573170731707317,-0.021126760563380254,-0.16868445003033727,0.09646302250803862,7,2,1,34,0.2857142857142857,0.0,0.6666666666666666,0.0011897371988682595,0.0011765501530328992,0.3170731707317073,0.2804878048780488,0.036585365853658534,0.0,0.07317073170731707,0.2804878048780488,0.2804878048780488,0.0,0.0,0.0,0.9634146341463414,0.9634146341463414,0.0,0.0,0.0,0.2926829268292683,41,0.2926829268292683,10,41,0.24390243902439024,38,0.2631578947368421
phi-4-mini-instruct,test,random_ortho_3_r4_a1,random_ortho_3,4,1.0,identity,pooled,exploratory,160,160,160,0.0,0.0,0.0,0.0,1.0,0.0,0.0,0.0,,,,0,0,0,160,,,,0.0011890241036532092,0.0011893333517636218,0.6114649681528662,0.6305732484076433,-0.01910828025477707,-0.05732484076433121,0.01910828025477707,0.6375,0.64375,-0.00625,-0.01875,0.0,0.96875,0.96875,0.0,0.0,0.0,0.6666666666666666,153,0.673202614379085,0,160,0.0,155,0.0
phi-4-mini-instruct,test,random_ortho_3_r4_a1,random_ortho_3,4,1.0,identity,bbq,exploratory,70,70,70,0.0,0.0,0.0,0.0,1.0,0.0,0.0,0.0,,,,0,0,0,70,,,,0.0011953150466185317,0.0011955745944357311,0.7761194029850746,0.7910447761194029,-0.014925373134328358,-0.07462686567164178,0.029850746268656716,0.7142857142857143,0.7285714285714285,-0.014285714285714285,-0.04285714285714286,0.0,0.9857142857142858,0.9857142857142858,0.0,0.0,0.0,0.746268656716418,67,0.7611940298507462,0,70,0.0,69,0.0
phi-4-mini-instruct,test,random_ortho_3_r4_a1,random_ortho_3,4,1.0,identity,crows_pairs,exploratory,49,49,49,0.0,0.0,0.0,0.0,1.0,0.0,0.0,0.0,,,,0,0,0,49,,,,0.0011948922392719516,0.0011952032305480957,0.673469387755102,0.7346938775510204,-0.061224489795918366,-0.14285714285714285,0.02040816326530612,0.8163265306122449,0.8163265306122449,0.0,0.0,0.0,0.9591836734693877,0.9591836734693877,0.0,0.0,0.0,0.851063829787234,47,0.851063829787234,0,49,0.0,47,0.0
phi-4-mini-instruct,test,random_ortho_3_r4_a1,random_ortho_3,4,1.0,identity,stereoset,exploratory,41,41,41,0.0,0.0,0.0,0.0,1.0,0.0,0.0,0.0,,,,0,0,0,41,,,,0.001171270331631479,0.001171662350605406,0.2682926829268293,0.24390243902439024,0.024390243902439025,0.0,0.07317073170731707,0.2926829268292683,0.2926829268292683,0.0,0.0,0.0,0.9512195121951219,0.9512195121951219,0.0,0.0,0.0,0.3076923076923077,39,0.3076923076923077,0,41,0.0,39,0.0
phi-4-mini-instruct,test,random_ortho_3_r4_a1,random_ortho_3,4,1.0,neutral,pooled,exploratory,70,70,70,0.3294642857142857,0.3125,0.38571428571428573,0.3142857142857143,0.3,0.016964285714285713,-0.023214285714285715,0.05892857142857143,0.051490514905149,-0.07620879120879116,0.17041001352255794,6,3,1,64,0.5,0.0,1.0,0.0010671998712343718,0.001137485689499634,0.7985074626865671,0.7910447761194029,0.007462686567164179,-0.014925373134328358,0.03731343283582089,0.7357142857142858,0.7357142857142858,0.0,0.0,0.0,0.9785714285714285,0.9785714285714285,0.0,0.0,0.0,0.7761194029850746,67,0.7761194029850746,9,70,0.12857142857142856,68,0.1323529411764706
phi-4-mini-instruct,test,random_ortho_3_r4_a1,random_ortho_3,4,1.0,neutral,bbq,exploratory,70,70,70,0.3294642857142857,0.3125,0.38571428571428573,0.3142857142857143,0.3,0.016964285714285713,-0.023214285714285715,0.05892857142857143,0.051490514905149,-0.07620879120879116,0.17041001352255794,6,3,1,64,0.5,0.0,1.0,0.0010671998712343718,0.001137485689499634,0.7985074626865671,0.7910447761194029,0.007462686567164179,-0.014925373134328358,0.03731343283582089,0.7357142857142858,0.7357142857142858,0.0,0.0,0.0,0.9785714285714285,0.9785714285714285,0.0,0.0,0.0,0.7761194029850746,67,0.7761194029850746,9,70,0.12857142857142856,68,0.1323529411764706
phi-4-mini-instruct,test,uncentred_svd_r1_a1,uncentred_svd,1,1.0,demographic,pooled,exploratory,160,160,160,0.408203125,0.28671875,0.55,0.26875,0.18125,0.121484375,0.075390625,0.16641601562499994,0.2976076555023923,0.19945179687631628,0.38205504865778456,20,10,3,140,0.5,0.2631578947368421,0.7222701149425285,0.022113071773585968,0.02286523324088281,0.721875,0.63125,0.090625,0.046875,0.134375,0.66875,0.63125,0.0375,0.0,0.07507812499999957,0.98125,0.978125,0.003125,-0.015625,0.021875,0.6867088607594937,158,0.6477987421383647,19,160,0.11875,156,0.12179487179487179
phi-4-mini-instruct,test,uncentred_svd_r1_a1,uncentred_svd,1,1.0,demographic,bbq,exploratory,70,70,70,0.45535714285714285,0.2830357142857143,0.6285714285714286,0.22857142857142856,0.14285714285714285,0.17232142857142857,0.09285714285714286,0.25089285714285714,0.3784313725490196,0.2235621052355127,0.5085526996722441,10,6,2,60,0.6,0.2857142857142857,0.8888888888888888,0.022292602902992387,0.022825925238883826,0.7714285714285715,0.7642857142857142,0.007142857142857143,-0.03571428571428571,0.05714285714285714,0.7142857142857143,0.7214285714285714,-0.007142857142857143,-0.03571428571428571,0.02142857142857143,0.9928571428571429,0.9928571428571429,0.0,0.0,0.0,0.7285714285714285,70,0.7357142857142858,15,70,0.21428571428571427,69,0.21739130434782608
phi-4-mini-instruct,test,uncentred_svd_r1_a1,uncentred_svd,1,1.0,demographic,crows_pairs,exploratory,49,49,49,0.3201530612244898,0.25255102040816324,0.5102040816326531,0.2653061224489796,0.22448979591836735,0.06760204081632654,0.006345663265306125,0.12755102040816327,0.2111553784860558,0.02292735707251332,0.37037037037037035,3,1,1,46,0.3333333333333333,0.0,1.0,0.021606771681211445,0.022743712393068483,0.9693877551020408,0.7346938775510204,0.23469387755102042,0.1326530612244898,0.3469387755102041,0.9387755102040817,0.7959183673469388,0.14285714285714285,0.05102040816326531,0.24489795918367346,0.9489795918367347,0.9693877551020408,-0.02040816326530612,-0.07142857142857142,0.02040816326530612,0.9893617021276596,47,0.8229166666666666,1,49,0.02040816326530612,46,0.021739130434782608
phi-4-mini-instruct,test,uncentred_svd_r1_a1,uncentred_svd,1,1.0,demographic,stereoset,exploratory,41,41,41,0.4329268292682927,0.33384146341463417,0.4634146341463415,0.34146341463414637,0.1951219512195122,0.09908536585365854,0.007621951219512195,0.20579268292682926,0.22887323943661975,0.022822071725411782,0.399419687189672,7,3,0,34,0.42857142857142855,0.0,0.8571428571428571,0.022411645565486023,0.02307757669656161,0.34146341463414637,0.2804878048780488,0.06097560975609756,-0.012195121951219513,0.13414634146341464,0.2682926829268293,0.2804878048780488,-0.012195121951219513,-0.0975609756097561,0.06097560975609756,1.0,0.9634146341463414,0.036585365853658534,0.0,0.07317073170731707,0.2682926829268293,41,0.2926829268292683,3,41,0.07317073170731707,41,0.07317073170731707
phi-4-mini-instruct,test,uncentred_svd_r1_a1,uncentred_svd,1,1.0,identity,pooled,exploratory,160,160,160,0.0,0.0,0.0,0.0,1.0,0.0,0.0,0.0,,,,0,0,0,160,,,,0.023078350820300964,0.02308710307328029,0.7197452229299363,0.6305732484076433,0.08917197452229299,0.03168789808917198,0.1464968152866242,0.68125,0.64375,0.0375,-0.00625,0.08125,0.98125,0.96875,0.0125,-0.0125,0.0375,0.7032258064516129,155,0.673202614379085,0,160,0.0,157,0.0
phi-4-mini-instruct,test,uncentred_svd_r1_a1,uncentred_svd,1,1.0,identity,bbq,exploratory,70,70,70,0.0,0.0,0.0,0.0,1.0,0.0,0.0,0.0,,,,0,0,0,70,,,,0.023452226904430214,0.02346500921805056,0.7611940298507462,0.7910447761194029,-0.029850746268656716,-0.10485074626865669,0.04477611940298507,0.7285714285714285,0.7285714285714285,0.0,-0.05714285714285714,0.05714285714285714,0.9857142857142858,0.9857142857142858,0.0,0.0,0.0,0.7611940298507462,67,0.7611940298507462,0,70,0.0,69,0.0
phi-4-mini-instruct,test,uncentred_svd_r1_a1,uncentred_svd,1,1.0,identity,crows_pairs,exploratory,49,49,49,0.0,0.0,0.0,0.0,1.0,0.0,0.0,0.0,,,,0,0,0,49,,,,0.023065742752354495,0.02306145629779376,0.9795918367346939,0.7346938775510204,0.24489795918367346,0.12244897959183673,0.3673469387755102,0.9591836734693877,0.8163265306122449,0.14285714285714285,0.061224489795918366,0.24489795918367346,0.9591836734693877,0.9591836734693877,0.0,-0.061224489795918366,0.061224489795918366,1.0,47,0.851063829787234,0,49,0.0,47,0.0
phi-4-mini-instruct,test,uncentred_svd_r1_a1,uncentred_svd,1,1.0,identity,stereoset,exploratory,41,41,41,0.0,0.0,0.0,0.0,1.0,0.0,0.0,0.0,,,,0,0,0,41,,,,0.022455093977382178,0.02247254848461984,0.34146341463414637,0.24390243902439024,0.0975609756097561,-0.000609756097560941,0.21951219512195122,0.2682926829268293,0.2926829268292683,-0.024390243902439025,-0.0975609756097561,0.04878048780487805,1.0,0.9512195121951219,0.04878048780487805,0.0,0.12195121951219512,0.2682926829268293,41,0.3076923076923077,0,41,0.0,41,0.0
phi-4-mini-instruct,test,uncentred_svd_r1_a1,uncentred_svd,1,1.0,neutral,pooled,exploratory,70,70,70,0.3294642857142857,0.29017857142857145,0.4142857142857143,0.34285714285714286,0.24285714285714285,0.039285714285714285,-0.03571428571428571,0.12145089285714274,0.1192411924119241,-0.13115243454856856,0.31005339000621973,6,3,1,64,0.5,0.0,1.0,0.030842775149187266,0.026751108745062247,0.7686567164179104,0.7910447761194029,-0.022388059701492536,-0.05970149253731343,0.014925373134328358,0.7357142857142858,0.7357142857142858,0.0,-0.02142857142857143,0.02142857142857143,0.9857142857142858,0.9785714285714285,0.007142857142857143,-0.014285714285714285,0.03571428571428571,0.7686567164179104,67,0.7761194029850746,9,70,0.12857142857142856,68,0.1323529411764706
phi-4-mini-instruct,test,uncentred_svd_r1_a1,uncentred_svd,1,1.0,neutral,bbq,exploratory,70,70,70,0.3294642857142857,0.29017857142857145,0.4142857142857143,0.34285714285714286,0.24285714285714285,0.039285714285714285,-0.03571428571428571,0.12145089285714274,0.1192411924119241,-0.13115243454856856,0.31005339000621973,6,3,1,64,0.5,0.0,1.0,0.030842775149187266,0.026751108745062247,0.7686567164179104,0.7910447761194029,-0.022388059701492536,-0.05970149253731343,0.014925373134328358,0.7357142857142858,0.7357142857142858,0.0,-0.02142857142857143,0.02142857142857143,0.9857142857142858,0.9785714285714285,0.007142857142857143,-0.014285714285714285,0.03571428571428571,0.7686567164179104,67,0.7761194029850746,9,70,0.12857142857142856,68,0.1323529411764706
phi-4-mini-instruct,test,uncentred_svd_r2_a1,uncentred_svd,2,1.0,demographic,pooled,exploratory,160,160,160,0.408203125,0.290234375,0.55,0.2625,0.1875,0.11796875,0.06328125,0.172265625,0.2889952153110048,0.1686746987951807,0.39368106617647053,20,12,4,140,0.6,0.38095238095238093,0.8235294117647058,0.02944434392575048,0.027998301820562323,0.725,0.63125,0.09375,0.05,0.140625,0.665625,0.63125,0.034375,-0.00625,0.075,0.98125,0.978125,0.003125,-0.01875,0.021875,0.6835443037974683,158,0.6477987421383647,19,160,0.11875,156,0.12179487179487179
phi-4-mini-instruct,test,uncentred_svd_r2_a1,uncentred_svd,2,1.0,demographic,bbq,exploratory,70,70,70,0.45535714285714285,0.275,0.6571428571428571,0.2,0.14285714285714285,0.18035714285714285,0.08747767857142856,0.266986607142857,0.39607843137254906,0.20697156594878388,0.5427572932523702,10,7,2,60,0.7,0.4,1.0,0.031522684565684383,0.028244034790886365,0.7857142857142857,0.7642857142857142,0.02142857142857143,-0.02142857142857143,0.07142857142857142,0.7285714285714285,0.7214285714285714,0.007142857142857143,-0.02857142857142857,0.04285714285714286,0.9928571428571429,0.9928571428571429,0.0,-0.02142857142857143,0.02142857142857143,0.7428571428571429,70,0.7357142857142858,15,70,0.21428571428571427,69,0.21739130434782608
phi-4-mini-instruct,test,uncentred_svd_r2_a1,uncentred_svd,2,1.0,demographic,crows_pairs,exploratory,49,49,49,0.3201530612244898,0.2538265306122449,0.4897959183673469,0.24489795918367346,0.2653061224489796,0.0663265306122449,-0.002551020408163265,0.1326530612244898,0.2071713147410359,-0.009030089202502905,0.39524086378737544,3,1,0,46,0.3333333333333333,0.0,1.0,0.027080862972147453,0.02764501206419398,0.9693877551020408,0.7346938775510204,0.23469387755102042,0.1326530612244898,0.3469387755102041,0.9387755102040817,0.7959183673469388,0.14285714285714285,0.05102040816326531,0.24489795918367346,0.9489795918367347,0.9693877551020408,-0.02040816326530612,-0.07142857142857142,0.02040816326530612,0.9893617021276596,47,0.8229166666666666,1,49,0.02040816326530612,46,0.021739130434782608
phi-4-mini-instruct,test,uncentred_svd_r2_a1,uncentred_svd,2,1.0,demographic,stereoset,exploratory,41,41,41,0.4329268292682927,0.3597560975609756,0.43902439024390244,0.3902439024390244,0.17073170731707318,0.07317073170731707,-0.04420731707317073,0.19359756097560976,0.16901408450704225,-0.12903225806451624,0.37026377956615064,7,4,2,34,0.5714285714285714,0.19916666666666671,1.0,0.028720605436266956,0.028000982067863906,0.32926829268292684,0.2804878048780488,0.04878048780487805,-0.024390243902439025,0.13414634146341464,0.23170731707317074,0.2804878048780488,-0.04878048780487805,-0.13414634146341464,0.024390243902439025,1.0,0.9634146341463414,0.036585365853658534,0.0,0.07317073170731707,0.23170731707317074,41,0.2926829268292683,3,41,0.07317073170731707,41,0.07317073170731707
phi-4-mini-instruct,test,uncentred_svd_r2_a1,uncentred_svd,2,1.0,identity,pooled,exploratory,160,160,160,0.0,0.0,0.0,0.0,1.0,0.0,0.0,0.0,,,,0,0,0,160,,,,0.02782095573816191,0.027842218645333185,0.7133757961783439,0.6305732484076433,0.08280254777070063,0.03184713375796178,0.14012738853503184,0.68125,0.64375,0.0375,-0.00625,0.08125,0.98125,0.96875,0.0125,-0.01875,0.04375,0.7032258064516129,155,0.673202614379085,0,160,0.0,157,0.0
phi-4-mini-instruct,test,uncentred_svd_r2_a1,uncentred_svd,2,1.0,identity,bbq,exploratory,70,70,70,0.0,0.0,0.0,0.0,1.0,0.0,0.0,0.0,,,,0,0,0,70,,,,0.028551186378726983,0.028556785217715968,0.7611940298507462,0.7910447761194029,-0.029850746268656716,-0.1044776119402985,0.04477611940298507,0.7285714285714285,0.7285714285714285,0.0,-0.05714285714285714,0.05714285714285714,0.9857142857142858,0.9857142857142858,0.0,-0.04285714285714286,0.04285714285714286,0.7611940298507462,67,0.7611940298507462,0,70,0.0,69,0.0
phi-4-mini-instruct,test,uncentred_svd_r2_a1,uncentred_svd,2,1.0,identity,crows_pairs,exploratory,49,49,49,0.0,0.0,0.0,0.0,1.0,0.0,0.0,0.0,,,,0,0,0,49,,,,0.027711108119116767,0.02775273313202227,0.9795918367346939,0.7346938775510204,0.24489795918367346,0.12244897959183673,0.3673469387755102,0.9591836734693877,0.8163265306122449,0.14285714285714285,0.061224489795918366,0.24489795918367346,0.9591836734693877,0.9591836734693877,0.0,-0.061224489795918366,0.061224489795918366,1.0,47,0.851063829787234,0,49,0.0,47,0.0
phi-4-mini-instruct,test,uncentred_svd_r2_a1,uncentred_svd,2,1.0,identity,stereoset,exploratory,41,41,41,0.0,0.0,0.0,0.0,1.0,0.0,0.0,0.0,,,,0,0,0,41,,,,0.026705501798982838,0.026729173037660987,0.3170731707317073,0.24390243902439024,0.07317073170731707,0.0,0.17073170731707318,0.2682926829268293,0.2926829268292683,-0.024390243902439025,-0.12195121951219512,0.04878048780487805,1.0,0.9512195121951219,0.04878048780487805,0.0,0.12195121951219512,0.2682926829268293,41,0.3076923076923077,0,41,0.0,41,0.0
phi-4-mini-instruct,test,uncentred_svd_r2_a1,uncentred_svd,2,1.0,neutral,pooled,exploratory,70,70,70,0.3294642857142857,0.24910714285714286,0.4857142857142857,0.2857142857142857,0.22857142857142856,0.08035714285714286,-0.00625,0.17589285714285716,0.24390243902439024,-0.023757288705359852,0.44557151793610716,6,5,0,64,0.8333333333333334,0.5,1.0,0.039527303581696704,0.032080501255955206,0.7611940298507462,0.7910447761194029,-0.029850746268656716,-0.08208955223880597,0.022388059701492536,0.7285714285714285,0.7357142857142858,-0.007142857142857143,-0.02857142857142857,0.0,0.9785714285714285,0.9785714285714285,0.0,-0.03571428571428571,0.02857142857142857,0.7611940298507462,67,0.7761194029850746,9,70,0.12857142857142856,68,0.1323529411764706
phi-4-mini-instruct,test,uncentred_svd_r2_a1,uncentred_svd,2,1.0,neutral,bbq,exploratory,70,70,70,0.3294642857142857,0.24910714285714286,0.4857142857142857,0.2857142857142857,0.22857142857142856,0.08035714285714286,-0.00625,0.17589285714285716,0.24390243902439024,-0.023757288705359852,0.44557151793610716,6,5,0,64,0.8333333333333334,0.5,1.0,0.039527303581696704,0.032080501255955206,0.7611940298507462,0.7910447761194029,-0.029850746268656716,-0.08208955223880597,0.022388059701492536,0.7285714285714285,0.7357142857142858,-0.007142857142857143,-0.02857142857142857,0.0,0.9785714285714285,0.9785714285714285,0.0,-0.03571428571428571,0.02857142857142857,0.7611940298507462,67,0.7761194029850746,9,70,0.12857142857142856,68,0.1323529411764706
phi-4-mini-instruct,test,uncentred_svd_r4_a1,uncentred_svd,4,1.0,demographic,pooled,exploratory,160,160,160,0.408203125,0.28046875,0.53125,0.28125,0.1875,0.127734375,0.071875,0.180078125,0.3129186602870814,0.19104030963844046,0.4116771076824784,20,12,3,140,0.6,0.3684210526315789,0.8,0.035940530053812515,0.033906983422181236,0.70625,0.63125,0.075,0.025,0.125,0.671875,0.63125,0.040625,-7.812499999999557e-05,0.084375,0.978125,0.978125,0.0,-0.021875,0.021875,0.6930379746835443,158,0.6477987421383647,18,160,0.1125,155,0.11612903225806452
phi-4-mini-instruct,test,uncentred_svd_r4_a1,uncentred_svd,4,1.0,demographic,bbq,exploratory,70,70,70,0.45535714285714285,0.2598214285714286,0.6714285714285714,0.18571428571428572,0.14285714285714285,0.19553571428571428,0.09464285714285714,0.28752232142857126,0.4294117647058824,0.24219348725255574,0.5685954693761087,10,8,2,60,0.8,0.5,1.0,0.039113596640459915,0.034935646209740365,0.7357142857142858,0.7642857142857142,-0.02857142857142857,-0.08571428571428572,0.02857142857142857,0.7214285714285714,0.7214285714285714,0.0,-0.04285714285714286,0.04285714285714286,0.9928571428571429,0.9928571428571429,0.0,-0.02142857142857143,0.02142857142857143,0.7357142857142858,70,0.7357142857142858,13,70,0.18571428571428572,69,0.18840579710144928
phi-4-mini-instruct,test,uncentred_svd_r4_a1,uncentred_svd,4,1.0,demographic,crows_pairs,exploratory,49,49,49,0.3201530612244898,0.25892857142857145,0.40816326530612246,0.30612244897959184,0.2857142857142857,0.061224489795918366,-0.017857142857142856,0.1364795918367347,0.19123505976095623,-0.06314550552393704,0.3900170250896057,3,1,0,46,0.3333333333333333,0.0,1.0,0.032943070014712375,0.03288511645956044,0.9591836734693877,0.7346938775510204,0.22448979591836735,0.11224489795918367,0.3469387755102041,0.9285714285714286,0.7959183673469388,0.1326530612244898,0.04081632653061224,0.23469387755102042,0.9387755102040817,0.9693877551020408,-0.030612244897959183,-0.09183673469387756,0.02040816326530612,0.9893617021276596,47,0.8229166666666666,1,49,0.02040816326530612,45,0.022222222222222223
phi-4-mini-instruct,test,uncentred_svd_r4_a1,uncentred_svd,4,1.0,demographic,stereoset,exploratory,41,41,41,0.4329268292682927,0.34146341463414637,0.43902439024390244,0.4146341463414634,0.14634146341463414,0.09146341463414634,-0.012195121951219513,0.21192835365853638,0.21126760563380287,-0.03758125677139771,0.3913256606990621,7,3,1,34,0.42857142857142855,0.0,0.8333333333333334,0.0341054295867537,0.03337198552070025,0.35365853658536583,0.2804878048780488,0.07317073170731707,-0.012195121951219513,0.15853658536585366,0.2804878048780488,0.2804878048780488,0.0,-0.0975609756097561,0.08536585365853659,1.0,0.9634146341463414,0.036585365853658534,0.0,0.07317073170731707,0.2804878048780488,41,0.2926829268292683,4,41,0.0975609756097561,41,0.0975609756097561
phi-4-mini-instruct,test,uncentred_svd_r4_a1,uncentred_svd,4,1.0,identity,pooled,exploratory,160,160,160,0.0,0.0,0.0,0.0,1.0,0.0,0.0,0.0,,,,0,0,0,160,,,,0.033731134071963695,0.03377062398034485,0.6815286624203821,0.6305732484076433,0.050955414012738856,-0.012738853503184714,0.12101910828025478,0.6875,0.64375,0.04375,-0.00625,0.09375,0.98125,0.96875,0.0125,-0.01875,0.04375,0.7096774193548387,155,0.673202614379085,0,160,0.0,157,0.0
phi-4-mini-instruct,test,uncentred_svd_r4_a1,uncentred_svd,4,1.0,identity,bbq,exploratory,70,70,70,0.0,0.0,0.0,0.0,1.0,0.0,0.0,0.0,,,,0,0,0,70,,,,0.03545875075206058,0.035481250953694726,0.7014925373134329,0.7910447761194029,-0.08955223880597014,-0.1791044776119403,0.0,0.7142857142857143,0.7285714285714285,-0.014285714285714285,-0.07142857142857142,0.04285714285714286,0.9857142857142858,0.9857142857142858,0.0,-0.04285714285714286,0.04285714285714286,0.746268656716418,67,0.7611940298507462,0,70,0.0,69,0.0
phi-4-mini-instruct,test,uncentred_svd_r4_a1,uncentred_svd,4,1.0,identity,crows_pairs,exploratory,49,49,49,0.0,0.0,0.0,0.0,1.0,0.0,0.0,0.0,,,,0,0,0,49,,,,0.032491165376767314,0.0325482281647855,0.9591836734693877,0.7346938775510204,0.22448979591836735,0.08163265306122448,0.3673469387755102,0.9591836734693877,0.8163265306122449,0.14285714285714285,0.061224489795918366,0.24489795918367346,0.9591836734693877,0.9591836734693877,0.0,-0.061224489795918366,0.061224489795918366,1.0,47,0.851063829787234,0,49,0.0,47,0.0
phi-4-mini-instruct,test,uncentred_svd_r4_a1,uncentred_svd,4,1.0,identity,stereoset,exploratory,41,41,41,0.0,0.0,0.0,0.0,1.0,0.0,0.0,0.0,,,,0,0,0,41,,,,0.03226345842459398,0.032310953415172095,0.3170731707317073,0.24390243902439024,0.07317073170731707,-0.024390243902439025,0.17073170731707318,0.3170731707317073,0.2926829268292683,0.024390243902439025,-0.07317073170731707,0.12195121951219512,1.0,0.9512195121951219,0.04878048780487805,0.0,0.12195121951219512,0.3170731707317073,41,0.3076923076923077,0,41,0.0,41,0.0
phi-4-mini-instruct,test,uncentred_svd_r4_a1,uncentred_svd,4,1.0,neutral,pooled,exploratory,70,70,70,0.3294642857142857,0.19464285714285715,0.5,0.2714285714285714,0.22857142857142856,0.13482142857142856,0.050870535714285715,0.22595982142857107,0.4092140921409214,0.20439449364651516,0.5592232174107628,6,6,0,64,1.0,1.0,1.0,0.045104597913279955,0.03789200563478005,0.753731343283582,0.7910447761194029,-0.03731343283582089,-0.08955223880597014,0.007462686567164179,0.7285714285714285,0.7357142857142858,-0.007142857142857143,-0.03589285714285713,0.02142857142857143,0.9857142857142858,0.9785714285714285,0.007142857142857143,-0.02857142857142857,0.05,0.7611940298507462,67,0.7761194029850746,4,70,0.05714285714285714,69,0.057971014492753624
phi-4-mini-instruct,test,uncentred_svd_r4_a1,uncentred_svd,4,1.0,neutral,bbq,exploratory,70,70,70,0.3294642857142857,0.19464285714285715,0.5,0.2714285714285714,0.22857142857142856,0.13482142857142856,0.050870535714285715,0.22595982142857107,0.4092140921409214,0.20439449364651516,0.5592232174107628,6,6,0,64,1.0,1.0,1.0,0.045104597913279955,0.03789200563478005,0.753731343283582,0.7910447761194029,-0.03731343283582089,-0.08955223880597014,0.007462686567164179,0.7285714285714285,0.7357142857142858,-0.007142857142857143,-0.03589285714285713,0.02142857142857143,0.9857142857142858,0.9785714285714285,0.007142857142857143,-0.02857142857142857,0.05,0.7611940298507462,67,0.7761194029850746,4,70,0.05714285714285714,69,0.057971014492753624
