model_name,phase,cond_id,condition,rank,alpha,pair_type,stratum,label,n_seeds,n_items,n_audit,absC_pre_mean,absC_post_mean,W,L,U,D,D_lo,D_hi,R,R_lo,R_hi,X_den,X_num,X_reverse_num,X_reverse_den,X,X_lo,X_hi,energy_audit_mean,energy_gen_mean,opt_acc,opt_acc_pre,d_opt_acc,d_opt_acc_lo,d_opt_acc_hi,gen_acc_attempted,gen_acc_attempted_pre,d_gen_acc_attempted,d_gen_acc_attempted_lo,d_gen_acc_attempted_hi,validity,validity_pre,d_validity,d_validity_lo,d_validity_hi,gen_acc_usable,gen_acc_usable_n,gen_acc_usable_pre,flip_attempted_num,flip_attempted_den,flip_attempted,flip_usable_den,flip_usable
gemma-2-2b-it,dev,cure_centred_svd_r1_a0.25,cure_centred_svd,1,0.25,demographic,pooled,exploratory,100,100,100,0.6788427734375,0.640517578125,0.49,0.48,0.03,0.0383251953125,-0.0419002075195312,0.1172334594726562,0.0564566594977954,-0.0695577348208458,0.1618569467778,29,8,5,71,0.2758620689655172,0.1304347826086956,0.4516862170087972,0.0026936985939605,0.0027745822586934,0.4292929292929293,0.4444444444444444,-0.0151515151515151,-0.0656565656565656,0.0353535353535353,0.515,0.415,0.1,0.045,0.16,0.92,0.905,0.015,-0.025,0.055,0.5691489361702128,94,0.4627659574468085,23,100,0.23,89,0.2584269662921348
gemma-2-2b-it,dev,cure_centred_svd_r1_a0.25,cure_centred_svd,1,0.25,demographic,bbq,exploratory,42,42,42,0.4410458519345238,0.5059058779761905,0.3809523809523809,0.5952380952380952,0.0238095238095238,-0.0648600260416666,-0.1611509777250744,0.0186700730096725,-0.147059598808551,-0.4353871532962974,0.0379001120724092,7,2,3,35,0.2857142857142857,0.0,0.6666666666666666,0.0018856805417861,0.0022621763278053,0.5487804878048781,0.5487804878048781,0.0,-0.0853658536585365,0.073170731707317,0.5119047619047619,0.5238095238095238,-0.0119047619047619,-0.0476190476190476,0.0238095238095238,0.988095238095238,1.0,-0.0119047619047619,-0.0357142857142857,0.0,0.5609756097560976,41,0.573170731707317,11,42,0.2619047619047619,41,0.2682926829268293
gemma-2-2b-it,dev,cure_centred_svd_r1_a0.25,cure_centred_svd,1,0.25,demographic,crows_pairs,exploratory,30,30,30,0.9345377604166668,0.8245768229166667,0.6666666666666666,0.3333333333333333,0.0,0.1099609375,0.0010660807291666,0.2205452473958333,0.1176634504859103,0.0010518623030626,0.2273702595476714,10,1,1,20,0.1,0.0,0.3333333333333333,0.0032821627993543,0.0031802084864092,0.3333333333333333,0.3666666666666666,-0.0333333333333333,-0.1333333333333333,0.0666666666666666,0.75,0.4333333333333333,0.3166666666666666,0.1833333333333333,0.45,0.8666666666666667,0.9,-0.0333333333333333,-0.1,0.0333333333333333,0.8518518518518519,27,0.4642857142857143,6,30,0.2,25,0.24
gemma-2-2b-it,dev,cure_centred_svd_r1_a0.25,cure_centred_svd,1,0.25,demographic,stereoset,exploratory,28,28,28,0.7615792410714286,0.6452287946428571,0.4642857142857143,0.4642857142857143,0.0714285714285714,0.1163504464285714,-0.0965680803571428,0.3447265625,0.1527752335592599,-0.1571910743904503,0.388419640604232,12,5,1,16,0.4166666666666667,0.133125,0.7,0.0032752283093001,0.0031085916253301,0.3571428571428571,0.375,-0.0178571428571428,-0.125,0.0892857142857142,0.2678571428571428,0.2321428571428571,0.0357142857142857,-0.0535714285714285,0.1428571428571428,0.875,0.7678571428571429,0.1071428571428571,0.0,0.2321428571428571,0.2884615384615384,26,0.28,6,28,0.2142857142857142,23,0.2608695652173913
gemma-2-2b-it,dev,cure_centred_svd_r1_a0.25,cure_centred_svd,1,0.25,identity,pooled,exploratory,100,100,100,0.0,0.0,0.0,0.0,1.0,0.0,0.0,0.0,,,,0,0,0,100,,,,0.0029738793199685,0.0029731149362689,0.4123711340206185,0.4123711340206185,0.0,-0.0721649484536082,0.0721649484536082,0.51,0.41,0.1,0.03,0.18,0.91,0.9,0.01,-0.04,0.06,0.5795454545454546,88,0.4712643678160919,0,100,0.0,91,0.0
gemma-2-2b-it,dev,cure_centred_svd_r1_a0.25,cure_centred_svd,1,0.25,identity,bbq,exploratory,42,42,42,0.0,0.0,0.0,0.0,1.0,0.0,0.0,0.0,,,,0,0,0,42,,,,0.0027585127211406,0.0027576751781319,0.5128205128205128,0.5128205128205128,0.0,-0.1025641025641025,0.1025641025641025,0.5,0.5238095238095238,-0.0238095238095238,-0.0952380952380952,0.0476190476190476,1.0,1.0,0.0,0.0,0.0,0.5384615384615384,39,0.5641025641025641,0,42,0.0,42,0.0
gemma-2-2b-it,dev,cure_centred_svd_r1_a0.25,cure_centred_svd,1,0.25,identity,crows_pairs,exploratory,30,30,30,0.0,0.0,0.0,0.0,1.0,0.0,0.0,0.0,,,,0,0,0,30,,,,0.0031973858353561,0.0031976322854135,0.3333333333333333,0.3,0.0333333333333333,-0.0666666666666666,0.1333333333333333,0.7,0.4,0.3,0.1333333333333333,0.4666666666666667,0.8333333333333334,0.9333333333333332,-0.1,-0.2333333333333333,0.0,0.84,25,0.4285714285714285,0,30,0.0,25,0.0
gemma-2-2b-it,dev,cure_centred_svd_r1_a0.25,cure_centred_svd,1,0.25,identity,stereoset,exploratory,28,28,28,0.0,0.0,0.0,0.0,1.0,0.0,0.0,0.0,,,,0,0,0,28,,,,0.0030574579517236,0.0030557202708193,0.3571428571428571,0.3928571428571428,-0.0357142857142857,-0.1785714285714285,0.1071428571428571,0.3214285714285714,0.25,0.0714285714285714,-0.0714285714285714,0.2142857142857142,0.8571428571428571,0.7142857142857143,0.1428571428571428,0.0357142857142857,0.2857142857142857,0.375,24,0.35,0,28,0.0,24,0.0
gemma-2-2b-it,dev,cure_centred_svd_r1_a0.25,cure_centred_svd,1,0.25,neutral,pooled,exploratory,42,42,42,0.3579334077380952,0.2381141299293154,0.5952380952380952,0.3571428571428571,0.0476190476190476,0.1198192778087797,0.0517063685825892,0.1955500284830728,0.3347529881772119,0.1645572792599533,0.4885180776087426,5,4,0,37,0.8,0.3333333333333333,1.0,0.0054004866285584,0.0040726046830163,0.5769230769230769,0.5641025641025641,0.0128205128205128,-0.0384615384615384,0.0641025641025641,0.5476190476190477,0.5833333333333334,-0.0357142857142857,-0.0833333333333333,0.0,0.988095238095238,0.988095238095238,0.0,0.0,0.0,0.5897435897435898,39,0.6410256410256411,8,42,0.1904761904761904,41,0.1951219512195122
gemma-2-2b-it,dev,cure_centred_svd_r1_a0.25,cure_centred_svd,1,0.25,neutral,bbq,exploratory,42,42,42,0.3579334077380952,0.2381141299293154,0.5952380952380952,0.3571428571428571,0.0476190476190476,0.1198192778087797,0.0517063685825892,0.1955500284830728,0.3347529881772119,0.1645572792599533,0.4885180776087426,5,4,0,37,0.8,0.3333333333333333,1.0,0.0054004866285584,0.0040726046830163,0.5769230769230769,0.5641025641025641,0.0128205128205128,-0.0384615384615384,0.0641025641025641,0.5476190476190477,0.5833333333333334,-0.0357142857142857,-0.0833333333333333,0.0,0.988095238095238,0.988095238095238,0.0,0.0,0.0,0.5897435897435898,39,0.6410256410256411,8,42,0.1904761904761904,41,0.1951219512195122
gemma-2-2b-it,dev,cure_centred_svd_r1_a0.5,cure_centred_svd,1,0.5,demographic,pooled,exploratory,100,100,100,0.6788427734375,0.59435302734375,0.56,0.4,0.04,0.08448974609375,-0.0051550903320312,0.1701687622070312,0.1244614355484905,-0.0078814338153728,0.2280272813596653,29,12,7,71,0.4137931034482758,0.2413793103448276,0.5926215277777775,0.0058053540105512,0.006066527507573,0.494949494949495,0.4444444444444444,0.0505050505050505,-0.005050505050505,0.1111111111111111,0.535,0.415,0.12,0.06,0.18,0.9,0.905,-0.005,-0.055,0.045,0.6098901098901099,91,0.4627659574468085,19,100,0.19,88,0.2159090909090909
gemma-2-2b-it,dev,cure_centred_svd_r1_a0.5,cure_centred_svd,1,0.5,demographic,bbq,exploratory,42,42,42,0.4410458519345238,0.4952276320684524,0.4047619047619047,0.5238095238095238,0.0714285714285714,-0.0541817801339285,-0.1759723481677827,0.0546526227678571,-0.1228484065687851,-0.4835317859348227,0.1117438584584924,7,2,2,35,0.2857142857142857,0.0,0.6666666666666666,0.0047298271910868,0.0054857760212848,0.573170731707317,0.5487804878048781,0.024390243902439,-0.0365853658536585,0.0853658536585365,0.5714285714285714,0.5238095238095238,0.0476190476190476,-0.0119047619047619,0.119047619047619,0.988095238095238,1.0,-0.0119047619047619,-0.0357142857142857,0.0,0.6219512195121951,41,0.573170731707317,9,42,0.2142857142857142,41,0.2195121951219512
gemma-2-2b-it,dev,cure_centred_svd_r1_a0.5,cure_centred_svd,1,0.5,demographic,crows_pairs,exploratory,30,30,30,0.9345377604166668,0.73408203125,0.6333333333333333,0.3666666666666666,0.0,0.2004557291666666,0.0288020833333333,0.3693408203125,0.2144971960012539,0.0419154712312339,0.3644202976633195,10,3,3,20,0.3,0.0,0.625,0.0065624368142539,0.0065047543487867,0.5,0.3666666666666666,0.1333333333333333,0.0,0.2666666666666666,0.7333333333333333,0.4333333333333333,0.3,0.1666666666666666,0.45,0.8166666666666667,0.9,-0.0833333333333333,-0.2,0.0166666666666666,0.9,25,0.4642857142857143,5,30,0.1666666666666666,24,0.2083333333333333
gemma-2-2b-it,dev,cure_centred_svd_r1_a0.5,cure_centred_svd,1,0.5,demographic,stereoset,exploratory,28,28,28,0.7615792410714286,0.5933314732142857,0.7142857142857143,0.25,0.0357142857142857,0.1682477678571428,-0.0198137555803571,0.3677525111607142,0.2209195823410881,-0.0304152726910073,0.4089897432721176,12,7,2,16,0.5833333333333334,0.3,0.8571428571428571,0.0066074840929235,0.0064681259785622,0.375,0.375,0.0,-0.1071428571428571,0.1071428571428571,0.2678571428571428,0.2321428571428571,0.0357142857142857,-0.0535714285714285,0.1428571428571428,0.8571428571428571,0.7678571428571429,0.0892857142857142,-0.0178571428571428,0.2321428571428571,0.3,25,0.28,5,28,0.1785714285714285,23,0.217391304347826
gemma-2-2b-it,dev,cure_centred_svd_r1_a0.5,cure_centred_svd,1,0.5,identity,pooled,exploratory,100,100,100,0.0,0.0,0.0,0.0,1.0,0.0,0.0,0.0,,,,0,0,0,100,,,,0.0062784586414265,0.0062769524653959,0.4742268041237113,0.4123711340206185,0.0618556701030927,-0.0206185567010309,0.1443298969072164,0.55,0.41,0.14,0.06,0.23,0.89,0.9,-0.01,-0.07,0.05,0.6395348837209303,86,0.4712643678160919,0,100,0.0,89,0.0
gemma-2-2b-it,dev,cure_centred_svd_r1_a0.5,cure_centred_svd,1,0.5,identity,bbq,exploratory,42,42,42,0.0,0.0,0.0,0.0,1.0,0.0,0.0,0.0,,,,0,0,0,42,,,,0.0060269066916436,0.0060284980189178,0.5641025641025641,0.5128205128205128,0.0512820512820512,-0.0512820512820512,0.1538461538461538,0.5952380952380952,0.5238095238095238,0.0714285714285714,-0.0476190476190476,0.1904761904761904,1.0,1.0,0.0,0.0,0.0,0.6410256410256411,39,0.5641025641025641,0,42,0.0,42,0.0
gemma-2-2b-it,dev,cure_centred_svd_r1_a0.5,cure_centred_svd,1,0.5,identity,crows_pairs,exploratory,30,30,30,0.0,0.0,0.0,0.0,1.0,0.0,0.0,0.0,,,,0,0,0,30,,,,0.0065297653205762,0.0065280277381658,0.4666666666666667,0.3,0.1666666666666666,0.0,0.3333333333333333,0.7,0.4,0.3,0.1333333333333333,0.4666666666666667,0.8,0.9333333333333332,-0.1333333333333333,-0.2666666666666666,-0.0333333333333333,0.875,24,0.4285714285714285,0,30,0.0,24,0.0
gemma-2-2b-it,dev,cure_centred_svd_r1_a0.5,cure_centred_svd,1,0.5,identity,stereoset,exploratory,28,28,28,0.0,0.0,0.0,0.0,1.0,0.0,0.0,0.0,,,,0,0,0,28,,,,0.006386529409869,0.0063806249142881,0.3571428571428571,0.3928571428571428,-0.0357142857142857,-0.1785714285714285,0.1071428571428571,0.3214285714285714,0.25,0.0714285714285714,-0.0714285714285714,0.2142857142857142,0.8214285714285714,0.7142857142857143,0.1071428571428571,-0.0357142857142857,0.25,0.391304347826087,23,0.35,0,28,0.0,23,0.0
gemma-2-2b-it,dev,cure_centred_svd_r1_a0.5,cure_centred_svd,1,0.5,neutral,pooled,exploratory,42,42,42,0.3579334077380952,0.2631022135416667,0.5714285714285714,0.3809523809523809,0.0476190476190476,0.0948311941964285,0.0110307965959821,0.187509300595238,0.2649408860595037,0.0364589928615327,0.4437090160005088,5,5,0,37,1.0,1.0,1.0,0.0139262668933366,0.0097333026352198,0.6025641025641025,0.5641025641025641,0.0384615384615384,-0.0128205128205128,0.1025641025641025,0.5833333333333334,0.5833333333333334,0.0,-0.0714285714285714,0.0714285714285714,0.988095238095238,0.988095238095238,0.0,0.0,0.0,0.6282051282051282,39,0.6410256410256411,4,42,0.0952380952380952,41,0.0975609756097561
gemma-2-2b-it,dev,cure_centred_svd_r1_a0.5,cure_centred_svd,1,0.5,neutral,bbq,exploratory,42,42,42,0.3579334077380952,0.2631022135416667,0.5714285714285714,0.3809523809523809,0.0476190476190476,0.0948311941964285,0.0110307965959821,0.187509300595238,0.2649408860595037,0.0364589928615327,0.4437090160005088,5,5,0,37,1.0,1.0,1.0,0.0139262668933366,0.0097333026352198,0.6025641025641025,0.5641025641025641,0.0384615384615384,-0.0128205128205128,0.1025641025641025,0.5833333333333334,0.5833333333333334,0.0,-0.0714285714285714,0.0714285714285714,0.988095238095238,0.988095238095238,0.0,0.0,0.0,0.6282051282051282,39,0.6410256410256411,4,42,0.0952380952380952,41,0.0975609756097561
gemma-2-2b-it,dev,cure_centred_svd_r1_a1,cure_centred_svd,1,1.0,demographic,pooled,exploratory,100,100,100,0.6788427734375,0.54458984375,0.6,0.35,0.05,0.1342529296875,0.0461259765625,0.2245863037109375,0.1977673401569479,0.0778923773978622,0.3029886766179163,29,13,8,71,0.4482758620689655,0.2758405172413793,0.6364545454545449,0.0155777380305789,0.0163476491169201,0.5808080808080808,0.4444444444444444,0.1363636363636363,0.0656565656565656,0.207070707070707,0.53,0.415,0.115,0.045,0.18,0.9,0.905,-0.005,-0.055,0.04,0.5934065934065934,91,0.4627659574468085,15,100,0.15,88,0.1704545454545454
gemma-2-2b-it,dev,cure_centred_svd_r1_a1,cure_centred_svd,1,1.0,demographic,bbq,exploratory,42,42,42,0.4410458519345238,0.4437779017857143,0.5476190476190477,0.4285714285714285,0.0238095238095238,-0.0027320498511904,-0.1265988304501488,0.1095409574962796,-0.0061944803226401,-0.3437597345139183,0.2195937407446288,7,5,3,35,0.7142857142857143,0.3333333333333333,1.0,0.015025526081076,0.0164693843019265,0.6219512195121951,0.5487804878048781,0.073170731707317,0.0121951219512195,0.1341463414634146,0.5357142857142857,0.5238095238095238,0.0119047619047619,-0.0595238095238095,0.0833333333333333,0.9761904761904762,1.0,-0.0238095238095238,-0.0595238095238095,0.0,0.573170731707317,41,0.573170731707317,8,42,0.1904761904761904,40,0.2
gemma-2-2b-it,dev,cure_centred_svd_r1_a1,cure_centred_svd,1,1.0,demographic,crows_pairs,exploratory,30,30,30,0.9345377604166668,0.6674479166666667,0.6666666666666666,0.2666666666666666,0.0666666666666666,0.26708984375,0.0884025065104166,0.4620450846354166,0.2857988784005015,0.1218114780159701,0.4488286646634095,10,3,3,20,0.3,0.0,0.625,0.0152948656789306,0.0157327261061327,0.7,0.3666666666666666,0.3333333333333333,0.1666666666666666,0.5,0.7833333333333333,0.4333333333333333,0.35,0.2,0.5,0.8333333333333334,0.9,-0.0666666666666666,-0.1833333333333333,0.0333333333333333,0.94,25,0.4642857142857143,3,30,0.1,25,0.12
gemma-2-2b-it,dev,cure_centred_svd_r1_a1,cure_centred_svd,1,1.0,demographic,stereoset,exploratory,28,28,28,0.7615792410714286,0.5641741071428571,0.6071428571428571,0.3214285714285714,0.0714285714285714,0.1974051339285714,0.0256696428571428,0.375735909598214,0.2592049825975453,0.0426831000300622,0.4268781485590891,12,5,2,16,0.4166666666666667,0.1428571428571428,0.7142857142857143,0.0167091334744564,0.0168238924223971,0.3928571428571428,0.375,0.0178571428571428,-0.0892857142857142,0.125,0.25,0.2321428571428571,0.0178571428571428,-0.0714285714285714,0.125,0.8571428571428571,0.7678571428571429,0.0892857142857142,-0.0178571428571428,0.2321428571428571,0.28,25,0.28,4,28,0.1428571428571428,23,0.1739130434782608
gemma-2-2b-it,dev,cure_centred_svd_r1_a1,cure_centred_svd,1,1.0,identity,pooled,exploratory,100,100,100,0.0,0.0,0.0,0.0,1.0,0.0,0.0,0.0,,,,0,0,0,100,,,,0.0163877765485443,0.0163890017385525,0.5670103092783505,0.4123711340206185,0.1546391752577319,0.0618556701030927,0.2474226804123711,0.54,0.41,0.13,0.05,0.22,0.88,0.9,-0.02,-0.08,0.04,0.627906976744186,86,0.4712643678160919,0,100,0.0,88,0.0
gemma-2-2b-it,dev,cure_centred_svd_r1_a1,cure_centred_svd,1,1.0,identity,bbq,exploratory,42,42,42,0.0,0.0,0.0,0.0,1.0,0.0,0.0,0.0,,,,0,0,0,42,,,,0.0164271545949667,0.0164310076240032,0.6153846153846154,0.5128205128205128,0.1025641025641025,0.0,0.2307692307692307,0.5714285714285714,0.5238095238095238,0.0476190476190476,-0.0714285714285714,0.1666666666666666,0.9761904761904762,1.0,-0.0238095238095238,-0.0714285714285714,0.0,0.6153846153846154,39,0.5641025641025641,0,42,0.0,41,0.0
gemma-2-2b-it,dev,cure_centred_svd_r1_a1,cure_centred_svd,1,1.0,identity,crows_pairs,exploratory,30,30,30,0.0,0.0,0.0,0.0,1.0,0.0,0.0,0.0,,,,0,0,0,30,,,,0.0160393909448467,0.0160387455886041,0.7,0.3,0.4,0.2333333333333333,0.5666666666666667,0.7333333333333333,0.4,0.3333333333333333,0.1666666666666666,0.5,0.8,0.9333333333333332,-0.1333333333333333,-0.2666666666666666,-0.0333333333333333,0.9166666666666666,24,0.4285714285714285,0,30,0.0,24,0.0
gemma-2-2b-it,dev,cure_centred_svd_r1_a1,cure_centred_svd,1,1.0,identity,stereoset,exploratory,28,28,28,0.0,0.0,0.0,0.0,1.0,0.0,0.0,0.0,,,,0,0,0,28,,,,0.0167019797685868,0.0167012673567499,0.3571428571428571,0.3928571428571428,-0.0357142857142857,-0.1785714285714285,0.1071428571428571,0.2857142857142857,0.25,0.0357142857142857,-0.1071428571428571,0.1785714285714285,0.8214285714285714,0.7142857142857143,0.1071428571428571,-0.0357142857142857,0.25,0.3478260869565217,23,0.35,0,28,0.0,23,0.0
gemma-2-2b-it,dev,cure_centred_svd_r1_a1,cure_centred_svd,1,1.0,neutral,pooled,exploratory,42,42,42,0.3579334077380952,0.2250162760416666,0.5952380952380952,0.3809523809523809,0.0238095238095238,0.1329171316964285,0.0468244280133928,0.2314014253162202,0.3713459789528387,0.1574069223457148,0.5430319184305602,5,5,1,37,1.0,1.0,1.0,0.0386809887244831,0.0274649927112958,0.6025641025641025,0.5641025641025641,0.0384615384615384,-0.0128205128205128,0.0897435897435897,0.5952380952380952,0.5833333333333334,0.0119047619047619,-0.0595238095238095,0.0833333333333333,0.9761904761904762,0.988095238095238,-0.0119047619047619,-0.0357142857142857,0.0,0.6410256410256411,39,0.6410256410256411,5,42,0.119047619047619,41,0.1219512195121951
gemma-2-2b-it,dev,cure_centred_svd_r1_a1,cure_centred_svd,1,1.0,neutral,bbq,exploratory,42,42,42,0.3579334077380952,0.2250162760416666,0.5952380952380952,0.3809523809523809,0.0238095238095238,0.1329171316964285,0.0468244280133928,0.2314014253162202,0.3713459789528387,0.1574069223457148,0.5430319184305602,5,5,1,37,1.0,1.0,1.0,0.0386809887244831,0.0274649927112958,0.6025641025641025,0.5641025641025641,0.0384615384615384,-0.0128205128205128,0.0897435897435897,0.5952380952380952,0.5833333333333334,0.0119047619047619,-0.0595238095238095,0.0833333333333333,0.9761904761904762,0.988095238095238,-0.0119047619047619,-0.0357142857142857,0.0,0.6410256410256411,39,0.6410256410256411,5,42,0.119047619047619,41,0.1219512195121951
gemma-2-2b-it,dev,cure_centred_svd_r2_a1,cure_centred_svd,2,1.0,demographic,pooled,exploratory,100,100,100,0.6788427734375,0.51947265625,0.59,0.4,0.01,0.1593701171875,0.0354744873046875,0.2831137695312498,0.2347673473497953,0.0615004103066003,0.368808314920924,29,18,11,71,0.6206896551724138,0.4444444444444444,0.8,0.0266494182343197,0.0257261023599927,0.5808080808080808,0.4444444444444444,0.1363636363636363,0.0656565656565656,0.207196969696969,0.495,0.415,0.08,0.015,0.145,0.885,0.905,-0.02,-0.075,0.03,0.5659340659340659,91,0.4627659574468085,13,100,0.13,85,0.1529411764705882
gemma-2-2b-it,dev,cure_centred_svd_r2_a1,cure_centred_svd,2,1.0,demographic,bbq,exploratory,42,42,42,0.4410458519345238,0.4286876860119047,0.5476190476190477,0.4285714285714285,0.0238095238095238,0.012358165922619,-0.1496721540178571,0.1526529947916665,0.0280201386509212,-0.4278910525552543,0.2983796936467865,7,6,4,35,0.8571428571428571,0.5,1.0,0.032582752589727,0.0296311068742948,0.6219512195121951,0.5487804878048781,0.073170731707317,-0.0121951219512195,0.1585365853658536,0.5,0.5238095238095238,-0.0238095238095238,-0.0952380952380952,0.0476190476190476,0.988095238095238,1.0,-0.0119047619047619,-0.0357142857142857,0.0,0.5121951219512195,41,0.573170731707317,10,42,0.238095238095238,41,0.2439024390243902
gemma-2-2b-it,dev,cure_centred_svd_r2_a1,cure_centred_svd,2,1.0,demographic,crows_pairs,exploratory,30,30,30,0.9345377604166668,0.6871419270833333,0.6333333333333333,0.3666666666666666,0.0,0.2473958333333333,0.0025846354166666,0.5044466145833332,0.2647253474520185,0.0026684891198935,0.4502835012234371,10,4,5,20,0.4,0.1,0.727840909090906,0.0199603195472636,0.0212243197470046,0.6666666666666666,0.3666666666666666,0.3,0.1333333333333333,0.4666666666666667,0.75,0.4333333333333333,0.3166666666666666,0.1666666666666666,0.4666666666666667,0.8,0.9,-0.1,-0.2166666666666666,0.0,0.94,25,0.4642857142857143,3,30,0.1,23,0.1304347826086956
gemma-2-2b-it,dev,cure_centred_svd_r2_a1,cure_centred_svd,2,1.0,demographic,stereoset,exploratory,28,28,28,0.7615792410714286,0.4760044642857143,0.6071428571428571,0.3928571428571428,0.0,0.2855747767857143,0.0591378348214285,0.5431535993303569,0.3749771020333394,0.101716950540496,0.5735759165885731,12,8,2,16,0.6666666666666666,0.3846153846153846,0.9166666666666666,0.0249163081516261,0.0246919341024555,0.4285714285714285,0.375,0.0535714285714285,-0.0535714285714285,0.1607142857142857,0.2142857142857142,0.2321428571428571,-0.0178571428571428,-0.1071428571428571,0.0892857142857142,0.8214285714285714,0.7678571428571429,0.0535714285714285,-0.0714285714285714,0.1964285714285714,0.28,25,0.28,0,28,0.0,21,0.0
gemma-2-2b-it,dev,cure_centred_svd_r2_a1,cure_centred_svd,2,1.0,identity,pooled,exploratory,100,100,100,0.0,0.0,0.0,0.0,1.0,0.0,0.0,0.0,,,,0,0,0,100,,,,0.0247980946627623,0.0248098589649675,0.5670103092783505,0.4123711340206185,0.1546391752577319,0.0515463917525773,0.2474226804123711,0.47,0.41,0.06,-0.02,0.14,0.86,0.9,-0.04,-0.11,0.02,0.5662650602409639,83,0.4712643678160919,0,100,0.0,86,0.0
gemma-2-2b-it,dev,cure_centred_svd_r2_a1,cure_centred_svd,2,1.0,identity,bbq,exploratory,42,42,42,0.0,0.0,0.0,0.0,1.0,0.0,0.0,0.0,,,,0,0,0,42,,,,0.0271572477393625,0.0271781546661549,0.6410256410256411,0.5128205128205128,0.1282051282051282,0.0,0.2564102564102564,0.5,0.5238095238095238,-0.0238095238095238,-0.1428571428571428,0.0714285714285714,1.0,1.0,0.0,0.0,0.0,0.5384615384615384,39,0.5641025641025641,0,42,0.0,42,0.0
gemma-2-2b-it,dev,cure_centred_svd_r2_a1,cure_centred_svd,2,1.0,identity,crows_pairs,exploratory,30,30,30,0.0,0.0,0.0,0.0,1.0,0.0,0.0,0.0,,,,0,0,0,30,,,,0.0218331377871337,0.0218398664108326,0.6333333333333333,0.3,0.3333333333333333,0.1333333333333333,0.5333333333333333,0.7,0.4,0.3,0.1333333333333333,0.4666666666666667,0.7666666666666667,0.9333333333333332,-0.1666666666666666,-0.3,-0.0333333333333333,0.9130434782608696,23,0.4285714285714285,0,30,0.0,23,0.0
gemma-2-2b-it,dev,cure_centred_svd_r2_a1,cure_centred_svd,2,1.0,identity,stereoset,exploratory,28,28,28,0.0,0.0,0.0,0.0,1.0,0.0,0.0,0.0,,,,0,0,0,28,,,,0.0244361045574641,0.0244395502926166,0.3928571428571428,0.3928571428571428,0.0,-0.1785714285714285,0.1785714285714285,0.1785714285714285,0.25,-0.0714285714285714,-0.2142857142857142,0.0357142857142857,0.75,0.7142857142857143,0.0357142857142857,-0.1071428571428571,0.2142857142857142,0.238095238095238,21,0.35,0,28,0.0,21,0.0
gemma-2-2b-it,dev,cure_centred_svd_r2_a1,cure_centred_svd,2,1.0,neutral,pooled,exploratory,42,42,42,0.3579334077380952,0.2718157087053571,0.6190476190476191,0.3809523809523809,0.0,0.0861176990327381,-0.014341808500744,0.1938568115234373,0.2405969858386384,-0.0447899782411742,0.4687192419298943,5,5,1,37,1.0,1.0,1.0,0.0505783721140752,0.03722980031794,0.6153846153846154,0.5641025641025641,0.0512820512820512,-0.0384615384615384,0.1282051282051282,0.5714285714285714,0.5833333333333334,-0.0119047619047619,-0.0833333333333333,0.0595238095238095,0.988095238095238,0.988095238095238,0.0,0.0,0.0,0.6153846153846154,39,0.6410256410256411,9,42,0.2142857142857142,41,0.2195121951219512
gemma-2-2b-it,dev,cure_centred_svd_r2_a1,cure_centred_svd,2,1.0,neutral,bbq,exploratory,42,42,42,0.3579334077380952,0.2718157087053571,0.6190476190476191,0.3809523809523809,0.0,0.0861176990327381,-0.014341808500744,0.1938568115234373,0.2405969858386384,-0.0447899782411742,0.4687192419298943,5,5,1,37,1.0,1.0,1.0,0.0505783721140752,0.03722980031794,0.6153846153846154,0.5641025641025641,0.0512820512820512,-0.0384615384615384,0.1282051282051282,0.5714285714285714,0.5833333333333334,-0.0119047619047619,-0.0833333333333333,0.0595238095238095,0.988095238095238,0.988095238095238,0.0,0.0,0.0,0.6153846153846154,39,0.6410256410256411,9,42,0.2142857142857142,41,0.2195121951219512
gemma-2-2b-it,dev,cure_centred_svd_r4_a1,cure_centred_svd,4,1.0,demographic,pooled,exploratory,100,100,100,0.6788427734375,0.504454345703125,0.58,0.4,0.02,0.174388427734375,0.0523293762207031,0.297805694580078,0.2568907478403476,0.0897725973626143,0.3830993520380595,29,17,9,71,0.5862068965517241,0.4074074074074074,0.7667307692307689,0.0370312419830924,0.0338418354397206,0.5757575757575758,0.4444444444444444,0.1313131313131313,0.0555555555555555,0.207070707070707,0.53,0.415,0.115,0.05,0.1801249999999993,0.895,0.905,-0.01,-0.06,0.035,0.6043956043956044,91,0.4627659574468085,19,100,0.19,87,0.2183908045977011
gemma-2-2b-it,dev,cure_centred_svd_r4_a1,cure_centred_svd,4,1.0,demographic,bbq,exploratory,42,42,42,0.4410458519345238,0.3916131882440476,0.5238095238095238,0.4285714285714285,0.0476190476190476,0.0494326636904761,-0.1138276599702381,0.1921235584077379,0.112080554603685,-0.3134096550330912,0.3727730248342912,7,6,2,35,0.8571428571428571,0.5,1.0,0.0432426580269266,0.035917652461343,0.5975609756097561,0.5487804878048781,0.048780487804878,-0.0609756097560975,0.1585365853658536,0.5357142857142857,0.5238095238095238,0.0119047619047619,-0.0595238095238095,0.0833333333333333,0.988095238095238,1.0,-0.0119047619047619,-0.0357142857142857,0.0,0.5609756097560976,41,0.573170731707317,12,42,0.2857142857142857,41,0.2926829268292683
gemma-2-2b-it,dev,cure_centred_svd_r4_a1,cure_centred_svd,4,1.0,demographic,crows_pairs,exploratory,30,30,30,0.9345377604166668,0.6602091471354167,0.6666666666666666,0.3333333333333333,0.0,0.27432861328125,0.0077962239583333,0.5495063273111976,0.2935447072346651,0.0117793984258171,0.4617218294408108,10,3,5,20,0.3,0.0,0.625,0.0312596856072816,0.0311065003927659,0.6833333333333333,0.3666666666666666,0.3166666666666666,0.1666666666666666,0.4666666666666667,0.8,0.4333333333333333,0.3666666666666666,0.2166666666666666,0.5166666666666667,0.85,0.9,-0.05,-0.15,0.0333333333333333,0.9423076923076924,26,0.4642857142857143,3,30,0.1,25,0.12
gemma-2-2b-it,dev,cure_centred_svd_r4_a1,cure_centred_svd,4,1.0,demographic,stereoset,exploratory,28,28,28,0.7615792410714286,0.5068359375,0.5714285714285714,0.4285714285714285,0.0,0.2547433035714285,0.0276053292410714,0.526381138392857,0.3344934969774684,0.0499404185197244,0.5573185881044038,12,8,2,16,0.6666666666666666,0.375,0.9166666666666666,0.0338979283199956,0.0336588260290241,0.4285714285714285,0.375,0.0535714285714285,-0.0357142857142857,0.1428571428571428,0.2321428571428571,0.2321428571428571,0.0,-0.0892857142857142,0.1071428571428571,0.8035714285714286,0.7678571428571429,0.0357142857142857,-0.0892857142857142,0.1785714285714285,0.3125,24,0.28,4,28,0.1428571428571428,21,0.1904761904761904
gemma-2-2b-it,dev,cure_centred_svd_r4_a1,cure_centred_svd,4,1.0,identity,pooled,exploratory,100,100,100,0.0,0.0,0.0,0.0,1.0,0.0,0.0,0.0,,,,0,0,0,100,,,,0.0328016638376902,0.0328112461992278,0.5979381443298969,0.4123711340206185,0.1855670103092783,0.0927835051546391,0.2783505154639175,0.51,0.41,0.1,0.01,0.19,0.87,0.9,-0.03,-0.09,0.03,0.6071428571428571,84,0.4712643678160919,0,100,0.0,87,0.0
gemma-2-2b-it,dev,cure_centred_svd_r4_a1,cure_centred_svd,4,1.0,identity,bbq,exploratory,42,42,42,0.0,0.0,0.0,0.0,1.0,0.0,0.0,0.0,,,,0,0,0,42,,,,0.0335899388070262,0.0336059508259791,0.6666666666666666,0.5128205128205128,0.1538461538461538,0.0256410256410256,0.282051282051282,0.5238095238095238,0.5238095238095238,0.0,-0.1428571428571428,0.119047619047619,1.0,1.0,0.0,0.0,0.0,0.5641025641025641,39,0.5641025641025641,0,42,0.0,42,0.0
gemma-2-2b-it,dev,cure_centred_svd_r4_a1,cure_centred_svd,4,1.0,identity,crows_pairs,exploratory,30,30,30,0.0,0.0,0.0,0.0,1.0,0.0,0.0,0.0,,,,0,0,0,30,,,,0.0310960708442316,0.031090588821934,0.6666666666666666,0.3,0.3666666666666666,0.2,0.5333333333333333,0.7666666666666667,0.4,0.3666666666666666,0.2,0.5333333333333333,0.8333333333333334,0.9333333333333332,-0.1,-0.2333333333333333,0.0,0.92,25,0.4285714285714285,0,30,0.0,25,0.0
gemma-2-2b-it,dev,cure_centred_svd_r4_a1,cure_centred_svd,4,1.0,identity,stereoset,exploratory,28,28,28,0.0,0.0,0.0,0.0,1.0,0.0,0.0,0.0,,,,0,0,0,28,,,,0.0334466724481061,0.0334627507347727,0.4285714285714285,0.3928571428571428,0.0357142857142857,-0.1071428571428571,0.2142857142857142,0.2142857142857142,0.25,-0.0357142857142857,-0.1785714285714285,0.0714285714285714,0.7142857142857143,0.7142857142857143,0.0,-0.1785714285714285,0.1785714285714285,0.3,20,0.35,0,28,0.0,20,0.0
gemma-2-2b-it,dev,cure_centred_svd_r4_a1,cure_centred_svd,4,1.0,neutral,pooled,exploratory,42,42,42,0.3579334077380952,0.2074730282738095,0.6904761904761905,0.238095238095238,0.0714285714285714,0.1504603794642857,0.0564197358630952,0.2521833147321428,0.4203585812654281,0.1859706564638737,0.5970005666924207,5,5,1,37,1.0,1.0,1.0,0.0592171864619197,0.0441627311949358,0.6153846153846154,0.5641025641025641,0.0512820512820512,-0.0384615384615384,0.1282051282051282,0.5714285714285714,0.5833333333333334,-0.0119047619047619,-0.0833333333333333,0.0595238095238095,0.988095238095238,0.988095238095238,0.0,0.0,0.0,0.6153846153846154,39,0.6410256410256411,8,42,0.1904761904761904,41,0.1951219512195122
gemma-2-2b-it,dev,cure_centred_svd_r4_a1,cure_centred_svd,4,1.0,neutral,bbq,exploratory,42,42,42,0.3579334077380952,0.2074730282738095,0.6904761904761905,0.238095238095238,0.0714285714285714,0.1504603794642857,0.0564197358630952,0.2521833147321428,0.4203585812654281,0.1859706564638737,0.5970005666924207,5,5,1,37,1.0,1.0,1.0,0.0592171864619197,0.0441627311949358,0.6153846153846154,0.5641025641025641,0.0512820512820512,-0.0384615384615384,0.1282051282051282,0.5714285714285714,0.5833333333333334,-0.0119047619047619,-0.0833333333333333,0.0595238095238095,0.988095238095238,0.988095238095238,0.0,0.0,0.0,0.6153846153846154,39,0.6410256410256411,8,42,0.1904761904761904,41,0.1951219512195122
gemma-2-2b-it,dev,identity_alpha0_r1_a0,identity_alpha0,1,0.0,demographic,pooled,exploratory,100,100,100,0.6788427734375,0.6788427734375,0.0,0.0,1.0,0.0,0.0,0.0,0.0,0.0,0.0,29,0,0,71,0.0,0.0,0.0,0.0,0.0,0.4444444444444444,0.4444444444444444,0.0,0.0,0.0,0.415,0.415,0.0,0.0,0.0,0.905,0.905,0.0,0.0,0.0,0.4627659574468085,94,0.4627659574468085,28,100,0.28,86,0.3255813953488372
gemma-2-2b-it,dev,identity_alpha0_r1_a0,identity_alpha0,1,0.0,demographic,bbq,exploratory,42,42,42,0.4410458519345238,0.4410458519345238,0.0,0.0,1.0,0.0,0.0,0.0,0.0,0.0,0.0,7,0,0,35,0.0,0.0,0.0,0.0,0.0,0.5487804878048781,0.5487804878048781,0.0,0.0,0.0,0.5238095238095238,0.5238095238095238,0.0,0.0,0.0,1.0,1.0,0.0,0.0,0.0,0.573170731707317,41,0.573170731707317,12,42,0.2857142857142857,42,0.2857142857142857
gemma-2-2b-it,dev,identity_alpha0_r1_a0,identity_alpha0,1,0.0,demographic,crows_pairs,exploratory,30,30,30,0.9345377604166668,0.9345377604166668,0.0,0.0,1.0,0.0,0.0,0.0,0.0,0.0,0.0,10,0,0,20,0.0,0.0,0.0,0.0,0.0,0.3666666666666666,0.3666666666666666,0.0,0.0,0.0,0.4333333333333333,0.4333333333333333,0.0,0.0,0.0,0.9,0.9,0.0,0.0,0.0,0.4642857142857143,28,0.4642857142857143,10,30,0.3333333333333333,26,0.3846153846153846
gemma-2-2b-it,dev,identity_alpha0_r1_a0,identity_alpha0,1,0.0,demographic,stereoset,exploratory,28,28,28,0.7615792410714286,0.7615792410714286,0.0,0.0,1.0,0.0,0.0,0.0,0.0,0.0,0.0,12,0,0,16,0.0,0.0,0.0,0.0,0.0,0.375,0.375,0.0,0.0,0.0,0.2321428571428571,0.2321428571428571,0.0,0.0,0.0,0.7678571428571429,0.7678571428571429,0.0,0.0,0.0,0.28,25,0.28,6,28,0.2142857142857142,18,0.3333333333333333
gemma-2-2b-it,dev,identity_alpha0_r1_a0,identity_alpha0,1,0.0,identity,pooled,exploratory,100,100,100,0.0,0.0,0.0,0.0,1.0,0.0,0.0,0.0,,,,0,0,0,100,,,,0.0,0.0,0.4123711340206185,0.4123711340206185,0.0,0.0,0.0,0.41,0.41,0.0,0.0,0.0,0.9,0.9,0.0,0.0,0.0,0.4712643678160919,87,0.4712643678160919,0,100,0.0,90,0.0
gemma-2-2b-it,dev,identity_alpha0_r1_a0,identity_alpha0,1,0.0,identity,bbq,exploratory,42,42,42,0.0,0.0,0.0,0.0,1.0,0.0,0.0,0.0,,,,0,0,0,42,,,,0.0,0.0,0.5128205128205128,0.5128205128205128,0.0,0.0,0.0,0.5238095238095238,0.5238095238095238,0.0,0.0,0.0,1.0,1.0,0.0,0.0,0.0,0.5641025641025641,39,0.5641025641025641,0,42,0.0,42,0.0
gemma-2-2b-it,dev,identity_alpha0_r1_a0,identity_alpha0,1,0.0,identity,crows_pairs,exploratory,30,30,30,0.0,0.0,0.0,0.0,1.0,0.0,0.0,0.0,,,,0,0,0,30,,,,0.0,0.0,0.3,0.3,0.0,0.0,0.0,0.4,0.4,0.0,0.0,0.0,0.9333333333333332,0.9333333333333332,0.0,0.0,0.0,0.4285714285714285,28,0.4285714285714285,0,30,0.0,28,0.0
gemma-2-2b-it,dev,identity_alpha0_r1_a0,identity_alpha0,1,0.0,identity,stereoset,exploratory,28,28,28,0.0,0.0,0.0,0.0,1.0,0.0,0.0,0.0,,,,0,0,0,28,,,,0.0,0.0,0.3928571428571428,0.3928571428571428,0.0,0.0,0.0,0.25,0.25,0.0,0.0,0.0,0.7142857142857143,0.7142857142857143,0.0,0.0,0.0,0.35,20,0.35,0,28,0.0,20,0.0
gemma-2-2b-it,dev,identity_alpha0_r1_a0,identity_alpha0,1,0.0,neutral,pooled,exploratory,42,42,42,0.3579334077380952,0.3579334077380952,0.0,0.0,1.0,0.0,0.0,0.0,0.0,0.0,0.0,5,0,0,37,0.0,0.0,0.0,0.0,0.0,0.5641025641025641,0.5641025641025641,0.0,0.0,0.0,0.5833333333333334,0.5833333333333334,0.0,0.0,0.0,0.988095238095238,0.988095238095238,0.0,0.0,0.0,0.6410256410256411,39,0.6410256410256411,9,42,0.2142857142857142,41,0.2195121951219512
gemma-2-2b-it,dev,identity_alpha0_r1_a0,identity_alpha0,1,0.0,neutral,bbq,exploratory,42,42,42,0.3579334077380952,0.3579334077380952,0.0,0.0,1.0,0.0,0.0,0.0,0.0,0.0,0.0,5,0,0,37,0.0,0.0,0.0,0.0,0.0,0.5641025641025641,0.5641025641025641,0.0,0.0,0.0,0.5833333333333334,0.5833333333333334,0.0,0.0,0.0,0.988095238095238,0.988095238095238,0.0,0.0,0.0,0.6410256410256411,39,0.6410256410256411,9,42,0.2142857142857142,41,0.2195121951219512
gemma-2-2b-it,dev,leace_faithful_r1_a1,leace_faithful,1,1.0,demographic,pooled,exploratory,100,100,100,0.6788427734375,0.6703680419921875,0.45,0.47,0.08,0.0084747314453125,-0.0373855743408203,0.0529225311279296,0.0124840858250555,-0.0566967787978768,0.074897394759786,29,4,6,71,0.1379310344827586,0.0333064516129032,0.2813616071428565,0.0011298486618028,0.001371635479294,0.4545454545454545,0.4444444444444444,0.0101010101010101,-0.0101010101010101,0.0353535353535353,0.42,0.415,0.005,-0.015,0.025,0.9,0.905,-0.005,-0.015,0.0,0.4623655913978494,93,0.4627659574468085,28,100,0.28,86,0.3255813953488372
gemma-2-2b-it,dev,leace_faithful_r1_a1,leace_faithful,1,1.0,demographic,bbq,exploratory,42,42,42,0.4410458519345238,0.4536365327380952,0.3809523809523809,0.4761904761904761,0.1428571428571428,-0.0125906808035714,-0.0607715425037202,0.0374465215773809,-0.0285473284656141,-0.1566722817504528,0.0835461111095466,7,1,0,35,0.1428571428571428,0.0,0.5,0.0012617405947329,0.0015159965485234,0.5609756097560976,0.5487804878048781,0.0121951219512195,0.0,0.0365853658536585,0.5119047619047619,0.5238095238095238,-0.0119047619047619,-0.0357142857142857,0.0,1.0,1.0,0.0,0.0,0.0,0.5487804878048781,41,0.573170731707317,11,42,0.2619047619047619,42,0.2619047619047619
gemma-2-2b-it,dev,leace_faithful_r1_a1,leace_faithful,1,1.0,demographic,crows_pairs,exploratory,30,30,30,0.9345377604166668,0.8298075358072917,0.6666666666666666,0.3333333333333333,0.0,0.104730224609375,0.0211991882324218,0.2039257812499999,0.1120663380821345,0.0220759724949984,0.2187076813625908,10,1,2,20,0.1,0.0,0.3333333333333333,0.0012080594501683,0.0013850483772244,0.3833333333333333,0.3666666666666666,0.0166666666666666,-0.0333333333333333,0.0666666666666666,0.4666666666666667,0.4333333333333333,0.0333333333333333,0.0,0.0833333333333333,0.9,0.9,0.0,0.0,0.0,0.5,28,0.4642857142857143,10,30,0.3333333333333333,26,0.3846153846153846
gemma-2-2b-it,dev,leace_faithful_r1_a1,leace_faithful,1,1.0,demographic,stereoset,exploratory,28,28,28,0.7615792410714286,0.8246372767857143,0.3214285714285714,0.6071428571428571,0.0714285714285714,-0.0630580357142857,-0.1513741629464285,0.0240094866071427,-0.0827990474445869,-0.2339448922794435,0.0284348534296362,12,2,4,16,0.1666666666666666,0.0,0.4004166666666644,0.0008482134891589,0.0011407229133815,0.375,0.375,0.0,-0.0535714285714285,0.0535714285714285,0.2321428571428571,0.2321428571428571,0.0,-0.0535714285714285,0.0535714285714285,0.75,0.7678571428571429,-0.0178571428571428,-0.0535714285714285,0.0,0.2708333333333333,24,0.28,7,28,0.25,18,0.3888888888888889
gemma-2-2b-it,dev,leace_faithful_r1_a1,leace_faithful,1,1.0,identity,pooled,exploratory,100,100,100,0.0,0.0,0.0,0.0,1.0,0.0,0.0,0.0,,,,0,0,0,100,,,,0.0014040972452722,0.0014027169236434,0.4329896907216495,0.4123711340206185,0.0206185567010309,-0.0206185567010309,0.0618556701030927,0.4,0.41,-0.01,-0.05,0.02,0.9,0.9,0.0,0.0,0.0,0.4597701149425287,87,0.4712643678160919,0,100,0.0,90,0.0
gemma-2-2b-it,dev,leace_faithful_r1_a1,leace_faithful,1,1.0,identity,bbq,exploratory,42,42,42,0.0,0.0,0.0,0.0,1.0,0.0,0.0,0.0,,,,0,0,0,42,,,,0.0013556925604153,0.0013541638692757,0.5384615384615384,0.5128205128205128,0.0256410256410256,0.0,0.0769230769230769,0.4761904761904761,0.5238095238095238,-0.0476190476190476,-0.119047619047619,0.0,1.0,1.0,0.0,0.0,0.0,0.5128205128205128,39,0.5641025641025641,0,42,0.0,42,0.0
gemma-2-2b-it,dev,leace_faithful_r1_a1,leace_faithful,1,1.0,identity,crows_pairs,exploratory,30,30,30,0.0,0.0,0.0,0.0,1.0,0.0,0.0,0.0,,,,0,0,0,30,,,,0.0015144995590418,0.0015110669669587,0.3666666666666666,0.3,0.0666666666666666,0.0,0.1666666666666666,0.4333333333333333,0.4,0.0333333333333333,0.0,0.1,0.9333333333333332,0.9333333333333332,0.0,0.0,0.0,0.4642857142857143,28,0.4285714285714285,0,30,0.0,28,0.0
gemma-2-2b-it,dev,leace_faithful_r1_a1,leace_faithful,1,1.0,identity,stereoset,exploratory,28,28,28,0.0,0.0,0.0,0.0,1.0,0.0,0.0,0.0,,,,0,0,0,28,,,,0.001358416079233,0.0013594571730713,0.3571428571428571,0.3928571428571428,-0.0357142857142857,-0.1071428571428571,0.0,0.25,0.25,0.0,0.0,0.0,0.7142857142857143,0.7142857142857143,0.0,0.0,0.0,0.35,20,0.35,0,28,0.0,20,0.0
gemma-2-2b-it,dev,leace_faithful_r1_a1,leace_faithful,1,1.0,neutral,pooled,exploratory,42,42,42,0.3579334077380952,0.3668532598586309,0.3809523809523809,0.5,0.119047619047619,-0.0089198521205357,-0.0574950445265997,0.0396440051850818,-0.0249204235416395,-0.1738437708616775,0.1154733268894411,5,1,0,37,0.2,0.0,0.6666666666666666,0.0005749864965695,0.0009924241122307,0.5641025641025641,0.5641025641025641,0.0,-0.0384615384615384,0.0384615384615384,0.5595238095238095,0.5833333333333334,-0.0238095238095238,-0.0595238095238095,0.0,0.988095238095238,0.988095238095238,0.0,0.0,0.0,0.6025641025641025,39,0.6410256410256411,9,42,0.2142857142857142,41,0.2195121951219512
gemma-2-2b-it,dev,leace_faithful_r1_a1,leace_faithful,1,1.0,neutral,bbq,exploratory,42,42,42,0.3579334077380952,0.3668532598586309,0.3809523809523809,0.5,0.119047619047619,-0.0089198521205357,-0.0574950445265997,0.0396440051850818,-0.0249204235416395,-0.1738437708616775,0.1154733268894411,5,1,0,37,0.2,0.0,0.6666666666666666,0.0005749864965695,0.0009924241122307,0.5641025641025641,0.5641025641025641,0.0,-0.0384615384615384,0.0384615384615384,0.5595238095238095,0.5833333333333334,-0.0238095238095238,-0.0595238095238095,0.0,0.988095238095238,0.988095238095238,0.0,0.0,0.0,0.6025641025641025,39,0.6410256410256411,9,42,0.2142857142857142,41,0.2195121951219512
gemma-2-2b-it,dev,leace_sequential_r1_a1,leace_sequential,1,1.0,demographic,pooled,exploratory,100,100,100,0.6788427734375,0.67400390625,0.5,0.41,0.09,0.0048388671875,-0.042976806640625,0.0527662353515624,0.0071281118056204,-0.0676553700362937,0.0754376367076918,29,5,3,71,0.1724137931034483,0.0384259259259259,0.3214285714285714,0.00085517949311,0.0010297599788336,0.4545454545454545,0.4444444444444444,0.0101010101010101,-0.0151515151515151,0.0353535353535353,0.415,0.415,0.0,-0.025,0.02,0.895,0.905,-0.01,-0.025,0.0,0.4677419354838709,93,0.4627659574468085,28,100,0.28,85,0.3294117647058823
gemma-2-2b-it,dev,leace_sequential_r1_a1,leace_sequential,1,1.0,demographic,bbq,exploratory,42,42,42,0.4410458519345238,0.4206659226190476,0.5476190476190477,0.3333333333333333,0.119047619047619,0.0203799293154761,-0.0238115583147321,0.0695170084635416,0.0462081872578221,-0.0577861266438852,0.1561406462460425,7,1,0,35,0.1428571428571428,0.0,0.5,0.0008959043879955,0.0010403078346528,0.5609756097560976,0.5487804878048781,0.0121951219512195,0.0,0.0365853658536585,0.5119047619047619,0.5238095238095238,-0.0119047619047619,-0.0357142857142857,0.0,0.988095238095238,1.0,-0.0119047619047619,-0.0357142857142857,0.0,0.573170731707317,41,0.573170731707317,12,42,0.2857142857142857,41,0.2926829268292683
gemma-2-2b-it,dev,leace_sequential_r1_a1,leace_sequential,1,1.0,demographic,crows_pairs,exploratory,30,30,30,0.9345377604166668,0.8568359375,0.6666666666666666,0.3,0.0333333333333333,0.0777018229166666,-0.0051407877604166,0.1581990559895831,0.0831446584694695,-0.0072337549826598,0.1729464735261394,10,1,1,20,0.1,0.0,0.3333333333333333,0.0007981870008673,0.0010284100154477,0.3666666666666666,0.3666666666666666,0.0,-0.05,0.05,0.4833333333333333,0.4333333333333333,0.05,0.0,0.1166666666666666,0.9,0.9,0.0,0.0,0.0,0.5178571428571429,28,0.4642857142857143,11,30,0.3666666666666666,26,0.4230769230769231
gemma-2-2b-it,dev,leace_sequential_r1_a1,leace_sequential,1,1.0,demographic,stereoset,exploratory,28,28,28,0.7615792410714286,0.8581194196428571,0.25,0.6428571428571429,0.1071428571428571,-0.0965401785714285,-0.2034179687499999,0.0170758928571425,-0.1267631434328631,-0.290796095166655,0.0240321942232153,12,3,2,16,0.25,0.0,0.5,0.0008551555353274,0.0010153845844469,0.3928571428571428,0.375,0.0178571428571428,-0.0357142857142857,0.0892857142857142,0.1964285714285714,0.2321428571428571,-0.0357142857142857,-0.0892857142857142,0.0,0.75,0.7678571428571429,-0.0178571428571428,-0.0535714285714285,0.0,0.2291666666666666,24,0.28,5,28,0.1785714285714285,18,0.2777777777777778
gemma-2-2b-it,dev,leace_sequential_r1_a1,leace_sequential,1,1.0,identity,pooled,exploratory,100,100,100,0.0,0.0,0.0,0.0,1.0,0.0,0.0,0.0,,,,0,0,0,100,,,,0.0011688217653224,0.0011687089155908,0.4329896907216495,0.4123711340206185,0.0206185567010309,-0.0206185567010309,0.0618556701030927,0.41,0.41,0.0,-0.03,0.03,0.9,0.9,0.0,0.0,0.0,0.4712643678160919,87,0.4712643678160919,0,100,0.0,90,0.0
gemma-2-2b-it,dev,leace_sequential_r1_a1,leace_sequential,1,1.0,identity,bbq,exploratory,42,42,42,0.0,0.0,0.0,0.0,1.0,0.0,0.0,0.0,,,,0,0,0,42,,,,0.0011149902429215,0.0011147193592721,0.5384615384615384,0.5128205128205128,0.0256410256410256,0.0,0.0769230769230769,0.5238095238095238,0.5238095238095238,0.0,0.0,0.0,1.0,1.0,0.0,0.0,0.0,0.5641025641025641,39,0.5641025641025641,0,42,0.0,42,0.0
gemma-2-2b-it,dev,leace_sequential_r1_a1,leace_sequential,1,1.0,identity,crows_pairs,exploratory,30,30,30,0.0,0.0,0.0,0.0,1.0,0.0,0.0,0.0,,,,0,0,0,30,,,,0.0012750564589763,0.001275835607109,0.3333333333333333,0.3,0.0333333333333333,0.0,0.1,0.4333333333333333,0.4,0.0333333333333333,0.0,0.1,0.9333333333333332,0.9333333333333332,0.0,0.0,0.0,0.4642857142857143,28,0.4285714285714285,0,30,0.0,28,0.0
gemma-2-2b-it,dev,leace_sequential_r1_a1,leace_sequential,1,1.0,identity,stereoset,exploratory,28,28,28,0.0,0.0,0.0,0.0,1.0,0.0,0.0,0.0,,,,0,0,0,28,,,,0.0011357461628659,0.0011349146520135,0.3928571428571428,0.3928571428571428,0.0,-0.1071428571428571,0.1071428571428571,0.2142857142857142,0.25,-0.0357142857142857,-0.1071428571428571,0.0,0.7142857142857143,0.7142857142857143,0.0,0.0,0.0,0.3,20,0.35,0,28,0.0,20,0.0
gemma-2-2b-it,dev,leace_sequential_r1_a1,leace_sequential,1,1.0,neutral,pooled,exploratory,42,42,42,0.3579334077380952,0.3697102864583333,0.4285714285714285,0.4047619047619047,0.1666666666666666,-0.011776878720238,-0.0524085635230654,0.0277183896019345,-0.032902429517994,-0.1553893233485759,0.0773222800104641,5,0,0,37,0.0,0.0,0.0,0.0003186339859981,0.0007926929529144,0.5769230769230769,0.5641025641025641,0.0128205128205128,0.0,0.0384615384615384,0.5833333333333334,0.5833333333333334,0.0,0.0,0.0,0.988095238095238,0.988095238095238,0.0,0.0,0.0,0.6410256410256411,39,0.6410256410256411,9,42,0.2142857142857142,41,0.2195121951219512
gemma-2-2b-it,dev,leace_sequential_r1_a1,leace_sequential,1,1.0,neutral,bbq,exploratory,42,42,42,0.3579334077380952,0.3697102864583333,0.4285714285714285,0.4047619047619047,0.1666666666666666,-0.011776878720238,-0.0524085635230654,0.0277183896019345,-0.032902429517994,-0.1553893233485759,0.0773222800104641,5,0,0,37,0.0,0.0,0.0,0.0003186339859981,0.0007926929529144,0.5769230769230769,0.5641025641025641,0.0128205128205128,0.0,0.0384615384615384,0.5833333333333334,0.5833333333333334,0.0,0.0,0.0,0.988095238095238,0.988095238095238,0.0,0.0,0.0,0.6410256410256411,39,0.6410256410256411,9,42,0.2142857142857142,41,0.2195121951219512
gemma-2-2b-it,dev,mean_difference_r1_a1,mean_difference,1,1.0,demographic,pooled,exploratory,100,100,100,0.6788427734375,0.6550390625,0.49,0.48,0.03,0.0238037109375,-0.0312822265625,0.0773326416015624,0.0350651312335014,-0.0513622156716819,0.1119503666368647,29,4,3,71,0.1379310344827586,0.032258064516129,0.2758620689655172,0.0036211516684449,0.0031537240570935,0.4343434343434343,0.4444444444444444,-0.0101010101010101,-0.0454545454545454,0.0202020202020202,0.46,0.415,0.045,0.01,0.08,0.915,0.905,0.01,-0.01,0.035,0.5052631578947369,95,0.4627659574468085,24,100,0.24,87,0.2758620689655172
gemma-2-2b-it,dev,mean_difference_r1_a1,mean_difference,1,1.0,demographic,bbq,exploratory,42,42,42,0.4410458519345238,0.4571242559523809,0.4285714285714285,0.5476190476190477,0.0238095238095238,-0.0160784040178571,-0.0739987327938988,0.0443420410156249,-0.0364551756860056,-0.1946445282531532,0.0968169599804554,7,1,2,35,0.1428571428571428,0.0,0.5,0.0048733552770372,0.0034497954419227,0.5609756097560976,0.5487804878048781,0.0121951219512195,-0.0609756097560975,0.073170731707317,0.5238095238095238,0.5238095238095238,0.0,-0.0357142857142857,0.0357142857142857,1.0,1.0,0.0,0.0,0.0,0.5609756097560976,41,0.573170731707317,10,42,0.238095238095238,42,0.238095238095238
gemma-2-2b-it,dev,mean_difference_r1_a1,mean_difference,1,1.0,demographic,crows_pairs,exploratory,30,30,30,0.9345377604166668,0.816015625,0.5333333333333333,0.4,0.0666666666666666,0.1185221354166666,0.0081949869791666,0.2440169270833333,0.1268243407990525,0.0097238149984268,0.2412647584982765,10,2,0,20,0.2,0.0,0.5,0.0027568497818766,0.0029446054342022,0.3666666666666666,0.3666666666666666,0.0,-0.05,0.05,0.5833333333333334,0.4333333333333333,0.15,0.0666666666666666,0.25,0.9,0.9,0.0,0.0,0.0,0.6428571428571429,28,0.4642857142857143,10,30,0.3333333333333333,26,0.3846153846153846
gemma-2-2b-it,dev,mean_difference_r1_a1,mean_difference,1,1.0,demographic,stereoset,exploratory,28,28,28,0.7615792410714286,0.7794363839285714,0.5357142857142857,0.4642857142857143,0.0,-0.0178571428571428,-0.1275320870535714,0.08203125,-0.0234475178604141,-0.181780712870584,0.0998818142409381,12,1,1,16,0.0833333333333333,0.0,0.2727272727272727,0.0026688839911652,0.0029336726472333,0.3214285714285714,0.375,-0.0535714285714285,-0.1071428571428571,0.0,0.2321428571428571,0.2321428571428571,0.0,-0.0535714285714285,0.0535714285714285,0.8035714285714286,0.7678571428571429,0.0357142857142857,-0.0357142857142857,0.1428571428571428,0.2692307692307692,26,0.28,4,28,0.1428571428571428,19,0.2105263157894736
gemma-2-2b-it,dev,mean_difference_r1_a1,mean_difference,1,1.0,identity,pooled,exploratory,100,100,100,0.0,0.0,0.0,0.0,1.0,0.0,0.0,0.0,,,,0,0,0,100,,,,0.0031989640198341,0.0031999626703726,0.3917525773195876,0.4123711340206185,-0.0206185567010309,-0.0721649484536082,0.0309278350515463,0.44,0.41,0.03,-0.02,0.08,0.92,0.9,0.02,0.0,0.05,0.4943820224719101,89,0.4712643678160919,0,100,0.0,92,0.0
gemma-2-2b-it,dev,mean_difference_r1_a1,mean_difference,1,1.0,identity,bbq,exploratory,42,42,42,0.0,0.0,0.0,0.0,1.0,0.0,0.0,0.0,,,,0,0,0,42,,,,0.0032616298930323,0.0032610530605737,0.5128205128205128,0.5128205128205128,0.0,-0.0769230769230769,0.0769230769230769,0.4761904761904761,0.5238095238095238,-0.0476190476190476,-0.119047619047619,0.0,1.0,1.0,0.0,0.0,0.0,0.5128205128205128,39,0.5641025641025641,0,42,0.0,42,0.0
gemma-2-2b-it,dev,mean_difference_r1_a1,mean_difference,1,1.0,identity,crows_pairs,exploratory,30,30,30,0.0,0.0,0.0,0.0,1.0,0.0,0.0,0.0,,,,0,0,0,30,,,,0.0031478669565101,0.0031489157509577,0.3333333333333333,0.3,0.0333333333333333,0.0,0.1,0.5333333333333333,0.4,0.1333333333333333,0.0333333333333333,0.2666666666666666,0.9333333333333332,0.9333333333333332,0.0,0.0,0.0,0.5714285714285714,28,0.4285714285714285,0,30,0.0,28,0.0
gemma-2-2b-it,dev,mean_difference_r1_a1,mean_difference,1,1.0,identity,stereoset,exploratory,28,28,28,0.0,0.0,0.0,0.0,1.0,0.0,0.0,0.0,,,,0,0,0,28,,,,0.0031597120635983,0.0031630202130155,0.2857142857142857,0.3928571428571428,-0.1071428571428571,-0.2142857142857142,0.0,0.2857142857142857,0.25,0.0357142857142857,0.0,0.1071428571428571,0.7857142857142857,0.7142857142857143,0.0714285714285714,0.0,0.1785714285714285,0.3636363636363636,22,0.35,0,28,0.0,22,0.0
gemma-2-2b-it,dev,mean_difference_r1_a1,mean_difference,1,1.0,neutral,pooled,exploratory,42,42,42,0.3579334077380952,0.3381754557291667,0.5,0.4285714285714285,0.0714285714285714,0.0197579520089285,-0.027464367094494,0.0671000162760416,0.0552000779524489,-0.0796382806023763,0.1853888229605778,5,0,0,37,0.0,0.0,0.0,0.0025208800057318,0.0027675381194707,0.5512820512820513,0.5641025641025641,-0.0128205128205128,-0.0769230769230769,0.0384615384615384,0.5714285714285714,0.5833333333333334,-0.0119047619047619,-0.0476190476190476,0.0238095238095238,0.988095238095238,0.988095238095238,0.0,0.0,0.0,0.6153846153846154,39,0.6410256410256411,7,42,0.1666666666666666,41,0.1707317073170731
gemma-2-2b-it,dev,mean_difference_r1_a1,mean_difference,1,1.0,neutral,bbq,exploratory,42,42,42,0.3579334077380952,0.3381754557291667,0.5,0.4285714285714285,0.0714285714285714,0.0197579520089285,-0.027464367094494,0.0671000162760416,0.0552000779524489,-0.0796382806023763,0.1853888229605778,5,0,0,37,0.0,0.0,0.0,0.0025208800057318,0.0027675381194707,0.5512820512820513,0.5641025641025641,-0.0128205128205128,-0.0769230769230769,0.0384615384615384,0.5714285714285714,0.5833333333333334,-0.0119047619047619,-0.0476190476190476,0.0238095238095238,0.988095238095238,0.988095238095238,0.0,0.0,0.0,0.6153846153846154,39,0.6410256410256411,7,42,0.1666666666666666,41,0.1707317073170731
gemma-2-2b-it,dev,neutral_contrast_r1_a1,neutral_contrast,1,1.0,demographic,pooled,exploratory,100,100,100,0.6788427734375,0.6831640625,0.48,0.44,0.08,-0.0043212890625,-0.0484080810546874,0.0433743896484375,-0.0063656699777741,-0.0759189028161207,0.0620048928311091,29,4,2,71,0.1379310344827586,0.03125,0.2666666666666666,0.0052497289974016,0.0054476158381776,0.398989898989899,0.4444444444444444,-0.0454545454545454,-0.0808080808080808,-0.0101010101010101,0.405,0.415,-0.01,-0.035,0.015,0.895,0.905,-0.01,-0.03,0.01,0.4569892473118279,93,0.4627659574468085,27,100,0.27,85,0.3176470588235294
gemma-2-2b-it,dev,neutral_contrast_r1_a1,neutral_contrast,1,1.0,demographic,bbq,exploratory,42,42,42,0.4410458519345238,0.4621814546130952,0.5,0.4285714285714285,0.0714285714285714,-0.0211356026785714,-0.0732276553199404,0.0296247209821428,-0.0479215541555737,-0.1904385437938306,0.0640763822040146,7,2,0,35,0.2857142857142857,0.0,0.6666666666666666,0.0057924602004887,0.0059486783531914,0.5365853658536586,0.5487804878048781,-0.0121951219512195,-0.0853658536585365,0.048780487804878,0.5238095238095238,0.5238095238095238,0.0,-0.0357142857142857,0.0357142857142857,0.988095238095238,1.0,-0.0119047619047619,-0.0357142857142857,0.0,0.5853658536585366,41,0.573170731707317,12,42,0.2857142857142857,41,0.2926829268292683
gemma-2-2b-it,dev,neutral_contrast_r1_a1,neutral_contrast,1,1.0,demographic,crows_pairs,exploratory,30,30,30,0.9345377604166668,0.9032063802083332,0.5333333333333333,0.4333333333333333,0.0333333333333333,0.0313313802083333,-0.0444730631510416,0.1077197265624998,0.0335260719634957,-0.0456723844691933,0.133782496059832,10,1,1,20,0.1,0.0,0.3333333333333333,0.004985473936193,0.0049685300901605,0.2833333333333333,0.3666666666666666,-0.0833333333333333,-0.15,-0.0166666666666666,0.45,0.4333333333333333,0.0166666666666666,0.0,0.05,0.8833333333333333,0.9,-0.0166666666666666,-0.05,0.0,0.5,27,0.4642857142857143,9,30,0.3,26,0.3461538461538461
gemma-2-2b-it,dev,neutral_contrast_r1_a1,neutral_contrast,1,1.0,demographic,stereoset,exploratory,28,28,28,0.7615792410714286,0.7788783482142857,0.3928571428571428,0.4642857142857143,0.1428571428571428,-0.0172991071428571,-0.1187325613839285,0.0950265066964284,-0.022714782927276,-0.1851188665094312,0.1024898457773702,12,1,1,16,0.0833333333333333,0.0,0.2727272727272727,0.0047187626154944,0.0052093282242466,0.3214285714285714,0.375,-0.0535714285714285,-0.1071428571428571,0.0,0.1785714285714285,0.2321428571428571,-0.0535714285714285,-0.125,0.0,0.7678571428571429,0.7678571428571429,0.0,-0.0535714285714285,0.0535714285714285,0.2,25,0.28,6,28,0.2142857142857142,18,0.3333333333333333
gemma-2-2b-it,dev,neutral_contrast_r1_a1,neutral_contrast,1,1.0,identity,pooled,exploratory,100,100,100,0.0,0.0,0.0,0.0,1.0,0.0,0.0,0.0,,,,0,0,0,100,,,,0.0055199592205007,0.0055182589632751,0.3608247422680412,0.4123711340206185,-0.0515463917525773,-0.1030927835051546,0.0,0.39,0.41,-0.02,-0.06,0.02,0.89,0.9,-0.01,-0.03,0.0,0.4534883720930232,86,0.4712643678160919,0,100,0.0,89,0.0
gemma-2-2b-it,dev,neutral_contrast_r1_a1,neutral_contrast,1,1.0,identity,bbq,exploratory,42,42,42,0.0,0.0,0.0,0.0,1.0,0.0,0.0,0.0,,,,0,0,0,42,,,,0.005986138729503,0.0059863938558613,0.5128205128205128,0.5128205128205128,0.0,-0.0769230769230769,0.0769230769230769,0.5238095238095238,0.5238095238095238,0.0,-0.0714285714285714,0.0714285714285714,1.0,1.0,0.0,0.0,0.0,0.5641025641025641,39,0.5641025641025641,0,42,0.0,42,0.0
gemma-2-2b-it,dev,neutral_contrast_r1_a1,neutral_contrast,1,1.0,identity,crows_pairs,exploratory,30,30,30,0.0,0.0,0.0,0.0,1.0,0.0,0.0,0.0,,,,0,0,0,30,,,,0.0049598726435216,0.0049567455741387,0.2333333333333333,0.3,-0.0666666666666666,-0.1666666666666666,0.0,0.4,0.4,0.0,0.0,0.0,0.9,0.9333333333333332,-0.0333333333333333,-0.1,0.0,0.4444444444444444,27,0.4285714285714285,0,30,0.0,27,0.0
gemma-2-2b-it,dev,neutral_contrast_r1_a1,neutral_contrast,1,1.0,identity,stereoset,exploratory,28,28,28,0.0,0.0,0.0,0.0,1.0,0.0,0.0,0.0,,,,0,0,0,28,,,,0.0054207827180464,0.0054176781127564,0.2857142857142857,0.3928571428571428,-0.1071428571428571,-0.2142857142857142,0.0,0.1785714285714285,0.25,-0.0714285714285714,-0.1785714285714285,0.0,0.7142857142857143,0.7142857142857143,0.0,0.0,0.0,0.25,20,0.35,0,28,0.0,20,0.0
gemma-2-2b-it,dev,neutral_contrast_r1_a1,neutral_contrast,1,1.0,neutral,pooled,exploratory,42,42,42,0.3579334077380952,0.2548828125,0.6666666666666666,0.3333333333333333,0.0,0.1030505952380952,0.0346961611793154,0.1785359700520832,0.2879043783292192,0.112963160841088,0.4362650047734546,5,5,0,37,1.0,1.0,1.0,0.0313757758900912,0.0181350350409806,0.5897435897435898,0.5641025641025641,0.0256410256410256,-0.0256410256410256,0.0769230769230769,0.5714285714285714,0.5833333333333334,-0.0119047619047619,-0.0714285714285714,0.0357142857142857,1.0,0.988095238095238,0.0119047619047619,0.0,0.0357142857142857,0.6282051282051282,39,0.6410256410256411,8,42,0.1904761904761904,42,0.1904761904761904
gemma-2-2b-it,dev,neutral_contrast_r1_a1,neutral_contrast,1,1.0,neutral,bbq,exploratory,42,42,42,0.3579334077380952,0.2548828125,0.6666666666666666,0.3333333333333333,0.0,0.1030505952380952,0.0346961611793154,0.1785359700520832,0.2879043783292192,0.112963160841088,0.4362650047734546,5,5,0,37,1.0,1.0,1.0,0.0313757758900912,0.0181350350409806,0.5897435897435898,0.5641025641025641,0.0256410256410256,-0.0256410256410256,0.0769230769230769,0.5714285714285714,0.5833333333333334,-0.0119047619047619,-0.0714285714285714,0.0357142857142857,1.0,0.988095238095238,0.0119047619047619,0.0,0.0357142857142857,0.6282051282051282,39,0.6410256410256411,8,42,0.1904761904761904,42,0.1904761904761904
gemma-2-2b-it,dev,neutral_contrast_r2_a1,neutral_contrast,2,1.0,demographic,pooled,exploratory,100,100,100,0.6788427734375,0.5297265625,0.63,0.35,0.02,0.1491162109375,0.052279541015625,0.2577452392578125,0.2196623677415178,0.0848602288429131,0.339782359006543,29,13,9,71,0.4482758620689655,0.2758620689655172,0.6334090909090905,0.0241903047067338,0.0207453627686761,0.51010101010101,0.4444444444444444,0.0656565656565656,0.0,0.1313131313131313,0.525,0.415,0.11,0.049875,0.17,0.905,0.905,0.0,-0.05,0.045,0.5869565217391305,92,0.4627659574468085,16,100,0.16,88,0.1818181818181818
gemma-2-2b-it,dev,neutral_contrast_r2_a1,neutral_contrast,2,1.0,demographic,bbq,exploratory,42,42,42,0.4410458519345238,0.3240792410714285,0.5714285714285714,0.4285714285714285,0.0,0.1169666108630952,-0.0245402018229166,0.2476501464843749,0.265202836281203,-0.0657779579502856,0.4811216283407398,7,5,3,35,0.7142857142857143,0.3333333333333333,1.0,0.033621161187091,0.0251839828219462,0.6097560975609756,0.5487804878048781,0.0609756097560975,-0.048780487804878,0.1707317073170731,0.5476190476190477,0.5238095238095238,0.0238095238095238,-0.0595238095238095,0.1071428571428571,1.0,1.0,0.0,0.0,0.0,0.5609756097560976,41,0.573170731707317,5,42,0.119047619047619,42,0.119047619047619
gemma-2-2b-it,dev,neutral_contrast_r2_a1,neutral_contrast,2,1.0,demographic,crows_pairs,exploratory,30,30,30,0.9345377604166668,0.7121744791666667,0.7333333333333333,0.2333333333333333,0.0333333333333333,0.22236328125,0.0514493815104166,0.4136083984375,0.2379393221637814,0.0672943744779808,0.379401442866301,10,3,3,20,0.3,0.0,0.625,0.0163654502545823,0.0165966012841,0.5166666666666667,0.3666666666666666,0.15,0.0166666666666666,0.2833333333333333,0.7333333333333333,0.4333333333333333,0.3,0.1666666666666666,0.4333333333333333,0.8333333333333334,0.9,-0.0666666666666666,-0.1666666666666666,0.0166666666666666,0.8846153846153846,26,0.4642857142857143,6,30,0.2,24,0.25
gemma-2-2b-it,dev,neutral_contrast_r2_a1,neutral_contrast,2,1.0,demographic,stereoset,exploratory,28,28,28,0.7615792410714286,0.6427176339285714,0.6071428571428571,0.3571428571428571,0.0357142857142857,0.1188616071428571,-0.07939453125,0.3443219866071427,0.1560725407583806,-0.1215721838739519,0.3757317541291651,12,5,3,16,0.4166666666666667,0.1333333333333333,0.7142857142857143,0.0184277926135031,0.018532534279388,0.3571428571428571,0.375,-0.0178571428571428,-0.125,0.0892857142857142,0.2678571428571428,0.2321428571428571,0.0357142857142857,-0.0535714285714285,0.1428571428571428,0.8392857142857143,0.7678571428571429,0.0714285714285714,-0.0535714285714285,0.2142857142857142,0.32,25,0.28,5,28,0.1785714285714285,22,0.2272727272727272
gemma-2-2b-it,dev,neutral_contrast_r2_a1,neutral_contrast,2,1.0,identity,pooled,exploratory,100,100,100,0.0,0.0,0.0,0.0,1.0,0.0,0.0,0.0,,,,0,0,0,100,,,,0.019475986907353,0.0194748289360087,0.4845360824742268,0.4123711340206185,0.0721649484536082,-0.0206185567010309,0.1546391752577319,0.54,0.41,0.13,0.04,0.22,0.89,0.9,-0.01,-0.07,0.05,0.627906976744186,86,0.4712643678160919,0,100,0.0,89,0.0
gemma-2-2b-it,dev,neutral_contrast_r2_a1,neutral_contrast,2,1.0,identity,bbq,exploratory,42,42,42,0.0,0.0,0.0,0.0,1.0,0.0,0.0,0.0,,,,0,0,0,42,,,,0.0224988188633013,0.0225008931698451,0.5897435897435898,0.5128205128205128,0.0769230769230769,-0.0512820512820512,0.2051282051282051,0.5476190476190477,0.5238095238095238,0.0238095238095238,-0.0952380952380952,0.1428571428571428,1.0,1.0,0.0,0.0,0.0,0.5897435897435898,39,0.5641025641025641,0,42,0.0,42,0.0
gemma-2-2b-it,dev,neutral_contrast_r2_a1,neutral_contrast,2,1.0,identity,crows_pairs,exploratory,30,30,30,0.0,0.0,0.0,0.0,1.0,0.0,0.0,0.0,,,,0,0,0,30,,,,0.0163315327766309,0.0163332801972896,0.4666666666666667,0.3,0.1666666666666666,0.0325,0.3333333333333333,0.7333333333333333,0.4,0.3333333333333333,0.1666666666666666,0.5,0.8333333333333334,0.9333333333333332,-0.1,-0.2333333333333333,0.0,0.88,25,0.4285714285714285,0,30,0.0,25,0.0
gemma-2-2b-it,dev,neutral_contrast_r2_a1,neutral_contrast,2,1.0,identity,stereoset,exploratory,28,28,28,0.0,0.0,0.0,0.0,1.0,0.0,0.0,0.0,,,,0,0,0,28,,,,0.0183107969706327,0.018301677662453,0.3571428571428571,0.3928571428571428,-0.0357142857142857,-0.1785714285714285,0.1071428571428571,0.3214285714285714,0.25,0.0714285714285714,-0.0714285714285714,0.2142857142857142,0.7857142857142857,0.7142857142857143,0.0714285714285714,-0.1071428571428571,0.25,0.4090909090909091,22,0.35,0,28,0.0,22,0.0
gemma-2-2b-it,dev,neutral_contrast_r2_a1,neutral_contrast,2,1.0,neutral,pooled,exploratory,42,42,42,0.3579334077380952,0.2631138392857143,0.6190476190476191,0.3095238095238095,0.0714285714285714,0.0948195684523809,-0.0022205171130952,0.1930242629278273,0.2649084058724178,-0.0069583882377856,0.4777604322304759,5,5,2,37,1.0,1.0,1.0,0.0528444768389633,0.0347176435841152,0.5897435897435898,0.5641025641025641,0.0256410256410256,-0.0512820512820512,0.1025641025641025,0.5595238095238095,0.5833333333333334,-0.0238095238095238,-0.1071428571428571,0.0476190476190476,0.988095238095238,0.988095238095238,0.0,0.0,0.0,0.6025641025641025,39,0.6410256410256411,7,42,0.1666666666666666,41,0.1707317073170731
gemma-2-2b-it,dev,neutral_contrast_r2_a1,neutral_contrast,2,1.0,neutral,bbq,exploratory,42,42,42,0.3579334077380952,0.2631138392857143,0.6190476190476191,0.3095238095238095,0.0714285714285714,0.0948195684523809,-0.0022205171130952,0.1930242629278273,0.2649084058724178,-0.0069583882377856,0.4777604322304759,5,5,2,37,1.0,1.0,1.0,0.0528444768389633,0.0347176435841152,0.5897435897435898,0.5641025641025641,0.0256410256410256,-0.0512820512820512,0.1025641025641025,0.5595238095238095,0.5833333333333334,-0.0238095238095238,-0.1071428571428571,0.0476190476190476,0.988095238095238,0.988095238095238,0.0,0.0,0.0,0.6025641025641025,39,0.6410256410256411,7,42,0.1666666666666666,41,0.1707317073170731
gemma-2-2b-it,dev,neutral_contrast_r4_a1,neutral_contrast,4,1.0,demographic,pooled,exploratory,100,100,100,0.6788427734375,0.4874365234375,0.57,0.4,0.03,0.19140625,0.068935546875,0.3332711181640623,0.2819596193545138,0.1196355394497877,0.41583678076239,29,16,8,71,0.5517241379310345,0.3636363636363636,0.7307692307692307,0.0356847589890805,0.0312441347334328,0.5707070707070707,0.4444444444444444,0.1262626262626262,0.0404040404040404,0.2121212121212121,0.545,0.415,0.13,0.055,0.205,0.905,0.905,0.0,-0.05,0.045,0.6153846153846154,91,0.4627659574468085,15,100,0.15,89,0.1685393258426966
gemma-2-2b-it,dev,neutral_contrast_r4_a1,neutral_contrast,4,1.0,demographic,bbq,exploratory,42,42,42,0.4410458519345238,0.307280040922619,0.5238095238095238,0.4285714285714285,0.0476190476190476,0.1337658110119047,-0.0238909040178571,0.284732200985863,0.3032923003927564,-0.0703624598777361,0.5404406378964509,7,6,2,35,0.8571428571428571,0.5,1.0,0.0460465555000425,0.0361394422033182,0.5853658536585366,0.5487804878048781,0.0365853658536585,-0.0975609756097561,0.1707317073170731,0.5476190476190477,0.5238095238095238,0.0238095238095238,-0.0714285714285714,0.119047619047619,1.0,1.0,0.0,0.0,0.0,0.5609756097560976,41,0.573170731707317,9,42,0.2142857142857142,42,0.2142857142857142
gemma-2-2b-it,dev,neutral_contrast_r4_a1,neutral_contrast,4,1.0,demographic,crows_pairs,exploratory,30,30,30,0.9345377604166668,0.6662109375,0.6,0.3666666666666666,0.0333333333333333,0.2683268229166666,-0.0122387695312499,0.5682804361979166,0.2871225051377617,-0.022259165758748,0.4605227152640334,10,4,3,20,0.4,0.1,0.7272727272727273,0.0260794091674236,0.0255755109264997,0.7166666666666667,0.3666666666666666,0.35,0.1833333333333333,0.5166666666666667,0.8166666666666667,0.4333333333333333,0.3833333333333333,0.2333333333333333,0.55,0.85,0.9,-0.05,-0.15,0.0333333333333333,0.9615384615384616,26,0.4642857142857143,2,30,0.0666666666666666,25,0.08
gemma-2-2b-it,dev,neutral_contrast_r4_a1,neutral_contrast,4,1.0,demographic,stereoset,exploratory,28,28,28,0.7615792410714286,0.5661272321428571,0.6071428571428571,0.3928571428571428,0.0,0.1954520089285714,-0.0293108258928571,0.4562046595982142,0.2566404103315626,-0.0483298064196394,0.471071659082579,12,6,3,16,0.5,0.2,0.7779761904761894,0.030433510460127,0.0299746990360331,0.3928571428571428,0.375,0.0178571428571428,-0.0892857142857142,0.1428571428571428,0.25,0.2321428571428571,0.0178571428571428,-0.0892857142857142,0.1428571428571428,0.8214285714285714,0.7678571428571429,0.0535714285714285,-0.0892857142857142,0.1964285714285714,0.3333333333333333,24,0.28,4,28,0.1428571428571428,22,0.1818181818181818
gemma-2-2b-it,dev,neutral_contrast_r4_a1,neutral_contrast,4,1.0,identity,pooled,exploratory,100,100,100,0.0,0.0,0.0,0.0,1.0,0.0,0.0,0.0,,,,0,0,0,100,,,,0.0300700309427842,0.0300756990135556,0.5773195876288659,0.4123711340206185,0.1649484536082474,0.0618556701030927,0.268041237113402,0.54,0.41,0.13,0.03,0.23,0.89,0.9,-0.01,-0.07,0.05,0.627906976744186,86,0.4712643678160919,0,100,0.0,89,0.0
gemma-2-2b-it,dev,neutral_contrast_r4_a1,neutral_contrast,4,1.0,identity,bbq,exploratory,42,42,42,0.0,0.0,0.0,0.0,1.0,0.0,0.0,0.0,,,,0,0,0,42,,,,0.0344765507229817,0.0344758720028177,0.6666666666666666,0.5128205128205128,0.1538461538461538,0.0256410256410256,0.282051282051282,0.5714285714285714,0.5238095238095238,0.0476190476190476,-0.0952380952380952,0.1904761904761904,1.0,1.0,0.0,0.0,0.0,0.6153846153846154,39,0.5641025641025641,0,42,0.0,42,0.0
gemma-2-2b-it,dev,neutral_contrast_r4_a1,neutral_contrast,4,1.0,identity,crows_pairs,exploratory,30,30,30,0.0,0.0,0.0,0.0,1.0,0.0,0.0,0.0,,,,0,0,0,30,,,,0.0245440294747866,0.0245572361736595,0.6333333333333333,0.3,0.3333333333333333,0.1333333333333333,0.5333333333333333,0.7666666666666667,0.4,0.3666666666666666,0.2,0.5333333333333333,0.8333333333333334,0.9333333333333332,-0.1,-0.2333333333333333,0.0,0.92,25,0.4285714285714285,0,30,0.0,25,0.0
gemma-2-2b-it,dev,neutral_contrast_r4_a1,neutral_contrast,4,1.0,identity,stereoset,exploratory,28,28,28,0.0,0.0,0.0,0.0,1.0,0.0,0.0,0.0,,,,0,0,0,28,,,,0.0293809671310568,0.0293880782866938,0.3928571428571428,0.3928571428571428,0.0,-0.1785714285714285,0.2142857142857142,0.25,0.25,0.0,-0.1785714285714285,0.1785714285714285,0.7857142857142857,0.7142857142857143,0.0714285714285714,-0.1071428571428571,0.25,0.3181818181818182,22,0.35,0,28,0.0,22,0.0
gemma-2-2b-it,dev,neutral_contrast_r4_a1,neutral_contrast,4,1.0,neutral,pooled,exploratory,42,42,42,0.3579334077380952,0.2298642113095238,0.7142857142857143,0.238095238095238,0.0476190476190476,0.1280691964285714,0.0316786993117559,0.2252546037946428,0.3578017409380278,0.1009287800207035,0.5509713686734665,5,5,2,37,1.0,1.0,1.0,0.0656683624674125,0.0465338949366588,0.5641025641025641,0.5641025641025641,0.0,-0.0769230769230769,0.0641025641025641,0.5476190476190477,0.5833333333333334,-0.0357142857142857,-0.119047619047619,0.0476190476190476,0.988095238095238,0.988095238095238,0.0,0.0,0.0,0.5897435897435898,39,0.6410256410256411,4,42,0.0952380952380952,41,0.0975609756097561
gemma-2-2b-it,dev,neutral_contrast_r4_a1,neutral_contrast,4,1.0,neutral,bbq,exploratory,42,42,42,0.3579334077380952,0.2298642113095238,0.7142857142857143,0.238095238095238,0.0476190476190476,0.1280691964285714,0.0316786993117559,0.2252546037946428,0.3578017409380278,0.1009287800207035,0.5509713686734665,5,5,2,37,1.0,1.0,1.0,0.0656683624674125,0.0465338949366588,0.5641025641025641,0.5641025641025641,0.0,-0.0769230769230769,0.0641025641025641,0.5476190476190477,0.5833333333333334,-0.0357142857142857,-0.119047619047619,0.0476190476190476,0.988095238095238,0.988095238095238,0.0,0.0,0.0,0.5897435897435898,39,0.6410256410256411,4,42,0.0952380952380952,41,0.0975609756097561
gemma-2-2b-it,dev,random_ortho_1_r1_a1,random_ortho_1,1,1.0,demographic,pooled,exploratory,100,100,100,0.6788427734375,0.68732421875,0.42,0.51,0.07,-0.0084814453125,-0.0442408447265625,0.0276741943359374,-0.0124939759902753,-0.0695500116726019,0.0389851148962072,29,4,4,71,0.1379310344827586,0.0333333333333333,0.2727272727272727,0.0004882055304406,0.0004933699656179,0.4393939393939394,0.4444444444444444,-0.005050505050505,-0.0151515151515151,0.0,0.42,0.415,0.005,-0.01,0.02,0.895,0.905,-0.01,-0.025,0.0,0.4728260869565217,92,0.4627659574468085,28,100,0.28,86,0.3255813953488372
gemma-2-2b-it,dev,random_ortho_1_r1_a1,random_ortho_1,1,1.0,demographic,bbq,exploratory,42,42,42,0.4410458519345238,0.4676571800595238,0.3333333333333333,0.5714285714285714,0.0952380952380952,-0.026611328125,-0.0684988839285714,0.0191010974702379,-0.0603368742915886,-0.1787158895711192,0.039752929242427,7,1,0,35,0.1428571428571428,0.0,0.5,0.0004244038939917,0.0004456806471475,0.5487804878048781,0.5487804878048781,0.0,0.0,0.0,0.5238095238095238,0.5238095238095238,0.0,0.0,0.0,1.0,1.0,0.0,0.0,0.0,0.573170731707317,41,0.573170731707317,12,42,0.2857142857142857,42,0.2857142857142857
gemma-2-2b-it,dev,random_ortho_1_r1_a1,random_ortho_1,1,1.0,demographic,crows_pairs,exploratory,30,30,30,0.9345377604166668,0.88583984375,0.6,0.3,0.1,0.0486979166666666,-0.0218961588541666,0.1130257161458333,0.0521090947089762,-0.0246934613058694,0.1292804808059084,10,1,2,20,0.1,0.0,0.3333333333333333,0.0005319107647448,0.0005246301186536,0.35,0.3666666666666666,-0.0166666666666666,-0.05,0.0,0.4666666666666667,0.4333333333333333,0.0333333333333333,0.0,0.0833333333333333,0.8833333333333333,0.9,-0.0166666666666666,-0.05,0.0,0.5185185185185185,27,0.4642857142857143,10,30,0.3333333333333333,26,0.3846153846153846
gemma-2-2b-it,dev,random_ortho_1_r1_a1,random_ortho_1,1,1.0,demographic,stereoset,exploratory,28,28,28,0.7615792410714286,0.8041294642857143,0.3571428571428571,0.6428571428571429,0.0,-0.0425502232142857,-0.1184430803571428,0.0447858537946428,-0.0558710386517677,-0.1687274434291054,0.0604333928040438,12,2,2,16,0.1666666666666666,0.0,0.4,0.0005370809483596,0.0005314109222137,0.375,0.375,0.0,0.0,0.0,0.2142857142857142,0.2321428571428571,-0.0178571428571428,-0.0535714285714285,0.0,0.75,0.7678571428571429,-0.0178571428571428,-0.0535714285714285,0.0,0.25,24,0.28,6,28,0.2142857142857142,18,0.3333333333333333
gemma-2-2b-it,dev,random_ortho_1_r1_a1,random_ortho_1,1,1.0,identity,pooled,exploratory,100,100,100,0.0,0.0,0.0,0.0,1.0,0.0,0.0,0.0,,,,0,0,0,100,,,,0.0005009851193568,0.0005011482196915,0.4123711340206185,0.4123711340206185,0.0,0.0,0.0,0.42,0.41,0.01,0.0,0.03,0.89,0.9,-0.01,-0.03,0.0,0.4883720930232558,86,0.4712643678160919,0,100,0.0,89,0.0
gemma-2-2b-it,dev,random_ortho_1_r1_a1,random_ortho_1,1,1.0,identity,bbq,exploratory,42,42,42,0.0,0.0,0.0,0.0,1.0,0.0,0.0,0.0,,,,0,0,0,42,,,,0.000466448758929,0.0004664828088149,0.5128205128205128,0.5128205128205128,0.0,0.0,0.0,0.5238095238095238,0.5238095238095238,0.0,0.0,0.0,1.0,1.0,0.0,0.0,0.0,0.5641025641025641,39,0.5641025641025641,0,42,0.0,42,0.0
gemma-2-2b-it,dev,random_ortho_1_r1_a1,random_ortho_1,1,1.0,identity,crows_pairs,exploratory,30,30,30,0.0,0.0,0.0,0.0,1.0,0.0,0.0,0.0,,,,0,0,0,30,,,,0.0005303070206968,0.0005305277267197,0.3,0.3,0.0,0.0,0.0,0.4333333333333333,0.4,0.0333333333333333,0.0,0.1,0.9,0.9333333333333332,-0.0333333333333333,-0.1,0.0,0.4814814814814814,27,0.4285714285714285,0,30,0.0,27,0.0
gemma-2-2b-it,dev,random_ortho_1_r1_a1,random_ortho_1,1,1.0,identity,stereoset,exploratory,28,28,28,0.0,0.0,0.0,0.0,1.0,0.0,0.0,0.0,,,,0,0,0,28,,,,0.000521373337134,0.0005216682927617,0.3928571428571428,0.3928571428571428,0.0,0.0,0.0,0.25,0.25,0.0,0.0,0.0,0.7142857142857143,0.7142857142857143,0.0,0.0,0.0,0.35,20,0.35,0,28,0.0,20,0.0
gemma-2-2b-it,dev,random_ortho_1_r1_a1,random_ortho_1,1,1.0,neutral,pooled,exploratory,42,42,42,0.3579334077380952,0.3596075148809524,0.4523809523809524,0.4761904761904761,0.0714285714285714,-0.0016741071428571,-0.0512291317894345,0.0507376534598214,-0.0046771469403663,-0.1499277445297382,0.1451517718809962,5,0,0,37,0.0,0.0,0.0,0.0005887422219085,0.0005166956005733,0.5641025641025641,0.5641025641025641,0.0,0.0,0.0,0.5833333333333334,0.5833333333333334,0.0,0.0,0.0,0.988095238095238,0.988095238095238,0.0,0.0,0.0,0.6410256410256411,39,0.6410256410256411,9,42,0.2142857142857142,41,0.2195121951219512
gemma-2-2b-it,dev,random_ortho_1_r1_a1,random_ortho_1,1,1.0,neutral,bbq,exploratory,42,42,42,0.3579334077380952,0.3596075148809524,0.4523809523809524,0.4761904761904761,0.0714285714285714,-0.0016741071428571,-0.0512291317894345,0.0507376534598214,-0.0046771469403663,-0.1499277445297382,0.1451517718809962,5,0,0,37,0.0,0.0,0.0,0.0005887422219085,0.0005166956005733,0.5641025641025641,0.5641025641025641,0.0,0.0,0.0,0.5833333333333334,0.5833333333333334,0.0,0.0,0.0,0.988095238095238,0.988095238095238,0.0,0.0,0.0,0.6410256410256411,39,0.6410256410256411,9,42,0.2142857142857142,41,0.2195121951219512
gemma-2-2b-it,dev,random_ortho_1_r2_a1,random_ortho_1,2,1.0,demographic,pooled,exploratory,100,100,100,0.6788427734375,0.67220703125,0.5,0.42,0.08,0.0066357421875,-0.0264287109375,0.0408603515624999,0.0097750796607852,-0.0391840261661532,0.0610920576482255,29,3,5,71,0.1034482758620689,0.0,0.2307692307692307,0.000946978591305,0.000932438903431,0.4393939393939394,0.4444444444444444,-0.005050505050505,-0.0252525252525252,0.0101010101010101,0.42,0.415,0.005,-0.0151249999999999,0.025,0.9,0.905,-0.005,-0.015,0.0,0.4677419354838709,93,0.4627659574468085,28,100,0.28,86,0.3255813953488372
gemma-2-2b-it,dev,random_ortho_1_r2_a1,random_ortho_1,2,1.0,demographic,bbq,exploratory,42,42,42,0.4410458519345238,0.4473353794642857,0.3809523809523809,0.4761904761904761,0.1428571428571428,-0.0062895275297619,-0.0542837960379464,0.0388308570498511,-0.0142604844874396,-0.1352158331577833,0.0898319436015706,7,1,1,35,0.1428571428571428,0.0,0.5,0.0008741784959188,0.0008687607197113,0.5609756097560976,0.5487804878048781,0.0121951219512195,0.0,0.0365853658536585,0.5119047619047619,0.5238095238095238,-0.0119047619047619,-0.0357142857142857,0.0,1.0,1.0,0.0,0.0,0.0,0.5609756097560976,41,0.573170731707317,13,42,0.3095238095238095,42,0.3095238095238095
gemma-2-2b-it,dev,random_ortho_1_r2_a1,random_ortho_1,2,1.0,demographic,crows_pairs,exploratory,30,30,30,0.9345377604166668,0.93603515625,0.5666666666666667,0.3666666666666666,0.0666666666666666,-0.0014973958333333,-0.0719632975260416,0.0651074218749999,-0.0016022849977359,-0.0759693601808552,0.0859396306787583,10,0,3,20,0.0,0.0,0.0,0.0009911030364291,0.0009675307965084,0.3333333333333333,0.3666666666666666,-0.0333333333333333,-0.0833333333333333,0.0,0.4833333333333333,0.4333333333333333,0.05,0.0,0.1166666666666666,0.9,0.9,0.0,0.0,0.0,0.5178571428571429,28,0.4642857142857143,9,30,0.3,26,0.3461538461538461
gemma-2-2b-it,dev,random_ortho_1_r2_a1,random_ortho_1,2,1.0,demographic,stereoset,exploratory,28,28,28,0.7615792410714286,0.7268415178571429,0.6071428571428571,0.3928571428571428,0.0,0.0347377232142857,-0.0309744698660714,0.1032366071428571,0.0456127495878365,-0.0434988693278325,0.1270293043119072,12,2,1,16,0.1666666666666666,0.0,0.4004166666666644,0.0010089025431801,0.0009903577221418,0.375,0.375,0.0,0.0,0.0,0.2142857142857142,0.2321428571428571,-0.0178571428571428,-0.0535714285714285,0.0,0.75,0.7678571428571429,-0.0178571428571428,-0.0535714285714285,0.0,0.25,24,0.28,6,28,0.2142857142857142,18,0.3333333333333333
gemma-2-2b-it,dev,random_ortho_1_r2_a1,random_ortho_1,2,1.0,identity,pooled,exploratory,100,100,100,0.0,0.0,0.0,0.0,1.0,0.0,0.0,0.0,,,,0,0,0,100,,,,0.0009305208181463,0.0009304919400473,0.4123711340206185,0.4123711340206185,0.0,-0.0309278350515463,0.0309278350515463,0.42,0.41,0.01,0.0,0.03,0.9,0.9,0.0,0.0,0.0,0.4827586206896552,87,0.4712643678160919,0,100,0.0,90,0.0
gemma-2-2b-it,dev,random_ortho_1_r2_a1,random_ortho_1,2,1.0,identity,bbq,exploratory,42,42,42,0.0,0.0,0.0,0.0,1.0,0.0,0.0,0.0,,,,0,0,0,42,,,,0.0008890776590205,0.0008891241359226,0.5384615384615384,0.5128205128205128,0.0256410256410256,0.0,0.0769230769230769,0.5238095238095238,0.5238095238095238,0.0,0.0,0.0,1.0,1.0,0.0,0.0,0.0,0.5641025641025641,39,0.5641025641025641,0,42,0.0,42,0.0
gemma-2-2b-it,dev,random_ortho_1_r2_a1,random_ortho_1,2,1.0,identity,crows_pairs,exploratory,30,30,30,0.0,0.0,0.0,0.0,1.0,0.0,0.0,0.0,,,,0,0,0,30,,,,0.000964525765821,0.0009646709152898,0.2666666666666666,0.3,-0.0333333333333333,-0.1,0.0,0.4333333333333333,0.4,0.0333333333333333,0.0,0.1,0.9333333333333332,0.9333333333333332,0.0,0.0,0.0,0.4642857142857143,28,0.4285714285714285,0,30,0.0,28,0.0
gemma-2-2b-it,dev,random_ortho_1_r2_a1,random_ortho_1,2,1.0,identity,stereoset,exploratory,28,28,28,0.0,0.0,0.0,0.0,1.0,0.0,0.0,0.0,,,,0,0,0,28,,,,0.0009562516843263,0.0009559233156174,0.3928571428571428,0.3928571428571428,0.0,0.0,0.0,0.25,0.25,0.0,0.0,0.0,0.7142857142857143,0.7142857142857143,0.0,0.0,0.0,0.35,20,0.35,0,28,0.0,20,0.0
gemma-2-2b-it,dev,random_ortho_1_r2_a1,random_ortho_1,2,1.0,neutral,pooled,exploratory,42,42,42,0.3579334077380952,0.3442034040178571,0.4761904761904761,0.3809523809523809,0.1428571428571428,0.013730003720238,-0.0262765066964285,0.0525966099330357,0.0383591009484214,-0.0748139240516675,0.1477854341578914,5,0,1,37,0.0,0.0,0.0,0.0010742983157121,0.0009777755247369,0.5769230769230769,0.5641025641025641,0.0128205128205128,0.0,0.0384615384615384,0.5833333333333334,0.5833333333333334,0.0,0.0,0.0,0.988095238095238,0.988095238095238,0.0,0.0,0.0,0.6410256410256411,39,0.6410256410256411,9,42,0.2142857142857142,41,0.2195121951219512
gemma-2-2b-it,dev,random_ortho_1_r2_a1,random_ortho_1,2,1.0,neutral,bbq,exploratory,42,42,42,0.3579334077380952,0.3442034040178571,0.4761904761904761,0.3809523809523809,0.1428571428571428,0.013730003720238,-0.0262765066964285,0.0525966099330357,0.0383591009484214,-0.0748139240516675,0.1477854341578914,5,0,1,37,0.0,0.0,0.0,0.0010742983157121,0.0009777755247369,0.5769230769230769,0.5641025641025641,0.0128205128205128,0.0,0.0384615384615384,0.5833333333333334,0.5833333333333334,0.0,0.0,0.0,0.988095238095238,0.988095238095238,0.0,0.0,0.0,0.6410256410256411,39,0.6410256410256411,9,42,0.2142857142857142,41,0.2195121951219512
gemma-2-2b-it,dev,random_ortho_1_r4_a1,random_ortho_1,4,1.0,demographic,pooled,exploratory,100,100,100,0.6788427734375,0.70072998046875,0.44,0.49,0.07,-0.02188720703125,-0.0582866821289062,0.0143435668945311,-0.03224193861624,-0.0924999644069881,0.021513050361353,29,1,3,71,0.0344827586206896,0.0,0.1111904761904757,0.0018176800607787,0.0017732269225003,0.4393939393939394,0.4444444444444444,-0.005050505050505,-0.0203282828282828,0.0101010101010101,0.425,0.415,0.01,-0.01,0.035,0.895,0.905,-0.01,-0.025,0.0,0.4782608695652174,92,0.4627659574468085,27,100,0.27,86,0.313953488372093
gemma-2-2b-it,dev,random_ortho_1_r4_a1,random_ortho_1,4,1.0,demographic,bbq,exploratory,42,42,42,0.4410458519345238,0.4655122302827381,0.3809523809523809,0.4761904761904761,0.1428571428571428,-0.0244663783482142,-0.0717408679780506,0.0226590111142113,-0.0554735482510477,-0.1896133276337006,0.04966347849638,7,1,1,35,0.1428571428571428,0.0,0.5,0.0017377211876042,0.0016810844939973,0.5609756097560976,0.5487804878048781,0.0121951219512195,0.0,0.0365853658536585,0.5238095238095238,0.5238095238095238,0.0,0.0,0.0,1.0,1.0,0.0,0.0,0.0,0.573170731707317,41,0.573170731707317,12,42,0.2857142857142857,42,0.2857142857142857
gemma-2-2b-it,dev,random_ortho_1_r4_a1,random_ortho_1,4,1.0,demographic,crows_pairs,exploratory,30,30,30,0.9345377604166668,0.9136067708333332,0.5333333333333333,0.4333333333333333,0.0333333333333333,0.0209309895833333,-0.0292097981770833,0.0687849934895833,0.0223971576857431,-0.0302145520551959,0.0858693857490682,10,0,1,20,0.0,0.0,0.0,0.001898600194379,0.0018585017705642,0.35,0.3666666666666666,-0.0166666666666666,-0.05,0.0,0.4833333333333333,0.4333333333333333,0.05,0.0,0.1333333333333333,0.8833333333333333,0.9,-0.0166666666666666,-0.05,0.0,0.5370370370370371,27,0.4642857142857143,9,30,0.3,26,0.3461538461538461
gemma-2-2b-it,dev,random_ortho_1_r4_a1,random_ortho_1,4,1.0,demographic,stereoset,exploratory,28,28,28,0.7615792410714286,0.8254743303571429,0.4285714285714285,0.5714285714285714,0.0,-0.0638950892857142,-0.1520926339285714,0.0248395647321428,-0.0838981498442938,-0.2377680990367248,0.0291425212652525,12,0,1,16,0.0,0.0,0.0,0.0018509182273973,0.001820074656615,0.3571428571428571,0.375,-0.0178571428571428,-0.0535714285714285,0.0,0.2142857142857142,0.2321428571428571,-0.0178571428571428,-0.0535714285714285,0.0,0.75,0.7678571428571429,-0.0178571428571428,-0.0535714285714285,0.0,0.25,24,0.28,6,28,0.2142857142857142,18,0.3333333333333333
gemma-2-2b-it,dev,random_ortho_1_r4_a1,random_ortho_1,4,1.0,identity,pooled,exploratory,100,100,100,0.0,0.0,0.0,0.0,1.0,0.0,0.0,0.0,,,,0,0,0,100,,,,0.0017739422156405,0.0017741205303366,0.4020618556701031,0.4123711340206185,-0.0103092783505154,-0.0412371134020618,0.0206185567010309,0.42,0.41,0.01,0.0,0.03,0.89,0.9,-0.01,-0.03,0.0,0.4883720930232558,86,0.4712643678160919,0,100,0.0,89,0.0
gemma-2-2b-it,dev,random_ortho_1_r4_a1,random_ortho_1,4,1.0,identity,bbq,exploratory,42,42,42,0.0,0.0,0.0,0.0,1.0,0.0,0.0,0.0,,,,0,0,0,42,,,,0.0017307575238188,0.001730911680498,0.5384615384615384,0.5128205128205128,0.0256410256410256,0.0,0.0769230769230769,0.5238095238095238,0.5238095238095238,0.0,0.0,0.0,1.0,1.0,0.0,0.0,0.0,0.5641025641025641,39,0.5641025641025641,0,42,0.0,42,0.0
gemma-2-2b-it,dev,random_ortho_1_r4_a1,random_ortho_1,4,1.0,identity,crows_pairs,exploratory,30,30,30,0.0,0.0,0.0,0.0,1.0,0.0,0.0,0.0,,,,0,0,0,30,,,,0.0018439844665693,0.0018439165459952,0.2666666666666666,0.3,-0.0333333333333333,-0.1,0.0,0.4333333333333333,0.4,0.0333333333333333,0.0,0.1,0.9,0.9333333333333332,-0.0333333333333333,-0.1,0.0,0.4814814814814814,27,0.4285714285714285,0,30,0.0,27,0.0
gemma-2-2b-it,dev,random_ortho_1_r4_a1,random_ortho_1,4,1.0,identity,stereoset,exploratory,28,28,28,0.0,0.0,0.0,0.0,1.0,0.0,0.0,0.0,,,,0,0,0,28,,,,0.0017636739845208,0.001764152359746,0.3571428571428571,0.3928571428571428,-0.0357142857142857,-0.1071428571428571,0.0,0.25,0.25,0.0,0.0,0.0,0.7142857142857143,0.7142857142857143,0.0,0.0,0.0,0.35,20,0.35,0,28,0.0,20,0.0
gemma-2-2b-it,dev,random_ortho_1_r4_a1,random_ortho_1,4,1.0,neutral,pooled,exploratory,42,42,42,0.3579334077380952,0.3730410621279761,0.4761904761904761,0.4523809523809524,0.0714285714285714,-0.0151076543898809,-0.0634892054966517,0.034545171828497,-0.042208003118098,-0.1845364888158612,0.0970762132697292,5,0,2,37,0.0,0.0,0.0,0.0018358600438389,0.0017777099800565,0.5769230769230769,0.5641025641025641,0.0128205128205128,0.0,0.0384615384615384,0.5833333333333334,0.5833333333333334,0.0,0.0,0.0,0.988095238095238,0.988095238095238,0.0,0.0,0.0,0.6410256410256411,39,0.6410256410256411,9,42,0.2142857142857142,41,0.2195121951219512
gemma-2-2b-it,dev,random_ortho_1_r4_a1,random_ortho_1,4,1.0,neutral,bbq,exploratory,42,42,42,0.3579334077380952,0.3730410621279761,0.4761904761904761,0.4523809523809524,0.0714285714285714,-0.0151076543898809,-0.0634892054966517,0.034545171828497,-0.042208003118098,-0.1845364888158612,0.0970762132697292,5,0,2,37,0.0,0.0,0.0,0.0018358600438389,0.0017777099800565,0.5769230769230769,0.5641025641025641,0.0128205128205128,0.0,0.0384615384615384,0.5833333333333334,0.5833333333333334,0.0,0.0,0.0,0.988095238095238,0.988095238095238,0.0,0.0,0.0,0.6410256410256411,39,0.6410256410256411,9,42,0.2142857142857142,41,0.2195121951219512
gemma-2-2b-it,dev,random_ortho_2_r1_a1,random_ortho_2,1,1.0,demographic,pooled,exploratory,100,100,100,0.6788427734375,0.67295654296875,0.46,0.44,0.1,0.00588623046875,-0.0270855102539062,0.0395221557617187,0.0086709775798945,-0.0410662297285047,0.0587036826173603,29,2,2,71,0.0689655172413793,0.0,0.1785714285714285,0.0005008462282648,0.000494367565396,0.4444444444444444,0.4444444444444444,0.0,-0.0202020202020202,0.0202020202020202,0.435,0.415,0.02,-0.005,0.05,0.895,0.905,-0.01,-0.025,0.0,0.4891304347826087,92,0.4627659574468085,29,100,0.29,86,0.3372093023255814
gemma-2-2b-it,dev,random_ortho_2_r1_a1,random_ortho_2,1,1.0,demographic,bbq,exploratory,42,42,42,0.4410458519345238,0.453886486235119,0.4047619047619047,0.4761904761904761,0.119047619047619,-0.0128406343005952,-0.0502351306733631,0.0245694115048362,-0.0291140575164088,-0.1254840003686309,0.055879861302762,7,1,0,35,0.1428571428571428,0.0,0.5,0.0005055847597725,0.0004660968590263,0.5609756097560976,0.5487804878048781,0.0121951219512195,0.0,0.0365853658536585,0.5357142857142857,0.5238095238095238,0.0119047619047619,0.0,0.0357142857142857,1.0,1.0,0.0,0.0,0.0,0.5853658536585366,41,0.573170731707317,13,42,0.3095238095238095,42,0.3095238095238095
gemma-2-2b-it,dev,random_ortho_2_r1_a1,random_ortho_2,1,1.0,demographic,crows_pairs,exploratory,30,30,30,0.9345377604166668,0.9014973958333332,0.5666666666666667,0.3333333333333333,0.1,0.0330403645833333,-0.0304703776041666,0.0946329752604166,0.0353547667978683,-0.0310173467444548,0.1255233595583254,10,0,1,20,0.0,0.0,0.0,0.0004716274209372,0.0004872887647161,0.3666666666666666,0.3666666666666666,0.0,-0.05,0.05,0.5,0.4333333333333333,0.0666666666666666,0.0,0.15,0.8833333333333333,0.9,-0.0166666666666666,-0.05,0.0,0.5555555555555556,27,0.4642857142857143,10,30,0.3333333333333333,26,0.3846153846153846
gemma-2-2b-it,dev,random_ortho_2_r1_a1,random_ortho_2,1,1.0,demographic,stereoset,exploratory,28,28,28,0.7615792410714286,0.7566964285714286,0.4285714285714285,0.5,0.0714285714285714,0.0048828125,-0.0713169642857142,0.0812011718749999,0.0064114306649569,-0.1047823554313581,0.1036324988513172,12,1,1,16,0.0833333333333333,0.0,0.2727272727272727,0.0005250442959973,0.0005443580542504,0.3571428571428571,0.375,-0.0178571428571428,-0.0535714285714285,0.0,0.2142857142857142,0.2321428571428571,-0.0178571428571428,-0.0535714285714285,0.0,0.75,0.7678571428571429,-0.0178571428571428,-0.0535714285714285,0.0,0.25,24,0.28,6,28,0.2142857142857142,18,0.3333333333333333
gemma-2-2b-it,dev,random_ortho_2_r1_a1,random_ortho_2,1,1.0,identity,pooled,exploratory,100,100,100,0.0,0.0,0.0,0.0,1.0,0.0,0.0,0.0,,,,0,0,0,100,,,,0.0005017763206135,0.0005017811293578,0.422680412371134,0.4123711340206185,0.0103092783505154,-0.0206185567010309,0.0515463917525773,0.41,0.41,0.0,-0.03,0.03,0.89,0.9,-0.01,-0.03,0.0,0.4767441860465116,86,0.4712643678160919,0,100,0.0,89,0.0
gemma-2-2b-it,dev,random_ortho_2_r1_a1,random_ortho_2,1,1.0,identity,bbq,exploratory,42,42,42,0.0,0.0,0.0,0.0,1.0,0.0,0.0,0.0,,,,0,0,0,42,,,,0.000475813206608,0.0004755053226576,0.5384615384615384,0.5128205128205128,0.0256410256410256,0.0,0.0769230769230769,0.5,0.5238095238095238,-0.0238095238095238,-0.0714285714285714,0.0,1.0,1.0,0.0,0.0,0.0,0.5384615384615384,39,0.5641025641025641,0,42,0.0,42,0.0
gemma-2-2b-it,dev,random_ortho_2_r1_a1,random_ortho_2,1,1.0,identity,crows_pairs,exploratory,30,30,30,0.0,0.0,0.0,0.0,1.0,0.0,0.0,0.0,,,,0,0,0,30,,,,0.0004978605061092,0.0004977413747988,0.3333333333333333,0.3,0.0333333333333333,0.0,0.1,0.4333333333333333,0.4,0.0333333333333333,0.0,0.1,0.9,0.9333333333333332,-0.0333333333333333,-0.1,0.0,0.4814814814814814,27,0.4285714285714285,0,30,0.0,27,0.0
gemma-2-2b-it,dev,random_ortho_2_r1_a1,random_ortho_2,1,1.0,identity,stereoset,exploratory,28,28,28,0.0,0.0,0.0,0.0,1.0,0.0,0.0,0.0,,,,0,0,0,28,,,,0.0005449165071622,0.0005455231478642,0.3571428571428571,0.3928571428571428,-0.0357142857142857,-0.1071428571428571,0.0,0.25,0.25,0.0,0.0,0.0,0.7142857142857143,0.7142857142857143,0.0,0.0,0.0,0.35,20,0.35,0,28,0.0,20,0.0
gemma-2-2b-it,dev,random_ortho_2_r1_a1,random_ortho_2,1,1.0,neutral,pooled,exploratory,42,42,42,0.3579334077380952,0.3429536365327381,0.5,0.3809523809523809,0.119047619047619,0.0149797712053571,-0.0229909261067708,0.0543179466610862,0.0418507210601533,-0.0656158948239617,0.1560510979496298,5,0,0,37,0.0,0.0,0.0,0.0004606781579029,0.000468021042815,0.5769230769230769,0.5641025641025641,0.0128205128205128,0.0,0.0384615384615384,0.5714285714285714,0.5833333333333334,-0.0119047619047619,-0.0357142857142857,0.0,0.988095238095238,0.988095238095238,0.0,0.0,0.0,0.6282051282051282,39,0.6410256410256411,10,42,0.238095238095238,41,0.2439024390243902
gemma-2-2b-it,dev,random_ortho_2_r1_a1,random_ortho_2,1,1.0,neutral,bbq,exploratory,42,42,42,0.3579334077380952,0.3429536365327381,0.5,0.3809523809523809,0.119047619047619,0.0149797712053571,-0.0229909261067708,0.0543179466610862,0.0418507210601533,-0.0656158948239617,0.1560510979496298,5,0,0,37,0.0,0.0,0.0,0.0004606781579029,0.000468021042815,0.5769230769230769,0.5641025641025641,0.0128205128205128,0.0,0.0384615384615384,0.5714285714285714,0.5833333333333334,-0.0119047619047619,-0.0357142857142857,0.0,0.988095238095238,0.988095238095238,0.0,0.0,0.0,0.6282051282051282,39,0.6410256410256411,10,42,0.238095238095238,41,0.2439024390243902
gemma-2-2b-it,dev,random_ortho_2_r2_a1,random_ortho_2,2,1.0,demographic,pooled,exploratory,100,100,100,0.6788427734375,0.669178466796875,0.52,0.39,0.09,0.009664306640625,-0.0252369384765625,0.0448934326171874,0.0142364432808015,-0.0384588843354392,0.0668498857301842,29,2,1,71,0.0689655172413793,0.0,0.1785714285714285,0.0010340156350652,0.0010238334365873,0.4292929292929293,0.4444444444444444,-0.0151515151515151,-0.0404040404040404,0.0101010101010101,0.425,0.415,0.01,-0.015,0.035,0.895,0.905,-0.01,-0.025,0.0,0.483695652173913,92,0.4627659574468085,30,100,0.3,86,0.3488372093023256
gemma-2-2b-it,dev,random_ortho_2_r2_a1,random_ortho_2,2,1.0,demographic,bbq,exploratory,42,42,42,0.4410458519345238,0.4407813662574404,0.4761904761904761,0.3809523809523809,0.1428571428571428,0.0002644856770833,-0.0473905290876116,0.0474330357142857,0.000599678414213,-0.1300075533881941,0.0969833511281008,7,1,0,35,0.1428571428571428,0.0,0.5,0.0010767490252651,0.0010094461505454,0.5365853658536586,0.5487804878048781,-0.0121951219512195,-0.0365853658536585,0.0,0.5119047619047619,0.5238095238095238,-0.0119047619047619,-0.0357142857142857,0.0,1.0,1.0,0.0,0.0,0.0,0.5609756097560976,41,0.573170731707317,13,42,0.3095238095238095,42,0.3095238095238095
gemma-2-2b-it,dev,random_ortho_2_r2_a1,random_ortho_2,2,1.0,demographic,crows_pairs,exploratory,30,30,30,0.9345377604166668,0.8942301432291667,0.5666666666666667,0.3333333333333333,0.1,0.0403076171875,-0.0327301025390625,0.1106821695963541,0.0431310738792712,-0.03821249949182,0.131379881596629,10,1,1,20,0.1,0.0,0.3333333333333333,0.0010059585842041,0.0010528140537164,0.35,0.3666666666666666,-0.0166666666666666,-0.0666666666666666,0.0333333333333333,0.5,0.4333333333333333,0.0666666666666666,0.0166666666666666,0.1333333333333333,0.8833333333333333,0.9,-0.0166666666666666,-0.05,0.0,0.5740740740740741,27,0.4642857142857143,11,30,0.3666666666666666,26,0.4230769230769231
gemma-2-2b-it,dev,random_ortho_2_r2_a1,random_ortho_2,2,1.0,demographic,stereoset,exploratory,28,28,28,0.7615792410714286,0.7706473214285714,0.5357142857142857,0.4642857142857143,0.0,-0.0090680803571428,-0.0770159040178571,0.0638950892857142,-0.0119069426634914,-0.1137400625121039,0.0813228867933699,12,0,0,16,0.0,0.0,0.0,0.0009999766756877,0.0010143637044405,0.3571428571428571,0.375,-0.0178571428571428,-0.0714285714285714,0.0357142857142857,0.2142857142857142,0.2321428571428571,-0.0178571428571428,-0.0535714285714285,0.0,0.75,0.7678571428571429,-0.0178571428571428,-0.0535714285714285,0.0,0.25,24,0.28,6,28,0.2142857142857142,18,0.3333333333333333
gemma-2-2b-it,dev,random_ortho_2_r2_a1,random_ortho_2,2,1.0,identity,pooled,exploratory,100,100,100,0.0,0.0,0.0,0.0,1.0,0.0,0.0,0.0,,,,0,0,0,100,,,,0.0010426708245796,0.001042428233222,0.4020618556701031,0.4123711340206185,-0.0103092783505154,-0.0515463917525773,0.0309278350515463,0.43,0.41,0.02,0.0,0.05,0.89,0.9,-0.01,-0.03,0.0,0.5,86,0.4712643678160919,0,100,0.0,89,0.0
gemma-2-2b-it,dev,random_ortho_2_r2_a1,random_ortho_2,2,1.0,identity,bbq,exploratory,42,42,42,0.0,0.0,0.0,0.0,1.0,0.0,0.0,0.0,,,,0,0,0,42,,,,0.0010314989411769,0.0010312596543738,0.4871794871794871,0.5128205128205128,-0.0256410256410256,-0.0769230769230769,0.0,0.5238095238095238,0.5238095238095238,0.0,0.0,0.0,1.0,1.0,0.0,0.0,0.0,0.5641025641025641,39,0.5641025641025641,0,42,0.0,42,0.0
gemma-2-2b-it,dev,random_ortho_2_r2_a1,random_ortho_2,2,1.0,identity,crows_pairs,exploratory,30,30,30,0.0,0.0,0.0,0.0,1.0,0.0,0.0,0.0,,,,0,0,0,30,,,,0.0010747702903619,0.0010744454922775,0.3333333333333333,0.3,0.0333333333333333,0.0,0.1,0.4666666666666667,0.4,0.0666666666666666,0.0,0.1666666666666666,0.9,0.9333333333333332,-0.0333333333333333,-0.1,0.0,0.5185185185185185,27,0.4285714285714285,0,30,0.0,27,0.0
gemma-2-2b-it,dev,random_ortho_2_r2_a1,random_ortho_2,2,1.0,identity,stereoset,exploratory,28,28,28,0.0,0.0,0.0,0.0,1.0,0.0,0.0,0.0,,,,0,0,0,28,,,,0.0010250363649171,0.0010248768953633,0.3571428571428571,0.3928571428571428,-0.0357142857142857,-0.1428571428571428,0.0714285714285714,0.25,0.25,0.0,0.0,0.0,0.7142857142857143,0.7142857142857143,0.0,0.0,0.0,0.35,20,0.35,0,28,0.0,20,0.0
gemma-2-2b-it,dev,random_ortho_2_r2_a1,random_ortho_2,2,1.0,neutral,pooled,exploratory,42,42,42,0.3579334077380952,0.3542945498511904,0.5476190476190477,0.4523809523809524,0.0,0.0036388578869047,-0.0375063941592261,0.0448808942522321,0.0101662985578796,-0.1157924253627117,0.1224679778455898,5,0,1,37,0.0,0.0,0.0,0.0008727918491785,0.0009643509109237,0.5641025641025641,0.5641025641025641,0.0,0.0,0.0,0.5833333333333334,0.5833333333333334,0.0,0.0,0.0,0.988095238095238,0.988095238095238,0.0,0.0,0.0,0.6410256410256411,39,0.6410256410256411,9,42,0.2142857142857142,41,0.2195121951219512
gemma-2-2b-it,dev,random_ortho_2_r2_a1,random_ortho_2,2,1.0,neutral,bbq,exploratory,42,42,42,0.3579334077380952,0.3542945498511904,0.5476190476190477,0.4523809523809524,0.0,0.0036388578869047,-0.0375063941592261,0.0448808942522321,0.0101662985578796,-0.1157924253627117,0.1224679778455898,5,0,1,37,0.0,0.0,0.0,0.0008727918491785,0.0009643509109237,0.5641025641025641,0.5641025641025641,0.0,0.0,0.0,0.5833333333333334,0.5833333333333334,0.0,0.0,0.0,0.988095238095238,0.988095238095238,0.0,0.0,0.0,0.6410256410256411,39,0.6410256410256411,9,42,0.2142857142857142,41,0.2195121951219512
gemma-2-2b-it,dev,random_ortho_2_r4_a1,random_ortho_2,4,1.0,demographic,pooled,exploratory,100,100,100,0.6788427734375,0.6824896240234375,0.43,0.44,0.13,-0.0036468505859375,-0.0405223388671875,0.0311732025146483,-0.0053721579261583,-0.060569509620181,0.0474923176969278,29,1,1,71,0.0344827586206896,0.0,0.1111904761904757,0.0017586451740542,0.0017309514492351,0.4545454545454545,0.4444444444444444,0.0101010101010101,-0.0151515151515151,0.0353535353535353,0.445,0.415,0.03,0.0,0.06,0.895,0.905,-0.01,-0.025,0.0,0.5054347826086957,92,0.4627659574468085,28,100,0.28,86,0.3255813953488372
gemma-2-2b-it,dev,random_ortho_2_r4_a1,random_ortho_2,4,1.0,demographic,bbq,exploratory,42,42,42,0.4410458519345238,0.4564368838355654,0.3809523809523809,0.4047619047619047,0.2142857142857142,-0.0153910319010416,-0.058783213297526,0.028121112641834,-0.0348966707963203,-0.1576658730560703,0.0582289541512762,7,1,0,35,0.1428571428571428,0.0,0.5,0.0018446558818574,0.0017262067033101,0.5609756097560976,0.5487804878048781,0.0121951219512195,0.0,0.0365853658536585,0.5238095238095238,0.5238095238095238,0.0,0.0,0.0,1.0,1.0,0.0,0.0,0.0,0.573170731707317,41,0.573170731707317,12,42,0.2857142857142857,42,0.2857142857142857
gemma-2-2b-it,dev,random_ortho_2_r4_a1,random_ortho_2,4,1.0,demographic,crows_pairs,exploratory,30,30,30,0.9345377604166668,0.923974609375,0.5,0.4333333333333333,0.0666666666666666,0.0105631510416666,-0.0511482747395833,0.0718819173177083,0.01130307569055,-0.053649269963861,0.0899477091705225,10,0,1,20,0.0,0.0,0.0,0.0016890710272876,0.0017463204553155,0.3833333333333333,0.3666666666666666,0.0166666666666666,-0.0333333333333333,0.0666666666666666,0.55,0.4333333333333333,0.1166666666666666,0.0333333333333333,0.2166666666666666,0.8833333333333333,0.9,-0.0166666666666666,-0.05,0.0,0.6296296296296297,27,0.4642857142857143,10,30,0.3333333333333333,26,0.3846153846153846
gemma-2-2b-it,dev,random_ortho_2_r4_a1,random_ortho_2,4,1.0,demographic,stereoset,exploratory,28,28,28,0.7615792410714286,0.7628348214285714,0.4285714285714285,0.5,0.0714285714285714,-0.0012555803571428,-0.0905726841517857,0.0909667968749999,-0.0016486535995603,-0.1223383354762222,0.1111204364246747,12,0,0,16,0.0,0.0,0.0,0.0017041728410279,0.0017216017758935,0.375,0.375,0.0,-0.0535714285714285,0.0535714285714285,0.2142857142857142,0.2321428571428571,-0.0178571428571428,-0.0535714285714285,0.0,0.75,0.7678571428571429,-0.0178571428571428,-0.0535714285714285,0.0,0.25,24,0.28,6,28,0.2142857142857142,18,0.3333333333333333
gemma-2-2b-it,dev,random_ortho_2_r4_a1,random_ortho_2,4,1.0,identity,pooled,exploratory,100,100,100,0.0,0.0,0.0,0.0,1.0,0.0,0.0,0.0,,,,0,0,0,100,,,,0.0017568653685232,0.0017569458124,0.4432989690721649,0.4123711340206185,0.0309278350515463,-0.0103092783505154,0.0824742268041237,0.43,0.41,0.02,0.0,0.05,0.89,0.9,-0.01,-0.03,0.0,0.5,86,0.4712643678160919,0,100,0.0,89,0.0
gemma-2-2b-it,dev,random_ortho_2_r4_a1,random_ortho_2,4,1.0,identity,bbq,exploratory,42,42,42,0.0,0.0,0.0,0.0,1.0,0.0,0.0,0.0,,,,0,0,0,42,,,,0.0017567159994525,0.0017568623063315,0.5384615384615384,0.5128205128205128,0.0256410256410256,0.0,0.0769230769230769,0.5238095238095238,0.5238095238095238,0.0,0.0,0.0,1.0,1.0,0.0,0.0,0.0,0.5641025641025641,39,0.5641025641025641,0,42,0.0,42,0.0
gemma-2-2b-it,dev,random_ortho_2_r4_a1,random_ortho_2,4,1.0,identity,crows_pairs,exploratory,30,30,30,0.0,0.0,0.0,0.0,1.0,0.0,0.0,0.0,,,,0,0,0,30,,,,0.0017810482852644,0.0017809280617216,0.3666666666666666,0.3,0.0666666666666666,0.0,0.1666666666666666,0.4666666666666667,0.4,0.0666666666666666,0.0,0.1666666666666666,0.9,0.9333333333333332,-0.0333333333333333,-0.1,0.0,0.5185185185185185,27,0.4285714285714285,0,30,0.0,27,0.0
gemma-2-2b-it,dev,random_ortho_2_r4_a1,random_ortho_2,4,1.0,identity,stereoset,exploratory,28,28,28,0.0,0.0,0.0,0.0,1.0,0.0,0.0,0.0,,,,0,0,0,28,,,,0.0017311791541924,0.0017313758043724,0.3928571428571428,0.3928571428571428,0.0,-0.1071428571428571,0.1071428571428571,0.25,0.25,0.0,0.0,0.0,0.7142857142857143,0.7142857142857143,0.0,0.0,0.0,0.35,20,0.35,0,28,0.0,20,0.0
gemma-2-2b-it,dev,random_ortho_2_r4_a1,random_ortho_2,4,1.0,neutral,pooled,exploratory,42,42,42,0.3579334077380952,0.3388206845238095,0.5714285714285714,0.3809523809523809,0.0476190476190476,0.0191127232142857,-0.0279657273065476,0.0649396623883928,0.0533974275691827,-0.0842852071047751,0.1809391563473174,5,1,0,37,0.2,0.0,0.6,0.0015579349534675,0.0016325956195859,0.5769230769230769,0.5641025641025641,0.0128205128205128,0.0,0.0384615384615384,0.5833333333333334,0.5833333333333334,0.0,0.0,0.0,0.988095238095238,0.988095238095238,0.0,0.0,0.0,0.6410256410256411,39,0.6410256410256411,9,42,0.2142857142857142,41,0.2195121951219512
gemma-2-2b-it,dev,random_ortho_2_r4_a1,random_ortho_2,4,1.0,neutral,bbq,exploratory,42,42,42,0.3579334077380952,0.3388206845238095,0.5714285714285714,0.3809523809523809,0.0476190476190476,0.0191127232142857,-0.0279657273065476,0.0649396623883928,0.0533974275691827,-0.0842852071047751,0.1809391563473174,5,1,0,37,0.2,0.0,0.6,0.0015579349534675,0.0016325956195859,0.5769230769230769,0.5641025641025641,0.0128205128205128,0.0,0.0384615384615384,0.5833333333333334,0.5833333333333334,0.0,0.0,0.0,0.988095238095238,0.988095238095238,0.0,0.0,0.0,0.6410256410256411,39,0.6410256410256411,9,42,0.2142857142857142,41,0.2195121951219512
gemma-2-2b-it,dev,random_ortho_3_r1_a1,random_ortho_3,1,1.0,demographic,pooled,exploratory,100,100,100,0.6788427734375,0.6638095092773437,0.52,0.36,0.12,0.0150332641601562,-0.0197496643066406,0.0484667587280273,0.0221454285858142,-0.0307936258090572,0.0738438514473866,29,4,3,71,0.1379310344827586,0.03125,0.2758620689655172,0.000392784562713,0.000408059983731,0.4545454545454545,0.4444444444444444,0.0101010101010101,-0.0101010101010101,0.0303030303030303,0.42,0.415,0.005,0.0,0.015,0.905,0.905,0.0,0.0,0.0,0.4680851063829787,94,0.4627659574468085,29,100,0.29,86,0.3372093023255814
gemma-2-2b-it,dev,random_ortho_3_r1_a1,random_ortho_3,1,1.0,demographic,bbq,exploratory,42,42,42,0.4410458519345238,0.438688005719866,0.4047619047619047,0.4047619047619047,0.1904761904761904,0.0023578462146577,-0.0401710691906157,0.0449381510416666,0.0053460342146189,-0.1044982028542524,0.0979054014693973,7,1,0,35,0.1428571428571428,0.0,0.5,0.0003876587464172,0.0004100996046844,0.5487804878048781,0.5487804878048781,0.0,0.0,0.0,0.5238095238095238,0.5238095238095238,0.0,0.0,0.0,1.0,1.0,0.0,0.0,0.0,0.573170731707317,41,0.573170731707317,12,42,0.2857142857142857,42,0.2857142857142857
gemma-2-2b-it,dev,random_ortho_3_r1_a1,random_ortho_3,1,1.0,demographic,crows_pairs,exploratory,30,30,30,0.9345377604166668,0.9041341145833334,0.5666666666666667,0.3,0.1333333333333333,0.0304036458333333,-0.0447916666666666,0.0989599609374999,0.0325333519105507,-0.0514546622067041,0.1227279505226425,10,1,1,20,0.1,0.0,0.3333333333333333,0.000392031938498,0.0003927797852163,0.3833333333333333,0.3666666666666666,0.0166666666666666,0.0,0.05,0.45,0.4333333333333333,0.0166666666666666,0.0,0.05,0.9,0.9,0.0,0.0,0.0,0.4821428571428571,28,0.4642857142857143,11,30,0.3666666666666666,26,0.4230769230769231
gemma-2-2b-it,dev,random_ortho_3_r1_a1,random_ortho_3,1,1.0,demographic,stereoset,exploratory,28,28,28,0.7615792410714286,0.7440011160714286,0.6428571428571429,0.3571428571428571,0.0,0.017578125,-0.053173828125,0.0814732142857142,0.023081150393845,-0.0775479222399859,0.1020745644156569,12,2,2,16,0.1666666666666666,0.0,0.4,0.0004012796702443,0.0004213721935665,0.3928571428571428,0.375,0.0178571428571428,-0.0357142857142857,0.0892857142857142,0.2321428571428571,0.2321428571428571,0.0,0.0,0.0,0.7678571428571429,0.7678571428571429,0.0,0.0,0.0,0.28,25,0.28,6,28,0.2142857142857142,18,0.3333333333333333
gemma-2-2b-it,dev,random_ortho_3_r1_a1,random_ortho_3,1,1.0,identity,pooled,exploratory,100,100,100,0.0,0.0,0.0,0.0,1.0,0.0,0.0,0.0,,,,0,0,0,100,,,,0.0004150275405982,0.000414909148131,0.422680412371134,0.4123711340206185,0.0103092783505154,-0.0206185567010309,0.0515463917525773,0.41,0.41,0.0,0.0,0.0,0.9,0.9,0.0,0.0,0.0,0.4712643678160919,87,0.4712643678160919,0,100,0.0,90,0.0
gemma-2-2b-it,dev,random_ortho_3_r1_a1,random_ortho_3,1,1.0,identity,bbq,exploratory,42,42,42,0.0,0.0,0.0,0.0,1.0,0.0,0.0,0.0,,,,0,0,0,42,,,,0.0004151136694865,0.0004149344240212,0.5128205128205128,0.5128205128205128,0.0,0.0,0.0,0.5238095238095238,0.5238095238095238,0.0,0.0,0.0,1.0,1.0,0.0,0.0,0.0,0.5641025641025641,39,0.5641025641025641,0,42,0.0,42,0.0
gemma-2-2b-it,dev,random_ortho_3_r1_a1,random_ortho_3,1,1.0,identity,crows_pairs,exploratory,30,30,30,0.0,0.0,0.0,0.0,1.0,0.0,0.0,0.0,,,,0,0,0,30,,,,0.0003992336531027,0.000399050421765,0.3333333333333333,0.3,0.0333333333333333,0.0,0.1,0.4,0.4,0.0,0.0,0.0,0.9333333333333332,0.9333333333333332,0.0,0.0,0.0,0.4285714285714285,28,0.4285714285714285,0,30,0.0,28,0.0
gemma-2-2b-it,dev,random_ortho_3_r1_a1,random_ortho_3,1,1.0,identity,stereoset,exploratory,28,28,28,0.0,0.0,0.0,0.0,1.0,0.0,0.0,0.0,,,,0,0,0,28,,,,0.0004318203695825,0.0004318627268305,0.3928571428571428,0.3928571428571428,0.0,-0.1071428571428571,0.1071428571428571,0.25,0.25,0.0,0.0,0.0,0.7142857142857143,0.7142857142857143,0.0,0.0,0.0,0.35,20,0.35,0,28,0.0,20,0.0
gemma-2-2b-it,dev,random_ortho_3_r1_a1,random_ortho_3,1,1.0,neutral,pooled,exploratory,42,42,42,0.3579334077380952,0.3743896484375,0.3571428571428571,0.4761904761904761,0.1666666666666666,-0.0164562406994047,-0.0589551653180803,0.0241251627604166,-0.0459757048200597,-0.1713633914826206,0.0654520075930061,5,0,1,37,0.0,0.0,0.0,0.0004495685140967,0.0004379926873739,0.5641025641025641,0.5641025641025641,0.0,0.0,0.0,0.5833333333333334,0.5833333333333334,0.0,0.0,0.0,0.988095238095238,0.988095238095238,0.0,0.0,0.0,0.6410256410256411,39,0.6410256410256411,9,42,0.2142857142857142,41,0.2195121951219512
gemma-2-2b-it,dev,random_ortho_3_r1_a1,random_ortho_3,1,1.0,neutral,bbq,exploratory,42,42,42,0.3579334077380952,0.3743896484375,0.3571428571428571,0.4761904761904761,0.1666666666666666,-0.0164562406994047,-0.0589551653180803,0.0241251627604166,-0.0459757048200597,-0.1713633914826206,0.0654520075930061,5,0,1,37,0.0,0.0,0.0,0.0004495685140967,0.0004379926873739,0.5641025641025641,0.5641025641025641,0.0,0.0,0.0,0.5833333333333334,0.5833333333333334,0.0,0.0,0.0,0.988095238095238,0.988095238095238,0.0,0.0,0.0,0.6410256410256411,39,0.6410256410256411,9,42,0.2142857142857142,41,0.2195121951219512
gemma-2-2b-it,dev,random_ortho_3_r2_a1,random_ortho_3,2,1.0,demographic,pooled,exploratory,100,100,100,0.6788427734375,0.6870849609375,0.43,0.46,0.11,-0.0082421875,-0.0451934814453124,0.0280634765624999,-0.012141526466082,-0.0709121597035437,0.0379868432553404,29,2,4,71,0.0689655172413793,0.0,0.1724512743628184,0.0007212045552088,0.0007234559408106,0.4494949494949495,0.4444444444444444,0.005050505050505,-0.0151515151515151,0.0252525252525252,0.425,0.415,0.01,0.0,0.025,0.9,0.905,-0.005,-0.015,0.0,0.478494623655914,93,0.4627659574468085,30,100,0.3,86,0.3488372093023256
gemma-2-2b-it,dev,random_ortho_3_r2_a1,random_ortho_3,2,1.0,demographic,bbq,exploratory,42,42,42,0.4410458519345238,0.4486025855654761,0.4285714285714285,0.4285714285714285,0.1428571428571428,-0.0075567336309523,-0.0495710100446428,0.0386564708891369,-0.0171336689775154,-0.1281701711492784,0.0816624458701336,7,1,0,35,0.1428571428571428,0.0,0.5,0.0007398802076577,0.0007347268448636,0.5487804878048781,0.5487804878048781,0.0,0.0,0.0,0.5238095238095238,0.5238095238095238,0.0,0.0,0.0,1.0,1.0,0.0,0.0,0.0,0.573170731707317,41,0.573170731707317,12,42,0.2857142857142857,42,0.2857142857142857
gemma-2-2b-it,dev,random_ortho_3_r2_a1,random_ortho_3,2,1.0,demographic,crows_pairs,exploratory,30,30,30,0.9345377604166668,0.9131510416666668,0.4666666666666667,0.4333333333333333,0.1,0.02138671875,-0.0396272786458333,0.0840193684895833,0.0228848096415758,-0.0484396676128408,0.0903973734461707,10,0,1,20,0.0,0.0,0.0,0.0006774106377401,0.0006980076745712,0.3833333333333333,0.3666666666666666,0.0166666666666666,0.0,0.05,0.45,0.4333333333333333,0.0166666666666666,0.0,0.05,0.8833333333333333,0.9,-0.0166666666666666,-0.05,0.0,0.5,27,0.4642857142857143,11,30,0.3666666666666666,26,0.4230769230769231
gemma-2-2b-it,dev,random_ortho_3_r2_a1,random_ortho_3,2,1.0,demographic,stereoset,exploratory,28,28,28,0.7615792410714286,0.8025948660714286,0.3928571428571428,0.5357142857142857,0.0714285714285714,-0.041015625,-0.1183070591517857,0.0398995535714285,-0.0538560175856384,-0.1785956941342692,0.0449611876414232,12,1,3,16,0.0833333333333333,0.0,0.2727272727272727,0.0007401131309662,0.0007338155842734,0.375,0.375,0.0,-0.0714285714285714,0.0714285714285714,0.25,0.2321428571428571,0.0178571428571428,0.0,0.0535714285714285,0.7678571428571429,0.7678571428571429,0.0,0.0,0.0,0.3,25,0.28,7,28,0.25,18,0.3888888888888889
gemma-2-2b-it,dev,random_ortho_3_r2_a1,random_ortho_3,2,1.0,identity,pooled,exploratory,100,100,100,0.0,0.0,0.0,0.0,1.0,0.0,0.0,0.0,,,,0,0,0,100,,,,0.000726686544942,0.0007267589399314,0.4123711340206185,0.4123711340206185,0.0,-0.0412371134020618,0.0412371134020618,0.41,0.41,0.0,0.0,0.0,0.89,0.9,-0.01,-0.03,0.0,0.4767441860465116,86,0.4712643678160919,0,100,0.0,89,0.0
gemma-2-2b-it,dev,random_ortho_3_r2_a1,random_ortho_3,2,1.0,identity,bbq,exploratory,42,42,42,0.0,0.0,0.0,0.0,1.0,0.0,0.0,0.0,,,,0,0,0,42,,,,0.0007344702469182,0.0007346380083031,0.5128205128205128,0.5128205128205128,0.0,0.0,0.0,0.5238095238095238,0.5238095238095238,0.0,0.0,0.0,1.0,1.0,0.0,0.0,0.0,0.5641025641025641,39,0.5641025641025641,0,42,0.0,42,0.0
gemma-2-2b-it,dev,random_ortho_3_r2_a1,random_ortho_3,2,1.0,identity,crows_pairs,exploratory,30,30,30,0.0,0.0,0.0,0.0,1.0,0.0,0.0,0.0,,,,0,0,0,30,,,,0.0007125532905544,0.0007124487384805,0.3333333333333333,0.3,0.0333333333333333,0.0,0.1,0.4,0.4,0.0,0.0,0.0,0.9,0.9333333333333332,-0.0333333333333333,-0.1,0.0,0.4444444444444444,27,0.4285714285714285,0,30,0.0,27,0.0
gemma-2-2b-it,dev,random_ortho_3_r2_a1,random_ortho_3,2,1.0,identity,stereoset,exploratory,28,28,28,0.0,0.0,0.0,0.0,1.0,0.0,0.0,0.0,,,,0,0,0,28,,,,0.0007301537645358,0.0007302726960711,0.3571428571428571,0.3928571428571428,-0.0357142857142857,-0.1428571428571428,0.0714285714285714,0.25,0.25,0.0,0.0,0.0,0.7142857142857143,0.7142857142857143,0.0,0.0,0.0,0.35,20,0.35,0,28,0.0,20,0.0
gemma-2-2b-it,dev,random_ortho_3_r2_a1,random_ortho_3,2,1.0,neutral,pooled,exploratory,42,42,42,0.3579334077380952,0.3721981956845238,0.4761904761904761,0.5,0.0238095238095238,-0.0142647879464285,-0.0593090239025297,0.0292925153459821,-0.0398531895543718,-0.1739337796963315,0.0840475953522836,5,0,0,37,0.0,0.0,0.0,0.0007073789583009,0.0007216334359037,0.5641025641025641,0.5641025641025641,0.0,0.0,0.0,0.5833333333333334,0.5833333333333334,0.0,0.0,0.0,0.988095238095238,0.988095238095238,0.0,0.0,0.0,0.6410256410256411,39,0.6410256410256411,9,42,0.2142857142857142,41,0.2195121951219512
gemma-2-2b-it,dev,random_ortho_3_r2_a1,random_ortho_3,2,1.0,neutral,bbq,exploratory,42,42,42,0.3579334077380952,0.3721981956845238,0.4761904761904761,0.5,0.0238095238095238,-0.0142647879464285,-0.0593090239025297,0.0292925153459821,-0.0398531895543718,-0.1739337796963315,0.0840475953522836,5,0,0,37,0.0,0.0,0.0,0.0007073789583009,0.0007216334359037,0.5641025641025641,0.5641025641025641,0.0,0.0,0.0,0.5833333333333334,0.5833333333333334,0.0,0.0,0.0,0.988095238095238,0.988095238095238,0.0,0.0,0.0,0.6410256410256411,39,0.6410256410256411,9,42,0.2142857142857142,41,0.2195121951219512
gemma-2-2b-it,dev,random_ortho_3_r4_a1,random_ortho_3,4,1.0,demographic,pooled,exploratory,100,100,100,0.6788427734375,0.65584228515625,0.55,0.37,0.08,0.02300048828125,-0.013780029296875,0.0592383422851562,0.0338819078308529,-0.0225028255924207,0.0894219073507578,29,5,4,71,0.1724137931034483,0.04,0.3214285714285714,0.0016209403867376,0.0015979665705277,0.4343434343434343,0.4444444444444444,-0.0101010101010101,-0.0353535353535353,0.0101010101010101,0.425,0.415,0.01,0.0,0.025,0.9,0.905,-0.005,-0.015,0.0,0.478494623655914,93,0.4627659574468085,29,100,0.29,86,0.3372093023255814
gemma-2-2b-it,dev,random_ortho_3_r4_a1,random_ortho_3,4,1.0,demographic,bbq,exploratory,42,42,42,0.4410458519345238,0.4412725539434524,0.5,0.4047619047619047,0.0952380952380952,-0.0002267020089285,-0.0487368629092261,0.0469732375372023,-0.0005140100693254,-0.1284022619961524,0.1007488224093788,7,1,1,35,0.1428571428571428,0.0,0.5,0.001722892500093,0.001639734356176,0.5487804878048781,0.5487804878048781,0.0,0.0,0.0,0.5357142857142857,0.5238095238095238,0.0119047619047619,0.0,0.0357142857142857,1.0,1.0,0.0,0.0,0.0,0.5853658536585366,41,0.573170731707317,14,42,0.3333333333333333,42,0.3333333333333333
gemma-2-2b-it,dev,random_ortho_3_r4_a1,random_ortho_3,4,1.0,demographic,crows_pairs,exploratory,30,30,30,0.9345377604166668,0.91015625,0.6,0.3,0.1,0.0243815104166666,-0.0530647786458333,0.0927596028645832,0.0260893796370476,-0.0522155684534454,0.1196699063112851,10,0,2,20,0.0,0.0,0.0,0.0015100421303155,0.0015380930644195,0.35,0.3666666666666666,-0.0166666666666666,-0.05,0.0,0.45,0.4333333333333333,0.0166666666666666,0.0,0.05,0.8833333333333333,0.9,-0.0166666666666666,-0.05,0.0,0.5,27,0.4642857142857143,9,30,0.3,26,0.3461538461538461
gemma-2-2b-it,dev,random_ortho_3_r4_a1,random_ortho_3,4,1.0,demographic,stereoset,exploratory,28,28,28,0.7615792410714286,0.7052176339285714,0.5714285714285714,0.3928571428571428,0.0357142857142857,0.0563616071428571,-0.0162039620535714,0.12890625,0.0740062282469317,-0.0236169648579066,0.165426738847983,12,4,1,16,0.3333333333333333,0.0833333333333333,0.6153846153846154,0.0015868317771567,0.0015994650771713,0.3571428571428571,0.375,-0.0178571428571428,-0.0892857142857142,0.0535714285714285,0.2321428571428571,0.2321428571428571,0.0,0.0,0.0,0.7678571428571429,0.7678571428571429,0.0,0.0,0.0,0.28,25,0.28,6,28,0.2142857142857142,18,0.3333333333333333
gemma-2-2b-it,dev,random_ortho_3_r4_a1,random_ortho_3,4,1.0,identity,pooled,exploratory,100,100,100,0.0,0.0,0.0,0.0,1.0,0.0,0.0,0.0,,,,0,0,0,100,,,,0.0015899535353569,0.0015899329207771,0.3917525773195876,0.4123711340206185,-0.0206185567010309,-0.0618556701030927,0.0105670103092769,0.41,0.41,0.0,0.0,0.0,0.89,0.9,-0.01,-0.03,0.0,0.4767441860465116,86,0.4712643678160919,0,100,0.0,89,0.0
gemma-2-2b-it,dev,random_ortho_3_r4_a1,random_ortho_3,4,1.0,identity,bbq,exploratory,42,42,42,0.0,0.0,0.0,0.0,1.0,0.0,0.0,0.0,,,,0,0,0,42,,,,0.0015935393075487,0.0015932285712647,0.5128205128205128,0.5128205128205128,0.0,0.0,0.0,0.5238095238095238,0.5238095238095238,0.0,0.0,0.0,1.0,1.0,0.0,0.0,0.0,0.5641025641025641,39,0.5641025641025641,0,42,0.0,42,0.0
gemma-2-2b-it,dev,random_ortho_3_r4_a1,random_ortho_3,4,1.0,identity,crows_pairs,exploratory,30,30,30,0.0,0.0,0.0,0.0,1.0,0.0,0.0,0.0,,,,0,0,0,30,,,,0.0015633122718347,0.0015634090657025,0.3,0.3,0.0,0.0,0.0,0.4,0.4,0.0,0.0,0.0,0.9,0.9333333333333332,-0.0333333333333333,-0.1,0.0,0.4444444444444444,27,0.4285714285714285,0,30,0.0,27,0.0
gemma-2-2b-it,dev,random_ortho_3_r4_a1,random_ortho_3,4,1.0,identity,stereoset,exploratory,28,28,28,0.0,0.0,0.0,0.0,1.0,0.0,0.0,0.0,,,,0,0,0,28,,,,0.0016131190879858,0.0016134078611971,0.3214285714285714,0.3928571428571428,-0.0714285714285714,-0.2142857142857142,0.0714285714285714,0.25,0.25,0.0,0.0,0.0,0.7142857142857143,0.7142857142857143,0.0,0.0,0.0,0.35,20,0.35,0,28,0.0,20,0.0
gemma-2-2b-it,dev,random_ortho_3_r4_a1,random_ortho_3,4,1.0,neutral,pooled,exploratory,42,42,42,0.3579334077380952,0.3482549758184524,0.4047619047619047,0.4047619047619047,0.1904761904761904,0.0096784319196428,-0.0294978550502232,0.0526428222656249,0.027039755748993,-0.0837750776721864,0.1505949474229962,5,0,0,37,0.0,0.0,0.0,0.0015804656728914,0.0015643850689548,0.5641025641025641,0.5641025641025641,0.0,0.0,0.0,0.5833333333333334,0.5833333333333334,0.0,0.0,0.0,0.988095238095238,0.988095238095238,0.0,0.0,0.0,0.6410256410256411,39,0.6410256410256411,9,42,0.2142857142857142,41,0.2195121951219512
gemma-2-2b-it,dev,random_ortho_3_r4_a1,random_ortho_3,4,1.0,neutral,bbq,exploratory,42,42,42,0.3579334077380952,0.3482549758184524,0.4047619047619047,0.4047619047619047,0.1904761904761904,0.0096784319196428,-0.0294978550502232,0.0526428222656249,0.027039755748993,-0.0837750776721864,0.1505949474229962,5,0,0,37,0.0,0.0,0.0,0.0015804656728914,0.0015643850689548,0.5641025641025641,0.5641025641025641,0.0,0.0,0.0,0.5833333333333334,0.5833333333333334,0.0,0.0,0.0,0.988095238095238,0.988095238095238,0.0,0.0,0.0,0.6410256410256411,39,0.6410256410256411,9,42,0.2142857142857142,41,0.2195121951219512
gemma-2-2b-it,dev,uncentred_svd_r1_a1,uncentred_svd,1,1.0,demographic,pooled,exploratory,100,100,100,0.6788427734375,0.5298681640625,0.56,0.43,0.01,0.148974609375,0.0563492431640625,0.2421896972656249,0.2194537751659749,0.0935087694402011,0.3223626107191313,29,15,9,71,0.5172413793103449,0.3333333333333333,0.7037037037037037,0.0156521314216001,0.0164897513533885,0.5656565656565656,0.4444444444444444,0.1212121212121212,0.0555555555555555,0.1919191919191919,0.52,0.415,0.105,0.04,0.17,0.895,0.905,-0.01,-0.065,0.04,0.5879120879120879,91,0.4627659574468085,14,100,0.14,87,0.160919540229885
gemma-2-2b-it,dev,uncentred_svd_r1_a1,uncentred_svd,1,1.0,demographic,bbq,exploratory,42,42,42,0.4410458519345238,0.4364536830357143,0.4523809523809524,0.5238095238095238,0.0238095238095238,0.0045921688988095,-0.126445079985119,0.1245750790550593,0.0104119988401824,-0.3498223942549044,0.2441284674109907,7,5,4,35,0.7142857142857143,0.3333333333333333,1.0,0.0151255076721317,0.0166197280041966,0.6097560975609756,0.5487804878048781,0.0609756097560975,0.0,0.1219512195121951,0.5476190476190477,0.5238095238095238,0.0238095238095238,-0.0357142857142857,0.0952380952380952,0.9761904761904762,1.0,-0.0238095238095238,-0.0595238095238095,0.0,0.5853658536585366,41,0.573170731707317,7,42,0.1666666666666666,40,0.175
gemma-2-2b-it,dev,uncentred_svd_r1_a1,uncentred_svd,1,1.0,demographic,crows_pairs,exploratory,30,30,30,0.9345377604166668,0.6942545572916666,0.6,0.4,0.0,0.240283203125,0.0557096354166666,0.4399458821614583,0.2571144937127729,0.0807024665494937,0.4282535356268467,10,4,2,20,0.4,0.1,0.727840909090906,0.0153685702079792,0.0158842320836629,0.7,0.3666666666666666,0.3333333333333333,0.1666666666666666,0.5,0.75,0.4333333333333333,0.3166666666666666,0.1666666666666666,0.4666666666666667,0.8166666666666667,0.9,-0.0833333333333333,-0.2,0.0166666666666666,0.92,25,0.4642857142857143,4,30,0.1333333333333333,24,0.1666666666666666
gemma-2-2b-it,dev,uncentred_svd_r1_a1,uncentred_svd,1,1.0,demographic,stereoset,exploratory,28,28,28,0.7615792410714286,0.4938616071428571,0.6785714285714286,0.3214285714285714,0.0,0.2677176339285714,0.1057477678571428,0.4365687779017854,0.3515295841729254,0.1650402429102742,0.4963405164585393,12,6,3,16,0.5,0.2,0.7857142857142857,0.0167458826318252,0.0169435570233108,0.3571428571428571,0.375,-0.0178571428571428,-0.125,0.0892857142857142,0.2321428571428571,0.2321428571428571,0.0,-0.1071428571428571,0.1071428571428571,0.8571428571428571,0.7678571428571429,0.0892857142857142,-0.0178571428571428,0.2321428571428571,0.26,25,0.28,3,28,0.1071428571428571,23,0.1304347826086956
gemma-2-2b-it,dev,uncentred_svd_r1_a1,uncentred_svd,1,1.0,identity,pooled,exploratory,100,100,100,0.0,0.0,0.0,0.0,1.0,0.0,0.0,0.0,,,,0,0,0,100,,,,0.0165621295397745,0.0165548973948831,0.5567010309278351,0.4123711340206185,0.1443298969072164,0.0515463917525773,0.2371134020618556,0.54,0.41,0.13,0.04,0.22,0.89,0.9,-0.01,-0.07,0.05,0.6206896551724138,87,0.4712643678160919,0,100,0.0,89,0.0
gemma-2-2b-it,dev,uncentred_svd_r1_a1,uncentred_svd,1,1.0,identity,bbq,exploratory,42,42,42,0.0,0.0,0.0,0.0,1.0,0.0,0.0,0.0,,,,0,0,0,42,,,,0.0165827856251058,0.0165845490736846,0.6153846153846154,0.5128205128205128,0.1025641025641025,0.0,0.2307692307692307,0.5714285714285714,0.5238095238095238,0.0476190476190476,-0.0714285714285714,0.1666666666666666,0.9761904761904762,1.0,-0.0238095238095238,-0.0714285714285714,0.0,0.6153846153846154,39,0.5641025641025641,0,42,0.0,41,0.0
gemma-2-2b-it,dev,uncentred_svd_r1_a1,uncentred_svd,1,1.0,identity,crows_pairs,exploratory,30,30,30,0.0,0.0,0.0,0.0,1.0,0.0,0.0,0.0,,,,0,0,0,30,,,,0.0162383547366006,0.0162383026391761,0.7,0.3,0.4,0.2333333333333333,0.5666666666666667,0.7666666666666667,0.4,0.3666666666666666,0.2,0.5333333333333333,0.8333333333333334,0.9333333333333332,-0.1,-0.2333333333333333,0.0,0.92,25,0.4285714285714285,0,30,0.0,25,0.0
gemma-2-2b-it,dev,uncentred_svd_r1_a1,uncentred_svd,1,1.0,identity,stereoset,exploratory,28,28,28,0.0,0.0,0.0,0.0,1.0,0.0,0.0,0.0,,,,0,0,0,28,,,,0.0168780469866069,0.0168496285435099,0.3214285714285714,0.3928571428571428,-0.0714285714285714,-0.2142857142857142,0.0714285714285714,0.25,0.25,0.0,-0.1785714285714285,0.1785714285714285,0.8214285714285714,0.7142857142857143,0.1071428571428571,-0.0357142857142857,0.25,0.3043478260869565,23,0.35,0,28,0.0,23,0.0
gemma-2-2b-it,dev,uncentred_svd_r1_a1,uncentred_svd,1,1.0,neutral,pooled,exploratory,42,42,42,0.3579334077380952,0.2417544410342262,0.5714285714285714,0.3571428571428571,0.0714285714285714,0.116178966703869,0.0400217692057291,0.2102230253673734,0.3245826295959465,0.1285137193220731,0.4988930089863753,5,5,1,37,1.0,1.0,1.0,0.0382877008291387,0.0274801375805444,0.6282051282051282,0.5641025641025641,0.0641025641025641,0.0,0.1282051282051282,0.5833333333333334,0.5833333333333334,0.0,-0.0714285714285714,0.0717261904761888,0.988095238095238,0.988095238095238,0.0,0.0,0.0,0.6282051282051282,39,0.6410256410256411,6,42,0.1428571428571428,41,0.1463414634146341
gemma-2-2b-it,dev,uncentred_svd_r1_a1,uncentred_svd,1,1.0,neutral,bbq,exploratory,42,42,42,0.3579334077380952,0.2417544410342262,0.5714285714285714,0.3571428571428571,0.0714285714285714,0.116178966703869,0.0400217692057291,0.2102230253673734,0.3245826295959465,0.1285137193220731,0.4988930089863753,5,5,1,37,1.0,1.0,1.0,0.0382877008291387,0.0274801375805444,0.6282051282051282,0.5641025641025641,0.0641025641025641,0.0,0.1282051282051282,0.5833333333333334,0.5833333333333334,0.0,-0.0714285714285714,0.0717261904761888,0.988095238095238,0.988095238095238,0.0,0.0,0.0,0.6282051282051282,39,0.6410256410256411,6,42,0.1428571428571428,41,0.1463414634146341
gemma-2-2b-it,dev,uncentred_svd_r2_a1,uncentred_svd,2,1.0,demographic,pooled,exploratory,100,100,100,0.6788427734375,0.514091796875,0.6,0.36,0.04,0.1647509765625,0.048833984375,0.2876657714843748,0.2426938652204248,0.085347564110143,0.3725315531251325,29,17,8,71,0.5862068965517241,0.4117647058823529,0.7576018808777428,0.0268317609631053,0.0257973659339614,0.5656565656565656,0.4444444444444444,0.1212121212121212,0.0454545454545454,0.1969696969696969,0.5,0.415,0.085,0.02,0.15,0.885,0.905,-0.02,-0.075,0.03,0.5714285714285714,91,0.4627659574468085,12,100,0.12,85,0.1411764705882353
gemma-2-2b-it,dev,uncentred_svd_r2_a1,uncentred_svd,2,1.0,demographic,bbq,exploratory,42,42,42,0.4410458519345238,0.3922526041666667,0.5476190476190477,0.4047619047619047,0.0476190476190476,0.0487932477678571,-0.1055428641183035,0.1904788062686011,0.1106307826132799,-0.2905420270512163,0.365549726641469,7,6,3,35,0.8571428571428571,0.5,1.0,0.0330623081284373,0.0296855354971893,0.6097560975609756,0.5487804878048781,0.0609756097560975,-0.024390243902439,0.1463414634146341,0.5119047619047619,0.5238095238095238,-0.0119047619047619,-0.0714285714285714,0.0595238095238095,0.988095238095238,1.0,-0.0119047619047619,-0.0357142857142857,0.0,0.524390243902439,41,0.573170731707317,9,42,0.2142857142857142,41,0.2195121951219512
gemma-2-2b-it,dev,uncentred_svd_r2_a1,uncentred_svd,2,1.0,demographic,crows_pairs,exploratory,30,30,30,0.9345377604166668,0.78193359375,0.6333333333333333,0.3666666666666666,0.0,0.1526041666666666,-0.0891927083333333,0.4061555989583331,0.163293740638824,-0.1286111252889823,0.3541224513281049,10,3,4,20,0.3,0.0,0.625,0.0199346643652159,0.0212604609512655,0.6666666666666666,0.3666666666666666,0.3,0.1333333333333333,0.4666666666666667,0.75,0.4333333333333333,0.3166666666666666,0.1666666666666666,0.4666666666666667,0.8,0.9,-0.1,-0.2166666666666666,0.0,0.94,25,0.4642857142857143,3,30,0.1,23,0.1304347826086956
gemma-2-2b-it,dev,uncentred_svd_r2_a1,uncentred_svd,2,1.0,demographic,stereoset,exploratory,28,28,28,0.7615792410714286,0.4098772321428571,0.6428571428571429,0.2857142857142857,0.0714285714285714,0.3517020089285714,0.1367571149553571,0.5877650669642857,0.461806191610185,0.2159973382484738,0.6408398865288433,12,8,1,16,0.6666666666666666,0.3636363636363636,0.9230769230769232,0.0248756865699887,0.0248260812134365,0.3928571428571428,0.375,0.0178571428571428,-0.0892857142857142,0.125,0.2142857142857142,0.2321428571428571,-0.0178571428571428,-0.1071428571428571,0.0892857142857142,0.8214285714285714,0.7678571428571429,0.0535714285714285,-0.0714285714285714,0.1964285714285714,0.28,25,0.28,0,28,0.0,21,0.0
gemma-2-2b-it,dev,uncentred_svd_r2_a1,uncentred_svd,2,1.0,identity,pooled,exploratory,100,100,100,0.0,0.0,0.0,0.0,1.0,0.0,0.0,0.0,,,,0,0,0,100,,,,0.0249211720521514,0.0249359270747435,0.5360824742268041,0.4123711340206185,0.1237113402061855,0.0206185567010309,0.2167525773195862,0.47,0.41,0.06,-0.02,0.14,0.86,0.9,-0.04,-0.11,0.02,0.5662650602409639,83,0.4712643678160919,0,100,0.0,86,0.0
gemma-2-2b-it,dev,uncentred_svd_r2_a1,uncentred_svd,2,1.0,identity,bbq,exploratory,42,42,42,0.0,0.0,0.0,0.0,1.0,0.0,0.0,0.0,,,,0,0,0,42,,,,0.0271706517161553,0.0271823478541668,0.6153846153846154,0.5128205128205128,0.1025641025641025,-0.0256410256410256,0.2307692307692307,0.5,0.5238095238095238,-0.0238095238095238,-0.1428571428571428,0.0714285714285714,1.0,1.0,0.0,0.0,0.0,0.5384615384615384,39,0.5641025641025641,0,42,0.0,42,0.0
gemma-2-2b-it,dev,uncentred_svd_r2_a1,uncentred_svd,2,1.0,identity,crows_pairs,exploratory,30,30,30,0.0,0.0,0.0,0.0,1.0,0.0,0.0,0.0,,,,0,0,0,30,,,,0.0219790250749477,0.0220088287974718,0.6333333333333333,0.3,0.3333333333333333,0.1333333333333333,0.5333333333333333,0.7,0.4,0.3,0.1333333333333333,0.4666666666666667,0.7666666666666667,0.9333333333333332,-0.1666666666666666,-0.3,-0.0333333333333333,0.9130434782608696,23,0.4285714285714285,0,30,0.0,23,0.0
gemma-2-2b-it,dev,uncentred_svd_r2_a1,uncentred_svd,2,1.0,identity,stereoset,exploratory,28,28,28,0.0,0.0,0.0,0.0,1.0,0.0,0.0,0.0,,,,0,0,0,28,,,,0.0246992528888639,0.0247024726312566,0.3214285714285714,0.3928571428571428,-0.0714285714285714,-0.25,0.1071428571428571,0.1785714285714285,0.25,-0.0714285714285714,-0.2142857142857142,0.0357142857142857,0.75,0.7142857142857143,0.0357142857142857,-0.1071428571428571,0.2142857142857142,0.238095238095238,21,0.35,0,28,0.0,21,0.0
gemma-2-2b-it,dev,uncentred_svd_r2_a1,uncentred_svd,2,1.0,neutral,pooled,exploratory,42,42,42,0.3579334077380952,0.2428385416666666,0.6428571428571429,0.3095238095238095,0.0476190476190476,0.1150948660714285,0.0204235258556547,0.2157944452194939,0.3215538521501884,0.0600662365273127,0.5188293925901878,5,5,1,37,1.0,1.0,1.0,0.0508926976944544,0.0373421297954896,0.6025641025641025,0.5641025641025641,0.0384615384615384,-0.0512820512820512,0.1153846153846153,0.5595238095238095,0.5833333333333334,-0.0238095238095238,-0.0952380952380952,0.0476190476190476,0.988095238095238,0.988095238095238,0.0,0.0,0.0,0.6025641025641025,39,0.6410256410256411,7,42,0.1666666666666666,41,0.1707317073170731
gemma-2-2b-it,dev,uncentred_svd_r2_a1,uncentred_svd,2,1.0,neutral,bbq,exploratory,42,42,42,0.3579334077380952,0.2428385416666666,0.6428571428571429,0.3095238095238095,0.0476190476190476,0.1150948660714285,0.0204235258556547,0.2157944452194939,0.3215538521501884,0.0600662365273127,0.5188293925901878,5,5,1,37,1.0,1.0,1.0,0.0508926976944544,0.0373421297954896,0.6025641025641025,0.5641025641025641,0.0384615384615384,-0.0512820512820512,0.1153846153846153,0.5595238095238095,0.5833333333333334,-0.0238095238095238,-0.0952380952380952,0.0476190476190476,0.988095238095238,0.988095238095238,0.0,0.0,0.0,0.6025641025641025,39,0.6410256410256411,7,42,0.1666666666666666,41,0.1707317073170731
gemma-2-2b-it,dev,uncentred_svd_r4_a1,uncentred_svd,4,1.0,demographic,pooled,exploratory,100,100,100,0.6788427734375,0.51981689453125,0.59,0.39,0.02,0.15902587890625,0.0368153686523437,0.2909163818359374,0.2342602516058032,0.0630653664932512,0.3659753153590074,29,19,10,71,0.6551724137931034,0.4814444444444444,0.8260869565217391,0.0369618983262121,0.0332691259956996,0.5808080808080808,0.4444444444444444,0.1363636363636363,0.0606060606060606,0.2121212121212121,0.535,0.415,0.12,0.055,0.1851249999999993,0.9,0.905,-0.005,-0.055,0.04,0.6098901098901099,91,0.4627659574468085,19,100,0.19,88,0.2159090909090909
gemma-2-2b-it,dev,uncentred_svd_r4_a1,uncentred_svd,4,1.0,demographic,bbq,exploratory,42,42,42,0.4410458519345238,0.3732561383928571,0.5714285714285714,0.4047619047619047,0.0238095238095238,0.0677897135416666,-0.0772917247953869,0.2025672549293154,0.15370219047368,-0.2135330613364185,0.3945237127622726,7,6,2,35,0.8571428571428571,0.5,1.0,0.0436246565356216,0.0349333844208604,0.6097560975609756,0.5487804878048781,0.0609756097560975,-0.048780487804878,0.1585365853658536,0.5357142857142857,0.5238095238095238,0.0119047619047619,-0.0476190476190476,0.0714285714285714,0.988095238095238,1.0,-0.0119047619047619,-0.0357142857142857,0.0,0.573170731707317,41,0.573170731707317,14,42,0.3333333333333333,41,0.3414634146341463
gemma-2-2b-it,dev,uncentred_svd_r4_a1,uncentred_svd,4,1.0,demographic,crows_pairs,exploratory,30,30,30,0.9345377604166668,0.7222737630208333,0.5666666666666667,0.4,0.0333333333333333,0.2122639973958333,-0.0953930664062499,0.549875284830729,0.2271326064997039,-0.1527648397231437,0.4405954416818872,10,4,6,20,0.4,0.1,0.727840909090906,0.0305337044812094,0.0304146639338167,0.6666666666666666,0.3666666666666666,0.3,0.15,0.4666666666666667,0.8,0.4333333333333333,0.3666666666666666,0.2166666666666666,0.5166666666666667,0.85,0.9,-0.05,-0.15,0.0333333333333333,0.9423076923076924,26,0.4642857142857143,3,30,0.1,25,0.12
gemma-2-2b-it,dev,uncentred_svd_r4_a1,uncentred_svd,4,1.0,demographic,stereoset,exploratory,28,28,28,0.7615792410714286,0.5227399553571429,0.6428571428571429,0.3571428571428571,0.0,0.2388392857142857,0.0390450613839285,0.4581821986607141,0.3136105513830372,0.0661857953537744,0.491673255276382,12,9,2,16,0.75,0.5,1.0,0.033855111560315,0.0338310905671189,0.4464285714285714,0.375,0.0714285714285714,-0.0178571428571428,0.1785714285714285,0.25,0.2321428571428571,0.0178571428571428,-0.0718749999999999,0.125,0.8214285714285714,0.7678571428571429,0.0535714285714285,-0.0714285714285714,0.1964285714285714,0.3125,24,0.28,2,28,0.0714285714285714,22,0.0909090909090909
gemma-2-2b-it,dev,uncentred_svd_r4_a1,uncentred_svd,4,1.0,identity,pooled,exploratory,100,100,100,0.0,0.0,0.0,0.0,1.0,0.0,0.0,0.0,,,,0,0,0,100,,,,0.0324506715165248,0.0324555473587231,0.5876288659793815,0.4123711340206185,0.1752577319587628,0.0824742268041237,0.268041237113402,0.52,0.41,0.11,0.02,0.2002499999999986,0.89,0.9,-0.01,-0.06,0.04,0.6046511627906976,86,0.4712643678160919,0,100,0.0,89,0.0
gemma-2-2b-it,dev,uncentred_svd_r4_a1,uncentred_svd,4,1.0,identity,bbq,exploratory,42,42,42,0.0,0.0,0.0,0.0,1.0,0.0,0.0,0.0,,,,0,0,0,42,,,,0.0327539249642669,0.0327615807425696,0.6666666666666666,0.5128205128205128,0.1538461538461538,0.0256410256410256,0.282051282051282,0.5238095238095238,0.5238095238095238,0.0,-0.1428571428571428,0.119047619047619,1.0,1.0,0.0,0.0,0.0,0.5641025641025641,39,0.5641025641025641,0,42,0.0,42,0.0
gemma-2-2b-it,dev,uncentred_svd_r4_a1,uncentred_svd,4,1.0,identity,crows_pairs,exploratory,30,30,30,0.0,0.0,0.0,0.0,1.0,0.0,0.0,0.0,,,,0,0,0,30,,,,0.0307374428877098,0.0307358699226697,0.6333333333333333,0.3,0.3333333333333333,0.1333333333333333,0.5333333333333333,0.7666666666666667,0.4,0.3666666666666666,0.2,0.5333333333333333,0.8333333333333334,0.9333333333333332,-0.1,-0.2333333333333333,0.0,0.92,25,0.4285714285714285,0,30,0.0,25,0.0
gemma-2-2b-it,dev,uncentred_svd_r4_a1,uncentred_svd,4,1.0,identity,stereoset,exploratory,28,28,28,0.0,0.0,0.0,0.0,1.0,0.0,0.0,0.0,,,,0,0,0,28,,,,0.0338313934472132,0.033839008821582,0.4285714285714285,0.3928571428571428,0.0357142857142857,-0.1071428571428571,0.2142857142857142,0.25,0.25,0.0,-0.1428571428571428,0.1428571428571428,0.7857142857142857,0.7142857142857143,0.0714285714285714,-0.0714285714285714,0.2142857142857142,0.3181818181818182,22,0.35,0,28,0.0,22,0.0
gemma-2-2b-it,dev,uncentred_svd_r4_a1,uncentred_svd,4,1.0,neutral,pooled,exploratory,42,42,42,0.3579334077380952,0.1922433035714285,0.6428571428571429,0.2857142857142857,0.0714285714285714,0.1656901041666666,0.0775692894345238,0.2639895484561012,0.4629076263479278,0.2589216299819944,0.6307558137561768,5,5,0,37,1.0,1.0,1.0,0.0583583326622918,0.0432593853831402,0.6153846153846154,0.5641025641025641,0.0512820512820512,-0.0384615384615384,0.1282051282051282,0.5714285714285714,0.5833333333333334,-0.0119047619047619,-0.0833333333333333,0.0595238095238095,0.988095238095238,0.988095238095238,0.0,0.0,0.0,0.6282051282051282,39,0.6410256410256411,8,42,0.1904761904761904,41,0.1951219512195122
gemma-2-2b-it,dev,uncentred_svd_r4_a1,uncentred_svd,4,1.0,neutral,bbq,exploratory,42,42,42,0.3579334077380952,0.1922433035714285,0.6428571428571429,0.2857142857142857,0.0714285714285714,0.1656901041666666,0.0775692894345238,0.2639895484561012,0.4629076263479278,0.2589216299819944,0.6307558137561768,5,5,0,37,1.0,1.0,1.0,0.0583583326622918,0.0432593853831402,0.6153846153846154,0.5641025641025641,0.0512820512820512,-0.0384615384615384,0.1282051282051282,0.5714285714285714,0.5833333333333334,-0.0119047619047619,-0.0833333333333333,0.0595238095238095,0.988095238095238,0.988095238095238,0.0,0.0,0.0,0.6282051282051282,39,0.6410256410256411,8,42,0.1904761904761904,41,0.1951219512195122
gemma-2-2b-it,test,cure_centred_svd_r1_a1,cure_centred_svd,1,1.0,demographic,pooled,confirmatory-input,93,93,93,0.5661122311827957,0.4351373487903225,0.6236559139784946,0.3118279569892473,0.064516129032258,0.1309748823924731,0.0490533644153225,0.221655535954301,0.2313585101647128,0.0906694022603093,0.3618319005777833,21,9,3,72,0.4285714285714285,0.2142857142857142,0.65,0.0143564385309097,0.0161342176095163,0.6467391304347826,0.5217391304347826,0.125,0.0652173913043478,0.1902173913043478,0.6344086021505376,0.5806451612903226,0.053763440860215,0.0053763440860215,0.1075268817204301,0.9623655913978496,0.9731182795698924,-0.010752688172043,-0.0268817204301075,0.0,0.6666666666666666,90,0.6043956043956044,13,93,0.1397849462365591,89,0.146067415730337
gemma-2-2b-it,test,cure_centred_svd_r1_a1,cure_centred_svd,1,1.0,demographic,bbq,exploratory,70,70,70,0.5232700892857143,0.3730050223214285,0.6428571428571429,0.2714285714285714,0.0857142857142857,0.1502650669642857,0.0616887555803571,0.2519119698660713,0.287165404713661,0.132471896565913,0.4245472540630449,15,8,1,55,0.5333333333333333,0.262828947368421,0.7857142857142857,0.0142374136957736,0.0159642860684428,0.5869565217391305,0.5652173913043478,0.0217391304347826,-0.0144927536231884,0.0579710144927536,0.55,0.5642857142857143,-0.0142857142857142,-0.0357142857142857,0.0,0.9857142857142858,0.9857142857142858,0.0,0.0,0.0,0.5652173913043478,69,0.5797101449275363,13,70,0.1857142857142857,69,0.1884057971014492
gemma-2-2b-it,test,cure_centred_svd_r1_a1,cure_centred_svd,1,1.0,demographic,crows_pairs,exploratory,23,23,23,0.6965013586956522,0.6242357336956522,0.5652173913043478,0.4347826086956521,0.0,0.072265625,-0.1419900645380434,0.2856700067934782,0.103755181663009,-0.2290458450286288,0.3599393760304233,6,1,2,17,0.1666666666666666,0.0,0.5,0.0147186880291501,0.0166514005606093,0.8260869565217391,0.391304347826087,0.4347826086956521,0.2608695652173913,0.6086956521739131,0.8913043478260869,0.6304347826086957,0.2608695652173913,0.0869565217391304,0.4347826086956521,0.8913043478260869,0.9347826086956522,-0.0434782608695652,-0.108695652173913,0.0,1.0,21,0.6818181818181818,0,23,0.0,20,0.0
gemma-2-2b-it,test,cure_centred_svd_r1_a1,cure_centred_svd,1,1.0,identity,pooled,exploratory,92,92,92,0.0,0.0,0.0,0.0,1.0,0.0,0.0,0.0,,,,0,0,0,92,,,,0.0165441640869601,0.016538854544796,0.651685393258427,0.5617977528089888,0.0898876404494382,0.0224719101123595,0.1685393258426966,0.6521739130434783,0.5869565217391305,0.0652173913043478,0.0,0.1304347826086956,0.967391304347826,0.9782608695652174,-0.0108695652173913,-0.0326086956521739,0.0,0.6896551724137931,87,0.6136363636363636,0,92,0.0,89,0.0
gemma-2-2b-it,test,cure_centred_svd_r1_a1,cure_centred_svd,1,1.0,identity,bbq,exploratory,70,70,70,0.0,0.0,0.0,0.0,1.0,0.0,0.0,0.0,,,,0,0,0,70,,,,0.0161793833044925,0.0161767429809543,0.6119402985074627,0.6119402985074627,0.0,-0.0597014925373134,0.0597014925373134,0.5714285714285714,0.5714285714285714,0.0,-0.0428571428571428,0.0428571428571428,0.9857142857142858,0.9857142857142858,0.0,0.0,0.0,0.5970149253731343,67,0.5970149253731343,0,70,0.0,69,0.0
gemma-2-2b-it,test,cure_centred_svd_r1_a1,cure_centred_svd,1,1.0,identity,crows_pairs,exploratory,22,22,22,0.0,0.0,0.0,0.0,1.0,0.0,0.0,0.0,,,,0,0,0,22,,,,0.0177048302129934,0.0176910277024742,0.7727272727272727,0.4090909090909091,0.3636363636363636,0.1818181818181818,0.5454545454545454,0.9090909090909092,0.6363636363636364,0.2727272727272727,0.0454545454545454,0.5,0.9090909090909092,0.9545454545454546,-0.0454545454545454,-0.1363636363636363,0.0,1.0,20,0.6666666666666666,0,22,0.0,20,0.0
gemma-2-2b-it,test,cure_centred_svd_r1_a1,cure_centred_svd,1,1.0,neutral,pooled,exploratory,70,70,70,0.4264787946428571,0.2633231026785714,0.6428571428571429,0.3142857142857143,0.0428571428571428,0.1631556919642857,0.0761087472098214,0.2494869559151785,0.382564605822702,0.2050957614510081,0.5283066804616036,9,6,2,61,0.6666666666666666,0.3333333333333333,1.0,0.0368897738578944,0.0271227358264761,0.5895522388059702,0.6044776119402985,-0.0149253731343283,-0.044776119402985,0.0076492537313422,0.5357142857142857,0.5571428571428572,-0.0214285714285714,-0.0642857142857142,0.0214285714285714,0.9857142857142858,0.9785714285714284,0.0071428571428571,0.0,0.0285714285714285,0.5597014925373134,67,0.5895522388059702,8,70,0.1142857142857142,69,0.1159420289855072
gemma-2-2b-it,test,cure_centred_svd_r1_a1,cure_centred_svd,1,1.0,neutral,bbq,exploratory,70,70,70,0.4264787946428571,0.2633231026785714,0.6428571428571429,0.3142857142857143,0.0428571428571428,0.1631556919642857,0.0761087472098214,0.2494869559151785,0.382564605822702,0.2050957614510081,0.5283066804616036,9,6,2,61,0.6666666666666666,0.3333333333333333,1.0,0.0368897738578944,0.0271227358264761,0.5895522388059702,0.6044776119402985,-0.0149253731343283,-0.044776119402985,0.0076492537313422,0.5357142857142857,0.5571428571428572,-0.0214285714285714,-0.0642857142857142,0.0214285714285714,0.9857142857142858,0.9785714285714284,0.0071428571428571,0.0,0.0285714285714285,0.5597014925373134,67,0.5895522388059702,8,70,0.1142857142857142,69,0.1159420289855072
gemma-2-2b-it,test,cure_centred_svd_r2_a1,cure_centred_svd,2,1.0,demographic,pooled,exploratory,93,93,93,0.5661122311827957,0.4420152889784946,0.6129032258064516,0.3225806451612903,0.064516129032258,0.124096942204301,0.0213224021337365,0.2372256699428763,0.2192090814660928,0.0400590199513472,0.3837686457945725,21,13,6,72,0.6190476190476191,0.4,0.8260869565217391,0.0269292324238685,0.0266488170817922,0.6521739130434783,0.5217391304347826,0.1304347826086956,0.0652173913043478,0.2010869565217391,0.6344086021505376,0.5806451612903226,0.053763440860215,0.0053763440860215,0.1075268817204301,0.956989247311828,0.9731182795698924,-0.0161290322580645,-0.0376344086021505,0.0,0.6722222222222223,90,0.6043956043956044,10,93,0.1075268817204301,88,0.1136363636363636
gemma-2-2b-it,test,cure_centred_svd_r2_a1,cure_centred_svd,2,1.0,demographic,bbq,exploratory,70,70,70,0.5232700892857143,0.3517020089285714,0.6714285714285714,0.2571428571428571,0.0714285714285714,0.1715680803571428,0.0700641741071428,0.288956821986607,0.3278767196331449,0.1486957598707113,0.4839466070136987,15,11,1,55,0.7333333333333333,0.5,0.9411764705882352,0.0293870485638471,0.0283223906436051,0.5797101449275363,0.5652173913043478,0.0144927536231884,-0.036231884057971,0.0652173913043478,0.5571428571428572,0.5642857142857143,-0.0071428571428571,-0.0357142857142857,0.0142857142857142,0.9857142857142858,0.9857142857142858,0.0,0.0,0.0,0.572463768115942,69,0.5797101449275363,10,70,0.1428571428571428,69,0.144927536231884
gemma-2-2b-it,test,cure_centred_svd_r2_a1,cure_centred_svd,2,1.0,demographic,crows_pairs,exploratory,23,23,23,0.6965013586956522,0.7168817934782609,0.4347826086956521,0.5217391304347826,0.0434782608695652,-0.0203804347826086,-0.2853770380434782,0.259205163043478,-0.0292611558156548,-0.5349168538897381,0.3134124252242491,6,2,5,17,0.3333333333333333,0.0,0.75,0.0194489224326293,0.0215553323284487,0.8695652173913043,0.391304347826087,0.4782608695652174,0.3260869565217391,0.6304347826086957,0.8695652173913043,0.6304347826086957,0.2391304347826087,0.0652173913043478,0.4347826086956521,0.8695652173913043,0.9347826086956522,-0.0652173913043478,-0.1521739130434782,0.0,1.0,21,0.6818181818181818,0,23,0.0,19,0.0
gemma-2-2b-it,test,cure_centred_svd_r2_a1,cure_centred_svd,2,1.0,identity,pooled,exploratory,92,92,92,0.0,0.0,0.0,0.0,1.0,0.0,0.0,0.0,,,,0,0,0,92,,,,0.0260058311097953,0.0260090941032052,0.651685393258427,0.5617977528089888,0.0898876404494382,0.0112359550561797,0.1797752808988764,0.6413043478260869,0.5869565217391305,0.0543478260869565,-0.0108695652173913,0.1304347826086956,0.9565217391304348,0.9782608695652174,-0.0217391304347826,-0.0543478260869565,0.0,0.686046511627907,86,0.6136363636363636,0,92,0.0,88,0.0
gemma-2-2b-it,test,cure_centred_svd_r2_a1,cure_centred_svd,2,1.0,identity,bbq,exploratory,70,70,70,0.0,0.0,0.0,0.0,1.0,0.0,0.0,0.0,,,,0,0,0,70,,,,0.0269983105043188,0.0270052814119098,0.5970149253731343,0.6119402985074627,-0.0149253731343283,-0.0895522388059701,0.0597014925373134,0.5714285714285714,0.5714285714285714,0.0,-0.0428571428571428,0.0428571428571428,0.9857142857142858,0.9857142857142858,0.0,0.0,0.0,0.5970149253731343,67,0.5970149253731343,0,70,0.0,69,0.0
gemma-2-2b-it,test,cure_centred_svd_r2_a1,cure_centred_svd,2,1.0,identity,crows_pairs,exploratory,22,22,22,0.0,0.0,0.0,0.0,1.0,0.0,0.0,0.0,,,,0,0,0,22,,,,0.0228479421272206,0.0228394072118724,0.8181818181818182,0.4090909090909091,0.4090909090909091,0.2272727272727272,0.5920454545454483,0.8636363636363636,0.6363636363636364,0.2272727272727272,0.0,0.4545454545454545,0.8636363636363636,0.9545454545454546,-0.0909090909090909,-0.2272727272727272,0.0,1.0,19,0.6666666666666666,0,22,0.0,19,0.0
gemma-2-2b-it,test,cure_centred_svd_r2_a1,cure_centred_svd,2,1.0,neutral,pooled,exploratory,70,70,70,0.4264787946428571,0.2193010602678571,0.7,0.2428571428571428,0.0571428571428571,0.207177734375,0.1229054478236607,0.2888213239397321,0.485786719005561,0.3312242783380231,0.6070439338085423,9,8,2,61,0.8888888888888888,0.625,1.0,0.0497733507775319,0.0370409246714853,0.5671641791044776,0.6044776119402985,-0.0373134328358208,-0.0820895522388059,0.0,0.5357142857142857,0.5571428571428572,-0.0214285714285714,-0.0642857142857142,0.0214285714285714,0.9857142857142858,0.9785714285714284,0.0071428571428571,0.0,0.0285714285714285,0.5597014925373134,67,0.5895522388059702,5,70,0.0714285714285714,69,0.072463768115942
gemma-2-2b-it,test,cure_centred_svd_r2_a1,cure_centred_svd,2,1.0,neutral,bbq,exploratory,70,70,70,0.4264787946428571,0.2193010602678571,0.7,0.2428571428571428,0.0571428571428571,0.207177734375,0.1229054478236607,0.2888213239397321,0.485786719005561,0.3312242783380231,0.6070439338085423,9,8,2,61,0.8888888888888888,0.625,1.0,0.0497733507775319,0.0370409246714853,0.5671641791044776,0.6044776119402985,-0.0373134328358208,-0.0820895522388059,0.0,0.5357142857142857,0.5571428571428572,-0.0214285714285714,-0.0642857142857142,0.0214285714285714,0.9857142857142858,0.9785714285714284,0.0071428571428571,0.0,0.0285714285714285,0.5597014925373134,67,0.5895522388059702,5,70,0.0714285714285714,69,0.072463768115942
gemma-2-2b-it,test,cure_centred_svd_r4_a1,cure_centred_svd,4,1.0,demographic,pooled,exploratory,93,93,93,0.5661122311827957,0.4182102654569892,0.6129032258064516,0.3548387096774194,0.032258064516129,0.1479019657258064,0.0471110026041666,0.2583482967909946,0.2612590888855913,0.0895013745767407,0.4165636381266164,21,14,3,72,0.6666666666666666,0.45,0.8636363636363636,0.0360246923554824,0.0339204799810754,0.6684782608695652,0.5217391304347826,0.1467391304347826,0.0815217391304347,0.2119565217391304,0.6236559139784946,0.5806451612903226,0.043010752688172,-0.010752688172043,0.1021505376344086,0.9623655913978496,0.9731182795698924,-0.010752688172043,-0.0268817204301075,0.0,0.6555555555555556,90,0.6043956043956044,12,93,0.1290322580645161,89,0.1348314606741573
gemma-2-2b-it,test,cure_centred_svd_r4_a1,cure_centred_svd,4,1.0,demographic,bbq,exploratory,70,70,70,0.5232700892857143,0.3429547991071429,0.6571428571428571,0.3,0.0428571428571428,0.1803152901785714,0.0768903459821428,0.3001412527901785,0.344593153460595,0.1642484838175077,0.4957903167017826,15,11,1,55,0.7333333333333333,0.4736068111455108,0.9375,0.0377862549573929,0.0345795007183609,0.6159420289855072,0.5652173913043478,0.0507246376811594,-0.0072463768115942,0.108695652173913,0.5357142857142857,0.5642857142857143,-0.0285714285714285,-0.0642857142857142,0.0,0.9857142857142858,0.9857142857142858,0.0,0.0,0.0,0.5507246376811594,69,0.5797101449275363,12,70,0.1714285714285714,69,0.1739130434782608
gemma-2-2b-it,test,cure_centred_svd_r4_a1,cure_centred_svd,4,1.0,demographic,crows_pairs,exploratory,23,23,23,0.6965013586956522,0.6472486413043478,0.4782608695652174,0.5217391304347826,0.0,0.0492527173913043,-0.2085640285326087,0.3019701086956521,0.0707144598878322,-0.3439196986824543,0.3961786089435772,6,3,2,17,0.5,0.0,1.0,0.0306634148714071,0.0319147646936847,0.8260869565217391,0.391304347826087,0.4347826086956521,0.2826086956521739,0.5869565217391305,0.8913043478260869,0.6304347826086957,0.2608695652173913,0.0869565217391304,0.4347826086956521,0.8913043478260869,0.9347826086956522,-0.0434782608695652,-0.108695652173913,0.0,1.0,21,0.6818181818181818,0,23,0.0,20,0.0
gemma-2-2b-it,test,cure_centred_svd_r4_a1,cure_centred_svd,4,1.0,identity,pooled,exploratory,92,92,92,0.0,0.0,0.0,0.0,1.0,0.0,0.0,0.0,,,,0,0,0,92,,,,0.0344299546377486,0.0344213779168486,0.6741573033707865,0.5617977528089888,0.1123595505617977,0.0337078651685393,0.2022471910112359,0.6304347826086957,0.5869565217391305,0.0434782608695652,-0.0326086956521739,0.1195652173913043,0.967391304347826,0.9782608695652174,-0.0108695652173913,-0.0326086956521739,0.0,0.6666666666666666,87,0.6136363636363636,0,92,0.0,89,0.0
gemma-2-2b-it,test,cure_centred_svd_r4_a1,cure_centred_svd,4,1.0,identity,bbq,exploratory,70,70,70,0.0,0.0,0.0,0.0,1.0,0.0,0.0,0.0,,,,0,0,0,70,,,,0.0348579593054741,0.0348531911805871,0.6417910447761194,0.6119402985074627,0.0298507462686567,-0.044776119402985,0.1194029850746268,0.5428571428571428,0.5714285714285714,-0.0285714285714285,-0.0857142857142857,0.0285714285714285,0.9857142857142858,0.9857142857142858,0.0,0.0,0.0,0.5671641791044776,67,0.5970149253731343,0,70,0.0,69,0.0
gemma-2-2b-it,test,cure_centred_svd_r4_a1,cure_centred_svd,4,1.0,identity,crows_pairs,exploratory,22,22,22,0.0,0.0,0.0,0.0,1.0,0.0,0.0,0.0,,,,0,0,0,22,,,,0.0330681216040765,0.0330474266231351,0.7727272727272727,0.4090909090909091,0.3636363636363636,0.1818181818181818,0.5454545454545454,0.9090909090909092,0.6363636363636364,0.2727272727272727,0.0454545454545454,0.5,0.9090909090909092,0.9545454545454546,-0.0454545454545454,-0.1363636363636363,0.0,1.0,20,0.6666666666666666,0,22,0.0,20,0.0
gemma-2-2b-it,test,cure_centred_svd_r4_a1,cure_centred_svd,4,1.0,neutral,pooled,exploratory,70,70,70,0.4264787946428571,0.2224853515625,0.7285714285714285,0.2,0.0714285714285714,0.2039934430803571,0.120794939313616,0.2897961425781249,0.4783202486097481,0.3232690030070448,0.6057876750460706,9,6,2,61,0.6666666666666666,0.3333333333333333,1.0,0.0579167433478904,0.0445154116524416,0.5746268656716418,0.6044776119402985,-0.0298507462686567,-0.0820895522388059,0.0149253731343283,0.5214285714285715,0.5571428571428572,-0.0357142857142857,-0.0857142857142857,0.0071428571428571,0.9857142857142858,0.9785714285714284,0.0071428571428571,0.0,0.0285714285714285,0.5447761194029851,67,0.5895522388059702,5,70,0.0714285714285714,69,0.072463768115942
gemma-2-2b-it,test,cure_centred_svd_r4_a1,cure_centred_svd,4,1.0,neutral,bbq,exploratory,70,70,70,0.4264787946428571,0.2224853515625,0.7285714285714285,0.2,0.0714285714285714,0.2039934430803571,0.120794939313616,0.2897961425781249,0.4783202486097481,0.3232690030070448,0.6057876750460706,9,6,2,61,0.6666666666666666,0.3333333333333333,1.0,0.0579167433478904,0.0445154116524416,0.5746268656716418,0.6044776119402985,-0.0298507462686567,-0.0820895522388059,0.0149253731343283,0.5214285714285715,0.5571428571428572,-0.0357142857142857,-0.0857142857142857,0.0071428571428571,0.9857142857142858,0.9785714285714284,0.0071428571428571,0.0,0.0285714285714285,0.5447761194029851,67,0.5895522388059702,5,70,0.0714285714285714,69,0.072463768115942
gemma-2-2b-it,test,identity_alpha0_r1_a0,identity_alpha0,1,0.0,demographic,pooled,exploratory,93,93,93,0.5661122311827957,0.5661122311827957,0.0,0.0,1.0,0.0,0.0,0.0,0.0,0.0,0.0,21,0,0,72,0.0,0.0,0.0,0.0,0.0,0.5217391304347826,0.5217391304347826,0.0,0.0,0.0,0.5806451612903226,0.5806451612903226,0.0,0.0,0.0,0.9731182795698924,0.9731182795698924,0.0,0.0,0.0,0.6043956043956044,91,0.6043956043956044,21,93,0.2258064516129032,90,0.2333333333333333
gemma-2-2b-it,test,identity_alpha0_r1_a0,identity_alpha0,1,0.0,demographic,bbq,exploratory,70,70,70,0.5232700892857143,0.5232700892857143,0.0,0.0,1.0,0.0,0.0,0.0,0.0,0.0,0.0,15,0,0,55,0.0,0.0,0.0,0.0,0.0,0.5652173913043478,0.5652173913043478,0.0,0.0,0.0,0.5642857142857143,0.5642857142857143,0.0,0.0,0.0,0.9857142857142858,0.9857142857142858,0.0,0.0,0.0,0.5797101449275363,69,0.5797101449275363,15,70,0.2142857142857142,69,0.217391304347826
gemma-2-2b-it,test,identity_alpha0_r1_a0,identity_alpha0,1,0.0,demographic,crows_pairs,exploratory,23,23,23,0.6965013586956522,0.6965013586956522,0.0,0.0,1.0,0.0,0.0,0.0,0.0,0.0,0.0,6,0,0,17,0.0,0.0,0.0,0.0,0.0,0.391304347826087,0.391304347826087,0.0,0.0,0.0,0.6304347826086957,0.6304347826086957,0.0,0.0,0.0,0.9347826086956522,0.9347826086956522,0.0,0.0,0.0,0.6818181818181818,22,0.6818181818181818,6,23,0.2608695652173913,21,0.2857142857142857
gemma-2-2b-it,test,identity_alpha0_r1_a0,identity_alpha0,1,0.0,identity,pooled,exploratory,92,92,92,0.0,0.0,0.0,0.0,1.0,0.0,0.0,0.0,,,,0,0,0,92,,,,0.0,0.0,0.5617977528089888,0.5617977528089888,0.0,0.0,0.0,0.5869565217391305,0.5869565217391305,0.0,0.0,0.0,0.9782608695652174,0.9782608695652174,0.0,0.0,0.0,0.6136363636363636,88,0.6136363636363636,0,92,0.0,90,0.0
gemma-2-2b-it,test,identity_alpha0_r1_a0,identity_alpha0,1,0.0,identity,bbq,exploratory,70,70,70,0.0,0.0,0.0,0.0,1.0,0.0,0.0,0.0,,,,0,0,0,70,,,,0.0,0.0,0.6119402985074627,0.6119402985074627,0.0,0.0,0.0,0.5714285714285714,0.5714285714285714,0.0,0.0,0.0,0.9857142857142858,0.9857142857142858,0.0,0.0,0.0,0.5970149253731343,67,0.5970149253731343,0,70,0.0,69,0.0
gemma-2-2b-it,test,identity_alpha0_r1_a0,identity_alpha0,1,0.0,identity,crows_pairs,exploratory,22,22,22,0.0,0.0,0.0,0.0,1.0,0.0,0.0,0.0,,,,0,0,0,22,,,,0.0,0.0,0.4090909090909091,0.4090909090909091,0.0,0.0,0.0,0.6363636363636364,0.6363636363636364,0.0,0.0,0.0,0.9545454545454546,0.9545454545454546,0.0,0.0,0.0,0.6666666666666666,21,0.6666666666666666,0,22,0.0,21,0.0
gemma-2-2b-it,test,identity_alpha0_r1_a0,identity_alpha0,1,0.0,neutral,pooled,exploratory,70,70,70,0.4264787946428571,0.4264787946428571,0.0,0.0,1.0,0.0,0.0,0.0,0.0,0.0,0.0,9,0,0,61,0.0,0.0,0.0,0.0,0.0,0.6044776119402985,0.6044776119402985,0.0,0.0,0.0,0.5571428571428572,0.5571428571428572,0.0,0.0,0.0,0.9785714285714284,0.9785714285714284,0.0,0.0,0.0,0.5895522388059702,67,0.5895522388059702,12,70,0.1714285714285714,68,0.1764705882352941
gemma-2-2b-it,test,identity_alpha0_r1_a0,identity_alpha0,1,0.0,neutral,bbq,exploratory,70,70,70,0.4264787946428571,0.4264787946428571,0.0,0.0,1.0,0.0,0.0,0.0,0.0,0.0,0.0,9,0,0,61,0.0,0.0,0.0,0.0,0.0,0.6044776119402985,0.6044776119402985,0.0,0.0,0.0,0.5571428571428572,0.5571428571428572,0.0,0.0,0.0,0.9785714285714284,0.9785714285714284,0.0,0.0,0.0,0.5895522388059702,67,0.5895522388059702,12,70,0.1714285714285714,68,0.1764705882352941
gemma-2-2b-it,test,leace_faithful_r1_a1,leace_faithful,1,1.0,demographic,pooled,exploratory,93,93,93,0.5661122311827957,0.5744563277049731,0.4838709677419355,0.4086021505376344,0.1075268817204301,-0.0083440965221774,-0.0457384663243447,0.0305714596984207,-0.0147392973734976,-0.0810610851080718,0.0539107268425003,21,2,2,72,0.0952380952380952,0.0,0.2308823529411758,0.0011898763289447,0.0014193239534503,0.5217391304347826,0.5217391304347826,0.0,0.0,0.0,0.5806451612903226,0.5806451612903226,0.0,0.0,0.0,0.9731182795698924,0.9731182795698924,0.0,0.0,0.0,0.6043956043956044,91,0.6043956043956044,21,93,0.2258064516129032,90,0.2333333333333333
gemma-2-2b-it,test,leace_faithful_r1_a1,leace_faithful,1,1.0,demographic,bbq,exploratory,70,70,70,0.5232700892857143,0.5179495675223215,0.4714285714285714,0.3857142857142857,0.1428571428571428,0.0053205217633928,-0.0338336617606026,0.044160417829241,0.0101678308627493,-0.0665608059025012,0.0855676061264352,15,2,0,55,0.1333333333333333,0.0,0.3333333333333333,0.0012422130176485,0.0014906292582052,0.5652173913043478,0.5652173913043478,0.0,0.0,0.0,0.5642857142857143,0.5642857142857143,0.0,0.0,0.0,0.9857142857142858,0.9857142857142858,0.0,0.0,0.0,0.5797101449275363,69,0.5797101449275363,15,70,0.2142857142857142,69,0.217391304347826
gemma-2-2b-it,test,leace_faithful_r1_a1,leace_faithful,1,1.0,demographic,crows_pairs,exploratory,23,23,23,0.6965013586956522,0.7464334239130435,0.5217391304347826,0.4782608695652174,0.0,-0.0499320652173913,-0.1718877377717391,0.0534137228260869,-0.071689831748354,-0.2498219794290268,0.0774310214823708,6,0,2,17,0.0,0.0,0.0,0.0010305907546287,0.0012023078085441,0.391304347826087,0.391304347826087,0.0,0.0,0.0,0.6304347826086957,0.6304347826086957,0.0,0.0,0.0,0.9347826086956522,0.9347826086956522,0.0,0.0,0.0,0.6818181818181818,22,0.6818181818181818,6,23,0.2608695652173913,21,0.2857142857142857
gemma-2-2b-it,test,leace_faithful_r1_a1,leace_faithful,1,1.0,identity,pooled,exploratory,92,92,92,0.0,0.0,0.0,0.0,1.0,0.0,0.0,0.0,,,,0,0,0,92,,,,0.0013485778218361,0.0013479335102028,0.5617977528089888,0.5617977528089888,0.0,0.0,0.0,0.5978260869565217,0.5869565217391305,0.0108695652173913,0.0,0.0326086956521739,0.9782608695652174,0.9782608695652174,0.0,0.0,0.0,0.625,88,0.6136363636363636,0,92,0.0,90,0.0
gemma-2-2b-it,test,leace_faithful_r1_a1,leace_faithful,1,1.0,identity,bbq,exploratory,70,70,70,0.0,0.0,0.0,0.0,1.0,0.0,0.0,0.0,,,,0,0,0,70,,,,0.0013527370831391,0.0013528303927873,0.6119402985074627,0.6119402985074627,0.0,0.0,0.0,0.5857142857142857,0.5714285714285714,0.0142857142857142,0.0,0.0428571428571428,0.9857142857142858,0.9857142857142858,0.0,0.0,0.0,0.6119402985074627,67,0.5970149253731343,0,70,0.0,69,0.0
gemma-2-2b-it,test,leace_faithful_r1_a1,leace_faithful,1,1.0,identity,crows_pairs,exploratory,22,22,22,0.0,0.0,0.0,0.0,1.0,0.0,0.0,0.0,,,,0,0,0,22,,,,0.0013353438085993,0.0013323525201611,0.4090909090909091,0.4090909090909091,0.0,0.0,0.0,0.6363636363636364,0.6363636363636364,0.0,0.0,0.0,0.9545454545454546,0.9545454545454546,0.0,0.0,0.0,0.6666666666666666,21,0.6666666666666666,0,22,0.0,21,0.0
gemma-2-2b-it,test,leace_faithful_r1_a1,leace_faithful,1,1.0,neutral,pooled,exploratory,70,70,70,0.4264787946428571,0.4253627232142857,0.4571428571428571,0.4142857142857143,0.1285714285714285,0.0011160714285714,-0.0310825892857142,0.0331270926339285,0.0026169447170428,-0.074600210616122,0.0749995676208195,9,1,1,61,0.1111111111111111,0.0,0.375,0.0006505612738525,0.001015595263661,0.6044776119402985,0.6044776119402985,0.0,0.0,0.0,0.5642857142857143,0.5571428571428572,0.0071428571428571,0.0,0.0214285714285714,0.9785714285714284,0.9785714285714284,0.0,0.0,0.0,0.5970149253731343,67,0.5895522388059702,11,70,0.1571428571428571,68,0.1617647058823529
gemma-2-2b-it,test,leace_faithful_r1_a1,leace_faithful,1,1.0,neutral,bbq,exploratory,70,70,70,0.4264787946428571,0.4253627232142857,0.4571428571428571,0.4142857142857143,0.1285714285714285,0.0011160714285714,-0.0310825892857142,0.0331270926339285,0.0026169447170428,-0.074600210616122,0.0749995676208195,9,1,1,61,0.1111111111111111,0.0,0.375,0.0006505612738525,0.001015595263661,0.6044776119402985,0.6044776119402985,0.0,0.0,0.0,0.5642857142857143,0.5571428571428572,0.0071428571428571,0.0,0.0214285714285714,0.9785714285714284,0.9785714285714284,0.0,0.0,0.0,0.5970149253731343,67,0.5895522388059702,11,70,0.1571428571428571,68,0.1617647058823529
gemma-2-2b-it,test,leace_sequential_r1_a1,leace_sequential,1,1.0,demographic,pooled,exploratory,93,93,93,0.5661122311827957,0.5948000672043011,0.3978494623655914,0.5161290322580645,0.086021505376344,-0.0286878360215053,-0.063790532594086,0.0072942918346773,-0.0506751743582134,-0.1127854294454888,0.0129819307939609,21,1,5,72,0.0476190476190476,0.0,0.1578947368421052,0.0009363804036486,0.0010408815491834,0.5217391304347826,0.5217391304347826,0.0,-0.0163043478260869,0.0163043478260869,0.5860215053763441,0.5806451612903226,0.0053763440860215,0.0,0.0161290322580645,0.9731182795698924,0.9731182795698924,0.0,0.0,0.0,0.6098901098901099,91,0.6043956043956044,20,93,0.2150537634408602,90,0.2222222222222222
gemma-2-2b-it,test,leace_sequential_r1_a1,leace_sequential,1,1.0,demographic,bbq,exploratory,70,70,70,0.5232700892857143,0.5270089285714286,0.4142857142857143,0.4714285714285714,0.1142857142857142,-0.0037388392857142,-0.0359709821428571,0.0296916852678571,-0.0071451423696278,-0.0699338957279035,0.0570842493724147,15,1,1,55,0.0666666666666666,0.0,0.2142857142857142,0.0009862523794804,0.0011173979169938,0.572463768115942,0.5652173913043478,0.0072463768115942,0.0,0.0217391304347826,0.5714285714285714,0.5642857142857143,0.0071428571428571,0.0,0.0214285714285714,0.9857142857142858,0.9857142857142858,0.0,0.0,0.0,0.5869565217391305,69,0.5797101449275363,14,70,0.2,69,0.2028985507246377
gemma-2-2b-it,test,leace_sequential_r1_a1,leace_sequential,1,1.0,demographic,crows_pairs,exploratory,23,23,23,0.6965013586956522,0.8011209239130435,0.3478260869565217,0.6521739130434783,0.0,-0.1046195652173913,-0.2104916779891304,0.0063752547554347,-0.1502072665203608,-0.3369139767624802,0.0090521190407382,6,0,4,17,0.0,0.0,0.0,0.0007845961293781,0.0008080056471518,0.3695652173913043,0.391304347826087,-0.0217391304347826,-0.0652173913043478,0.0,0.6304347826086957,0.6304347826086957,0.0,0.0,0.0,0.9347826086956522,0.9347826086956522,0.0,0.0,0.0,0.6818181818181818,22,0.6818181818181818,6,23,0.2608695652173913,21,0.2857142857142857
gemma-2-2b-it,test,leace_sequential_r1_a1,leace_sequential,1,1.0,identity,pooled,exploratory,92,92,92,0.0,0.0,0.0,0.0,1.0,0.0,0.0,0.0,,,,0,0,0,92,,,,0.0010394020748512,0.0010379309149012,0.5617977528089888,0.5617977528089888,0.0,-0.0337078651685393,0.0337078651685393,0.5978260869565217,0.5869565217391305,0.0108695652173913,0.0,0.0326086956521739,0.9782608695652174,0.9782608695652174,0.0,0.0,0.0,0.625,88,0.6136363636363636,0,92,0.0,90,0.0
gemma-2-2b-it,test,leace_sequential_r1_a1,leace_sequential,1,1.0,identity,bbq,exploratory,70,70,70,0.0,0.0,0.0,0.0,1.0,0.0,0.0,0.0,,,,0,0,0,70,,,,0.0011221407623229,0.0011203912883038,0.6268656716417911,0.6119402985074627,0.0149253731343283,0.0,0.044776119402985,0.5857142857142857,0.5714285714285714,0.0142857142857142,0.0,0.0428571428571428,0.9857142857142858,0.9857142857142858,0.0,0.0,0.0,0.6119402985074627,67,0.5970149253731343,0,70,0.0,69,0.0
gemma-2-2b-it,test,leace_sequential_r1_a1,leace_sequential,1,1.0,identity,crows_pairs,exploratory,22,22,22,0.0,0.0,0.0,0.0,1.0,0.0,0.0,0.0,,,,0,0,0,22,,,,0.0007761426147141,0.0007755569995296,0.3636363636363636,0.4090909090909091,-0.0454545454545454,-0.1363636363636363,0.0,0.6363636363636364,0.6363636363636364,0.0,0.0,0.0,0.9545454545454546,0.9545454545454546,0.0,0.0,0.0,0.6666666666666666,21,0.6666666666666666,0,22,0.0,21,0.0
gemma-2-2b-it,test,leace_sequential_r1_a1,leace_sequential,1,1.0,neutral,pooled,exploratory,70,70,70,0.4264787946428571,0.4474469866071429,0.3714285714285714,0.4714285714285714,0.1571428571428571,-0.0209681919642857,-0.0577430943080357,0.0132446289062499,-0.0491658488714426,-0.138884940279941,0.0312269233871626,9,0,4,61,0.0,0.0,0.0,0.0003846329384432,0.0007851900735112,0.6044776119402985,0.6044776119402985,0.0,0.0,0.0,0.5642857142857143,0.5571428571428572,0.0071428571428571,0.0,0.0214285714285714,0.9785714285714284,0.9785714285714284,0.0,0.0,0.0,0.5970149253731343,67,0.5895522388059702,11,70,0.1571428571428571,68,0.1617647058823529
gemma-2-2b-it,test,leace_sequential_r1_a1,leace_sequential,1,1.0,neutral,bbq,exploratory,70,70,70,0.4264787946428571,0.4474469866071429,0.3714285714285714,0.4714285714285714,0.1571428571428571,-0.0209681919642857,-0.0577430943080357,0.0132446289062499,-0.0491658488714426,-0.138884940279941,0.0312269233871626,9,0,4,61,0.0,0.0,0.0,0.0003846329384432,0.0007851900735112,0.6044776119402985,0.6044776119402985,0.0,0.0,0.0,0.5642857142857143,0.5571428571428572,0.0071428571428571,0.0,0.0214285714285714,0.9785714285714284,0.9785714285714284,0.0,0.0,0.0,0.5970149253731343,67,0.5895522388059702,11,70,0.1571428571428571,68,0.1617647058823529
gemma-2-2b-it,test,mean_difference_r1_a1,mean_difference,1,1.0,demographic,pooled,exploratory,93,93,93,0.5661122311827957,0.5919747301327285,0.4301075268817204,0.4731182795698925,0.0967741935483871,-0.0258624989499327,-0.0705960509597614,0.0188088365780409,-0.0456844023594005,-0.1289182202132675,0.0320252032044363,21,2,7,72,0.0952380952380952,0.0,0.238095238095238,0.003800341468002,0.0032127737733149,0.5271739130434783,0.5217391304347826,0.0054347826086956,0.0,0.0163043478260869,0.6075268817204301,0.5806451612903226,0.0268817204301075,0.0,0.053763440860215,0.9731182795698924,0.9731182795698924,0.0,0.0,0.0,0.6318681318681318,91,0.6043956043956044,22,93,0.2365591397849462,90,0.2444444444444444
gemma-2-2b-it,test,mean_difference_r1_a1,mean_difference,1,1.0,demographic,bbq,exploratory,70,70,70,0.5232700892857143,0.5297982352120536,0.4571428571428571,0.4285714285714285,0.1142857142857142,-0.0065281459263392,-0.0428014700753348,0.0322051130022321,-0.0124756718566705,-0.087645983720559,0.0590778714502365,15,2,2,55,0.1333333333333333,0.0,0.3333333333333333,0.0042392039222162,0.0033853863065469,0.572463768115942,0.5652173913043478,0.0072463768115942,0.0,0.0289855072463768,0.5714285714285714,0.5642857142857143,0.0071428571428571,-0.0142857142857142,0.0285714285714285,0.9857142857142858,0.9857142857142858,0.0,0.0,0.0,0.5869565217391305,69,0.5797101449275363,16,70,0.2285714285714285,69,0.2318840579710145
gemma-2-2b-it,test,mean_difference_r1_a1,mean_difference,1,1.0,demographic,crows_pairs,exploratory,23,23,23,0.6965013586956522,0.7812075407608695,0.3478260869565217,0.6086956521739131,0.0434782608695652,-0.0847061820652173,-0.2217115319293478,0.0471297554347826,-0.1216166788588148,-0.3426434275075657,0.0658104211622887,6,0,5,17,0.0,0.0,0.0,0.002464673129089,0.0026874312808698,0.391304347826087,0.391304347826087,0.0,0.0,0.0,0.717391304347826,0.6304347826086957,0.0869565217391304,0.0217391304347826,0.1739130434782608,0.9347826086956522,0.9347826086956522,0.0,0.0,0.0,0.7727272727272727,22,0.6818181818181818,6,23,0.2608695652173913,21,0.2857142857142857
gemma-2-2b-it,test,mean_difference_r1_a1,mean_difference,1,1.0,identity,pooled,exploratory,92,92,92,0.0,0.0,0.0,0.0,1.0,0.0,0.0,0.0,,,,0,0,0,92,,,,0.0032106207170211,0.0032093479222512,0.5730337078651685,0.5617977528089888,0.0112359550561797,0.0,0.0337078651685393,0.6195652173913043,0.5869565217391305,0.0326086956521739,-0.0108695652173913,0.0760869565217391,0.9782608695652174,0.9782608695652174,0.0,0.0,0.0,0.6477272727272727,88,0.6136363636363636,0,92,0.0,90,0.0
gemma-2-2b-it,test,mean_difference_r1_a1,mean_difference,1,1.0,identity,bbq,exploratory,70,70,70,0.0,0.0,0.0,0.0,1.0,0.0,0.0,0.0,,,,0,0,0,70,,,,0.0033335669671464,0.003332086907148,0.6268656716417911,0.6119402985074627,0.0149253731343283,0.0,0.044776119402985,0.5714285714285714,0.5714285714285714,0.0,-0.0428571428571428,0.0428571428571428,0.9857142857142858,0.9857142857142858,0.0,0.0,0.0,0.5970149253731343,67,0.5970149253731343,0,70,0.0,69,0.0
gemma-2-2b-it,test,mean_difference_r1_a1,mean_difference,1,1.0,identity,crows_pairs,exploratory,22,22,22,0.0,0.0,0.0,0.0,1.0,0.0,0.0,0.0,,,,0,0,0,22,,,,0.0028194281029863,0.0028188147884888,0.4090909090909091,0.4090909090909091,0.0,0.0,0.0,0.7727272727272727,0.6363636363636364,0.1363636363636363,0.0,0.3181818181818182,0.9545454545454546,0.9545454545454546,0.0,0.0,0.0,0.8095238095238095,21,0.6666666666666666,0,22,0.0,21,0.0
gemma-2-2b-it,test,mean_difference_r1_a1,mean_difference,1,1.0,neutral,pooled,exploratory,70,70,70,0.4264787946428571,0.4166015625,0.4857142857142857,0.3857142857142857,0.1285714285714285,0.0098772321428571,-0.027099609375,0.0470452008928571,0.0231599607458292,-0.0656566172635771,0.1062319475840595,9,1,2,61,0.1111111111111111,0.0,0.375,0.0027129660091243,0.0028262064791705,0.6044776119402985,0.6044776119402985,0.0,0.0,0.0,0.5785714285714286,0.5571428571428572,0.0214285714285714,0.0,0.0571428571428571,0.9785714285714284,0.9785714285714284,0.0,0.0,0.0,0.6119402985074627,67,0.5895522388059702,11,70,0.1571428571428571,68,0.1617647058823529
gemma-2-2b-it,test,mean_difference_r1_a1,mean_difference,1,1.0,neutral,bbq,exploratory,70,70,70,0.4264787946428571,0.4166015625,0.4857142857142857,0.3857142857142857,0.1285714285714285,0.0098772321428571,-0.027099609375,0.0470452008928571,0.0231599607458292,-0.0656566172635771,0.1062319475840595,9,1,2,61,0.1111111111111111,0.0,0.375,0.0027129660091243,0.0028262064791705,0.6044776119402985,0.6044776119402985,0.0,0.0,0.0,0.5785714285714286,0.5571428571428572,0.0214285714285714,0.0,0.0571428571428571,0.9785714285714284,0.9785714285714284,0.0,0.0,0.0,0.6119402985074627,67,0.5895522388059702,11,70,0.1571428571428571,68,0.1617647058823529
gemma-2-2b-it,test,neutral_contrast_r1_a1,neutral_contrast,1,1.0,demographic,pooled,exploratory,92,92,92,0.5641134510869565,0.5399567977241848,0.5217391304347826,0.391304347826087,0.0869565217391304,0.0241566533627717,-0.0173213792883831,0.0660190084706182,0.0428223317778112,-0.0313909839613162,0.1147157016896561,21,4,2,71,0.1904761904761904,0.0270833333333333,0.3703703703703703,0.0052875438723084,0.005619891060799,0.510989010989011,0.5164835164835165,-0.0054945054945054,-0.0329670329670329,0.0164835164835164,0.5489130434782609,0.5760869565217391,-0.0271739130434782,-0.0543478260869565,0.0,0.9619565217391304,0.9728260869565216,-0.0108695652173913,-0.0271739130434782,0.0,0.5666666666666667,90,0.6,25,92,0.2717391304347826,87,0.2873563218390804
gemma-2-2b-it,test,neutral_contrast_r1_a1,neutral_contrast,1,1.0,demographic,bbq,exploratory,70,70,70,0.5232700892857143,0.5060616629464286,0.5285714285714286,0.3857142857142857,0.0857142857142857,0.0172084263392857,-0.0280800083705357,0.0621716308593749,0.0328863175855816,-0.056782004663154,0.1176553326439154,15,4,1,55,0.2666666666666666,0.0666666666666666,0.5,0.0055186227999192,0.0058582358100217,0.5652173913043478,0.5652173913043478,0.0,-0.0217391304347826,0.0217391304347826,0.55,0.5642857142857143,-0.0142857142857142,-0.0357142857142857,0.0,0.9857142857142858,0.9857142857142858,0.0,0.0,0.0,0.5652173913043478,69,0.5797101449275363,17,70,0.2428571428571428,69,0.2463768115942029
gemma-2-2b-it,test,neutral_contrast_r1_a1,neutral_contrast,1,1.0,demographic,crows_pairs,exploratory,22,22,22,0.6940696022727273,0.6478049538352273,0.5,0.4090909090909091,0.0909090909090909,0.0462646484375,-0.0527210582386363,0.146073497425426,0.0666570734203121,-0.0839877442558769,0.1975525235305804,6,0,1,16,0.0,0.0,0.0,0.0045522927390015,0.0048615214041812,0.3409090909090909,0.3636363636363636,-0.0227272727272727,-0.0909090909090909,0.0454545454545454,0.5454545454545454,0.6136363636363636,-0.0681818181818181,-0.1590909090909091,0.0227272727272727,0.8863636363636364,0.9318181818181818,-0.0454545454545454,-0.1136363636363636,0.0,0.5714285714285714,21,0.6666666666666666,8,22,0.3636363636363636,18,0.4444444444444444
gemma-2-2b-it,test,neutral_contrast_r1_a1,neutral_contrast,1,1.0,identity,pooled,exploratory,92,92,92,0.0,0.0,0.0,0.0,1.0,0.0,0.0,0.0,,,,0,0,0,92,,,,0.0054878813639279,0.0054888293813615,0.5280898876404494,0.5617977528089888,-0.0337078651685393,-0.0786516853932584,0.0,0.5652173913043478,0.5869565217391305,-0.0217391304347826,-0.0652173913043478,0.0217391304347826,0.9782608695652174,0.9782608695652174,0.0,0.0,0.0,0.5909090909090909,88,0.6136363636363636,0,92,0.0,90,0.0
gemma-2-2b-it,test,neutral_contrast_r1_a1,neutral_contrast,1,1.0,identity,bbq,exploratory,70,70,70,0.0,0.0,0.0,0.0,1.0,0.0,0.0,0.0,,,,0,0,0,70,,,,0.0056500935391698,0.0056489892846206,0.5970149253731343,0.6119402985074627,-0.0149253731343283,-0.044776119402985,0.0,0.5571428571428572,0.5714285714285714,-0.0142857142857142,-0.0428571428571428,0.0,0.9857142857142858,0.9857142857142858,0.0,0.0,0.0,0.582089552238806,67,0.5970149253731343,0,70,0.0,69,0.0
gemma-2-2b-it,test,neutral_contrast_r1_a1,neutral_contrast,1,1.0,identity,crows_pairs,exploratory,22,22,22,0.0,0.0,0.0,0.0,1.0,0.0,0.0,0.0,,,,0,0,0,22,,,,0.0049717517154311,0.0049792296891734,0.3181818181818182,0.4090909090909091,-0.0909090909090909,-0.2272727272727272,0.0,0.5909090909090909,0.6363636363636364,-0.0454545454545454,-0.2272727272727272,0.0909090909090909,0.9545454545454546,0.9545454545454546,0.0,0.0,0.0,0.6190476190476191,21,0.6666666666666666,0,22,0.0,21,0.0
gemma-2-2b-it,test,neutral_contrast_r1_a1,neutral_contrast,1,1.0,neutral,pooled,exploratory,70,70,70,0.4264787946428571,0.3336495535714285,0.5857142857142857,0.3285714285714285,0.0857142857142857,0.0928292410714285,0.0194412667410714,0.1697293526785714,0.2176643768400392,0.050998597274412,0.3559754986873358,9,7,2,61,0.7777777777777778,0.5,1.0,0.029504440202662,0.0175909889720366,0.6044776119402985,0.6044776119402985,0.0,0.0,0.0,0.5428571428571428,0.5571428571428572,-0.0142857142857142,-0.0428571428571428,0.0142857142857142,0.9785714285714284,0.9785714285714284,0.0,0.0,0.0,0.5746268656716418,67,0.5895522388059702,12,70,0.1714285714285714,68,0.1764705882352941
gemma-2-2b-it,test,neutral_contrast_r1_a1,neutral_contrast,1,1.0,neutral,bbq,exploratory,70,70,70,0.4264787946428571,0.3336495535714285,0.5857142857142857,0.3285714285714285,0.0857142857142857,0.0928292410714285,0.0194412667410714,0.1697293526785714,0.2176643768400392,0.050998597274412,0.3559754986873358,9,7,2,61,0.7777777777777778,0.5,1.0,0.029504440202662,0.0175909889720366,0.6044776119402985,0.6044776119402985,0.0,0.0,0.0,0.5428571428571428,0.5571428571428572,-0.0142857142857142,-0.0428571428571428,0.0142857142857142,0.9785714285714284,0.9785714285714284,0.0,0.0,0.0,0.5746268656716418,67,0.5895522388059702,12,70,0.1714285714285714,68,0.1764705882352941
gemma-2-2b-it,test,neutral_contrast_r2_a1,neutral_contrast,2,1.0,demographic,pooled,exploratory,92,92,92,0.5641134510869565,0.4411329186480978,0.6086956521739131,0.3478260869565217,0.0434782608695652,0.1229805324388586,0.043974901282269,0.2031632133152174,0.2180067364142707,0.0901502665804592,0.3247946507943011,21,10,1,71,0.4761904761904761,0.25,0.6875,0.0261757652044185,0.0225978823994313,0.6428571428571429,0.5164835164835165,0.1263736263736263,0.0604395604395604,0.1923076923076923,0.6413043478260869,0.5760869565217391,0.0652173913043478,0.0217391304347826,0.1141304347826086,0.9565217391304348,0.9728260869565216,-0.0163043478260869,-0.0380434782608695,0.0,0.6797752808988764,89,0.6,12,92,0.1304347826086956,87,0.1379310344827586
gemma-2-2b-it,test,neutral_contrast_r2_a1,neutral_contrast,2,1.0,demographic,bbq,exploratory,70,70,70,0.5232700892857143,0.3974888392857142,0.6142857142857143,0.3428571428571428,0.0428571428571428,0.12578125,0.0369121442522321,0.2225613839285713,0.2403753865841953,0.0814537037651093,0.3691423622851225,15,8,1,55,0.5333333333333333,0.2631578947368421,0.7857142857142857,0.0290521239899646,0.0241723664630834,0.5942028985507246,0.5652173913043478,0.0289855072463768,-0.0144927536231884,0.0797101449275362,0.5714285714285714,0.5642857142857143,0.0071428571428571,-0.0142857142857142,0.0285714285714285,0.9857142857142858,0.9857142857142858,0.0,0.0,0.0,0.5869565217391305,69,0.5797101449275363,12,70,0.1714285714285714,69,0.1739130434782608
gemma-2-2b-it,test,neutral_contrast_r2_a1,neutral_contrast,2,1.0,demographic,crows_pairs,exploratory,22,22,22,0.6940696022727273,0.5800004438920454,0.5909090909090909,0.3636363636363636,0.0454545454545454,0.1140691583806818,-0.0385417591441761,0.2869406960227272,0.1643482987976464,-0.0775117615610798,0.3226867969091305,6,2,0,16,0.3333333333333333,0.0,0.75,0.0170237145231357,0.0175881603787202,0.7954545454545454,0.3636363636363636,0.4318181818181818,0.2727272727272727,0.5909090909090909,0.8636363636363636,0.6136363636363636,0.25,0.0909090909090909,0.4090909090909091,0.8636363636363636,0.9318181818181818,-0.0681818181818181,-0.1590909090909091,0.0,1.0,20,0.6666666666666666,0,22,0.0,18,0.0
gemma-2-2b-it,test,neutral_contrast_r2_a1,neutral_contrast,2,1.0,identity,pooled,exploratory,92,92,92,0.0,0.0,0.0,0.0,1.0,0.0,0.0,0.0,,,,0,0,0,92,,,,0.0214280540353039,0.0214190960887924,0.651685393258427,0.5617977528089888,0.0898876404494382,0.0224719101123595,0.1685393258426966,0.6521739130434783,0.5869565217391305,0.0652173913043478,0.0,0.1304347826086956,0.9565217391304348,0.9782608695652174,-0.0217391304347826,-0.0543478260869565,0.0,0.6976744186046512,86,0.6136363636363636,0,92,0.0,88,0.0
gemma-2-2b-it,test,neutral_contrast_r2_a1,neutral_contrast,2,1.0,identity,bbq,exploratory,70,70,70,0.0,0.0,0.0,0.0,1.0,0.0,0.0,0.0,,,,0,0,0,70,,,,0.0226136271780425,0.0226017274923416,0.6268656716417911,0.6119402985074627,0.0149253731343283,-0.044776119402985,0.0895522388059701,0.5857142857142857,0.5714285714285714,0.0142857142857142,-0.0285714285714285,0.0571428571428571,0.9857142857142858,0.9857142857142858,0.0,0.0,0.0,0.6119402985074627,67,0.5970149253731343,0,70,0.0,69,0.0
gemma-2-2b-it,test,neutral_contrast_r2_a1,neutral_contrast,2,1.0,identity,crows_pairs,exploratory,22,22,22,0.0,0.0,0.0,0.0,1.0,0.0,0.0,0.0,,,,0,0,0,22,,,,0.0176557758538628,0.0176561779865903,0.7272727272727273,0.4090909090909091,0.3181818181818182,0.1363636363636363,0.5,0.8636363636363636,0.6363636363636364,0.2272727272727272,0.0454545454545454,0.4545454545454545,0.8636363636363636,0.9545454545454546,-0.0909090909090909,-0.2272727272727272,0.0,1.0,19,0.6666666666666666,0,22,0.0,19,0.0
gemma-2-2b-it,test,neutral_contrast_r2_a1,neutral_contrast,2,1.0,neutral,pooled,exploratory,70,70,70,0.4264787946428571,0.2591718401227678,0.6714285714285714,0.2571428571428571,0.0714285714285714,0.1673069545200892,0.0787501961844308,0.2561564854213169,0.3922984134772652,0.2108934020016389,0.537075158444548,9,7,2,61,0.7777777777777778,0.444047619047619,1.0,0.0515710327080609,0.0343828602597787,0.5746268656716418,0.6044776119402985,-0.0298507462686567,-0.0746268656716417,0.0074626865671641,0.5285714285714286,0.5571428571428572,-0.0285714285714285,-0.0642857142857142,0.0001785714285704,0.9785714285714284,0.9785714285714284,0.0,0.0,0.0,0.5597014925373134,67,0.5895522388059702,9,70,0.1285714285714285,68,0.1323529411764706
gemma-2-2b-it,test,neutral_contrast_r2_a1,neutral_contrast,2,1.0,neutral,bbq,exploratory,70,70,70,0.4264787946428571,0.2591718401227678,0.6714285714285714,0.2571428571428571,0.0714285714285714,0.1673069545200892,0.0787501961844308,0.2561564854213169,0.3922984134772652,0.2108934020016389,0.537075158444548,9,7,2,61,0.7777777777777778,0.444047619047619,1.0,0.0515710327080609,0.0343828602597787,0.5746268656716418,0.6044776119402985,-0.0298507462686567,-0.0746268656716417,0.0074626865671641,0.5285714285714286,0.5571428571428572,-0.0285714285714285,-0.0642857142857142,0.0001785714285704,0.9785714285714284,0.9785714285714284,0.0,0.0,0.0,0.5597014925373134,67,0.5895522388059702,9,70,0.1285714285714285,68,0.1323529411764706
gemma-2-2b-it,test,neutral_contrast_r4_a1,neutral_contrast,4,1.0,demographic,pooled,exploratory,92,92,92,0.5641134510869565,0.385567043138587,0.6739130434782609,0.2826086956521739,0.0434782608695652,0.1785464079483695,0.0788586160411005,0.2863412608271059,0.3165079783230468,0.1582737223903431,0.4474749085389242,21,12,6,71,0.5714285714285714,0.3529411764705882,0.782608695652174,0.038021892036423,0.0333826539108433,0.6758241758241759,0.5164835164835165,0.1593406593406593,0.0879120879120879,0.2307692307692307,0.6358695652173914,0.5760869565217391,0.0597826086956521,0.0054347826086956,0.1195652173913043,0.9565217391304348,0.9728260869565216,-0.0163043478260869,-0.0380434782608695,0.0,0.6741573033707865,89,0.6,7,92,0.0760869565217391,87,0.0804597701149425
gemma-2-2b-it,test,neutral_contrast_r4_a1,neutral_contrast,4,1.0,demographic,bbq,exploratory,70,70,70,0.5232700892857143,0.3066196986607143,0.7428571428571429,0.2142857142857142,0.0428571428571428,0.216650390625,0.1141718401227678,0.3369098772321428,0.4140316732430414,0.2488404416475156,0.5577895918510714,15,11,1,55,0.7333333333333333,0.4705882352941176,0.9411764705882352,0.0414695952440202,0.0354752503753583,0.6159420289855072,0.5652173913043478,0.0507246376811594,0.0,0.108695652173913,0.5642857142857143,0.5642857142857143,0.0,-0.0428571428571428,0.0428571428571428,0.9857142857142858,0.9857142857142858,0.0,0.0,0.0,0.5797101449275363,69,0.5797101449275363,7,70,0.1,69,0.1014492753623188
gemma-2-2b-it,test,neutral_contrast_r4_a1,neutral_contrast,4,1.0,demographic,crows_pairs,exploratory,22,22,22,0.6940696022727273,0.6367631392045454,0.4545454545454545,0.5,0.0454545454545454,0.0573064630681818,-0.1956354314630681,0.3107333096590908,0.082565873624968,-0.4055495994314399,0.3457962679195156,6,1,5,16,0.1666666666666666,0.0,0.5,0.0270519272849775,0.0267243924328409,0.8636363636363636,0.3636363636363636,0.5,0.3409090909090909,0.6590909090909091,0.8636363636363636,0.6136363636363636,0.25,0.0681818181818181,0.4318181818181818,0.8636363636363636,0.9318181818181818,-0.0681818181818181,-0.1590909090909091,0.0,1.0,20,0.6666666666666666,0,22,0.0,18,0.0
gemma-2-2b-it,test,neutral_contrast_r4_a1,neutral_contrast,4,1.0,identity,pooled,exploratory,92,92,92,0.0,0.0,0.0,0.0,1.0,0.0,0.0,0.0,,,,0,0,0,92,,,,0.032939034026119,0.0329348717209125,0.7078651685393258,0.5617977528089888,0.146067415730337,0.0674157303370786,0.2359550561797752,0.6521739130434783,0.5869565217391305,0.0652173913043478,0.0,0.1413043478260869,0.967391304347826,0.9782608695652174,-0.0108695652173913,-0.0326086956521739,0.0,0.6896551724137931,87,0.6136363636363636,0,92,0.0,89,0.0
gemma-2-2b-it,test,neutral_contrast_r4_a1,neutral_contrast,4,1.0,identity,bbq,exploratory,70,70,70,0.0,0.0,0.0,0.0,1.0,0.0,0.0,0.0,,,,0,0,0,70,,,,0.0350028360243223,0.0349972281855581,0.6716417910447762,0.6119402985074627,0.0597014925373134,-0.0149253731343283,0.1492537313432835,0.5714285714285714,0.5714285714285714,0.0,-0.0571428571428571,0.0571428571428571,0.9857142857142858,0.9857142857142858,0.0,0.0,0.0,0.5970149253731343,67,0.5970149253731343,0,70,0.0,69,0.0
gemma-2-2b-it,test,neutral_contrast_r4_a1,neutral_contrast,4,1.0,identity,crows_pairs,exploratory,22,22,22,0.0,0.0,0.0,0.0,1.0,0.0,0.0,0.0,,,,0,0,0,22,,,,0.0263723913045631,0.026372828424313,0.8181818181818182,0.4090909090909091,0.4090909090909091,0.2272727272727272,0.5909090909090909,0.9090909090909092,0.6363636363636364,0.2727272727272727,0.0454545454545454,0.5,0.9090909090909092,0.9545454545454546,-0.0454545454545454,-0.1363636363636363,0.0,1.0,20,0.6666666666666666,0,22,0.0,20,0.0
gemma-2-2b-it,test,neutral_contrast_r4_a1,neutral_contrast,4,1.0,neutral,pooled,exploratory,70,70,70,0.4264787946428571,0.2225760323660714,0.6857142857142857,0.2428571428571428,0.0714285714285714,0.2039027622767857,0.1156125313895089,0.2876666259765624,0.4781076218514883,0.3131377527337432,0.6038301664918636,9,9,1,61,1.0,1.0,1.0,0.0642382490428526,0.0464666210618635,0.5746268656716418,0.6044776119402985,-0.0298507462686567,-0.0895522388059701,0.0223880597014925,0.5285714285714286,0.5571428571428572,-0.0285714285714285,-0.0785714285714285,0.0214285714285714,0.9785714285714284,0.9785714285714284,0.0,0.0,0.0,0.5597014925373134,67,0.5895522388059702,4,70,0.0571428571428571,68,0.0588235294117647
gemma-2-2b-it,test,neutral_contrast_r4_a1,neutral_contrast,4,1.0,neutral,bbq,exploratory,70,70,70,0.4264787946428571,0.2225760323660714,0.6857142857142857,0.2428571428571428,0.0714285714285714,0.2039027622767857,0.1156125313895089,0.2876666259765624,0.4781076218514883,0.3131377527337432,0.6038301664918636,9,9,1,61,1.0,1.0,1.0,0.0642382490428526,0.0464666210618635,0.5746268656716418,0.6044776119402985,-0.0298507462686567,-0.0895522388059701,0.0223880597014925,0.5285714285714286,0.5571428571428572,-0.0285714285714285,-0.0785714285714285,0.0214285714285714,0.9785714285714284,0.9785714285714284,0.0,0.0,0.0,0.5597014925373134,67,0.5895522388059702,4,70,0.0571428571428571,68,0.0588235294117647
gemma-2-2b-it,test,random_ortho_1_r1_a1,random_ortho_1,1,1.0,demographic,pooled,confirmatory-input,93,93,93,0.5661122311827957,0.5869770665322581,0.4623655913978494,0.4838709677419355,0.053763440860215,-0.0208648353494623,-0.0558218350974462,0.0169921874999999,-0.0368563585101646,-0.098774667412088,0.0293873574898909,21,1,4,72,0.0476190476190476,0.0,0.1578947368421052,0.0004449494413335,0.0004611705138798,0.5217391304347826,0.5217391304347826,0.0,0.0,0.0,0.5860215053763441,0.5806451612903226,0.0053763440860215,0.0,0.0161290322580645,0.9731182795698924,0.9731182795698924,0.0,0.0,0.0,0.6098901098901099,91,0.6043956043956044,20,93,0.2150537634408602,90,0.2222222222222222
gemma-2-2b-it,test,random_ortho_1_r1_a1,random_ortho_1,1,1.0,demographic,bbq,exploratory,70,70,70,0.5232700892857143,0.5353934151785714,0.5,0.4571428571428571,0.0428571428571428,-0.0121233258928571,-0.0492940848214285,0.0253812081473214,-0.023168390743308,-0.0970899307248485,0.0511474307367932,15,1,2,55,0.0666666666666666,0.0,0.2142857142857142,0.0004189639327646,0.0004429168489152,0.5652173913043478,0.5652173913043478,0.0,0.0,0.0,0.5642857142857143,0.5642857142857143,0.0,0.0,0.0,0.9857142857142858,0.9857142857142858,0.0,0.0,0.0,0.5797101449275363,69,0.5797101449275363,15,70,0.2142857142857142,69,0.217391304347826
gemma-2-2b-it,test,random_ortho_1_r1_a1,random_ortho_1,1,1.0,demographic,crows_pairs,exploratory,23,23,23,0.6965013586956522,0.7439707880434783,0.3478260869565217,0.5652173913043478,0.0869565217391304,-0.047469429347826,-0.1373153023097826,0.0499405570652173,-0.0681541087539625,-0.2255364207086344,0.0694113826166796,6,0,2,17,0.0,0.0,0.0,0.0005240357717604,0.0005167251463808,0.391304347826087,0.391304347826087,0.0,0.0,0.0,0.6521739130434783,0.6304347826086957,0.0217391304347826,0.0,0.0652173913043478,0.9347826086956522,0.9347826086956522,0.0,0.0,0.0,0.7045454545454546,22,0.6818181818181818,5,23,0.217391304347826,21,0.238095238095238
gemma-2-2b-it,test,random_ortho_1_r1_a1,random_ortho_1,1,1.0,identity,pooled,exploratory,92,92,92,0.0,0.0,0.0,0.0,1.0,0.0,0.0,0.0,,,,0,0,0,92,,,,0.0004757119400299,0.0004757382979233,0.5617977528089888,0.5617977528089888,0.0,0.0,0.0,0.5869565217391305,0.5869565217391305,0.0,0.0,0.0,0.9782608695652174,0.9782608695652174,0.0,0.0,0.0,0.6136363636363636,88,0.6136363636363636,0,92,0.0,90,0.0
gemma-2-2b-it,test,random_ortho_1_r1_a1,random_ortho_1,1,1.0,identity,bbq,exploratory,70,70,70,0.0,0.0,0.0,0.0,1.0,0.0,0.0,0.0,,,,0,0,0,70,,,,0.000464092830139,0.0004641219962995,0.6119402985074627,0.6119402985074627,0.0,0.0,0.0,0.5714285714285714,0.5714285714285714,0.0,0.0,0.0,0.9857142857142858,0.9857142857142858,0.0,0.0,0.0,0.5970149253731343,67,0.5970149253731343,0,70,0.0,69,0.0
gemma-2-2b-it,test,random_ortho_1_r1_a1,random_ortho_1,1,1.0,identity,crows_pairs,exploratory,22,22,22,0.0,0.0,0.0,0.0,1.0,0.0,0.0,0.0,,,,0,0,0,22,,,,0.0005126818351374,0.0005126992576353,0.4090909090909091,0.4090909090909091,0.0,0.0,0.0,0.6363636363636364,0.6363636363636364,0.0,0.0,0.0,0.9545454545454546,0.9545454545454546,0.0,0.0,0.0,0.6666666666666666,21,0.6666666666666666,0,22,0.0,21,0.0
gemma-2-2b-it,test,random_ortho_1_r1_a1,random_ortho_1,1,1.0,neutral,pooled,exploratory,70,70,70,0.4264787946428571,0.43388671875,0.4142857142857143,0.4428571428571428,0.1428571428571428,-0.0074079241071428,-0.0397387695312499,0.0227692522321428,-0.0173699705593719,-0.0987903551545574,0.0525745263415487,9,2,1,61,0.2222222222222222,0.0,0.5,0.0005473939096781,0.0005020339550599,0.6044776119402985,0.6044776119402985,0.0,0.0,0.0,0.55,0.5571428571428572,-0.0071428571428571,-0.0214285714285714,0.0,0.9785714285714284,0.9785714285714284,0.0,0.0,0.0,0.582089552238806,67,0.5895522388059702,12,70,0.1714285714285714,68,0.1764705882352941
gemma-2-2b-it,test,random_ortho_1_r1_a1,random_ortho_1,1,1.0,neutral,bbq,exploratory,70,70,70,0.4264787946428571,0.43388671875,0.4142857142857143,0.4428571428571428,0.1428571428571428,-0.0074079241071428,-0.0397387695312499,0.0227692522321428,-0.0173699705593719,-0.0987903551545574,0.0525745263415487,9,2,1,61,0.2222222222222222,0.0,0.5,0.0005473939096781,0.0005020339550599,0.6044776119402985,0.6044776119402985,0.0,0.0,0.0,0.55,0.5571428571428572,-0.0071428571428571,-0.0214285714285714,0.0,0.9785714285714284,0.9785714285714284,0.0,0.0,0.0,0.582089552238806,67,0.5895522388059702,12,70,0.1714285714285714,68,0.1764705882352941
gemma-2-2b-it,test,random_ortho_1_r2_a1,random_ortho_1,2,1.0,demographic,pooled,exploratory,93,93,93,0.5661122311827957,0.559050529233871,0.4731182795698925,0.4516129032258064,0.075268817204301,0.0070617019489247,-0.0327414892053091,0.0469696373067876,0.0124740317554533,-0.0605265720513326,0.0823133480049719,21,1,5,72,0.0476190476190476,0.0,0.1578947368421052,0.0008781793868794,0.0008995734999043,0.5217391304347826,0.5217391304347826,0.0,0.0,0.0,0.5806451612903226,0.5806451612903226,0.0,-0.0161290322580645,0.0161290322580645,0.9731182795698924,0.9731182795698924,0.0,0.0,0.0,0.6043956043956044,91,0.6043956043956044,19,93,0.2043010752688172,90,0.2111111111111111
gemma-2-2b-it,test,random_ortho_1_r2_a1,random_ortho_1,2,1.0,demographic,bbq,exploratory,70,70,70,0.5232700892857143,0.5250069754464286,0.4714285714285714,0.4428571428571428,0.0857142857142857,-0.0017368861607142,-0.0352920968191964,0.0305831473214285,-0.003319291884398,-0.0691762528568839,0.0613777046128743,15,1,2,55,0.0666666666666666,0.0,0.2142857142857142,0.0008482174255731,0.0008732880977903,0.5652173913043478,0.5652173913043478,0.0,0.0,0.0,0.5642857142857143,0.5642857142857143,0.0,0.0,0.0,0.9857142857142858,0.9857142857142858,0.0,0.0,0.0,0.5797101449275363,69,0.5797101449275363,15,70,0.2142857142857142,69,0.217391304347826
gemma-2-2b-it,test,random_ortho_1_r2_a1,random_ortho_1,2,1.0,demographic,crows_pairs,exploratory,23,23,23,0.6965013586956522,0.6626613451086957,0.4782608695652174,0.4782608695652174,0.0434782608695652,0.0338400135869565,-0.0835703974184782,0.1606307319972825,0.0485857108022433,-0.1397573057781689,0.2079092614696192,6,0,3,17,0.0,0.0,0.0,0.0009693679647682,0.0009795725498166,0.391304347826087,0.391304347826087,0.0,0.0,0.0,0.6304347826086957,0.6304347826086957,0.0,-0.0652173913043478,0.0652173913043478,0.9347826086956522,0.9347826086956522,0.0,0.0,0.0,0.6818181818181818,22,0.6818181818181818,4,23,0.1739130434782608,21,0.1904761904761904
gemma-2-2b-it,test,random_ortho_1_r2_a1,random_ortho_1,2,1.0,identity,pooled,exploratory,92,92,92,0.0,0.0,0.0,0.0,1.0,0.0,0.0,0.0,,,,0,0,0,92,,,,0.0009287975498823,0.0009290966422986,0.5617977528089888,0.5617977528089888,0.0,0.0,0.0,0.5760869565217391,0.5869565217391305,-0.0108695652173913,-0.0326086956521739,0.0,0.9782608695652174,0.9782608695652174,0.0,0.0,0.0,0.6022727272727273,88,0.6136363636363636,0,92,0.0,90,0.0
gemma-2-2b-it,test,random_ortho_1_r2_a1,random_ortho_1,2,1.0,identity,bbq,exploratory,70,70,70,0.0,0.0,0.0,0.0,1.0,0.0,0.0,0.0,,,,0,0,0,70,,,,0.0009089460844371,0.0009092962018027,0.6119402985074627,0.6119402985074627,0.0,0.0,0.0,0.5714285714285714,0.5714285714285714,0.0,0.0,0.0,0.9857142857142858,0.9857142857142858,0.0,0.0,0.0,0.5970149253731343,67,0.5970149253731343,0,70,0.0,69,0.0
gemma-2-2b-it,test,random_ortho_1_r2_a1,random_ortho_1,2,1.0,identity,crows_pairs,exploratory,22,22,22,0.0,0.0,0.0,0.0,1.0,0.0,0.0,0.0,,,,0,0,0,22,,,,0.0009919613035717,0.0009920980438768,0.4090909090909091,0.4090909090909091,0.0,0.0,0.0,0.5909090909090909,0.6363636363636364,-0.0454545454545454,-0.1363636363636363,0.0,0.9545454545454546,0.9545454545454546,0.0,0.0,0.0,0.6190476190476191,21,0.6666666666666666,0,22,0.0,21,0.0
gemma-2-2b-it,test,random_ortho_1_r2_a1,random_ortho_1,2,1.0,neutral,pooled,exploratory,70,70,70,0.4264787946428571,0.4257184709821429,0.4571428571428571,0.4285714285714285,0.1142857142857142,0.0007603236607142,-0.0333234514508928,0.0339104352678571,0.0017827935884854,-0.0821152720588131,0.0776479398635414,9,1,2,61,0.1111111111111111,0.0,0.3573051948051939,0.0010213888789817,0.0009649349468283,0.6044776119402985,0.6044776119402985,0.0,0.0,0.0,0.55,0.5571428571428572,-0.0071428571428571,-0.0214285714285714,0.0,0.9785714285714284,0.9785714285714284,0.0,0.0,0.0,0.582089552238806,67,0.5895522388059702,13,70,0.1857142857142857,68,0.1911764705882352
gemma-2-2b-it,test,random_ortho_1_r2_a1,random_ortho_1,2,1.0,neutral,bbq,exploratory,70,70,70,0.4264787946428571,0.4257184709821429,0.4571428571428571,0.4285714285714285,0.1142857142857142,0.0007603236607142,-0.0333234514508928,0.0339104352678571,0.0017827935884854,-0.0821152720588131,0.0776479398635414,9,1,2,61,0.1111111111111111,0.0,0.3573051948051939,0.0010213888789817,0.0009649349468283,0.6044776119402985,0.6044776119402985,0.0,0.0,0.0,0.55,0.5571428571428572,-0.0071428571428571,-0.0214285714285714,0.0,0.9785714285714284,0.9785714285714284,0.0,0.0,0.0,0.582089552238806,67,0.5895522388059702,13,70,0.1857142857142857,68,0.1911764705882352
gemma-2-2b-it,test,random_ortho_1_r4_a1,random_ortho_1,4,1.0,demographic,pooled,exploratory,93,93,93,0.5661122311827957,0.571076423891129,0.5053763440860215,0.4301075268817204,0.064516129032258,-0.0049641927083333,-0.045099139469926,0.033665548345094,-0.0087689197210267,-0.082011409059322,0.0588394339660917,21,2,5,72,0.0952380952380952,0.0,0.2308823529411758,0.00170276675763,0.0017129914885243,0.5163043478260869,0.5217391304347826,-0.0054347826086956,-0.0163043478260869,0.0,0.5806451612903226,0.5806451612903226,0.0,0.0,0.0,0.9731182795698924,0.9731182795698924,0.0,0.0,0.0,0.6043956043956044,91,0.6043956043956044,21,93,0.2258064516129032,90,0.2333333333333333
gemma-2-2b-it,test,random_ortho_1_r4_a1,random_ortho_1,4,1.0,demographic,bbq,exploratory,70,70,70,0.5232700892857143,0.5242571149553571,0.4857142857142857,0.4428571428571428,0.0714285714285714,-0.0009870256696428,-0.0406321498325892,0.0380762590680803,-0.0018862642636237,-0.0803958138059573,0.0720191120808378,15,2,1,55,0.1333333333333333,0.0,0.3333333333333333,0.0016768769213088,0.001675000749373,0.5652173913043478,0.5652173913043478,0.0,0.0,0.0,0.5642857142857143,0.5642857142857143,0.0,0.0,0.0,0.9857142857142858,0.9857142857142858,0.0,0.0,0.0,0.5797101449275363,69,0.5797101449275363,15,70,0.2142857142857142,69,0.217391304347826
gemma-2-2b-it,test,random_ortho_1_r4_a1,random_ortho_1,4,1.0,demographic,crows_pairs,exploratory,23,23,23,0.6965013586956522,0.7135699728260869,0.5652173913043478,0.391304347826087,0.0434782608695652,-0.0170686141304347,-0.1295282778532608,0.0784689198369564,-0.0245062179956108,-0.2106201596698183,0.110107945961332,6,0,4,17,0.0,0.0,0.0,0.0017815619116509,0.0018286154772456,0.3695652173913043,0.391304347826087,-0.0217391304347826,-0.0652173913043478,0.0,0.6304347826086957,0.6304347826086957,0.0,0.0,0.0,0.9347826086956522,0.9347826086956522,0.0,0.0,0.0,0.6818181818181818,22,0.6818181818181818,6,23,0.2608695652173913,21,0.2857142857142857
gemma-2-2b-it,test,random_ortho_1_r4_a1,random_ortho_1,4,1.0,identity,pooled,exploratory,92,92,92,0.0,0.0,0.0,0.0,1.0,0.0,0.0,0.0,,,,0,0,0,92,,,,0.0017628588190312,0.0017632985296079,0.550561797752809,0.5617977528089888,-0.0112359550561797,-0.0337078651685393,0.0,0.5869565217391305,0.5869565217391305,0.0,0.0,0.0,0.9782608695652174,0.9782608695652174,0.0,0.0,0.0,0.6136363636363636,88,0.6136363636363636,0,92,0.0,90,0.0
gemma-2-2b-it,test,random_ortho_1_r4_a1,random_ortho_1,4,1.0,identity,bbq,exploratory,70,70,70,0.0,0.0,0.0,0.0,1.0,0.0,0.0,0.0,,,,0,0,0,70,,,,0.0017325320786187,0.001733054801204,0.6119402985074627,0.6119402985074627,0.0,0.0,0.0,0.5714285714285714,0.5714285714285714,0.0,0.0,0.0,0.9857142857142858,0.9857142857142858,0.0,0.0,0.0,0.5970149253731343,67,0.5970149253731343,0,70,0.0,69,0.0
gemma-2-2b-it,test,random_ortho_1_r4_a1,random_ortho_1,4,1.0,identity,crows_pairs,exploratory,22,22,22,0.0,0.0,0.0,0.0,1.0,0.0,0.0,0.0,,,,0,0,0,22,,,,0.001859352993071,0.0018595285745294,0.3636363636363636,0.4090909090909091,-0.0454545454545454,-0.1363636363636363,0.0,0.6363636363636364,0.6363636363636364,0.0,0.0,0.0,0.9545454545454546,0.9545454545454546,0.0,0.0,0.0,0.6666666666666666,21,0.6666666666666666,0,22,0.0,21,0.0
gemma-2-2b-it,test,random_ortho_1_r4_a1,random_ortho_1,4,1.0,neutral,pooled,exploratory,70,70,70,0.4264787946428571,0.4384486607142857,0.4714285714285714,0.4571428571428571,0.0714285714285714,-0.0119698660714285,-0.0481340680803571,0.0197300502232142,-0.0280667320902845,-0.1146408038819722,0.0451241954676742,9,3,3,61,0.3333333333333333,0.0,0.6673076923076888,0.0018094943752033,0.0017665501891505,0.6044776119402985,0.6044776119402985,0.0,0.0,0.0,0.55,0.5571428571428572,-0.0071428571428571,-0.0214285714285714,0.0,0.9785714285714284,0.9785714285714284,0.0,0.0,0.0,0.582089552238806,67,0.5895522388059702,13,70,0.1857142857142857,68,0.1911764705882352
gemma-2-2b-it,test,random_ortho_1_r4_a1,random_ortho_1,4,1.0,neutral,bbq,exploratory,70,70,70,0.4264787946428571,0.4384486607142857,0.4714285714285714,0.4571428571428571,0.0714285714285714,-0.0119698660714285,-0.0481340680803571,0.0197300502232142,-0.0280667320902845,-0.1146408038819722,0.0451241954676742,9,3,3,61,0.3333333333333333,0.0,0.6673076923076888,0.0018094943752033,0.0017665501891505,0.6044776119402985,0.6044776119402985,0.0,0.0,0.0,0.55,0.5571428571428572,-0.0071428571428571,-0.0214285714285714,0.0,0.9785714285714284,0.9785714285714284,0.0,0.0,0.0,0.582089552238806,67,0.5895522388059702,13,70,0.1857142857142857,68,0.1911764705882352
gemma-2-2b-it,test,random_ortho_2_r1_a1,random_ortho_2,1,1.0,demographic,pooled,confirmatory-input,93,93,93,0.5661122311827957,0.5801805065524194,0.3655913978494624,0.4731182795698925,0.1612903225806451,-0.0140682753696236,-0.0466781123991935,0.0186532625588037,-0.0248506825938565,-0.0836134857451144,0.0320219881253556,21,2,3,72,0.0952380952380952,0.0,0.2308823529411758,0.0004794368734754,0.0004723080682274,0.5217391304347826,0.5217391304347826,0.0,0.0,0.0,0.5860215053763441,0.5806451612903226,0.0053763440860215,0.0,0.0161290322580645,0.9731182795698924,0.9731182795698924,0.0,0.0,0.0,0.6098901098901099,91,0.6043956043956044,20,93,0.2150537634408602,90,0.2222222222222222
gemma-2-2b-it,test,random_ortho_2_r1_a1,random_ortho_2,1,1.0,demographic,bbq,exploratory,70,70,70,0.5232700892857143,0.5330740792410714,0.3571428571428571,0.4714285714285714,0.1714285714285714,-0.0098039899553571,-0.0380433872767857,0.0199992152622767,-0.0187360029860297,-0.0737681688185513,0.0388680845660449,15,2,1,55,0.1333333333333333,0.0,0.3333333333333333,0.0004842346906717,0.0004663471887985,0.5652173913043478,0.5652173913043478,0.0,0.0,0.0,0.5642857142857143,0.5642857142857143,0.0,0.0,0.0,0.9857142857142858,0.9857142857142858,0.0,0.0,0.0,0.5797101449275363,69,0.5797101449275363,15,70,0.2142857142857142,69,0.217391304347826
gemma-2-2b-it,test,random_ortho_2_r1_a1,random_ortho_2,1,1.0,demographic,crows_pairs,exploratory,23,23,23,0.6965013586956522,0.7235478940217391,0.391304347826087,0.4782608695652174,0.1304347826086956,-0.0270465353260869,-0.1221605383831521,0.0694802989130433,-0.038831992197025,-0.1958150746810231,0.0970837045120559,6,0,2,17,0.0,0.0,0.0,0.0004648348211389,0.0004904498751847,0.391304347826087,0.391304347826087,0.0,0.0,0.0,0.6521739130434783,0.6304347826086957,0.0217391304347826,0.0,0.0652173913043478,0.9347826086956522,0.9347826086956522,0.0,0.0,0.0,0.7045454545454546,22,0.6818181818181818,5,23,0.217391304347826,21,0.238095238095238
gemma-2-2b-it,test,random_ortho_2_r1_a1,random_ortho_2,1,1.0,identity,pooled,exploratory,92,92,92,0.0,0.0,0.0,0.0,1.0,0.0,0.0,0.0,,,,0,0,0,92,,,,0.0004783656984577,0.0004785976632616,0.5617977528089888,0.5617977528089888,0.0,0.0,0.0,0.5978260869565217,0.5869565217391305,0.0108695652173913,0.0,0.0326086956521739,0.9782608695652174,0.9782608695652174,0.0,0.0,0.0,0.625,88,0.6136363636363636,0,92,0.0,90,0.0
gemma-2-2b-it,test,random_ortho_2_r1_a1,random_ortho_2,1,1.0,identity,bbq,exploratory,70,70,70,0.0,0.0,0.0,0.0,1.0,0.0,0.0,0.0,,,,0,0,0,70,,,,0.0004751222950421,0.0004754039205827,0.6119402985074627,0.6119402985074627,0.0,0.0,0.0,0.5857142857142857,0.5714285714285714,0.0142857142857142,0.0,0.0428571428571428,0.9857142857142858,0.9857142857142858,0.0,0.0,0.0,0.6119402985074627,67,0.5970149253731343,0,70,0.0,69,0.0
gemma-2-2b-it,test,random_ortho_2_r1_a1,random_ortho_2,1,1.0,identity,crows_pairs,exploratory,22,22,22,0.0,0.0,0.0,0.0,1.0,0.0,0.0,0.0,,,,0,0,0,22,,,,0.0004886856184165,0.0004887595717854,0.4090909090909091,0.4090909090909091,0.0,0.0,0.0,0.6363636363636364,0.6363636363636364,0.0,0.0,0.0,0.9545454545454546,0.9545454545454546,0.0,0.0,0.0,0.6666666666666666,21,0.6666666666666666,0,22,0.0,21,0.0
gemma-2-2b-it,test,random_ortho_2_r1_a1,random_ortho_2,1,1.0,neutral,pooled,exploratory,70,70,70,0.4264787946428571,0.4257952008928571,0.4428571428571428,0.4714285714285714,0.0857142857142857,0.00068359375,-0.0327008928571428,0.0333722795758928,0.0016028786391887,-0.076929164732979,0.077169389976769,9,2,1,61,0.2222222222222222,0.0,0.5,0.0004639691096579,0.0004697211205371,0.6044776119402985,0.6044776119402985,0.0,0.0,0.0,0.5571428571428572,0.5571428571428572,0.0,-0.0214285714285714,0.0214285714285714,0.9785714285714284,0.9785714285714284,0.0,0.0,0.0,0.5895522388059702,67,0.5895522388059702,11,70,0.1571428571428571,68,0.1617647058823529
gemma-2-2b-it,test,random_ortho_2_r1_a1,random_ortho_2,1,1.0,neutral,bbq,exploratory,70,70,70,0.4264787946428571,0.4257952008928571,0.4428571428571428,0.4714285714285714,0.0857142857142857,0.00068359375,-0.0327008928571428,0.0333722795758928,0.0016028786391887,-0.076929164732979,0.077169389976769,9,2,1,61,0.2222222222222222,0.0,0.5,0.0004639691096579,0.0004697211205371,0.6044776119402985,0.6044776119402985,0.0,0.0,0.0,0.5571428571428572,0.5571428571428572,0.0,-0.0214285714285714,0.0214285714285714,0.9785714285714284,0.9785714285714284,0.0,0.0,0.0,0.5895522388059702,67,0.5895522388059702,11,70,0.1571428571428571,68,0.1617647058823529
gemma-2-2b-it,test,random_ortho_2_r2_a1,random_ortho_2,2,1.0,demographic,pooled,exploratory,93,93,93,0.5661122311827957,0.5925004200268817,0.4086021505376344,0.4946236559139785,0.0967741935483871,-0.026388188844086,-0.0636558614751344,0.0103783392137096,-0.0466129989612702,-0.1133858427230884,0.0191573003848911,21,2,4,72,0.0952380952380952,0.0,0.2308823529411758,0.0010530911528474,0.0010224471345542,0.5271739130434783,0.5217391304347826,0.0054347826086956,0.0,0.0163043478260869,0.5806451612903226,0.5806451612903226,0.0,0.0,0.0,0.9731182795698924,0.9731182795698924,0.0,0.0,0.0,0.6043956043956044,91,0.6043956043956044,21,93,0.2258064516129032,90,0.2333333333333333
gemma-2-2b-it,test,random_ortho_2_r2_a1,random_ortho_2,2,1.0,demographic,bbq,exploratory,70,70,70,0.5232700892857143,0.5380301339285715,0.4142857142857143,0.4714285714285714,0.1142857142857142,-0.0147600446428571,-0.0495134626116071,0.0209824916294642,-0.0282073157726352,-0.0943714845983089,0.0408824711195318,15,2,0,55,0.1333333333333333,0.0,0.3333333333333333,0.0010608963577359,0.001010912967263,0.572463768115942,0.5652173913043478,0.0072463768115942,0.0,0.0217391304347826,0.5642857142857143,0.5642857142857143,0.0,0.0,0.0,0.9857142857142858,0.9857142857142858,0.0,0.0,0.0,0.5797101449275363,69,0.5797101449275363,15,70,0.2142857142857142,69,0.217391304347826
gemma-2-2b-it,test,random_ortho_2_r2_a1,random_ortho_2,2,1.0,demographic,crows_pairs,exploratory,23,23,23,0.6965013586956522,0.7582795516304348,0.391304347826087,0.5652173913043478,0.0434782608695652,-0.0617781929347826,-0.1718420940896739,0.0486158288043478,-0.0886978785662033,-0.2671784920090613,0.0699100401835156,6,0,4,17,0.0,0.0,0.0,0.0010293361814474,0.0010575511219624,0.391304347826087,0.391304347826087,0.0,0.0,0.0,0.6304347826086957,0.6304347826086957,0.0,0.0,0.0,0.9347826086956522,0.9347826086956522,0.0,0.0,0.0,0.6818181818181818,22,0.6818181818181818,6,23,0.2608695652173913,21,0.2857142857142857
gemma-2-2b-it,test,random_ortho_2_r2_a1,random_ortho_2,2,1.0,identity,pooled,exploratory,92,92,92,0.0,0.0,0.0,0.0,1.0,0.0,0.0,0.0,,,,0,0,0,92,,,,0.0010255366359237,0.0010251348954852,0.5730337078651685,0.5617977528089888,0.0112359550561797,0.0,0.0337078651685393,0.5869565217391305,0.5869565217391305,0.0,0.0,0.0,0.9782608695652174,0.9782608695652174,0.0,0.0,0.0,0.6136363636363636,88,0.6136363636363636,0,92,0.0,90,0.0
gemma-2-2b-it,test,random_ortho_2_r2_a1,random_ortho_2,2,1.0,identity,bbq,exploratory,70,70,70,0.0,0.0,0.0,0.0,1.0,0.0,0.0,0.0,,,,0,0,0,70,,,,0.0010160049560523,0.0010155424919095,0.6268656716417911,0.6119402985074627,0.0149253731343283,0.0,0.044776119402985,0.5714285714285714,0.5714285714285714,0.0,0.0,0.0,0.9857142857142858,0.9857142857142858,0.0,0.0,0.0,0.5970149253731343,67,0.5970149253731343,0,70,0.0,69,0.0
gemma-2-2b-it,test,random_ortho_2_r2_a1,random_ortho_2,2,1.0,identity,crows_pairs,exploratory,22,22,22,0.0,0.0,0.0,0.0,1.0,0.0,0.0,0.0,,,,0,0,0,22,,,,0.001055864708242,0.0010556561795896,0.4090909090909091,0.4090909090909091,0.0,0.0,0.0,0.6363636363636364,0.6363636363636364,0.0,0.0,0.0,0.9545454545454546,0.9545454545454546,0.0,0.0,0.0,0.6666666666666666,21,0.6666666666666666,0,22,0.0,21,0.0
gemma-2-2b-it,test,random_ortho_2_r2_a1,random_ortho_2,2,1.0,neutral,pooled,exploratory,70,70,70,0.4264787946428571,0.4286342075892857,0.4,0.4714285714285714,0.1285714285714285,-0.0021554129464285,-0.0319376046316964,0.0264732142857142,-0.005053974484789,-0.0821502099724338,0.0598282223895948,9,1,2,61,0.1111111111111111,0.0,0.3752403846153833,0.000888476128919,0.0009674504460024,0.6044776119402985,0.6044776119402985,0.0,0.0,0.0,0.5571428571428572,0.5571428571428572,0.0,0.0,0.0,0.9785714285714284,0.9785714285714284,0.0,0.0,0.0,0.5895522388059702,67,0.5895522388059702,12,70,0.1714285714285714,68,0.1764705882352941
gemma-2-2b-it,test,random_ortho_2_r2_a1,random_ortho_2,2,1.0,neutral,bbq,exploratory,70,70,70,0.4264787946428571,0.4286342075892857,0.4,0.4714285714285714,0.1285714285714285,-0.0021554129464285,-0.0319376046316964,0.0264732142857142,-0.005053974484789,-0.0821502099724338,0.0598282223895948,9,1,2,61,0.1111111111111111,0.0,0.3752403846153833,0.000888476128919,0.0009674504460024,0.6044776119402985,0.6044776119402985,0.0,0.0,0.0,0.5571428571428572,0.5571428571428572,0.0,0.0,0.0,0.9785714285714284,0.9785714285714284,0.0,0.0,0.0,0.5895522388059702,67,0.5895522388059702,12,70,0.1714285714285714,68,0.1764705882352941
gemma-2-2b-it,test,random_ortho_2_r4_a1,random_ortho_2,4,1.0,demographic,pooled,exploratory,93,93,93,0.5661122311827957,0.5670677923387096,0.4301075268817204,0.4731182795698925,0.0967741935483871,-0.0009555611559139,-0.0355980657762096,0.0359146610383064,-0.0016879358955335,-0.066240758075911,0.063716539157847,21,1,4,72,0.0476190476190476,0.0,0.1578947368421052,0.0017917379089025,0.0017027652402316,0.5217391304347826,0.5217391304347826,0.0,0.0,0.0,0.5967741935483871,0.5806451612903226,0.0161290322580645,0.0,0.0376344086021505,0.9731182795698924,0.9731182795698924,0.0,0.0,0.0,0.6208791208791209,91,0.6043956043956044,17,93,0.1827956989247312,90,0.1888888888888888
gemma-2-2b-it,test,random_ortho_2_r4_a1,random_ortho_2,4,1.0,demographic,bbq,exploratory,70,70,70,0.5232700892857143,0.5209123883928571,0.4428571428571428,0.4428571428571428,0.1142857142857142,0.0023577008928571,-0.0327580915178571,0.0392020089285714,0.0045057054495041,-0.0639582753944446,0.0770435407142019,15,1,1,55,0.0666666666666666,0.0,0.2142857142857142,0.0018166702574149,0.0016960017768984,0.5652173913043478,0.5652173913043478,0.0,0.0,0.0,0.5714285714285714,0.5642857142857143,0.0071428571428571,0.0,0.0214285714285714,0.9857142857142858,0.9857142857142858,0.0,0.0,0.0,0.5869565217391305,69,0.5797101449275363,13,70,0.1857142857142857,69,0.1884057971014492
gemma-2-2b-it,test,random_ortho_2_r4_a1,random_ortho_2,4,1.0,demographic,crows_pairs,exploratory,23,23,23,0.6965013586956522,0.7075407608695652,0.391304347826087,0.5652173913043478,0.0434782608695652,-0.011039402173913,-0.1095490828804347,0.094450577445652,-0.0158497927334795,-0.1823530323684878,0.1211491699694485,6,0,3,17,0.0,0.0,0.0,0.0017158568482126,0.0017233496938543,0.391304347826087,0.391304347826087,0.0,0.0,0.0,0.6739130434782609,0.6304347826086957,0.0434782608695652,0.0,0.108695652173913,0.9347826086956522,0.9347826086956522,0.0,0.0,0.0,0.7272727272727273,22,0.6818181818181818,4,23,0.1739130434782608,21,0.1904761904761904
gemma-2-2b-it,test,random_ortho_2_r4_a1,random_ortho_2,4,1.0,identity,pooled,exploratory,92,92,92,0.0,0.0,0.0,0.0,1.0,0.0,0.0,0.0,,,,0,0,0,92,,,,0.0016908084561244,0.0016911848328666,0.5617977528089888,0.5617977528089888,0.0,0.0,0.0,0.5869565217391305,0.5869565217391305,0.0,0.0,0.0,0.9782608695652174,0.9782608695652174,0.0,0.0,0.0,0.6136363636363636,88,0.6136363636363636,0,92,0.0,90,0.0
gemma-2-2b-it,test,random_ortho_2_r4_a1,random_ortho_2,4,1.0,identity,bbq,exploratory,70,70,70,0.0,0.0,0.0,0.0,1.0,0.0,0.0,0.0,,,,0,0,0,70,,,,0.001686290836534,0.0016864084905515,0.6119402985074627,0.6119402985074627,0.0,0.0,0.0,0.5714285714285714,0.5714285714285714,0.0,0.0,0.0,0.9857142857142858,0.9857142857142858,0.0,0.0,0.0,0.5970149253731343,67,0.5970149253731343,0,70,0.0,69,0.0
gemma-2-2b-it,test,random_ortho_2_r4_a1,random_ortho_2,4,1.0,identity,crows_pairs,exploratory,22,22,22,0.0,0.0,0.0,0.0,1.0,0.0,0.0,0.0,,,,0,0,0,22,,,,0.0017051827002756,0.0017063822856872,0.4090909090909091,0.4090909090909091,0.0,0.0,0.0,0.6363636363636364,0.6363636363636364,0.0,0.0,0.0,0.9545454545454546,0.9545454545454546,0.0,0.0,0.0,0.6666666666666666,21,0.6666666666666666,0,22,0.0,21,0.0
gemma-2-2b-it,test,random_ortho_2_r4_a1,random_ortho_2,4,1.0,neutral,pooled,exploratory,70,70,70,0.4264787946428571,0.4238002232142857,0.4714285714285714,0.3571428571428571,0.1714285714285714,0.0026785714285714,-0.0336125837053571,0.0362179129464285,0.0062806673209028,-0.0811150725457077,0.0821710824528038,9,2,2,61,0.2222222222222222,0.0,0.5,0.0015840780185778,0.0016240776880555,0.5970149253731343,0.6044776119402985,-0.0074626865671641,-0.0223880597014925,0.0,0.55,0.5571428571428572,-0.0071428571428571,-0.0214285714285714,0.0,0.9785714285714284,0.9785714285714284,0.0,0.0,0.0,0.582089552238806,67,0.5895522388059702,12,70,0.1714285714285714,68,0.1764705882352941
gemma-2-2b-it,test,random_ortho_2_r4_a1,random_ortho_2,4,1.0,neutral,bbq,exploratory,70,70,70,0.4264787946428571,0.4238002232142857,0.4714285714285714,0.3571428571428571,0.1714285714285714,0.0026785714285714,-0.0336125837053571,0.0362179129464285,0.0062806673209028,-0.0811150725457077,0.0821710824528038,9,2,2,61,0.2222222222222222,0.0,0.5,0.0015840780185778,0.0016240776880555,0.5970149253731343,0.6044776119402985,-0.0074626865671641,-0.0223880597014925,0.0,0.55,0.5571428571428572,-0.0071428571428571,-0.0214285714285714,0.0,0.9785714285714284,0.9785714285714284,0.0,0.0,0.0,0.582089552238806,67,0.5895522388059702,12,70,0.1714285714285714,68,0.1764705882352941
gemma-2-2b-it,test,random_ortho_3_r1_a1,random_ortho_3,1,1.0,demographic,pooled,confirmatory-input,93,93,93,0.5661122311827957,0.5773269489247311,0.3870967741935484,0.4731182795698925,0.1397849462365591,-0.0112147177419354,-0.053093760500672,0.0272664388020832,-0.0198100608398872,-0.095879346880429,0.0491475849885759,21,1,4,72,0.0476190476190476,0.0,0.1578947368421052,0.0004269425156169,0.0004294664682018,0.5163043478260869,0.5217391304347826,-0.0054347826086956,-0.0163043478260869,0.0,0.5806451612903226,0.5806451612903226,0.0,0.0,0.0,0.9731182795698924,0.9731182795698924,0.0,0.0,0.0,0.6043956043956044,91,0.6043956043956044,21,93,0.2258064516129032,90,0.2333333333333333
gemma-2-2b-it,test,random_ortho_3_r1_a1,random_ortho_3,1,1.0,demographic,bbq,exploratory,70,70,70,0.5232700892857143,0.5230398995535714,0.3571428571428571,0.4857142857142857,0.1571428571428571,0.0002301897321428,-0.0356740025111607,0.0392103794642856,0.0004399061533539,-0.06948406098222,0.0774720192277107,15,1,1,55,0.0666666666666666,0.0,0.2142857142857142,0.0004240808767792,0.0004285164396605,0.5579710144927537,0.5652173913043478,-0.0072463768115942,-0.0217391304347826,0.0,0.5642857142857143,0.5642857142857143,0.0,0.0,0.0,0.9857142857142858,0.9857142857142858,0.0,0.0,0.0,0.5797101449275363,69,0.5797101449275363,15,70,0.2142857142857142,69,0.217391304347826
gemma-2-2b-it,test,random_ortho_3_r1_a1,random_ortho_3,1,1.0,demographic,crows_pairs,exploratory,23,23,23,0.6965013586956522,0.7425484035326086,0.4782608695652174,0.4347826086956521,0.0869565217391304,-0.0460470448369565,-0.1632393215013587,0.0672554347826086,-0.0661119239209948,-0.2602365769711312,0.0946507595403153,6,0,3,17,0.0,0.0,0.0,0.0004356518512099,0.0004323578594145,0.391304347826087,0.391304347826087,0.0,0.0,0.0,0.6304347826086957,0.6304347826086957,0.0,0.0,0.0,0.9347826086956522,0.9347826086956522,0.0,0.0,0.0,0.6818181818181818,22,0.6818181818181818,6,23,0.2608695652173913,21,0.2857142857142857
gemma-2-2b-it,test,random_ortho_3_r1_a1,random_ortho_3,1,1.0,identity,pooled,exploratory,92,92,92,0.0,0.0,0.0,0.0,1.0,0.0,0.0,0.0,,,,0,0,0,92,,,,0.0004225362551448,0.0004224176541225,0.550561797752809,0.5617977528089888,-0.0112359550561797,-0.0337078651685393,0.0,0.5869565217391305,0.5869565217391305,0.0,0.0,0.0,0.9782608695652174,0.9782608695652174,0.0,0.0,0.0,0.6136363636363636,88,0.6136363636363636,0,92,0.0,90,0.0
gemma-2-2b-it,test,random_ortho_3_r1_a1,random_ortho_3,1,1.0,identity,bbq,exploratory,70,70,70,0.0,0.0,0.0,0.0,1.0,0.0,0.0,0.0,,,,0,0,0,70,,,,0.000418935428576,0.0004189069200429,0.5970149253731343,0.6119402985074627,-0.0149253731343283,-0.044776119402985,0.0,0.5714285714285714,0.5714285714285714,0.0,0.0,0.0,0.9857142857142858,0.9857142857142858,0.0,0.0,0.0,0.5970149253731343,67,0.5970149253731343,0,70,0.0,69,0.0
gemma-2-2b-it,test,random_ortho_3_r1_a1,random_ortho_3,1,1.0,identity,crows_pairs,exploratory,22,22,22,0.0,0.0,0.0,0.0,1.0,0.0,0.0,0.0,,,,0,0,0,22,,,,0.0004339934305909,0.0004335881716483,0.4090909090909091,0.4090909090909091,0.0,0.0,0.0,0.6363636363636364,0.6363636363636364,0.0,0.0,0.0,0.9545454545454546,0.9545454545454546,0.0,0.0,0.0,0.6666666666666666,21,0.6666666666666666,0,22,0.0,21,0.0
gemma-2-2b-it,test,random_ortho_3_r1_a1,random_ortho_3,1,1.0,neutral,pooled,exploratory,70,70,70,0.4264787946428571,0.4198800223214285,0.4142857142857143,0.4428571428571428,0.1428571428571428,0.0065987723214285,-0.0250994001116071,0.0383939034598214,0.0154726856395158,-0.058558846793885,0.0873522479191814,9,2,0,61,0.2222222222222222,0.0,0.5555555555555556,0.0004658260379227,0.0004553826479266,0.6044776119402985,0.6044776119402985,0.0,0.0,0.0,0.5571428571428572,0.5571428571428572,0.0,0.0,0.0,0.9785714285714284,0.9785714285714284,0.0,0.0,0.0,0.5895522388059702,67,0.5895522388059702,12,70,0.1714285714285714,68,0.1764705882352941
gemma-2-2b-it,test,random_ortho_3_r1_a1,random_ortho_3,1,1.0,neutral,bbq,exploratory,70,70,70,0.4264787946428571,0.4198800223214285,0.4142857142857143,0.4428571428571428,0.1428571428571428,0.0065987723214285,-0.0250994001116071,0.0383939034598214,0.0154726856395158,-0.058558846793885,0.0873522479191814,9,2,0,61,0.2222222222222222,0.0,0.5555555555555556,0.0004658260379227,0.0004553826479266,0.6044776119402985,0.6044776119402985,0.0,0.0,0.0,0.5571428571428572,0.5571428571428572,0.0,0.0,0.0,0.9785714285714284,0.9785714285714284,0.0,0.0,0.0,0.5895522388059702,67,0.5895522388059702,12,70,0.1714285714285714,68,0.1764705882352941
gemma-2-2b-it,test,random_ortho_3_r2_a1,random_ortho_3,2,1.0,demographic,pooled,exploratory,92,92,92,0.5641134510869565,0.5634553328804348,0.4565217391304347,0.4673913043478261,0.0760869565217391,0.0006581182065217,-0.0327887493631114,0.0346068009086277,0.0011666415776004,-0.059903301555073,0.0598963503002414,21,2,3,71,0.0952380952380952,0.0,0.2308823529411758,0.0007563582838176,0.000747621918133,0.521978021978022,0.5164835164835165,0.0054945054945054,-0.0109890109890109,0.0219780219780219,0.5760869565217391,0.5760869565217391,0.0,-0.0163043478260869,0.0163043478260869,0.9728260869565216,0.9728260869565216,0.0,0.0,0.0,0.6,90,0.6,19,92,0.2065217391304347,89,0.2134831460674157
gemma-2-2b-it,test,random_ortho_3_r2_a1,random_ortho_3,2,1.0,demographic,bbq,exploratory,70,70,70,0.5232700892857143,0.5290178571428571,0.4428571428571428,0.4571428571428571,0.1,-0.0057477678571428,-0.0385614885602678,0.0272919573102678,-0.0109843233443531,-0.074002309804374,0.0527410551849605,15,2,2,55,0.1333333333333333,0.0,0.3333333333333333,0.000767221047872,0.0007526754898521,0.5652173913043478,0.5652173913043478,0.0,-0.0217391304347826,0.0217391304347826,0.5642857142857143,0.5642857142857143,0.0,0.0,0.0,0.9857142857142858,0.9857142857142858,0.0,0.0,0.0,0.5797101449275363,69,0.5797101449275363,15,70,0.2142857142857142,69,0.217391304347826
gemma-2-2b-it,test,random_ortho_3_r2_a1,random_ortho_3,2,1.0,demographic,crows_pairs,exploratory,22,22,22,0.6940696022727273,0.6730291193181818,0.5,0.5,0.0,0.0210404829545454,-0.0774169921874999,0.1162153764204545,0.0303146584804298,-0.1265323284338171,0.1649635278514588,6,0,1,16,0.0,0.0,0.0,0.0007217949436447,0.0007315423717541,0.3863636363636363,0.3636363636363636,0.0227272727272727,0.0,0.0681818181818181,0.6136363636363636,0.6136363636363636,0.0,-0.0681818181818181,0.0681818181818181,0.9318181818181818,0.9318181818181818,0.0,0.0,0.0,0.6666666666666666,21,0.6666666666666666,4,22,0.1818181818181818,20,0.2
gemma-2-2b-it,test,random_ortho_3_r2_a1,random_ortho_3,2,1.0,identity,pooled,exploratory,92,92,92,0.0,0.0,0.0,0.0,1.0,0.0,0.0,0.0,,,,0,0,0,92,,,,0.00073392609329,0.0007336760505824,0.550561797752809,0.5617977528089888,-0.0112359550561797,-0.0337078651685393,0.0,0.5869565217391305,0.5869565217391305,0.0,0.0,0.0,0.9782608695652174,0.9782608695652174,0.0,0.0,0.0,0.6136363636363636,88,0.6136363636363636,0,92,0.0,90,0.0
gemma-2-2b-it,test,random_ortho_3_r2_a1,random_ortho_3,2,1.0,identity,bbq,exploratory,70,70,70,0.0,0.0,0.0,0.0,1.0,0.0,0.0,0.0,,,,0,0,0,70,,,,0.0007354647624596,0.0007352956557247,0.5970149253731343,0.6119402985074627,-0.0149253731343283,-0.044776119402985,0.0,0.5714285714285714,0.5714285714285714,0.0,0.0,0.0,0.9857142857142858,0.9857142857142858,0.0,0.0,0.0,0.5970149253731343,67,0.5970149253731343,0,70,0.0,69,0.0
gemma-2-2b-it,test,random_ortho_3_r2_a1,random_ortho_3,2,1.0,identity,crows_pairs,exploratory,22,22,22,0.0,0.0,0.0,0.0,1.0,0.0,0.0,0.0,,,,0,0,0,22,,,,0.0007290303277501,0.0007285227614932,0.4090909090909091,0.4090909090909091,0.0,0.0,0.0,0.6363636363636364,0.6363636363636364,0.0,0.0,0.0,0.9545454545454546,0.9545454545454546,0.0,0.0,0.0,0.6666666666666666,21,0.6666666666666666,0,22,0.0,21,0.0
gemma-2-2b-it,test,random_ortho_3_r2_a1,random_ortho_3,2,1.0,neutral,pooled,exploratory,70,70,70,0.4264787946428571,0.4214425223214286,0.4857142857142857,0.3714285714285714,0.1428571428571428,0.0050362723214285,-0.0287322126116071,0.0360784040178571,0.0118089630356558,-0.0701889166847923,0.0826369446256325,9,2,1,61,0.2222222222222222,0.0,0.5,0.0007366823019945,0.0007370833107318,0.6044776119402985,0.6044776119402985,0.0,0.0,0.0,0.5571428571428572,0.5571428571428572,0.0,0.0,0.0,0.9785714285714284,0.9785714285714284,0.0,0.0,0.0,0.5895522388059702,67,0.5895522388059702,12,70,0.1714285714285714,68,0.1764705882352941
gemma-2-2b-it,test,random_ortho_3_r2_a1,random_ortho_3,2,1.0,neutral,bbq,exploratory,70,70,70,0.4264787946428571,0.4214425223214286,0.4857142857142857,0.3714285714285714,0.1428571428571428,0.0050362723214285,-0.0287322126116071,0.0360784040178571,0.0118089630356558,-0.0701889166847923,0.0826369446256325,9,2,1,61,0.2222222222222222,0.0,0.5,0.0007366823019945,0.0007370833107318,0.6044776119402985,0.6044776119402985,0.0,0.0,0.0,0.5571428571428572,0.5571428571428572,0.0,0.0,0.0,0.9785714285714284,0.9785714285714284,0.0,0.0,0.0,0.5895522388059702,67,0.5895522388059702,12,70,0.1714285714285714,68,0.1764705882352941
gemma-2-2b-it,test,random_ortho_3_r4_a1,random_ortho_3,4,1.0,demographic,pooled,exploratory,92,92,92,0.5641134510869565,0.567333055579144,0.4673913043478261,0.4347826086956521,0.0978260869565217,-0.0032196044921875,-0.0348736804464588,0.0285521963368291,-0.0057073705404184,-0.0655934780664453,0.0489172342277051,21,2,3,71,0.0952380952380952,0.0,0.2383928571428555,0.0016734591611112,0.0016111796175734,0.5164835164835165,0.5164835164835165,0.0,-0.0164835164835164,0.0164835164835164,0.5869565217391305,0.5760869565217391,0.0108695652173913,-0.0108695652173913,0.0326086956521739,0.9728260869565216,0.9728260869565216,0.0,0.0,0.0,0.6111111111111112,90,0.6,19,92,0.2065217391304347,89,0.2134831460674157
gemma-2-2b-it,test,random_ortho_3_r4_a1,random_ortho_3,4,1.0,demographic,bbq,exploratory,70,70,70,0.5232700892857143,0.5248090471540179,0.4857142857142857,0.4142857142857143,0.1,-0.0015389578683035,-0.031130131312779,0.0271549987792968,-0.0029410392449611,-0.0590786480911251,0.0524225913552744,15,2,1,55,0.1333333333333333,0.0,0.3333333333333333,0.0017177794224916,0.0016404839400915,0.5579710144927537,0.5652173913043478,-0.0072463768115942,-0.0217391304347826,0.0,0.5714285714285714,0.5642857142857143,0.0071428571428571,0.0,0.0214285714285714,0.9857142857142858,0.9857142857142858,0.0,0.0,0.0,0.5869565217391305,69,0.5797101449275363,14,70,0.2,69,0.2028985507246377
gemma-2-2b-it,test,random_ortho_3_r4_a1,random_ortho_3,4,1.0,demographic,crows_pairs,exploratory,22,22,22,0.6940696022727273,0.70263671875,0.4090909090909091,0.5,0.0909090909090909,-0.0085671164772727,-0.1112648703835227,0.0980280095880681,-0.012343310309542,-0.1911045397300441,0.1269339573717781,6,0,2,16,0.0,0.0,0.0,0.0015324401476281,0.0015179385913794,0.3863636363636363,0.3636363636363636,0.0227272727272727,0.0,0.0681818181818181,0.6363636363636364,0.6136363636363636,0.0227272727272727,-0.0454545454545454,0.0914772727272696,0.9318181818181818,0.9318181818181818,0.0,0.0,0.0,0.6904761904761905,21,0.6666666666666666,5,22,0.2272727272727272,20,0.25
gemma-2-2b-it,test,random_ortho_3_r4_a1,random_ortho_3,4,1.0,identity,pooled,exploratory,92,92,92,0.0,0.0,0.0,0.0,1.0,0.0,0.0,0.0,,,,0,0,0,92,,,,0.0015792555195748,0.0015789012448682,0.550561797752809,0.5617977528089888,-0.0112359550561797,-0.0337078651685393,0.0,0.5760869565217391,0.5869565217391305,-0.0108695652173913,-0.0326086956521739,0.0,0.9782608695652174,0.9782608695652174,0.0,0.0,0.0,0.6022727272727273,88,0.6136363636363636,0,92,0.0,90,0.0
gemma-2-2b-it,test,random_ortho_3_r4_a1,random_ortho_3,4,1.0,identity,bbq,exploratory,70,70,70,0.0,0.0,0.0,0.0,1.0,0.0,0.0,0.0,,,,0,0,0,70,,,,0.0016049638873129,0.001604693749153,0.5970149253731343,0.6119402985074627,-0.0149253731343283,-0.044776119402985,0.0,0.5714285714285714,0.5714285714285714,0.0,0.0,0.0,0.9857142857142858,0.9857142857142858,0.0,0.0,0.0,0.5970149253731343,67,0.5970149253731343,0,70,0.0,69,0.0
gemma-2-2b-it,test,random_ortho_3_r4_a1,random_ortho_3,4,1.0,identity,crows_pairs,exploratory,22,22,22,0.0,0.0,0.0,0.0,1.0,0.0,0.0,0.0,,,,0,0,0,22,,,,0.0014974561676811,0.0014968341857805,0.4090909090909091,0.4090909090909091,0.0,0.0,0.0,0.5909090909090909,0.6363636363636364,-0.0454545454545454,-0.1363636363636363,0.0,0.9545454545454546,0.9545454545454546,0.0,0.0,0.0,0.6190476190476191,21,0.6666666666666666,0,22,0.0,21,0.0
gemma-2-2b-it,test,random_ortho_3_r4_a1,random_ortho_3,4,1.0,neutral,pooled,exploratory,70,70,70,0.4264787946428571,0.4235212053571429,0.4857142857142857,0.4,0.1142857142857142,0.0029575892857142,-0.0292201450892857,0.0365569196428571,0.0069349035001635,-0.0700807705354052,0.0829078179295358,9,1,2,61,0.1111111111111111,0.0,0.375,0.0016229559028039,0.0015976253851509,0.6044776119402985,0.6044776119402985,0.0,0.0,0.0,0.5571428571428572,0.5571428571428572,0.0,0.0,0.0,0.9785714285714284,0.9785714285714284,0.0,0.0,0.0,0.5895522388059702,67,0.5895522388059702,12,70,0.1714285714285714,68,0.1764705882352941
gemma-2-2b-it,test,random_ortho_3_r4_a1,random_ortho_3,4,1.0,neutral,bbq,exploratory,70,70,70,0.4264787946428571,0.4235212053571429,0.4857142857142857,0.4,0.1142857142857142,0.0029575892857142,-0.0292201450892857,0.0365569196428571,0.0069349035001635,-0.0700807705354052,0.0829078179295358,9,1,2,61,0.1111111111111111,0.0,0.375,0.0016229559028039,0.0015976253851509,0.6044776119402985,0.6044776119402985,0.0,0.0,0.0,0.5571428571428572,0.5571428571428572,0.0,0.0,0.0,0.9785714285714284,0.9785714285714284,0.0,0.0,0.0,0.5895522388059702,67,0.5895522388059702,12,70,0.1714285714285714,68,0.1764705882352941
gemma-2-2b-it,test,uncentred_svd_r1_a1,uncentred_svd,1,1.0,demographic,pooled,exploratory,93,93,93,0.5661122311827957,0.4620925739247312,0.5806451612903226,0.3763440860215054,0.043010752688172,0.1040196572580645,0.0263963268649193,0.1898658014112902,0.1837438789137854,0.0478822436050375,0.3092528161672073,21,9,3,72,0.4285714285714285,0.2222222222222222,0.65,0.0144461883835881,0.0162807126146674,0.6358695652173914,0.5217391304347826,0.1141304347826086,0.0543478260869565,0.1793478260869565,0.6344086021505376,0.5806451612903226,0.053763440860215,0.0053763440860215,0.1075268817204301,0.9623655913978496,0.9731182795698924,-0.010752688172043,-0.0268817204301075,0.0,0.6666666666666666,90,0.6043956043956044,14,93,0.1505376344086021,89,0.1573033707865168
gemma-2-2b-it,test,uncentred_svd_r1_a1,uncentred_svd,1,1.0,demographic,bbq,exploratory,70,70,70,0.5232700892857143,0.3917410714285714,0.6142857142857143,0.3285714285714285,0.0571428571428571,0.1315290178571428,0.0417661830357142,0.2306490652901785,0.2513597099285486,0.0902072653878639,0.3895687685781803,15,8,1,55,0.5333333333333333,0.25,0.8,0.0143461828077925,0.0161246615865875,0.572463768115942,0.5652173913043478,0.0072463768115942,-0.0289855072463768,0.0507246376811594,0.55,0.5642857142857143,-0.0142857142857142,-0.0357142857142857,0.0,0.9857142857142858,0.9857142857142858,0.0,0.0,0.0,0.5652173913043478,69,0.5797101449275363,14,70,0.2,69,0.2028985507246377
gemma-2-2b-it,test,uncentred_svd_r1_a1,uncentred_svd,1,1.0,demographic,crows_pairs,exploratory,23,23,23,0.6965013586956522,0.6762058423913043,0.4782608695652174,0.5217391304347826,0.0,0.0202955163043478,-0.1859842051630434,0.2195248811141303,0.0291392343330895,-0.3148801636924852,0.2691134966111177,6,1,2,17,0.1666666666666666,0.0,0.5,0.0147505531794877,0.0167556505262148,0.8260869565217391,0.391304347826087,0.4347826086956521,0.2608695652173913,0.6086956521739131,0.8913043478260869,0.6304347826086957,0.2608695652173913,0.0869565217391304,0.4347826086956521,0.8913043478260869,0.9347826086956522,-0.0434782608695652,-0.108695652173913,0.0,1.0,21,0.6818181818181818,0,23,0.0,20,0.0
gemma-2-2b-it,test,uncentred_svd_r1_a1,uncentred_svd,1,1.0,identity,pooled,exploratory,92,92,92,0.0,0.0,0.0,0.0,1.0,0.0,0.0,0.0,,,,0,0,0,92,,,,0.0166905590272084,0.0166892776130827,0.6404494382022472,0.5617977528089888,0.0786516853932584,0.0,0.1573033707865168,0.6521739130434783,0.5869565217391305,0.0652173913043478,0.0,0.1304347826086956,0.967391304347826,0.9782608695652174,-0.0108695652173913,-0.0326086956521739,0.0,0.6896551724137931,87,0.6136363636363636,0,92,0.0,89,0.0
gemma-2-2b-it,test,uncentred_svd_r1_a1,uncentred_svd,1,1.0,identity,bbq,exploratory,70,70,70,0.0,0.0,0.0,0.0,1.0,0.0,0.0,0.0,,,,0,0,0,70,,,,0.0163323844402614,0.0163341503846126,0.5970149253731343,0.6119402985074627,-0.0149253731343283,-0.0895522388059701,0.044776119402985,0.5714285714285714,0.5714285714285714,0.0,-0.0428571428571428,0.0428571428571428,0.9857142857142858,0.9857142857142858,0.0,0.0,0.0,0.5970149253731343,67,0.5970149253731343,0,70,0.0,69,0.0
gemma-2-2b-it,test,uncentred_svd_r1_a1,uncentred_svd,1,1.0,identity,crows_pairs,exploratory,22,22,22,0.0,0.0,0.0,0.0,1.0,0.0,0.0,0.0,,,,0,0,0,22,,,,0.0178302054402214,0.0178192278854876,0.7727272727272727,0.4090909090909091,0.3636363636363636,0.1818181818181818,0.5454545454545454,0.9090909090909092,0.6363636363636364,0.2727272727272727,0.0454545454545454,0.5,0.9090909090909092,0.9545454545454546,-0.0454545454545454,-0.1363636363636363,0.0,1.0,20,0.6666666666666666,0,22,0.0,20,0.0
gemma-2-2b-it,test,uncentred_svd_r1_a1,uncentred_svd,1,1.0,neutral,pooled,exploratory,70,70,70,0.4264787946428571,0.2568917410714286,0.6571428571428571,0.2714285714285714,0.0714285714285714,0.1695870535714285,0.0852678571428571,0.2511774553571428,0.3976447497546614,0.2262670218896302,0.5280610546490437,9,6,2,61,0.6666666666666666,0.2996428571428571,1.0,0.0365989878374766,0.0271551516445487,0.582089552238806,0.6044776119402985,-0.0223880597014925,-0.0597014925373134,0.0074626865671641,0.5428571428571428,0.5571428571428572,-0.0142857142857142,-0.0571428571428571,0.0285714285714285,0.9857142857142858,0.9785714285714284,0.0071428571428571,0.0,0.0285714285714285,0.5671641791044776,67,0.5895522388059702,7,70,0.1,69,0.1014492753623188
gemma-2-2b-it,test,uncentred_svd_r1_a1,uncentred_svd,1,1.0,neutral,bbq,exploratory,70,70,70,0.4264787946428571,0.2568917410714286,0.6571428571428571,0.2714285714285714,0.0714285714285714,0.1695870535714285,0.0852678571428571,0.2511774553571428,0.3976447497546614,0.2262670218896302,0.5280610546490437,9,6,2,61,0.6666666666666666,0.2996428571428571,1.0,0.0365989878374766,0.0271551516445487,0.582089552238806,0.6044776119402985,-0.0223880597014925,-0.0597014925373134,0.0074626865671641,0.5428571428571428,0.5571428571428572,-0.0142857142857142,-0.0571428571428571,0.0285714285714285,0.9857142857142858,0.9785714285714284,0.0071428571428571,0.0,0.0285714285714285,0.5671641791044776,67,0.5895522388059702,7,70,0.1,69,0.1014492753623188
gemma-2-2b-it,test,uncentred_svd_r2_a1,uncentred_svd,2,1.0,demographic,pooled,exploratory,93,93,93,0.5661122311827957,0.4397051411290322,0.6236559139784946,0.3440860215053763,0.032258064516129,0.1264070900537634,0.022129641297043,0.2454495337701612,0.2232898056091408,0.04051713031197,0.3914586148954195,21,13,6,72,0.6190476190476191,0.3846153846153846,0.8333333333333334,0.0271327354377353,0.0267135314118274,0.657608695652174,0.5217391304347826,0.1358695652173913,0.0652173913043478,0.2065217391304347,0.6344086021505376,0.5806451612903226,0.053763440860215,0.0053763440860215,0.1075268817204301,0.956989247311828,0.9731182795698924,-0.0161290322580645,-0.0376344086021505,0.0,0.6722222222222223,90,0.6043956043956044,10,93,0.1075268817204301,88,0.1136363636363636
gemma-2-2b-it,test,uncentred_svd_r2_a1,uncentred_svd,2,1.0,demographic,bbq,exploratory,70,70,70,0.5232700892857143,0.3453683035714285,0.6428571428571429,0.3142857142857143,0.0428571428571428,0.1779017857142857,0.0716469029017857,0.3029122488839285,0.3399808040951263,0.1536356967335196,0.5039445644118346,15,11,1,55,0.7333333333333333,0.4705882352941176,0.9411764705882352,0.0297012622856599,0.0284138570039312,0.5797101449275363,0.5652173913043478,0.0144927536231884,-0.036231884057971,0.0652173913043478,0.5571428571428572,0.5642857142857143,-0.0071428571428571,-0.0357142857142857,0.0142857142857142,0.9857142857142858,0.9857142857142858,0.0,0.0,0.0,0.572463768115942,69,0.5797101449275363,10,70,0.1428571428571428,69,0.144927536231884
gemma-2-2b-it,test,uncentred_svd_r2_a1,uncentred_svd,2,1.0,demographic,crows_pairs,exploratory,23,23,23,0.6965013586956522,0.7268172554347826,0.5652173913043478,0.4347826086956521,0.0,-0.0303158967391304,-0.3073963994565217,0.2607336956521737,-0.0435259692757863,-0.55882818346221,0.3303447095535574,6,2,5,17,0.3333333333333333,0.0,0.75,0.019315479813617,0.0215386274358594,0.8913043478260869,0.391304347826087,0.5,0.3478260869565217,0.6739130434782609,0.8695652173913043,0.6304347826086957,0.2391304347826087,0.0652173913043478,0.4347826086956521,0.8695652173913043,0.9347826086956522,-0.0652173913043478,-0.1521739130434782,0.0,1.0,21,0.6818181818181818,0,23,0.0,19,0.0
gemma-2-2b-it,test,uncentred_svd_r2_a1,uncentred_svd,2,1.0,identity,pooled,exploratory,92,92,92,0.0,0.0,0.0,0.0,1.0,0.0,0.0,0.0,,,,0,0,0,92,,,,0.0261351738286725,0.0261379761502429,0.6629213483146067,0.5617977528089888,0.1011235955056179,0.0112359550561797,0.1910112359550561,0.6413043478260869,0.5869565217391305,0.0543478260869565,-0.0108695652173913,0.1304347826086956,0.9565217391304348,0.9782608695652174,-0.0217391304347826,-0.0543478260869565,0.0,0.686046511627907,86,0.6136363636363636,0,92,0.0,88,0.0
gemma-2-2b-it,test,uncentred_svd_r2_a1,uncentred_svd,2,1.0,identity,bbq,exploratory,70,70,70,0.0,0.0,0.0,0.0,1.0,0.0,0.0,0.0,,,,0,0,0,70,,,,0.0271357198142671,0.0271333012747142,0.5970149253731343,0.6119402985074627,-0.0149253731343283,-0.0895522388059701,0.0597014925373134,0.5714285714285714,0.5714285714285714,0.0,-0.0428571428571428,0.0428571428571428,0.9857142857142858,0.9857142857142858,0.0,0.0,0.0,0.5970149253731343,67,0.5970149253731343,0,70,0.0,69,0.0
gemma-2-2b-it,test,uncentred_svd_r2_a1,uncentred_svd,2,1.0,identity,crows_pairs,exploratory,22,22,22,0.0,0.0,0.0,0.0,1.0,0.0,0.0,0.0,,,,0,0,0,22,,,,0.0229516184199626,0.0229710325723796,0.8636363636363636,0.4090909090909091,0.4545454545454545,0.2272727272727272,0.6818181818181818,0.8636363636363636,0.6363636363636364,0.2272727272727272,0.0,0.4545454545454545,0.8636363636363636,0.9545454545454546,-0.0909090909090909,-0.2272727272727272,0.0,1.0,19,0.6666666666666666,0,22,0.0,19,0.0
gemma-2-2b-it,test,uncentred_svd_r2_a1,uncentred_svd,2,1.0,neutral,pooled,exploratory,70,70,70,0.4264787946428571,0.2265066964285714,0.6857142857142857,0.2857142857142857,0.0285714285714285,0.1999720982142857,0.1137269810267857,0.282997349330357,0.4688910696761531,0.3122843563201075,0.595892136445962,9,7,1,61,0.7777777777777778,0.4613636363636364,1.0,0.0500375606173501,0.037147823176589,0.582089552238806,0.6044776119402985,-0.0223880597014925,-0.0671641791044776,0.0149253731343283,0.5214285714285715,0.5571428571428572,-0.0357142857142857,-0.0785714285714285,0.0001785714285704,0.9857142857142858,0.9785714285714284,0.0071428571428571,0.0,0.0285714285714285,0.5447761194029851,67,0.5895522388059702,5,70,0.0714285714285714,69,0.072463768115942
gemma-2-2b-it,test,uncentred_svd_r2_a1,uncentred_svd,2,1.0,neutral,bbq,exploratory,70,70,70,0.4264787946428571,0.2265066964285714,0.6857142857142857,0.2857142857142857,0.0285714285714285,0.1999720982142857,0.1137269810267857,0.282997349330357,0.4688910696761531,0.3122843563201075,0.595892136445962,9,7,1,61,0.7777777777777778,0.4613636363636364,1.0,0.0500375606173501,0.037147823176589,0.582089552238806,0.6044776119402985,-0.0223880597014925,-0.0671641791044776,0.0149253731343283,0.5214285714285715,0.5571428571428572,-0.0357142857142857,-0.0785714285714285,0.0001785714285704,0.9857142857142858,0.9785714285714284,0.0071428571428571,0.0,0.0285714285714285,0.5447761194029851,67,0.5895522388059702,5,70,0.0714285714285714,69,0.072463768115942
gemma-2-2b-it,test,uncentred_svd_r4_a1,uncentred_svd,4,1.0,demographic,pooled,exploratory,93,93,93,0.5661122311827957,0.4182417674731182,0.6129032258064516,0.3655913978494624,0.021505376344086,0.1478704637096774,0.0514952956989247,0.2613441385248656,0.261203442647277,0.1018331258153839,0.4129676136117617,21,13,7,72,0.6190476190476191,0.3846153846153846,0.8333333333333334,0.035860277078115,0.0331849145821398,0.6684782608695652,0.5217391304347826,0.1467391304347826,0.0815217391304347,0.2119565217391304,0.6236559139784946,0.5806451612903226,0.043010752688172,-0.010752688172043,0.1021505376344086,0.9623655913978496,0.9731182795698924,-0.010752688172043,-0.0268817204301075,0.0,0.6555555555555556,90,0.6043956043956044,13,93,0.1397849462365591,89,0.146067415730337
gemma-2-2b-it,test,uncentred_svd_r4_a1,uncentred_svd,4,1.0,demographic,bbq,exploratory,70,70,70,0.5232700892857143,0.3454520089285714,0.6571428571428571,0.3142857142857143,0.0285714285714285,0.1778180803571428,0.0722335379464285,0.3065499441964284,0.3398208382211795,0.1568975633304074,0.4946276170281478,15,11,2,55,0.7333333333333333,0.4705882352941176,0.9411764705882352,0.0378730484196145,0.0338218601858811,0.6159420289855072,0.5652173913043478,0.0507246376811594,-0.0072463768115942,0.108695652173913,0.5357142857142857,0.5642857142857143,-0.0285714285714285,-0.0642857142857142,0.0,0.9857142857142858,0.9857142857142858,0.0,0.0,0.0,0.5507246376811594,69,0.5797101449275363,13,70,0.1857142857142857,69,0.1884057971014492
gemma-2-2b-it,test,uncentred_svd_r4_a1,uncentred_svd,4,1.0,demographic,crows_pairs,exploratory,23,23,23,0.6965013586956522,0.6397758152173914,0.4782608695652174,0.5217391304347826,0.0,0.0567255434782608,-0.1666143002717391,0.2912746263586956,0.0814435503535723,-0.285161675395862,0.3678821803258021,6,2,5,17,0.3333333333333333,0.0,0.75,0.0297344512561599,0.0312463844837964,0.8260869565217391,0.391304347826087,0.4347826086956521,0.2826086956521739,0.5869565217391305,0.8913043478260869,0.6304347826086957,0.2608695652173913,0.0869565217391304,0.4347826086956521,0.8913043478260869,0.9347826086956522,-0.0434782608695652,-0.108695652173913,0.0,1.0,21,0.6818181818181818,0,23,0.0,20,0.0
gemma-2-2b-it,test,uncentred_svd_r4_a1,uncentred_svd,4,1.0,identity,pooled,exploratory,92,92,92,0.0,0.0,0.0,0.0,1.0,0.0,0.0,0.0,,,,0,0,0,92,,,,0.0338159762279409,0.0338174794855579,0.6741573033707865,0.5617977528089888,0.1123595505617977,0.0337078651685393,0.2022471910112359,0.6304347826086957,0.5869565217391305,0.0434782608695652,-0.0326086956521739,0.1195652173913043,0.967391304347826,0.9782608695652174,-0.0108695652173913,-0.0326086956521739,0.0,0.6666666666666666,87,0.6136363636363636,0,92,0.0,89,0.0
gemma-2-2b-it,test,uncentred_svd_r4_a1,uncentred_svd,4,1.0,identity,bbq,exploratory,70,70,70,0.0,0.0,0.0,0.0,1.0,0.0,0.0,0.0,,,,0,0,0,70,,,,0.0341962621989097,0.034198691907179,0.6417910447761194,0.6119402985074627,0.0298507462686567,-0.044776119402985,0.1194029850746268,0.5428571428571428,0.5714285714285714,-0.0285714285714285,-0.0857142857142857,0.0285714285714285,0.9857142857142858,0.9857142857142858,0.0,0.0,0.0,0.5671641791044776,67,0.5970149253731343,0,70,0.0,69,0.0
gemma-2-2b-it,test,uncentred_svd_r4_a1,uncentred_svd,4,1.0,identity,crows_pairs,exploratory,22,22,22,0.0,0.0,0.0,0.0,1.0,0.0,0.0,0.0,,,,0,0,0,22,,,,0.0326059754112221,0.0326045308713087,0.7727272727272727,0.4090909090909091,0.3636363636363636,0.1818181818181818,0.5454545454545454,0.9090909090909092,0.6363636363636364,0.2727272727272727,0.0454545454545454,0.5,0.9090909090909092,0.9545454545454546,-0.0454545454545454,-0.1363636363636363,0.0,1.0,20,0.6666666666666666,0,22,0.0,20,0.0
gemma-2-2b-it,test,uncentred_svd_r4_a1,uncentred_svd,4,1.0,neutral,pooled,exploratory,70,70,70,0.4264787946428571,0.2154854910714285,0.7428571428571429,0.2,0.0571428571428571,0.2109933035714285,0.1364341517857143,0.2928878348214284,0.4947333987569512,0.3571750612107925,0.611797772684384,9,7,1,61,0.7777777777777778,0.4613636363636364,1.0,0.0571088881218332,0.0436996334878695,0.5746268656716418,0.6044776119402985,-0.0298507462686567,-0.0820895522388059,0.0149253731343283,0.5214285714285715,0.5571428571428572,-0.0357142857142857,-0.0857142857142857,0.0071428571428571,0.9857142857142858,0.9785714285714284,0.0071428571428571,0.0,0.0285714285714285,0.5447761194029851,67,0.5895522388059702,5,70,0.0714285714285714,69,0.072463768115942
gemma-2-2b-it,test,uncentred_svd_r4_a1,uncentred_svd,4,1.0,neutral,bbq,exploratory,70,70,70,0.4264787946428571,0.2154854910714285,0.7428571428571429,0.2,0.0571428571428571,0.2109933035714285,0.1364341517857143,0.2928878348214284,0.4947333987569512,0.3571750612107925,0.611797772684384,9,7,1,61,0.7777777777777778,0.4613636363636364,1.0,0.0571088881218332,0.0436996334878695,0.5746268656716418,0.6044776119402985,-0.0298507462686567,-0.0820895522388059,0.0149253731343283,0.5214285714285715,0.5571428571428572,-0.0357142857142857,-0.0857142857142857,0.0071428571428571,0.9857142857142858,0.9785714285714284,0.0071428571428571,0.0,0.0285714285714285,0.5447761194029851,67,0.5895522388059702,5,70,0.0714285714285714,69,0.072463768115942
llama-3.1-8b-instruct,dev,cure_centred_svd_r1_a0.25,cure_centred_svd,1,0.25,demographic,pooled,exploratory,100,100,100,0.131817626953125,0.1230996704101562,0.5,0.45,0.05,0.0087179565429687,-0.0100114059448242,0.0281442489624023,0.0661365004398759,-0.0843806118161907,0.2016301339272146,2,2,0,98,1.0,1.0,1.0,0.0015566235092555,0.0014971376391531,0.4336734693877551,0.3520408163265306,0.0816326530612244,0.0459183673469387,0.1224489795918367,0.53,0.465,0.065,0.02,0.11,0.795,0.765,0.03,0.005,0.06,0.691358024691358,81,0.63125,12,100,0.12,77,0.1558441558441558
llama-3.1-8b-instruct,dev,cure_centred_svd_r1_a0.25,cure_centred_svd,1,0.25,demographic,bbq,exploratory,42,42,42,0.1263674781436012,0.154325939360119,0.3571428571428571,0.5952380952380952,0.0476190476190476,-0.0279584612165178,-0.0555174328031994,0.000302269345238,-0.2212472831399428,-0.4969074930231617,0.0020963816805832,0,0,0,42,,,,0.0012772034077476,0.0011735285703658,0.4125,0.3875,0.025,0.0,0.0625,0.4404761904761904,0.4285714285714285,0.0119047619047619,-0.0241071428571428,0.0476190476190476,0.6071428571428571,0.5952380952380952,0.0119047619047619,-0.0241071428571428,0.0476190476190476,0.78,25,0.78,3,42,0.0714285714285714,25,0.12
llama-3.1-8b-instruct,dev,cure_centred_svd_r1_a0.25,cure_centred_svd,1,0.25,demographic,crows_pairs,exploratory,30,30,30,0.0823323567708333,0.06766357421875,0.5333333333333333,0.3666666666666666,0.1,0.0146687825520833,-0.0054047648111979,0.0377623494466145,0.1781654640703766,-0.0787334164025355,0.4013279316404259,0,0,0,30,,,,0.0019187552360092,0.0018488145794681,0.4666666666666667,0.2333333333333333,0.2333333333333333,0.1333333333333333,0.3333333333333333,0.8,0.6166666666666667,0.1833333333333333,0.0666666666666666,0.3,0.9,0.8833333333333333,0.0166666666666666,0.0,0.05,0.8928571428571429,28,0.7037037037037037,6,30,0.2,26,0.2307692307692307
llama-3.1-8b-instruct,dev,cure_centred_svd_r1_a0.25,cure_centred_svd,1,0.25,demographic,stereoset,exploratory,28,28,28,0.1930127825055803,0.1356560843331473,0.6785714285714286,0.3214285714285714,0.0,0.057356698172433,0.0164407185145786,0.0989336558750697,0.2971652831893387,0.1039539244154558,0.4952382298583925,2,2,0,26,1.0,1.0,1.0,0.0015877553828528,0.001605754520568,0.4285714285714285,0.4285714285714285,0.0,0.0,0.0,0.375,0.3571428571428571,0.0178571428571428,-0.0357142857142857,0.0714285714285714,0.9642857142857144,0.8928571428571429,0.0714285714285714,0.0178571428571428,0.1428571428571428,0.4107142857142857,28,0.4285714285714285,3,28,0.1071428571428571,26,0.1153846153846153
llama-3.1-8b-instruct,dev,cure_centred_svd_r1_a0.25,cure_centred_svd,1,0.25,identity,pooled,exploratory,100,100,100,0.0,0.0,0.0,0.0,1.0,0.0,0.0,0.0,,,,0,0,0,100,,,,0.0015416558450902,0.0015419006468049,0.422680412371134,0.3505154639175257,0.0721649484536082,0.0309278350515463,0.1237113402061855,0.52,0.47,0.05,-0.01,0.11,0.81,0.76,0.05,0.01,0.1,0.6582278481012658,79,0.6351351351351351,0,100,0.0,81,0.0
llama-3.1-8b-instruct,dev,cure_centred_svd_r1_a0.25,cure_centred_svd,1,0.25,identity,bbq,exploratory,42,42,42,0.0,0.0,0.0,0.0,1.0,0.0,0.0,0.0,,,,0,0,0,42,,,,0.0012708638833714,0.001270348303434,0.3846153846153846,0.358974358974359,0.0256410256410256,0.0,0.0769230769230769,0.4523809523809524,0.4523809523809524,0.0,0.0,0.0,0.6428571428571429,0.6428571428571429,0.0,0.0,0.0,0.76,25,0.76,0,42,0.0,27,0.0
llama-3.1-8b-instruct,dev,cure_centred_svd_r1_a0.25,cure_centred_svd,1,0.25,identity,crows_pairs,exploratory,30,30,30,0.0,0.0,0.0,0.0,1.0,0.0,0.0,0.0,,,,0,0,0,30,,,,0.0018018564117468,0.0018031105302065,0.4666666666666667,0.2666666666666666,0.2,0.0666666666666666,0.3666666666666666,0.7333333333333333,0.6,0.1333333333333333,0.0,0.3,0.9,0.8666666666666667,0.0333333333333333,0.0,0.1,0.8148148148148148,27,0.6923076923076923,0,30,0.0,27,0.0
llama-3.1-8b-instruct,dev,cure_centred_svd_r1_a0.25,cure_centred_svd,1,0.25,identity,stereoset,exploratory,28,28,28,0.0,0.0,0.0,0.0,1.0,0.0,0.0,0.0,,,,0,0,0,28,,,,0.0016690574662506,0.0016693614296452,0.4285714285714285,0.4285714285714285,0.0,0.0,0.0,0.3928571428571428,0.3571428571428571,0.0357142857142857,-0.0714285714285714,0.1428571428571428,0.9642857142857144,0.8214285714285714,0.1428571428571428,0.0357142857142857,0.2857142857142857,0.4074074074074074,27,0.4347826086956521,0,28,0.0,27,0.0
llama-3.1-8b-instruct,dev,cure_centred_svd_r1_a0.25,cure_centred_svd,1,0.25,neutral,pooled,exploratory,42,42,42,0.1246919177827381,0.1470540364583333,0.3333333333333333,0.5714285714285714,0.0952380952380952,-0.0223621186755952,-0.0537022181919642,0.0076846168154761,-0.1793389585567106,-0.4671289340646143,0.0604567298469251,0,0,0,42,,,,0.003225569978053,0.0021151139671339,0.3717948717948718,0.358974358974359,0.0128205128205128,0.0,0.0384615384615384,0.4523809523809524,0.4285714285714285,0.0238095238095238,-0.0238095238095238,0.0714285714285714,0.6190476190476191,0.6190476190476191,0.0,-0.0476190476190476,0.0476190476190476,0.8,25,0.75,2,42,0.0476190476190476,25,0.08
llama-3.1-8b-instruct,dev,cure_centred_svd_r1_a0.25,cure_centred_svd,1,0.25,neutral,bbq,exploratory,42,42,42,0.1246919177827381,0.1470540364583333,0.3333333333333333,0.5714285714285714,0.0952380952380952,-0.0223621186755952,-0.0537022181919642,0.0076846168154761,-0.1793389585567106,-0.4671289340646143,0.0604567298469251,0,0,0,42,,,,0.003225569978053,0.0021151139671339,0.3717948717948718,0.358974358974359,0.0128205128205128,0.0,0.0384615384615384,0.4523809523809524,0.4285714285714285,0.0238095238095238,-0.0238095238095238,0.0714285714285714,0.6190476190476191,0.6190476190476191,0.0,-0.0476190476190476,0.0476190476190476,0.8,25,0.75,2,42,0.0476190476190476,25,0.08
llama-3.1-8b-instruct,dev,cure_centred_svd_r1_a0.5,cure_centred_svd,1,0.5,demographic,pooled,exploratory,100,100,100,0.131817626953125,0.1214897918701171,0.51,0.44,0.05,0.0103278350830078,-0.0093846778869628,0.0310000991821289,0.078349423531046,-0.0774744807761335,0.204064814079007,2,2,0,98,1.0,1.0,1.0,0.0029747610460169,0.0028621924268596,0.4744897959183674,0.3520408163265306,0.1224489795918367,0.0714285714285714,0.1785714285714285,0.53,0.465,0.065,0.02,0.11,0.8,0.765,0.035,0.009875,0.065,0.6829268292682927,82,0.63125,12,100,0.12,77,0.1558441558441558
llama-3.1-8b-instruct,dev,cure_centred_svd_r1_a0.5,cure_centred_svd,1,0.5,demographic,bbq,exploratory,42,42,42,0.1263674781436012,0.149656749906994,0.3809523809523809,0.5714285714285714,0.0476190476190476,-0.0232892717633928,-0.0567338489350818,0.0104916527157737,-0.1842979863610749,-0.5289963051701214,0.0722940895591671,0,0,0,42,,,,0.0026181891604853,0.002413560480028,0.4375,0.3875,0.05,0.0125,0.1,0.4285714285714285,0.4285714285714285,0.0,-0.0357142857142857,0.0357142857142857,0.6071428571428571,0.5952380952380952,0.0119047619047619,-0.0238095238095238,0.0476190476190476,0.75,26,0.78,3,42,0.0714285714285714,24,0.125
llama-3.1-8b-instruct,dev,cure_centred_svd_r1_a0.5,cure_centred_svd,1,0.5,demographic,crows_pairs,exploratory,30,30,30,0.0823323567708333,0.0606343587239583,0.6666666666666666,0.2333333333333333,0.1,0.021697998046875,-0.0011044311523437,0.044234873453776,0.2635415637046555,-0.0153456724889734,0.4624627369475129,0,0,0,30,,,,0.0034351405985858,0.0033274756286873,0.5666666666666667,0.2333333333333333,0.3333333333333333,0.2166666666666666,0.4666666666666667,0.8333333333333334,0.6166666666666667,0.2166666666666666,0.1,0.3333333333333333,0.9166666666666666,0.8833333333333333,0.0333333333333333,0.0,0.0833333333333333,0.9107142857142856,28,0.7037037037037037,5,30,0.1666666666666666,27,0.1851851851851851
llama-3.1-8b-instruct,dev,cure_centred_svd_r1_a0.5,cure_centred_svd,1,0.5,demographic,stereoset,exploratory,28,28,28,0.1930127825055803,0.1444416046142578,0.5357142857142857,0.4642857142857143,0.0,0.0485711778913225,0.0078728335244315,0.0954996449606759,0.251647467389463,0.0541968937886017,0.390911420544818,2,2,0,26,1.0,1.0,1.0,0.0030163550679906,0.0030366226308631,0.4285714285714285,0.4285714285714285,0.0,0.0,0.0,0.3571428571428571,0.3571428571428571,0.0,-0.0535714285714285,0.0535714285714285,0.9642857142857144,0.8928571428571429,0.0714285714285714,0.0178571428571428,0.1428571428571428,0.3928571428571428,28,0.4285714285714285,4,28,0.1428571428571428,26,0.1538461538461538
llama-3.1-8b-instruct,dev,cure_centred_svd_r1_a0.5,cure_centred_svd,1,0.5,identity,pooled,exploratory,100,100,100,0.0,0.0,0.0,0.0,1.0,0.0,0.0,0.0,,,,0,0,0,100,,,,0.0029104591710095,0.0029100302346187,0.4639175257731959,0.3505154639175257,0.1134020618556701,0.0515463917525773,0.1855670103092783,0.53,0.47,0.06,0.0,0.12,0.83,0.76,0.07,0.02,0.12,0.654320987654321,81,0.6351351351351351,0,100,0.0,83,0.0
llama-3.1-8b-instruct,dev,cure_centred_svd_r1_a0.5,cure_centred_svd,1,0.5,identity,bbq,exploratory,42,42,42,0.0,0.0,0.0,0.0,1.0,0.0,0.0,0.0,,,,0,0,0,42,,,,0.0024982084840918,0.0024985854383622,0.4102564102564102,0.358974358974359,0.0512820512820512,0.0,0.1282051282051282,0.4523809523809524,0.4523809523809524,0.0,0.0,0.0,0.6666666666666666,0.6428571428571429,0.0238095238095238,0.0,0.0714285714285714,0.7307692307692307,26,0.76,0,42,0.0,28,0.0
llama-3.1-8b-instruct,dev,cure_centred_svd_r1_a0.5,cure_centred_svd,1,0.5,identity,crows_pairs,exploratory,30,30,30,0.0,0.0,0.0,0.0,1.0,0.0,0.0,0.0,,,,0,0,0,30,,,,0.0032631392775863,0.0032642216575259,0.5666666666666667,0.2666666666666666,0.3,0.1333333333333333,0.4666666666666667,0.8,0.6,0.2,0.0333333333333333,0.3666666666666666,0.9333333333333332,0.8666666666666667,0.0666666666666666,0.0,0.1666666666666666,0.8571428571428571,28,0.6923076923076923,0,30,0.0,28,0.0
llama-3.1-8b-instruct,dev,cure_centred_svd_r1_a0.5,cure_centred_svd,1,0.5,identity,stereoset,exploratory,28,28,28,0.0,0.0,0.0,0.0,1.0,0.0,0.0,0.0,,,,0,0,0,28,,,,0.003150963658625,0.0031477066187456,0.4285714285714285,0.4285714285714285,0.0,0.0,0.0,0.3571428571428571,0.3571428571428571,0.0,-0.1071428571428571,0.1071428571428571,0.9642857142857144,0.8214285714285714,0.1428571428571428,0.0357142857142857,0.2857142857142857,0.3703703703703703,27,0.4347826086956521,0,28,0.0,27,0.0
llama-3.1-8b-instruct,dev,cure_centred_svd_r1_a0.5,cure_centred_svd,1,0.5,neutral,pooled,exploratory,42,42,42,0.1246919177827381,0.117139907110305,0.5238095238095238,0.3809523809523809,0.0952380952380952,0.007552010672433,-0.0212341762724376,0.034857922508603,0.0605653582583562,-0.1859986548959628,0.2611408107981488,0,0,0,42,,,,0.0085426591289903,0.0050401615118982,0.3846153846153846,0.358974358974359,0.0256410256410256,0.0,0.0641025641025641,0.4523809523809524,0.4285714285714285,0.0238095238095238,0.0,0.0595238095238095,0.6309523809523809,0.6190476190476191,0.0119047619047619,-0.0238095238095238,0.0595238095238095,0.7884615384615384,26,0.75,1,42,0.0238095238095238,25,0.04
llama-3.1-8b-instruct,dev,cure_centred_svd_r1_a0.5,cure_centred_svd,1,0.5,neutral,bbq,exploratory,42,42,42,0.1246919177827381,0.117139907110305,0.5238095238095238,0.3809523809523809,0.0952380952380952,0.007552010672433,-0.0212341762724376,0.034857922508603,0.0605653582583562,-0.1859986548959628,0.2611408107981488,0,0,0,42,,,,0.0085426591289903,0.0050401615118982,0.3846153846153846,0.358974358974359,0.0256410256410256,0.0,0.0641025641025641,0.4523809523809524,0.4285714285714285,0.0238095238095238,0.0,0.0595238095238095,0.6309523809523809,0.6190476190476191,0.0119047619047619,-0.0238095238095238,0.0595238095238095,0.7884615384615384,26,0.75,1,42,0.0238095238095238,25,0.04
llama-3.1-8b-instruct,dev,cure_centred_svd_r1_a1,cure_centred_svd,1,1.0,demographic,pooled,exploratory,100,100,100,0.131817626953125,0.1209683227539062,0.5,0.42,0.08,0.0108493041992187,-0.0125139694213867,0.0337160720825195,0.0823054127888133,-0.1101468403994834,0.2296137755096161,2,2,0,98,1.0,1.0,1.0,0.0060650878872442,0.0057981899829027,0.5102040816326531,0.3520408163265306,0.1581632653061224,0.096938775510204,0.2193877551020408,0.545,0.465,0.08,0.03,0.13,0.795,0.765,0.03,-0.005,0.065,0.7012195121951219,82,0.63125,8,100,0.08,76,0.1052631578947368
llama-3.1-8b-instruct,dev,cure_centred_svd_r1_a1,cure_centred_svd,1,1.0,demographic,bbq,exploratory,42,42,42,0.1263674781436012,0.1500498453776041,0.4285714285714285,0.5714285714285714,0.0,-0.0236823672340029,-0.0606324695405506,0.0140716189429873,-0.1874087192520441,-0.5914582392765871,0.0986702861811622,0,0,0,42,,,,0.0060357398958245,0.0055170817679941,0.45,0.3875,0.0625,0.0125,0.1125,0.4285714285714285,0.4285714285714285,0.0,-0.0357142857142857,0.0357142857142857,0.6071428571428571,0.5952380952380952,0.0119047619047619,-0.0238095238095238,0.0476190476190476,0.75,26,0.78,2,42,0.0476190476190476,24,0.0833333333333333
llama-3.1-8b-instruct,dev,cure_centred_svd_r1_a1,cure_centred_svd,1,1.0,demographic,crows_pairs,exploratory,30,30,30,0.0823323567708333,0.0660909016927083,0.4333333333333333,0.3,0.2666666666666666,0.016241455078125,-0.0041426595052083,0.0392553710937499,0.1972669763763961,-0.0651881555065831,0.3869801050408989,0,0,0,30,,,,0.0062805784110801,0.0060964070476908,0.6666666666666666,0.2333333333333333,0.4333333333333333,0.3,0.5833333333333334,0.8333333333333334,0.6166666666666667,0.2166666666666666,0.0833333333333333,0.35,0.8833333333333333,0.8833333333333333,0.0,-0.0666666666666666,0.0666666666666666,0.9285714285714286,28,0.7037037037037037,2,30,0.0666666666666666,25,0.08
llama-3.1-8b-instruct,dev,cure_centred_svd_r1_a1,cure_centred_svd,1,1.0,demographic,stereoset,exploratory,28,28,28,0.1930127825055803,0.1361432756696428,0.6785714285714286,0.3214285714285714,0.0,0.0568695068359375,0.0017539433070591,0.1076294490269251,0.2946411429216782,0.0123459229981291,0.4659033705754072,2,2,0,26,1.0,1.0,1.0,0.0058782271702637,0.0059003340215641,0.4285714285714285,0.4285714285714285,0.0,0.0,0.0,0.4107142857142857,0.3571428571428571,0.0535714285714285,-0.0178571428571428,0.125,0.9821428571428572,0.8928571428571429,0.0892857142857142,0.0178571428571428,0.1607142857142857,0.4285714285714285,28,0.4285714285714285,4,28,0.1428571428571428,27,0.1481481481481481
llama-3.1-8b-instruct,dev,cure_centred_svd_r1_a1,cure_centred_svd,1,1.0,identity,pooled,exploratory,100,100,100,0.0,0.0,0.0,0.0,1.0,0.0,0.0,0.0,,,,0,0,0,100,,,,0.0058617581113848,0.0058611838264038,0.4845360824742268,0.3505154639175257,0.134020618556701,0.0721649484536082,0.2061855670103092,0.53,0.47,0.06,-0.01,0.13,0.82,0.76,0.06,0.0,0.12,0.6625,80,0.6351351351351351,0,100,0.0,82,0.0
llama-3.1-8b-instruct,dev,cure_centred_svd_r1_a1,cure_centred_svd,1,1.0,identity,bbq,exploratory,42,42,42,0.0,0.0,0.0,0.0,1.0,0.0,0.0,0.0,,,,0,0,0,42,,,,0.0055170071667194,0.0055161602082116,0.4102564102564102,0.358974358974359,0.0512820512820512,0.0,0.1282051282051282,0.4285714285714285,0.4523809523809524,-0.0238095238095238,-0.0714285714285714,0.0,0.6428571428571429,0.6428571428571429,0.0,-0.0714285714285714,0.0714285714285714,0.72,25,0.76,0,42,0.0,27,0.0
llama-3.1-8b-instruct,dev,cure_centred_svd_r1_a1,cure_centred_svd,1,1.0,identity,crows_pairs,exploratory,30,30,30,0.0,0.0,0.0,0.0,1.0,0.0,0.0,0.0,,,,0,0,0,30,,,,0.0060763924660861,0.006078934256559,0.6333333333333333,0.2666666666666666,0.3666666666666666,0.2,0.5333333333333333,0.8,0.6,0.2,0.0333333333333333,0.3666666666666666,0.9,0.8666666666666667,0.0333333333333333,-0.0666666666666666,0.1341666666666621,0.8888888888888888,27,0.6923076923076923,0,30,0.0,27,0.0
llama-3.1-8b-instruct,dev,cure_centred_svd_r1_a1,cure_centred_svd,1,1.0,identity,stereoset,exploratory,28,28,28,0.0,0.0,0.0,0.0,1.0,0.0,0.0,0.0,,,,0,0,0,28,,,,0.0061489191483456,0.006145415221383,0.4285714285714285,0.4285714285714285,0.0,0.0,0.0,0.3928571428571428,0.3571428571428571,0.0357142857142857,-0.0714285714285714,0.1428571428571428,1.0,0.8214285714285714,0.1785714285714285,0.0357142857142857,0.3214285714285714,0.3928571428571428,28,0.4347826086956521,0,28,0.0,28,0.0
llama-3.1-8b-instruct,dev,cure_centred_svd_r1_a1,cure_centred_svd,1,1.0,neutral,pooled,exploratory,42,42,42,0.1246919177827381,0.1410333542596726,0.4047619047619047,0.5952380952380952,0.0,-0.0163414364769345,-0.0510720025925409,0.0198062715076264,-0.1310544962938791,-0.4474752157485294,0.1460973788327862,0,0,0,42,,,,0.0205840407570787,0.0125956996349385,0.4487179487179487,0.358974358974359,0.0897435897435897,0.0256410256410256,0.1666666666666666,0.4523809523809524,0.4285714285714285,0.0238095238095238,0.0,0.0595238095238095,0.6190476190476191,0.6190476190476191,0.0,-0.0357142857142857,0.0357142857142857,0.8,25,0.75,2,42,0.0476190476190476,25,0.08
llama-3.1-8b-instruct,dev,cure_centred_svd_r1_a1,cure_centred_svd,1,1.0,neutral,bbq,exploratory,42,42,42,0.1246919177827381,0.1410333542596726,0.4047619047619047,0.5952380952380952,0.0,-0.0163414364769345,-0.0510720025925409,0.0198062715076264,-0.1310544962938791,-0.4474752157485294,0.1460973788327862,0,0,0,42,,,,0.0205840407570787,0.0125956996349385,0.4487179487179487,0.358974358974359,0.0897435897435897,0.0256410256410256,0.1666666666666666,0.4523809523809524,0.4285714285714285,0.0238095238095238,0.0,0.0595238095238095,0.6190476190476191,0.6190476190476191,0.0,-0.0357142857142857,0.0357142857142857,0.8,25,0.75,2,42,0.0476190476190476,25,0.08
llama-3.1-8b-instruct,dev,cure_centred_svd_r2_a1,cure_centred_svd,2,1.0,demographic,pooled,exploratory,100,100,100,0.131817626953125,0.1052659606933593,0.52,0.43,0.05,0.0265516662597656,-0.0003861236572265,0.056113109588623,0.2014272815668842,-0.003511761506554,0.3598902585597754,2,2,0,98,1.0,1.0,1.0,0.0101491628161728,0.0094433006444626,0.5306122448979592,0.3520408163265306,0.1785714285714285,0.1122448979591836,0.25,0.555,0.465,0.09,0.03,0.15,0.805,0.765,0.04,0.005,0.08,0.6987951807228916,83,0.63125,8,100,0.08,77,0.1038961038961039
llama-3.1-8b-instruct,dev,cure_centred_svd_r2_a1,cure_centred_svd,2,1.0,demographic,bbq,exploratory,42,42,42,0.1263674781436012,0.1441356113978794,0.4047619047619047,0.5238095238095238,0.0714285714285714,-0.0177681332542782,-0.0583496638706752,0.023672984895252,-0.1406068516623158,-0.5523346798822028,0.1578471988726189,0,0,0,42,,,,0.0119102639721038,0.0105944663773577,0.45,0.3875,0.0625,0.0,0.1375,0.4285714285714285,0.4285714285714285,0.0,-0.0476190476190476,0.0595238095238095,0.6428571428571429,0.5952380952380952,0.0476190476190476,-0.0119047619047619,0.119047619047619,0.6785714285714286,28,0.78,3,42,0.0714285714285714,25,0.12
llama-3.1-8b-instruct,dev,cure_centred_svd_r2_a1,cure_centred_svd,2,1.0,demographic,crows_pairs,exploratory,30,30,30,0.0823323567708333,0.0680013020833333,0.5,0.4333333333333333,0.0666666666666666,0.0143310546875,-0.0115824381510416,0.0434419759114583,0.1740634575467036,-0.1991934601887798,0.3930656082253587,0,0,0,30,,,,0.0087403272900624,0.0084066840581031,0.7333333333333333,0.2333333333333333,0.5,0.3666666666666666,0.6333333333333333,0.8333333333333334,0.6166666666666667,0.2166666666666666,0.1,0.35,0.8666666666666667,0.8833333333333333,-0.0166666666666666,-0.0833333333333333,0.0333333333333333,0.9629629629629628,27,0.7037037037037037,2,30,0.0666666666666666,25,0.08
llama-3.1-8b-instruct,dev,cure_centred_svd_r2_a1,cure_centred_svd,2,1.0,demographic,stereoset,exploratory,28,28,28,0.1930127825055803,0.0868879045758928,0.7142857142857143,0.2857142857142857,0.0,0.1061248779296875,0.0467552730015346,0.1782806396484374,0.5498334180360269,0.3645183027356708,0.6802850706148496,2,2,0,26,1.0,1.0,1.0,0.0090169777173948,0.0088272126733621,0.4285714285714285,0.4285714285714285,0.0,0.0,0.0,0.4464285714285714,0.3571428571428571,0.0892857142857142,-0.0178571428571428,0.2142857142857142,0.9821428571428572,0.8928571428571429,0.0892857142857142,0.0178571428571428,0.1607142857142857,0.4642857142857143,28,0.4285714285714285,3,28,0.1071428571428571,27,0.1111111111111111
llama-3.1-8b-instruct,dev,cure_centred_svd_r2_a1,cure_centred_svd,2,1.0,identity,pooled,exploratory,100,100,100,0.0,0.0,0.0,0.0,1.0,0.0,0.0,0.0,,,,0,0,0,100,,,,0.0088714861930105,0.0088756724758092,0.5154639175257731,0.3505154639175257,0.1649484536082474,0.0927835051546391,0.2371134020618556,0.53,0.47,0.06,-0.02,0.14,0.81,0.76,0.05,-0.01,0.11,0.6708860759493671,79,0.6351351351351351,0,100,0.0,81,0.0
llama-3.1-8b-instruct,dev,cure_centred_svd_r2_a1,cure_centred_svd,2,1.0,identity,bbq,exploratory,42,42,42,0.0,0.0,0.0,0.0,1.0,0.0,0.0,0.0,,,,0,0,0,42,,,,0.0095944223691234,0.0096010462635029,0.4102564102564102,0.358974358974359,0.0512820512820512,0.0,0.1282051282051282,0.4047619047619047,0.4523809523809524,-0.0476190476190476,-0.119047619047619,0.0,0.6666666666666666,0.6428571428571429,0.0238095238095238,-0.0476190476190476,0.119047619047619,0.6538461538461539,26,0.76,0,42,0.0,28,0.0
llama-3.1-8b-instruct,dev,cure_centred_svd_r2_a1,cure_centred_svd,2,1.0,identity,crows_pairs,exploratory,30,30,30,0.0,0.0,0.0,0.0,1.0,0.0,0.0,0.0,,,,0,0,0,30,,,,0.0081222951749584,0.008125738696316,0.7333333333333333,0.2666666666666666,0.4666666666666667,0.3,0.6333333333333333,0.7666666666666667,0.6,0.1666666666666666,0.0,0.3333333333333333,0.8333333333333334,0.8666666666666667,-0.0333333333333333,-0.1666666666666666,0.0666666666666666,0.92,25,0.6923076923076923,0,30,0.0,25,0.0
llama-3.1-8b-instruct,dev,cure_centred_svd_r2_a1,cure_centred_svd,2,1.0,identity,stereoset,exploratory,28,28,28,0.0,0.0,0.0,0.0,1.0,0.0,0.0,0.0,,,,0,0,0,28,,,,0.0085897865910397,0.0085911122722969,0.4285714285714285,0.4285714285714285,0.0,0.0,0.0,0.4642857142857143,0.3571428571428571,0.1071428571428571,-0.0714285714285714,0.2857142857142857,1.0,0.8214285714285714,0.1785714285714285,0.0357142857142857,0.3214285714285714,0.4642857142857143,28,0.4347826086956521,0,28,0.0,28,0.0
llama-3.1-8b-instruct,dev,cure_centred_svd_r2_a1,cure_centred_svd,2,1.0,neutral,pooled,exploratory,42,42,42,0.1246919177827381,0.1433331625802176,0.4047619047619047,0.5476190476190477,0.0476190476190476,-0.0186412447974795,-0.0504167829241071,0.0168193499247232,-0.1494984208195422,-0.462849709201505,0.1241432300713433,0,0,0,42,,,,0.0253368067617791,0.0165084871697876,0.4615384615384615,0.358974358974359,0.1025641025641025,0.0256410256410256,0.1923076923076923,0.4285714285714285,0.4285714285714285,0.0,-0.0357142857142857,0.0357142857142857,0.6190476190476191,0.6190476190476191,0.0,-0.0357142857142857,0.0357142857142857,0.76,25,0.75,0,42,0.0,25,0.0
llama-3.1-8b-instruct,dev,cure_centred_svd_r2_a1,cure_centred_svd,2,1.0,neutral,bbq,exploratory,42,42,42,0.1246919177827381,0.1433331625802176,0.4047619047619047,0.5476190476190477,0.0476190476190476,-0.0186412447974795,-0.0504167829241071,0.0168193499247232,-0.1494984208195422,-0.462849709201505,0.1241432300713433,0,0,0,42,,,,0.0253368067617791,0.0165084871697876,0.4615384615384615,0.358974358974359,0.1025641025641025,0.0256410256410256,0.1923076923076923,0.4285714285714285,0.4285714285714285,0.0,-0.0357142857142857,0.0357142857142857,0.6190476190476191,0.6190476190476191,0.0,-0.0357142857142857,0.0357142857142857,0.76,25,0.75,0,42,0.0,25,0.0
llama-3.1-8b-instruct,dev,cure_centred_svd_r4_a1,cure_centred_svd,4,1.0,demographic,pooled,exploratory,100,100,100,0.131817626953125,0.09444580078125,0.5,0.43,0.07,0.037371826171875,0.0099247741699218,0.066817153930664,0.2835115988331712,0.0922169409609146,0.4289397748941122,2,2,0,98,1.0,1.0,1.0,0.0158350124452376,0.0144606387801598,0.5255102040816326,0.3520408163265306,0.173469387755102,0.1071428571428571,0.2448979591836734,0.545,0.465,0.08,0.015,0.145,0.8,0.765,0.035,0.0,0.075,0.6987951807228916,83,0.63125,6,100,0.06,76,0.0789473684210526
llama-3.1-8b-instruct,dev,cure_centred_svd_r4_a1,cure_centred_svd,4,1.0,demographic,bbq,exploratory,42,42,42,0.1263674781436012,0.1255347842261904,0.3809523809523809,0.5714285714285714,0.0476190476190476,0.0008326939174107,-0.0388567969912574,0.0421382359095982,0.0065894637579493,-0.3848700169851086,0.2793799359434852,0,0,0,42,,,,0.0181334946522546,0.0156513586237401,0.4625,0.3875,0.075,0.0,0.1625,0.4285714285714285,0.4285714285714285,0.0,-0.0714285714285714,0.0714285714285714,0.6309523809523809,0.5952380952380952,0.0357142857142857,-0.0238095238095238,0.1071428571428571,0.7037037037037037,27,0.78,2,42,0.0476190476190476,25,0.08
llama-3.1-8b-instruct,dev,cure_centred_svd_r4_a1,cure_centred_svd,4,1.0,demographic,crows_pairs,exploratory,30,30,30,0.0823323567708333,0.0647135416666666,0.5,0.3333333333333333,0.1666666666666666,0.0176188151041666,-0.0063981119791666,0.046630859375,0.2139962439458337,-0.1026403760773048,0.4072932345211204,0,0,0,30,,,,0.0127287965725731,0.012298529809797,0.7,0.2333333333333333,0.4666666666666667,0.3333333333333333,0.6,0.85,0.6166666666666667,0.2333333333333333,0.11625,0.3666666666666666,0.8833333333333333,0.8833333333333333,0.0,-0.0666666666666666,0.0666666666666666,0.9642857142857144,28,0.7037037037037037,2,30,0.0666666666666666,25,0.08
llama-3.1-8b-instruct,dev,cure_centred_svd_r4_a1,cure_centred_svd,4,1.0,demographic,stereoset,exploratory,28,28,28,0.1930127825055803,0.0796683175223214,0.6785714285714286,0.3214285714285714,0.0,0.1133444649832589,0.0514699118477957,0.1848411560058593,0.5872381275057881,0.3954587642538705,0.709899360231151,2,2,0,26,1.0,1.0,1.0,0.0157153775697097,0.0149911043401779,0.4285714285714285,0.4285714285714285,0.0,0.0,0.0,0.3928571428571428,0.3571428571428571,0.0357142857142857,-0.0892857142857142,0.1607142857142857,0.9642857142857144,0.8928571428571429,0.0714285714285714,0.0,0.1607142857142857,0.4285714285714285,28,0.4285714285714285,2,28,0.0714285714285714,26,0.0769230769230769
llama-3.1-8b-instruct,dev,cure_centred_svd_r4_a1,cure_centred_svd,4,1.0,identity,pooled,exploratory,100,100,100,0.0,0.0,0.0,0.0,1.0,0.0,0.0,0.0,,,,0,0,0,100,,,,0.0137872135031681,0.0137795169876115,0.5154639175257731,0.3505154639175257,0.1649484536082474,0.0927835051546391,0.2474226804123711,0.53,0.47,0.06,-0.02,0.15,0.81,0.76,0.05,-0.01,0.1102499999999986,0.6708860759493671,79,0.6351351351351351,0,100,0.0,81,0.0
llama-3.1-8b-instruct,dev,cure_centred_svd_r4_a1,cure_centred_svd,4,1.0,identity,bbq,exploratory,42,42,42,0.0,0.0,0.0,0.0,1.0,0.0,0.0,0.0,,,,0,0,0,42,,,,0.0145018211526085,0.0144853318706119,0.4358974358974359,0.358974358974359,0.0769230769230769,0.0,0.1794871794871795,0.4047619047619047,0.4523809523809524,-0.0476190476190476,-0.119047619047619,0.0,0.6428571428571429,0.6428571428571429,0.0,-0.0714285714285714,0.0714285714285714,0.68,25,0.76,0,42,0.0,27,0.0
llama-3.1-8b-instruct,dev,cure_centred_svd_r4_a1,cure_centred_svd,4,1.0,identity,crows_pairs,exploratory,30,30,30,0.0,0.0,0.0,0.0,1.0,0.0,0.0,0.0,,,,0,0,0,30,,,,0.0121859498718691,0.012186463046002,0.7,0.2666666666666666,0.4333333333333333,0.2666666666666666,0.6,0.8,0.6,0.2,0.0333333333333333,0.3666666666666666,0.8666666666666667,0.8666666666666667,0.0,-0.1333333333333333,0.1333333333333333,0.9230769230769232,26,0.6923076923076923,0,30,0.0,26,0.0
llama-3.1-8b-instruct,dev,cure_centred_svd_r4_a1,cure_centred_svd,4,1.0,identity,stereoset,exploratory,28,28,28,0.0,0.0,0.0,0.0,1.0,0.0,0.0,0.0,,,,0,0,0,28,,,,0.0144309416339708,0.0144276381719782,0.4285714285714285,0.4285714285714285,0.0,0.0,0.0,0.4285714285714285,0.3571428571428571,0.0714285714285714,-0.1071428571428571,0.2857142857142857,1.0,0.8214285714285714,0.1785714285714285,0.0357142857142857,0.3214285714285714,0.4285714285714285,28,0.4347826086956521,0,28,0.0,28,0.0
llama-3.1-8b-instruct,dev,cure_centred_svd_r4_a1,cure_centred_svd,4,1.0,neutral,pooled,exploratory,42,42,42,0.1246919177827381,0.1320393880208333,0.5,0.4523809523809524,0.0476190476190476,-0.0073474702380952,-0.0508947463262648,0.0338951474144345,-0.0589249918418721,-0.4136744471005663,0.2665218480203607,0,0,1,42,,,,0.0289350629924102,0.0210375718503727,0.4743589743589743,0.358974358974359,0.1153846153846153,0.0256410256410256,0.2179487179487179,0.4404761904761904,0.4285714285714285,0.0119047619047619,-0.0238095238095238,0.0595238095238095,0.6428571428571429,0.6190476190476191,0.0238095238095238,-0.0238095238095238,0.0714285714285714,0.7307692307692307,26,0.75,0,42,0.0,26,0.0
llama-3.1-8b-instruct,dev,cure_centred_svd_r4_a1,cure_centred_svd,4,1.0,neutral,bbq,exploratory,42,42,42,0.1246919177827381,0.1320393880208333,0.5,0.4523809523809524,0.0476190476190476,-0.0073474702380952,-0.0508947463262648,0.0338951474144345,-0.0589249918418721,-0.4136744471005663,0.2665218480203607,0,0,1,42,,,,0.0289350629924102,0.0210375718503727,0.4743589743589743,0.358974358974359,0.1153846153846153,0.0256410256410256,0.2179487179487179,0.4404761904761904,0.4285714285714285,0.0119047619047619,-0.0238095238095238,0.0595238095238095,0.6428571428571429,0.6190476190476191,0.0238095238095238,-0.0238095238095238,0.0714285714285714,0.7307692307692307,26,0.75,0,42,0.0,26,0.0
llama-3.1-8b-instruct,dev,identity_alpha0_r1_a0,identity_alpha0,1,0.0,demographic,pooled,exploratory,100,100,100,0.131817626953125,0.131817626953125,0.0,0.0,1.0,0.0,0.0,0.0,0.0,0.0,0.0,2,0,0,98,0.0,0.0,0.0,0.0,0.0,0.3520408163265306,0.3520408163265306,0.0,0.0,0.0,0.465,0.465,0.0,0.0,0.0,0.765,0.765,0.0,0.0,0.0,0.63125,80,0.63125,15,100,0.15,72,0.2083333333333333
llama-3.1-8b-instruct,dev,identity_alpha0_r1_a0,identity_alpha0,1,0.0,demographic,bbq,exploratory,42,42,42,0.1263674781436012,0.1263674781436012,0.0,0.0,1.0,0.0,0.0,0.0,0.0,0.0,0.0,0,0,0,42,,,,0.0,0.0,0.3875,0.3875,0.0,0.0,0.0,0.4285714285714285,0.4285714285714285,0.0,0.0,0.0,0.5952380952380952,0.5952380952380952,0.0,0.0,0.0,0.78,25,0.78,3,42,0.0714285714285714,24,0.125
llama-3.1-8b-instruct,dev,identity_alpha0_r1_a0,identity_alpha0,1,0.0,demographic,crows_pairs,exploratory,30,30,30,0.0823323567708333,0.0823323567708333,0.0,0.0,1.0,0.0,0.0,0.0,0.0,0.0,0.0,0,0,0,30,,,,0.0,0.0,0.2333333333333333,0.2333333333333333,0.0,0.0,0.0,0.6166666666666667,0.6166666666666667,0.0,0.0,0.0,0.8833333333333333,0.8833333333333333,0.0,0.0,0.0,0.7037037037037037,27,0.7037037037037037,8,30,0.2666666666666666,26,0.3076923076923077
llama-3.1-8b-instruct,dev,identity_alpha0_r1_a0,identity_alpha0,1,0.0,demographic,stereoset,exploratory,28,28,28,0.1930127825055803,0.1930127825055803,0.0,0.0,1.0,0.0,0.0,0.0,0.0,0.0,0.0,2,0,0,26,0.0,0.0,0.0,0.0,0.0,0.4285714285714285,0.4285714285714285,0.0,0.0,0.0,0.3571428571428571,0.3571428571428571,0.0,0.0,0.0,0.8928571428571429,0.8928571428571429,0.0,0.0,0.0,0.4285714285714285,28,0.4285714285714285,4,28,0.1428571428571428,22,0.1818181818181818
llama-3.1-8b-instruct,dev,identity_alpha0_r1_a0,identity_alpha0,1,0.0,identity,pooled,exploratory,100,100,100,0.0,0.0,0.0,0.0,1.0,0.0,0.0,0.0,,,,0,0,0,100,,,,0.0,0.0,0.3505154639175257,0.3505154639175257,0.0,0.0,0.0,0.47,0.47,0.0,0.0,0.0,0.76,0.76,0.0,0.0,0.0,0.6351351351351351,74,0.6351351351351351,0,100,0.0,76,0.0
llama-3.1-8b-instruct,dev,identity_alpha0_r1_a0,identity_alpha0,1,0.0,identity,bbq,exploratory,42,42,42,0.0,0.0,0.0,0.0,1.0,0.0,0.0,0.0,,,,0,0,0,42,,,,0.0,0.0,0.358974358974359,0.358974358974359,0.0,0.0,0.0,0.4523809523809524,0.4523809523809524,0.0,0.0,0.0,0.6428571428571429,0.6428571428571429,0.0,0.0,0.0,0.76,25,0.76,0,42,0.0,27,0.0
llama-3.1-8b-instruct,dev,identity_alpha0_r1_a0,identity_alpha0,1,0.0,identity,crows_pairs,exploratory,30,30,30,0.0,0.0,0.0,0.0,1.0,0.0,0.0,0.0,,,,0,0,0,30,,,,0.0,0.0,0.2666666666666666,0.2666666666666666,0.0,0.0,0.0,0.6,0.6,0.0,0.0,0.0,0.8666666666666667,0.8666666666666667,0.0,0.0,0.0,0.6923076923076923,26,0.6923076923076923,0,30,0.0,26,0.0
llama-3.1-8b-instruct,dev,identity_alpha0_r1_a0,identity_alpha0,1,0.0,identity,stereoset,exploratory,28,28,28,0.0,0.0,0.0,0.0,1.0,0.0,0.0,0.0,,,,0,0,0,28,,,,0.0,0.0,0.4285714285714285,0.4285714285714285,0.0,0.0,0.0,0.3571428571428571,0.3571428571428571,0.0,0.0,0.0,0.8214285714285714,0.8214285714285714,0.0,0.0,0.0,0.4347826086956521,23,0.4347826086956521,0,28,0.0,23,0.0
llama-3.1-8b-instruct,dev,identity_alpha0_r1_a0,identity_alpha0,1,0.0,neutral,pooled,exploratory,42,42,42,0.1246919177827381,0.1246919177827381,0.0,0.0,1.0,0.0,0.0,0.0,0.0,0.0,0.0,0,0,0,42,,,,0.0,0.0,0.358974358974359,0.358974358974359,0.0,0.0,0.0,0.4285714285714285,0.4285714285714285,0.0,0.0,0.0,0.6190476190476191,0.6190476190476191,0.0,0.0,0.0,0.75,26,0.75,3,42,0.0714285714285714,24,0.125
llama-3.1-8b-instruct,dev,identity_alpha0_r1_a0,identity_alpha0,1,0.0,neutral,bbq,exploratory,42,42,42,0.1246919177827381,0.1246919177827381,0.0,0.0,1.0,0.0,0.0,0.0,0.0,0.0,0.0,0,0,0,42,,,,0.0,0.0,0.358974358974359,0.358974358974359,0.0,0.0,0.0,0.4285714285714285,0.4285714285714285,0.0,0.0,0.0,0.6190476190476191,0.6190476190476191,0.0,0.0,0.0,0.75,26,0.75,3,42,0.0714285714285714,24,0.125
llama-3.1-8b-instruct,dev,leace_faithful_r1_a1,leace_faithful,1,1.0,demographic,pooled,exploratory,100,100,100,0.131817626953125,0.13801513671875,0.43,0.49,0.08,-0.006197509765625,-0.0203189544677734,0.008639663696289,-0.0470157892299856,-0.1657369932462897,0.0641963779673931,2,1,0,98,0.5,0.0,1.0,0.0009110542764319,0.0009370587005241,0.3520408163265306,0.3520408163265306,0.0,-0.0204081632653061,0.0204081632653061,0.48,0.465,0.015,0.0,0.035,0.78,0.765,0.015,0.0,0.035,0.6402439024390244,82,0.63125,13,100,0.13,73,0.1780821917808219
llama-3.1-8b-instruct,dev,leace_faithful_r1_a1,leace_faithful,1,1.0,demographic,bbq,exploratory,42,42,42,0.1263674781436012,0.1350882393973214,0.3571428571428571,0.5714285714285714,0.0714285714285714,-0.0087207612537202,-0.0302106221516927,0.0130913507370721,-0.0690111204388375,-0.2976792661437771,0.0856334388938423,0,0,0,42,,,,0.0009544109776604,0.0010044273313886,0.3875,0.3875,0.0,0.0,0.0,0.4404761904761904,0.4285714285714285,0.0119047619047619,0.0,0.0357142857142857,0.6190476190476191,0.5952380952380952,0.0238095238095238,0.0,0.0595238095238095,0.7592592592592593,27,0.78,3,42,0.0714285714285714,24,0.125
llama-3.1-8b-instruct,dev,leace_faithful_r1_a1,leace_faithful,1,1.0,demographic,crows_pairs,exploratory,30,30,30,0.0823323567708333,0.0926717122395833,0.4333333333333333,0.4333333333333333,0.1333333333333333,-0.01033935546875,-0.0341337076822916,0.0121735636393228,-0.1255807057428091,-0.4521130493366885,0.1512381114453158,0,0,0,30,,,,0.0009283092380946,0.0009822999268562,0.2333333333333333,0.2333333333333333,0.0,-0.0666666666666666,0.0666666666666666,0.65,0.6166666666666667,0.0333333333333333,0.0,0.0833333333333333,0.8833333333333333,0.8833333333333333,0.0,0.0,0.0,0.7407407407407407,27,0.7037037037037037,6,30,0.2,26,0.2307692307692307
llama-3.1-8b-instruct,dev,leace_faithful_r1_a1,leace_faithful,1,1.0,demographic,stereoset,exploratory,28,28,28,0.1930127825055803,0.1909877232142857,0.5357142857142857,0.4285714285714285,0.0357142857142857,0.0020250592912946,-0.0303025926862444,0.0327540806361607,0.0104918403071884,-0.1640845786513237,0.1831828593675687,2,1,0,26,0.5,0.0,1.0,0.0008275317656648,0.0007875330117286,0.4285714285714285,0.4285714285714285,0.0,0.0,0.0,0.3571428571428571,0.3571428571428571,0.0,0.0,0.0,0.9107142857142856,0.8928571428571429,0.0178571428571428,0.0,0.0535714285714285,0.4285714285714285,28,0.4285714285714285,4,28,0.1428571428571428,23,0.1739130434782608
llama-3.1-8b-instruct,dev,leace_faithful_r1_a1,leace_faithful,1,1.0,identity,pooled,exploratory,100,100,100,0.0,0.0,0.0,0.0,1.0,0.0,0.0,0.0,,,,0,0,0,100,,,,0.0009353684139467,0.0009361421280064,0.3505154639175257,0.3505154639175257,0.0,-0.0309278350515463,0.0309278350515463,0.48,0.47,0.01,0.0,0.03,0.77,0.76,0.01,0.0,0.03,0.64,75,0.6351351351351351,0,100,0.0,77,0.0
llama-3.1-8b-instruct,dev,leace_faithful_r1_a1,leace_faithful,1,1.0,identity,bbq,exploratory,42,42,42,0.0,0.0,0.0,0.0,1.0,0.0,0.0,0.0,,,,0,0,0,42,,,,0.001002029991307,0.001002292751602,0.358974358974359,0.358974358974359,0.0,0.0,0.0,0.4523809523809524,0.4523809523809524,0.0,0.0,0.0,0.6428571428571429,0.6428571428571429,0.0,0.0,0.0,0.76,25,0.76,0,42,0.0,27,0.0
llama-3.1-8b-instruct,dev,leace_faithful_r1_a1,leace_faithful,1,1.0,identity,crows_pairs,exploratory,30,30,30,0.0,0.0,0.0,0.0,1.0,0.0,0.0,0.0,,,,0,0,0,30,,,,0.0010272292833784,0.0010278503151765,0.2666666666666666,0.2666666666666666,0.0,-0.1,0.1,0.6333333333333333,0.6,0.0333333333333333,0.0,0.1,0.8666666666666667,0.8666666666666667,0.0,0.0,0.0,0.7307692307692307,26,0.6923076923076923,0,30,0.0,26,0.0
llama-3.1-8b-instruct,dev,leace_faithful_r1_a1,leace_faithful,1,1.0,identity,stereoset,exploratory,28,28,28,0.0,0.0,0.0,0.0,1.0,0.0,0.0,0.0,,,,0,0,0,28,,,,0.0007369536878009,0.0007386574206451,0.4285714285714285,0.4285714285714285,0.0,0.0,0.0,0.3571428571428571,0.3571428571428571,0.0,0.0,0.0,0.8571428571428571,0.8214285714285714,0.0357142857142857,0.0,0.1071428571428571,0.4166666666666667,24,0.4347826086956521,0,28,0.0,24,0.0
llama-3.1-8b-instruct,dev,leace_faithful_r1_a1,leace_faithful,1,1.0,neutral,pooled,exploratory,42,42,42,0.1246919177827381,0.1284418106079101,0.5238095238095238,0.4523809523809524,0.0238095238095238,-0.003749892825172,-0.031881088302249,0.0251458395095098,-0.0300732629014963,-0.2993424172005519,0.184320342285684,0,0,0,42,,,,0.0005404039132544,0.0007964358905837,0.358974358974359,0.358974358974359,0.0,0.0,0.0,0.4404761904761904,0.4285714285714285,0.0119047619047619,-0.0241071428571428,0.0595238095238095,0.6309523809523809,0.6190476190476191,0.0119047619047619,-0.0357142857142857,0.0595238095238095,0.75,26,0.75,3,42,0.0714285714285714,25,0.12
llama-3.1-8b-instruct,dev,leace_faithful_r1_a1,leace_faithful,1,1.0,neutral,bbq,exploratory,42,42,42,0.1246919177827381,0.1284418106079101,0.5238095238095238,0.4523809523809524,0.0238095238095238,-0.003749892825172,-0.031881088302249,0.0251458395095098,-0.0300732629014963,-0.2993424172005519,0.184320342285684,0,0,0,42,,,,0.0005404039132544,0.0007964358905837,0.358974358974359,0.358974358974359,0.0,0.0,0.0,0.4404761904761904,0.4285714285714285,0.0119047619047619,-0.0241071428571428,0.0595238095238095,0.6309523809523809,0.6190476190476191,0.0119047619047619,-0.0357142857142857,0.0595238095238095,0.75,26,0.75,3,42,0.0714285714285714,25,0.12
llama-3.1-8b-instruct,dev,leace_sequential_r1_a1,leace_sequential,1,1.0,demographic,pooled,exploratory,100,100,100,0.131817626953125,0.1369329833984375,0.43,0.49,0.08,-0.0051153564453125,-0.0203150329589843,0.0107575531005859,-0.0388063156919942,-0.1645464051794893,0.079327585062112,2,1,0,98,0.5,0.0,1.0,0.000998077361524,0.0008968638980251,0.3520408163265306,0.3520408163265306,0.0,-0.0204081632653061,0.0204081632653061,0.47,0.465,0.005,-0.01,0.02,0.77,0.765,0.005,-0.01,0.02,0.6341463414634146,82,0.63125,14,100,0.14,71,0.1971830985915492
llama-3.1-8b-instruct,dev,leace_sequential_r1_a1,leace_sequential,1,1.0,demographic,bbq,exploratory,42,42,42,0.1263674781436012,0.1365094866071428,0.4047619047619047,0.5476190476190477,0.0476190476190476,-0.0101420084635416,-0.0333446684337797,0.0151410057431175,-0.0802580585806778,-0.3212599961795256,0.1068510462403441,0,0,0,42,,,,0.0010301268742522,0.000942655277516,0.3875,0.3875,0.0,0.0,0.0,0.4404761904761904,0.4285714285714285,0.0119047619047619,0.0,0.0357142857142857,0.6071428571428571,0.5952380952380952,0.0119047619047619,0.0,0.0357142857142857,0.7884615384615384,26,0.78,3,42,0.0714285714285714,24,0.125
llama-3.1-8b-instruct,dev,leace_sequential_r1_a1,leace_sequential,1,1.0,demographic,crows_pairs,exploratory,30,30,30,0.0823323567708333,0.103302001953125,0.3666666666666666,0.4666666666666667,0.1666666666666666,-0.0209696451822916,-0.044942626953125,0.0027881876627604,-0.2546950677078186,-0.558814283981564,0.0380923097678512,0,0,0,30,,,,0.0009174071384164,0.0008518601119264,0.2333333333333333,0.2333333333333333,0.0,-0.0666666666666666,0.0666666666666666,0.6333333333333333,0.6166666666666667,0.0166666666666666,0.0,0.05,0.9,0.8833333333333333,0.0166666666666666,0.0,0.05,0.6964285714285714,28,0.7037037037037037,7,30,0.2333333333333333,26,0.2692307692307692
llama-3.1-8b-instruct,dev,leace_sequential_r1_a1,leace_sequential,1,1.0,demographic,stereoset,exploratory,28,28,28,0.1930127825055803,0.1736014229910714,0.5357142857142857,0.4285714285714285,0.0357142857142857,0.0194113595145089,-0.0137691497802734,0.0533682141985211,0.100570331469874,-0.0736385933705069,0.2960251454188199,2,1,0,26,0.5,0.0,1.0,0.0010364354743329,0.0008763951710374,0.4285714285714285,0.4285714285714285,0.0,0.0,0.0,0.3392857142857143,0.3571428571428571,-0.0178571428571428,-0.0535714285714285,0.0,0.875,0.8928571428571429,-0.0178571428571428,-0.0535714285714285,0.0,0.4285714285714285,28,0.4285714285714285,4,28,0.1428571428571428,21,0.1904761904761904
llama-3.1-8b-instruct,dev,leace_sequential_r1_a1,leace_sequential,1,1.0,identity,pooled,exploratory,100,100,100,0.0,0.0,0.0,0.0,1.0,0.0,0.0,0.0,,,,0,0,0,100,,,,0.000889446776783,0.0008892074517671,0.3505154639175257,0.3505154639175257,0.0,-0.0309278350515463,0.0309278350515463,0.47,0.47,0.0,-0.03,0.03,0.75,0.76,-0.01,-0.03,0.0,0.6438356164383562,73,0.6351351351351351,0,100,0.0,75,0.0
llama-3.1-8b-instruct,dev,leace_sequential_r1_a1,leace_sequential,1,1.0,identity,bbq,exploratory,42,42,42,0.0,0.0,0.0,0.0,1.0,0.0,0.0,0.0,,,,0,0,0,42,,,,0.0009980953268703,0.0009968660584001,0.358974358974359,0.358974358974359,0.0,0.0,0.0,0.4523809523809524,0.4523809523809524,0.0,0.0,0.0,0.6428571428571429,0.6428571428571429,0.0,0.0,0.0,0.76,25,0.76,0,42,0.0,27,0.0
llama-3.1-8b-instruct,dev,leace_sequential_r1_a1,leace_sequential,1,1.0,identity,crows_pairs,exploratory,30,30,30,0.0,0.0,0.0,0.0,1.0,0.0,0.0,0.0,,,,0,0,0,30,,,,0.0008265065694393,0.0008270414744651,0.2666666666666666,0.2666666666666666,0.0,-0.1,0.1,0.6333333333333333,0.6,0.0333333333333333,0.0,0.1,0.8666666666666667,0.8666666666666667,0.0,0.0,0.0,0.7307692307692307,26,0.6923076923076923,0,30,0.0,26,0.0
llama-3.1-8b-instruct,dev,leace_sequential_r1_a1,leace_sequential,1,1.0,identity,stereoset,exploratory,28,28,28,0.0,0.0,0.0,0.0,1.0,0.0,0.0,0.0,,,,0,0,0,28,,,,0.0007939098880918,0.0007943259460697,0.4285714285714285,0.4285714285714285,0.0,0.0,0.0,0.3214285714285714,0.3571428571428571,-0.0357142857142857,-0.1071428571428571,0.0,0.7857142857142857,0.8214285714285714,-0.0357142857142857,-0.1071428571428571,0.0,0.4090909090909091,22,0.4347826086956521,0,28,0.0,22,0.0
llama-3.1-8b-instruct,dev,leace_sequential_r1_a1,leace_sequential,1,1.0,neutral,pooled,exploratory,42,42,42,0.1246919177827381,0.1331322079613095,0.4523809523809524,0.4761904761904761,0.0714285714285714,-0.0084402901785714,-0.0346112932477678,0.0161717006138392,-0.0676891520208848,-0.3217034371606143,0.1208756907837449,0,0,0,42,,,,0.0004719855217455,0.000827362453406,0.358974358974359,0.358974358974359,0.0,0.0,0.0,0.4642857142857143,0.4285714285714285,0.0357142857142857,0.0,0.0833333333333333,0.6547619047619048,0.6190476190476191,0.0357142857142857,-0.0119047619047619,0.0833333333333333,0.7678571428571429,28,0.75,3,42,0.0714285714285714,25,0.12
llama-3.1-8b-instruct,dev,leace_sequential_r1_a1,leace_sequential,1,1.0,neutral,bbq,exploratory,42,42,42,0.1246919177827381,0.1331322079613095,0.4523809523809524,0.4761904761904761,0.0714285714285714,-0.0084402901785714,-0.0346112932477678,0.0161717006138392,-0.0676891520208848,-0.3217034371606143,0.1208756907837449,0,0,0,42,,,,0.0004719855217455,0.000827362453406,0.358974358974359,0.358974358974359,0.0,0.0,0.0,0.4642857142857143,0.4285714285714285,0.0357142857142857,0.0,0.0833333333333333,0.6547619047619048,0.6190476190476191,0.0357142857142857,-0.0119047619047619,0.0833333333333333,0.7678571428571429,28,0.75,3,42,0.0714285714285714,25,0.12
llama-3.1-8b-instruct,dev,mean_difference_r1_a1,mean_difference,1,1.0,demographic,pooled,exploratory,100,100,100,0.131817626953125,0.1295025634765625,0.48,0.46,0.06,0.0023150634765625,-0.0125355224609375,0.0170312042236328,0.0175626244385794,-0.1056802420878368,0.1207680455172016,2,1,0,98,0.5,0.0,1.0,0.0018731456335033,0.0018981622213836,0.3724489795918367,0.3520408163265306,0.0204081632653061,-0.0051020408163265,0.0561224489795918,0.5,0.465,0.035,0.0,0.07,0.77,0.765,0.005,-0.01,0.02,0.6707317073170732,82,0.63125,13,100,0.13,71,0.1830985915492957
llama-3.1-8b-instruct,dev,mean_difference_r1_a1,mean_difference,1,1.0,demographic,bbq,exploratory,42,42,42,0.1263674781436012,0.1361258370535714,0.4047619047619047,0.5476190476190477,0.0476190476190476,-0.0097583589099702,-0.0356497991652715,0.015408470517113,-0.0772220752785859,-0.3314831862409625,0.109418672174539,0,0,0,42,,,,0.0023243002970481,0.0019181573240278,0.4,0.3875,0.0125,-0.0375,0.075,0.4523809523809524,0.4285714285714285,0.0238095238095238,-0.0238095238095238,0.0714285714285714,0.6190476190476191,0.5952380952380952,0.0238095238095238,0.0,0.0595238095238095,0.7777777777777778,27,0.78,3,42,0.0714285714285714,24,0.125
llama-3.1-8b-instruct,dev,mean_difference_r1_a1,mean_difference,1,1.0,demographic,crows_pairs,exploratory,30,30,30,0.0823323567708333,0.0810160319010416,0.4666666666666667,0.4,0.1333333333333333,0.0013163248697916,-0.0210721333821614,0.0225429280598958,0.0159879410892557,-0.2859555751207903,0.2641153801448347,0,0,0,30,,,,0.0016275376337839,0.0018985607114548,0.2833333333333333,0.2333333333333333,0.05,-0.0166666666666666,0.1166666666666666,0.6666666666666666,0.6166666666666667,0.05,0.0,0.1333333333333333,0.8833333333333333,0.8833333333333333,0.0,0.0,0.0,0.7592592592592593,27,0.7037037037037037,7,30,0.2333333333333333,26,0.2692307692307692
llama-3.1-8b-instruct,dev,mean_difference_r1_a1,mean_difference,1,1.0,demographic,stereoset,exploratory,28,28,28,0.1930127825055803,0.1715175083705357,0.6071428571428571,0.3928571428571428,0.0,0.0214952741350446,-0.0096621922084263,0.0588050297328403,0.1113671014738268,-0.0606161701301905,0.2902338634838134,2,1,0,26,0.5,0.0,1.0,0.0014595650664569,0.0018677426137696,0.4285714285714285,0.4285714285714285,0.0,0.0,0.0,0.3928571428571428,0.3571428571428571,0.0357142857142857,-0.0357142857142857,0.1071428571428571,0.875,0.8928571428571429,-0.0178571428571428,-0.0535714285714285,0.0,0.4821428571428571,28,0.4285714285714285,3,28,0.1071428571428571,21,0.1428571428571428
llama-3.1-8b-instruct,dev,mean_difference_r1_a1,mean_difference,1,1.0,identity,pooled,exploratory,100,100,100,0.0,0.0,0.0,0.0,1.0,0.0,0.0,0.0,,,,0,0,0,100,,,,0.0021129976605784,0.002114512645378,0.3711340206185567,0.3505154639175257,0.0206185567010309,-0.0103092783505154,0.0618556701030927,0.5,0.47,0.03,-0.01,0.0702499999999986,0.75,0.76,-0.01,-0.03,0.0,0.684931506849315,73,0.6351351351351351,0,100,0.0,75,0.0
llama-3.1-8b-instruct,dev,mean_difference_r1_a1,mean_difference,1,1.0,identity,bbq,exploratory,42,42,42,0.0,0.0,0.0,0.0,1.0,0.0,0.0,0.0,,,,0,0,0,42,,,,0.0019959526562688,0.0019969100184957,0.3846153846153846,0.358974358974359,0.0256410256410256,0.0,0.0769230769230769,0.4523809523809524,0.4523809523809524,0.0,0.0,0.0,0.6428571428571429,0.6428571428571429,0.0,0.0,0.0,0.76,25,0.76,0,42,0.0,27,0.0
llama-3.1-8b-instruct,dev,mean_difference_r1_a1,mean_difference,1,1.0,identity,crows_pairs,exploratory,30,30,30,0.0,0.0,0.0,0.0,1.0,0.0,0.0,0.0,,,,0,0,0,30,,,,0.0021396794652811,0.0021412875494705,0.3,0.2666666666666666,0.0333333333333333,-0.0666666666666666,0.1333333333333333,0.6666666666666666,0.6,0.0666666666666666,0.0,0.1666666666666666,0.8666666666666667,0.8666666666666667,0.0,0.0,0.0,0.7692307692307693,26,0.6923076923076923,0,30,0.0,26,0.0
llama-3.1-8b-instruct,dev,mean_difference_r1_a1,mean_difference,1,1.0,identity,stereoset,exploratory,28,28,28,0.0,0.0,0.0,0.0,1.0,0.0,0.0,0.0,,,,0,0,0,28,,,,0.0022599775191468,0.0022622291884596,0.4285714285714285,0.4285714285714285,0.0,0.0,0.0,0.3928571428571428,0.3571428571428571,0.0357142857142857,-0.0714285714285714,0.1428571428571428,0.7857142857142857,0.8214285714285714,-0.0357142857142857,-0.1071428571428571,0.0,0.5,22,0.4347826086956521,0,28,0.0,22,0.0
llama-3.1-8b-instruct,dev,mean_difference_r1_a1,mean_difference,1,1.0,neutral,pooled,exploratory,42,42,42,0.1246919177827381,0.135586693173363,0.3809523809523809,0.5476190476190477,0.0714285714285714,-0.010894775390625,-0.0358615330287388,0.0136905851818266,-0.0873735490186937,-0.3285861727424251,0.0981072767590144,0,0,0,42,,,,0.0014455885324163,0.0017284123528939,0.358974358974359,0.358974358974359,0.0,0.0,0.0,0.4404761904761904,0.4285714285714285,0.0119047619047619,-0.0241071428571428,0.0595238095238095,0.6309523809523809,0.6190476190476191,0.0119047619047619,-0.0357142857142857,0.0595238095238095,0.75,26,0.75,3,42,0.0714285714285714,25,0.12
llama-3.1-8b-instruct,dev,mean_difference_r1_a1,mean_difference,1,1.0,neutral,bbq,exploratory,42,42,42,0.1246919177827381,0.135586693173363,0.3809523809523809,0.5476190476190477,0.0714285714285714,-0.010894775390625,-0.0358615330287388,0.0136905851818266,-0.0873735490186937,-0.3285861727424251,0.0981072767590144,0,0,0,42,,,,0.0014455885324163,0.0017284123528939,0.358974358974359,0.358974358974359,0.0,0.0,0.0,0.4404761904761904,0.4285714285714285,0.0119047619047619,-0.0241071428571428,0.0595238095238095,0.6309523809523809,0.6190476190476191,0.0119047619047619,-0.0357142857142857,0.0595238095238095,0.75,26,0.75,3,42,0.0714285714285714,25,0.12
llama-3.1-8b-instruct,dev,neutral_contrast_r1_a1,neutral_contrast,1,1.0,demographic,pooled,exploratory,100,100,100,0.131817626953125,0.135958251953125,0.44,0.5,0.06,-0.004140625,-0.0199401702880859,0.0114383850097656,-0.0314117701532621,-0.1625454577926413,0.0836324257952671,2,1,0,98,0.5,0.0,1.0,0.0013095402853371,0.0013721895500841,0.3826530612244898,0.3520408163265306,0.0306122448979591,0.010204081632653,0.0561224489795918,0.5,0.465,0.035,0.01,0.06,0.785,0.765,0.02,0.005,0.04,0.6524390243902439,82,0.63125,14,100,0.14,74,0.1891891891891892
llama-3.1-8b-instruct,dev,neutral_contrast_r1_a1,neutral_contrast,1,1.0,demographic,bbq,exploratory,42,42,42,0.1263674781436012,0.1485624767485119,0.3571428571428571,0.6190476190476191,0.0238095238095238,-0.0221949986049107,-0.0511385963076636,0.0070729936872209,-0.175638533988063,-0.4718163377930287,0.0497524501523219,0,0,0,42,,,,0.0017312432694689,0.0017007916653127,0.4,0.3875,0.0125,0.0,0.0375,0.4404761904761904,0.4285714285714285,0.0119047619047619,0.0,0.0357142857142857,0.6309523809523809,0.5952380952380952,0.0357142857142857,0.0,0.0833333333333333,0.7222222222222222,27,0.78,2,42,0.0476190476190476,25,0.08
llama-3.1-8b-instruct,dev,neutral_contrast_r1_a1,neutral_contrast,1,1.0,demographic,crows_pairs,exploratory,30,30,30,0.0823323567708333,0.0899007161458333,0.4666666666666667,0.4333333333333333,0.1,-0.007568359375,-0.032537841796875,0.0127775065104166,-0.0919244835425521,-0.3525604352050603,0.1749061987898964,0,0,0,30,,,,0.0010536447076484,0.0010306478757233,0.3,0.2333333333333333,0.0666666666666666,0.0166666666666666,0.1333333333333333,0.6833333333333333,0.6166666666666667,0.0666666666666666,0.0166666666666666,0.1333333333333333,0.8833333333333333,0.8833333333333333,0.0,0.0,0.0,0.7777777777777778,27,0.7037037037037037,8,30,0.2666666666666666,26,0.3076923076923077
llama-3.1-8b-instruct,dev,neutral_contrast_r1_a1,neutral_contrast,1,1.0,demographic,stereoset,exploratory,28,28,28,0.1930127825055803,0.1663992745535714,0.5357142857142857,0.3928571428571428,0.0714285714285714,0.0266135079520089,-0.0037671770368303,0.0576011112758091,0.1378846913998531,-0.0213623043489425,0.3039114845703646,2,1,0,26,0.5,0.0,1.0,0.0009511596423772,0.0012452238854851,0.4464285714285714,0.4285714285714285,0.0178571428571428,0.0,0.0535714285714285,0.3928571428571428,0.3571428571428571,0.0357142857142857,0.0,0.0892857142857142,0.9107142857142856,0.8928571428571429,0.0178571428571428,0.0,0.0535714285714285,0.4642857142857143,28,0.4285714285714285,4,28,0.1428571428571428,23,0.1739130434782608
llama-3.1-8b-instruct,dev,neutral_contrast_r1_a1,neutral_contrast,1,1.0,identity,pooled,exploratory,100,100,100,0.0,0.0,0.0,0.0,1.0,0.0,0.0,0.0,,,,0,0,0,100,,,,0.0012858978554704,0.0012855891481894,0.3814432989690721,0.3505154639175257,0.0309278350515463,0.0,0.0721649484536082,0.5,0.47,0.03,-0.01,0.07,0.77,0.76,0.01,-0.02,0.0402499999999986,0.6666666666666666,75,0.6351351351351351,0,100,0.0,77,0.0
llama-3.1-8b-instruct,dev,neutral_contrast_r1_a1,neutral_contrast,1,1.0,identity,bbq,exploratory,42,42,42,0.0,0.0,0.0,0.0,1.0,0.0,0.0,0.0,,,,0,0,0,42,,,,0.0015570327764918,0.0015565308020238,0.358974358974359,0.358974358974359,0.0,0.0,0.0,0.4285714285714285,0.4523809523809524,-0.0238095238095238,-0.0714285714285714,0.0,0.6428571428571429,0.6428571428571429,0.0,-0.0714285714285714,0.0714285714285714,0.72,25,0.76,0,42,0.0,27,0.0
llama-3.1-8b-instruct,dev,neutral_contrast_r1_a1,neutral_contrast,1,1.0,identity,crows_pairs,exploratory,30,30,30,0.0,0.0,0.0,0.0,1.0,0.0,0.0,0.0,,,,0,0,0,30,,,,0.0009895792000647,0.0009899014764335,0.3333333333333333,0.2666666666666666,0.0666666666666666,0.0,0.1666666666666666,0.6666666666666666,0.6,0.0666666666666666,0.0,0.1666666666666666,0.8666666666666667,0.8666666666666667,0.0,0.0,0.0,0.7692307692307693,26,0.6923076923076923,0,30,0.0,26,0.0
llama-3.1-8b-instruct,dev,neutral_contrast_r1_a1,neutral_contrast,1,1.0,identity,stereoset,exploratory,28,28,28,0.0,0.0,0.0,0.0,1.0,0.0,0.0,0.0,,,,0,0,0,28,,,,0.0011966797475871,0.0011959848871763,0.4642857142857143,0.4285714285714285,0.0357142857142857,0.0,0.1071428571428571,0.4285714285714285,0.3571428571428571,0.0714285714285714,0.0,0.1785714285714285,0.8571428571428571,0.8214285714285714,0.0357142857142857,0.0,0.1071428571428571,0.5,24,0.4347826086956521,0,28,0.0,24,0.0
llama-3.1-8b-instruct,dev,neutral_contrast_r1_a1,neutral_contrast,1,1.0,neutral,pooled,exploratory,42,42,42,0.1246919177827381,0.1342482793898809,0.4523809523809524,0.5238095238095238,0.0238095238095238,-0.0095563616071428,-0.0476103283110119,0.0295311337425595,-0.0766397836930679,-0.421577695891337,0.2235589706815184,0,0,0,42,,,,0.0186611551840963,0.0092969475019432,0.4358974358974359,0.358974358974359,0.0769230769230769,0.0256410256410256,0.141025641025641,0.4523809523809524,0.4285714285714285,0.0238095238095238,-0.0238095238095238,0.0714285714285714,0.6190476190476191,0.6190476190476191,0.0,-0.0476190476190476,0.0476190476190476,0.8,25,0.75,2,42,0.0476190476190476,25,0.08
llama-3.1-8b-instruct,dev,neutral_contrast_r1_a1,neutral_contrast,1,1.0,neutral,bbq,exploratory,42,42,42,0.1246919177827381,0.1342482793898809,0.4523809523809524,0.5238095238095238,0.0238095238095238,-0.0095563616071428,-0.0476103283110119,0.0295311337425595,-0.0766397836930679,-0.421577695891337,0.2235589706815184,0,0,0,42,,,,0.0186611551840963,0.0092969475019432,0.4358974358974359,0.358974358974359,0.0769230769230769,0.0256410256410256,0.141025641025641,0.4523809523809524,0.4285714285714285,0.0238095238095238,-0.0238095238095238,0.0714285714285714,0.6190476190476191,0.6190476190476191,0.0,-0.0476190476190476,0.0476190476190476,0.8,25,0.75,2,42,0.0476190476190476,25,0.08
llama-3.1-8b-instruct,dev,neutral_contrast_r2_a1,neutral_contrast,2,1.0,demographic,pooled,exploratory,100,100,100,0.131817626953125,0.1190501403808593,0.51,0.43,0.06,0.0127674865722656,-0.0102856407165527,0.0344850425720214,0.0968572023892206,-0.0872357163605202,0.2329024976686393,2,1,0,98,0.5,0.0,1.0,0.0067142675961093,0.0055071082982052,0.4438775510204081,0.3520408163265306,0.0918367346938775,0.0408163265306122,0.1479591836734693,0.505,0.465,0.04,0.0,0.08,0.775,0.765,0.01,-0.0051249999999999,0.03,0.6666666666666666,81,0.63125,13,100,0.13,73,0.1780821917808219
llama-3.1-8b-instruct,dev,neutral_contrast_r2_a1,neutral_contrast,2,1.0,demographic,bbq,exploratory,42,42,42,0.1263674781436012,0.124205816359747,0.4761904761904761,0.5,0.0238095238095238,0.0021616617838541,-0.040698006039574,0.0440941220238095,0.0171061559161425,-0.3835468497962048,0.2915875849502528,0,0,0,42,,,,0.0095252583499121,0.0067949878242248,0.45,0.3875,0.0625,-0.0125,0.15,0.4404761904761904,0.4285714285714285,0.0119047619047619,-0.0357142857142857,0.0595238095238095,0.6071428571428571,0.5952380952380952,0.0119047619047619,-0.0238095238095238,0.0595238095238095,0.75,26,0.78,1,42,0.0238095238095238,24,0.0416666666666666
llama-3.1-8b-instruct,dev,neutral_contrast_r2_a1,neutral_contrast,2,1.0,demographic,crows_pairs,exploratory,30,30,30,0.0823323567708333,0.0659144083658854,0.5666666666666667,0.2666666666666666,0.1666666666666666,0.0164179484049479,-0.0028012593587239,0.0383410771687825,0.1994106454482553,-0.0411089288253573,0.3813992087854972,0,0,0,30,,,,0.0049968319150522,0.0047576510094015,0.45,0.2333333333333333,0.2166666666666666,0.1166666666666666,0.3333333333333333,0.7166666666666667,0.6166666666666667,0.1,0.0,0.2,0.8833333333333333,0.8833333333333333,0.0,0.0,0.0,0.8148148148148148,27,0.7037037037037037,8,30,0.2666666666666666,26,0.3076923076923077
llama-3.1-8b-instruct,dev,neutral_contrast_r2_a1,neutral_contrast,2,1.0,demographic,stereoset,exploratory,28,28,28,0.1930127825055803,0.1682477678571428,0.5,0.5,0.0,0.0247650146484375,-0.0170550210135323,0.069843019757952,0.1283076401829578,-0.1087616762036032,0.329682714290442,2,1,0,26,0.5,0.0,1.0,0.0043378911236805,0.0043782789614653,0.4285714285714285,0.4285714285714285,0.0,0.0,0.0,0.375,0.3571428571428571,0.0178571428571428,-0.0357142857142857,0.0892857142857142,0.9107142857142856,0.8928571428571429,0.0178571428571428,0.0,0.0535714285714285,0.4464285714285714,28,0.4285714285714285,4,28,0.1428571428571428,23,0.1739130434782608
llama-3.1-8b-instruct,dev,neutral_contrast_r2_a1,neutral_contrast,2,1.0,identity,pooled,exploratory,100,100,100,0.0,0.0,0.0,0.0,1.0,0.0,0.0,0.0,,,,0,0,0,100,,,,0.0051986770022521,0.0051956851709047,0.4329896907216495,0.3505154639175257,0.0824742268041237,0.0309278350515463,0.1443298969072164,0.48,0.47,0.01,-0.04,0.06,0.75,0.76,-0.01,-0.05,0.02,0.6575342465753424,73,0.6351351351351351,0,100,0.0,75,0.0
llama-3.1-8b-instruct,dev,neutral_contrast_r2_a1,neutral_contrast,2,1.0,identity,bbq,exploratory,42,42,42,0.0,0.0,0.0,0.0,1.0,0.0,0.0,0.0,,,,0,0,0,42,,,,0.0062743322459484,0.0062745500064684,0.4358974358974359,0.358974358974359,0.0769230769230769,0.0,0.1794871794871795,0.4285714285714285,0.4523809523809524,-0.0238095238095238,-0.0714285714285714,0.0,0.5952380952380952,0.6428571428571429,-0.0476190476190476,-0.119047619047619,0.0,0.782608695652174,23,0.76,0,42,0.0,25,0.0
llama-3.1-8b-instruct,dev,neutral_contrast_r2_a1,neutral_contrast,2,1.0,identity,crows_pairs,exploratory,30,30,30,0.0,0.0,0.0,0.0,1.0,0.0,0.0,0.0,,,,0,0,0,30,,,,0.0045912218882501,0.0045905783487079,0.4333333333333333,0.2666666666666666,0.1666666666666666,0.0333333333333333,0.3,0.6333333333333333,0.6,0.0333333333333333,-0.0666666666666666,0.1333333333333333,0.8666666666666667,0.8666666666666667,0.0,0.0,0.0,0.7307692307692307,26,0.6923076923076923,0,30,0.0,26,0.0
llama-3.1-8b-instruct,dev,neutral_contrast_r2_a1,neutral_contrast,2,1.0,identity,stereoset,exploratory,28,28,28,0.0,0.0,0.0,0.0,1.0,0.0,0.0,0.0,,,,0,0,0,28,,,,0.0042360389017098,0.0042257166556272,0.4285714285714285,0.4285714285714285,0.0,0.0,0.0,0.3928571428571428,0.3571428571428571,0.0357142857142857,-0.0714285714285714,0.1785714285714285,0.8571428571428571,0.8214285714285714,0.0357142857142857,0.0,0.1071428571428571,0.4583333333333333,24,0.4347826086956521,0,28,0.0,24,0.0
llama-3.1-8b-instruct,dev,neutral_contrast_r2_a1,neutral_contrast,2,1.0,neutral,pooled,exploratory,42,42,42,0.1246919177827381,0.1190810430617559,0.5,0.4285714285714285,0.0714285714285714,0.0056108747209821,-0.0327528090704055,0.0466343470982142,0.0449979021957018,-0.291759530431581,0.3448092150613013,0,0,0,42,,,,0.023829212106304,0.0134607305259039,0.4615384615384615,0.358974358974359,0.1025641025641025,0.0256410256410256,0.1923076923076923,0.4285714285714285,0.4285714285714285,0.0,-0.0357142857142857,0.0357142857142857,0.5952380952380952,0.6190476190476191,-0.0238095238095238,-0.0714285714285714,0.0238095238095238,0.7916666666666666,24,0.75,2,42,0.0476190476190476,23,0.0869565217391304
llama-3.1-8b-instruct,dev,neutral_contrast_r2_a1,neutral_contrast,2,1.0,neutral,bbq,exploratory,42,42,42,0.1246919177827381,0.1190810430617559,0.5,0.4285714285714285,0.0714285714285714,0.0056108747209821,-0.0327528090704055,0.0466343470982142,0.0449979021957018,-0.291759530431581,0.3448092150613013,0,0,0,42,,,,0.023829212106304,0.0134607305259039,0.4615384615384615,0.358974358974359,0.1025641025641025,0.0256410256410256,0.1923076923076923,0.4285714285714285,0.4285714285714285,0.0,-0.0357142857142857,0.0357142857142857,0.5952380952380952,0.6190476190476191,-0.0238095238095238,-0.0714285714285714,0.0238095238095238,0.7916666666666666,24,0.75,2,42,0.0476190476190476,23,0.0869565217391304
llama-3.1-8b-instruct,dev,neutral_contrast_r4_a1,neutral_contrast,4,1.0,demographic,pooled,exploratory,100,100,100,0.131817626953125,0.1022271728515625,0.56,0.41,0.03,0.0295904541015625,0.0033344573974609,0.0579622268676757,0.2244802518868361,0.0284825098632901,0.3912209990934792,2,1,0,98,0.5,0.0,1.0,0.015259364472336,0.0137275418683704,0.5255102040816326,0.3520408163265306,0.173469387755102,0.1070153061224489,0.2448979591836734,0.55,0.465,0.085,0.035,0.14,0.805,0.765,0.04,0.015,0.07,0.7073170731707317,82,0.63125,10,100,0.1,78,0.1282051282051282
llama-3.1-8b-instruct,dev,neutral_contrast_r4_a1,neutral_contrast,4,1.0,demographic,bbq,exploratory,42,42,42,0.1263674781436012,0.1131057739257812,0.4761904761904761,0.5238095238095238,0.0,0.0132617042178199,-0.0233550934564499,0.0522161756243024,0.104945547799487,-0.2208368430769186,0.3612377002869363,0,0,0,42,,,,0.019576542462423,0.0168366356808018,0.4625,0.3875,0.075,-0.0125,0.175,0.4404761904761904,0.4285714285714285,0.0119047619047619,-0.0357142857142857,0.0714285714285714,0.6190476190476191,0.5952380952380952,0.0238095238095238,0.0,0.0595238095238095,0.7777777777777778,27,0.78,3,42,0.0714285714285714,24,0.125
llama-3.1-8b-instruct,dev,neutral_contrast_r4_a1,neutral_contrast,4,1.0,demographic,crows_pairs,exploratory,30,30,30,0.0823323567708333,0.0780105590820312,0.5666666666666667,0.3666666666666666,0.0666666666666666,0.004321797688802,-0.0146410115559895,0.0220072428385416,0.0524920925175447,-0.2187832549866123,0.2403607665713913,0,0,0,30,,,,0.0112768663005044,0.0106332019137241,0.7,0.2333333333333333,0.4666666666666667,0.35,0.5833333333333334,0.85,0.6166666666666667,0.2333333333333333,0.1166666666666666,0.35,0.9,0.8833333333333333,0.0166666666666666,0.0,0.05,0.9444444444444444,27,0.7037037037037037,3,30,0.1,27,0.1111111111111111
llama-3.1-8b-instruct,dev,neutral_contrast_r4_a1,neutral_contrast,4,1.0,demographic,stereoset,exploratory,28,28,28,0.1930127825055803,0.1118556431361607,0.6785714285714286,0.2857142857142857,0.0357142857142857,0.0811571393694196,0.0169787270682198,0.1559654235839843,0.4204754644531029,0.1097372391765685,0.6678828461062298,2,1,0,26,0.5,0.0,1.0,0.0130505598141679,0.0123792653868443,0.4285714285714285,0.4285714285714285,0.0,0.0,0.0,0.3928571428571428,0.3571428571428571,0.0357142857142857,-0.0714285714285714,0.1428571428571428,0.9821428571428572,0.8928571428571429,0.0892857142857142,0.0178571428571428,0.1607142857142857,0.4107142857142857,28,0.4285714285714285,4,28,0.1428571428571428,27,0.1481481481481481
llama-3.1-8b-instruct,dev,neutral_contrast_r4_a1,neutral_contrast,4,1.0,identity,pooled,exploratory,100,100,100,0.0,0.0,0.0,0.0,1.0,0.0,0.0,0.0,,,,0,0,0,100,,,,0.013138893397673,0.0131276822680773,0.5051546391752577,0.3505154639175257,0.1546391752577319,0.0721649484536082,0.2268041237113402,0.52,0.47,0.05,-0.03,0.13,0.82,0.76,0.06,0.0,0.12,0.65,80,0.6351351351351351,0,100,0.0,82,0.0
llama-3.1-8b-instruct,dev,neutral_contrast_r4_a1,neutral_contrast,4,1.0,identity,bbq,exploratory,42,42,42,0.0,0.0,0.0,0.0,1.0,0.0,0.0,0.0,,,,0,0,0,42,,,,0.0165100360434723,0.016489443017281,0.4358974358974359,0.358974358974359,0.0769230769230769,-0.0256410256410256,0.1794871794871795,0.4285714285714285,0.4523809523809524,-0.0238095238095238,-0.1196428571428571,0.0714285714285714,0.6428571428571429,0.6428571428571429,0.0,-0.0952380952380952,0.0952380952380952,0.72,25,0.76,0,42,0.0,27,0.0
llama-3.1-8b-instruct,dev,neutral_contrast_r4_a1,neutral_contrast,4,1.0,identity,crows_pairs,exploratory,30,30,30,0.0,0.0,0.0,0.0,1.0,0.0,0.0,0.0,,,,0,0,0,30,,,,0.0101387244411246,0.0101350409483786,0.6666666666666666,0.2666666666666666,0.4,0.2333333333333333,0.5674999999999955,0.8,0.6,0.2,0.0666666666666666,0.3666666666666666,0.9,0.8666666666666667,0.0333333333333333,0.0,0.1,0.8888888888888888,27,0.6923076923076923,0,30,0.0,27,0.0
llama-3.1-8b-instruct,dev,neutral_contrast_r4_a1,neutral_contrast,4,1.0,identity,stereoset,exploratory,28,28,28,0.0,0.0,0.0,0.0,1.0,0.0,0.0,0.0,,,,0,0,0,28,,,,0.0112966461681331,0.0112914425582345,0.4285714285714285,0.4285714285714285,0.0,0.0,0.0,0.3571428571428571,0.3571428571428571,0.0,-0.1785714285714285,0.1785714285714285,1.0,0.8214285714285714,0.1785714285714285,0.0357142857142857,0.3214285714285714,0.3571428571428571,28,0.4347826086956521,0,28,0.0,28,0.0
llama-3.1-8b-instruct,dev,neutral_contrast_r4_a1,neutral_contrast,4,1.0,neutral,pooled,exploratory,42,42,42,0.1246919177827381,0.1207304454985119,0.4047619047619047,0.5476190476190477,0.0476190476190476,0.0039614722842261,-0.0323532104492187,0.0415624709356398,0.0317700806489208,-0.3000460430355343,0.3011760781885516,0,0,0,42,,,,0.0311218955907642,0.0224600501542023,0.4615384615384615,0.358974358974359,0.1025641025641025,0.0128205128205128,0.2051282051282051,0.4285714285714285,0.4285714285714285,0.0,-0.0357142857142857,0.0357142857142857,0.6309523809523809,0.6190476190476191,0.0119047619047619,-0.0357142857142857,0.0595238095238095,0.75,26,0.75,1,42,0.0238095238095238,24,0.0416666666666666
llama-3.1-8b-instruct,dev,neutral_contrast_r4_a1,neutral_contrast,4,1.0,neutral,bbq,exploratory,42,42,42,0.1246919177827381,0.1207304454985119,0.4047619047619047,0.5476190476190477,0.0476190476190476,0.0039614722842261,-0.0323532104492187,0.0415624709356398,0.0317700806489208,-0.3000460430355343,0.3011760781885516,0,0,0,42,,,,0.0311218955907642,0.0224600501542023,0.4615384615384615,0.358974358974359,0.1025641025641025,0.0128205128205128,0.2051282051282051,0.4285714285714285,0.4285714285714285,0.0,-0.0357142857142857,0.0357142857142857,0.6309523809523809,0.6190476190476191,0.0119047619047619,-0.0357142857142857,0.0595238095238095,0.75,26,0.75,1,42,0.0238095238095238,24,0.0416666666666666
llama-3.1-8b-instruct,dev,random_ortho_1_r1_a1,random_ortho_1,1,1.0,demographic,pooled,exploratory,100,100,100,0.131817626953125,0.1412157821655273,0.4,0.53,0.07,-0.0093981552124023,-0.0244261693954467,0.0046744680404662,-0.0712966499976848,-0.2006599983483383,0.033379687381173,2,0,0,98,0.0,0.0,0.0,0.0002546343889688,0.0002571233275405,0.3571428571428571,0.3520408163265306,0.0051020408163265,-0.010204081632653,0.0204081632653061,0.475,0.465,0.01,-0.01,0.03,0.775,0.765,0.01,-0.01,0.03,0.6341463414634146,82,0.63125,16,100,0.16,72,0.2222222222222222
llama-3.1-8b-instruct,dev,random_ortho_1_r1_a1,random_ortho_1,1,1.0,demographic,bbq,exploratory,42,42,42,0.1263674781436012,0.1354914165678478,0.4285714285714285,0.5476190476190477,0.0238095238095238,-0.0091239384242466,-0.0342499846503848,0.0151132379259381,-0.0722016341410123,-0.3160525658421295,0.1129191969081046,0,0,0,42,,,,0.0002567618799625,0.0002505359762547,0.3875,0.3875,0.0,0.0,0.0,0.4523809523809524,0.4285714285714285,0.0238095238095238,0.0,0.0595238095238095,0.6190476190476191,0.5952380952380952,0.0238095238095238,0.0,0.0595238095238095,0.7884615384615384,26,0.78,3,42,0.0714285714285714,25,0.12
llama-3.1-8b-instruct,dev,random_ortho_1_r1_a1,random_ortho_1,1,1.0,demographic,crows_pairs,exploratory,30,30,30,0.0823323567708333,0.1171478271484375,0.3,0.5666666666666667,0.1333333333333333,-0.0348154703776041,-0.0600594075520833,-0.0114756266276041,-0.4228649797370762,-0.7907238730129004,-0.145277060753603,0,0,0,30,,,,0.0002566801249911,0.0002663139648698,0.25,0.2333333333333333,0.0166666666666666,-0.0333333333333333,0.0833333333333333,0.6166666666666667,0.6166666666666667,0.0,0.0,0.0,0.9,0.8833333333333333,0.0166666666666666,0.0,0.05,0.6785714285714286,28,0.7037037037037037,8,30,0.2666666666666666,26,0.3076923076923077
llama-3.1-8b-instruct,dev,random_ortho_1_r1_a1,random_ortho_1,1,1.0,demographic,stereoset,exploratory,28,28,28,0.1930127825055803,0.1755894252232142,0.4642857142857143,0.4642857142857143,0.0714285714285714,0.017423357282366,-0.005175072806222,0.0422504425048827,0.0902704839347224,-0.0265623267567199,0.2412758903302678,2,0,0,26,0.0,0.0,0.0,0.0002492512924545,0.000257157243045,0.4285714285714285,0.4285714285714285,0.0,0.0,0.0,0.3571428571428571,0.3571428571428571,0.0,-0.0535714285714285,0.0535714285714285,0.875,0.8928571428571429,-0.0178571428571428,-0.0535714285714285,0.0,0.4464285714285714,28,0.4285714285714285,5,28,0.1785714285714285,21,0.238095238095238
llama-3.1-8b-instruct,dev,random_ortho_1_r1_a1,random_ortho_1,1,1.0,identity,pooled,exploratory,100,100,100,0.0,0.0,0.0,0.0,1.0,0.0,0.0,0.0,,,,0,0,0,100,,,,0.0002585971861585,0.0002587577875175,0.3505154639175257,0.3505154639175257,0.0,-0.0309278350515463,0.0309278350515463,0.47,0.47,0.0,-0.03,0.03,0.75,0.76,-0.01,-0.03,0.0,0.6438356164383562,73,0.6351351351351351,0,100,0.0,75,0.0
llama-3.1-8b-instruct,dev,random_ortho_1_r1_a1,random_ortho_1,1,1.0,identity,bbq,exploratory,42,42,42,0.0,0.0,0.0,0.0,1.0,0.0,0.0,0.0,,,,0,0,0,42,,,,0.0002425486764538,0.0002426597998845,0.358974358974359,0.358974358974359,0.0,0.0,0.0,0.4523809523809524,0.4523809523809524,0.0,0.0,0.0,0.6428571428571429,0.6428571428571429,0.0,0.0,0.0,0.76,25,0.76,0,42,0.0,27,0.0
llama-3.1-8b-instruct,dev,random_ortho_1_r1_a1,random_ortho_1,1,1.0,identity,crows_pairs,exploratory,30,30,30,0.0,0.0,0.0,0.0,1.0,0.0,0.0,0.0,,,,0,0,0,30,,,,0.0002767911683201,0.0002771621727026,0.2666666666666666,0.2666666666666666,0.0,-0.1,0.1,0.6,0.6,0.0,0.0,0.0,0.8666666666666667,0.8666666666666667,0.0,0.0,0.0,0.6923076923076923,26,0.6923076923076923,0,30,0.0,26,0.0
llama-3.1-8b-instruct,dev,random_ortho_1_r1_a1,random_ortho_1,1,1.0,identity,stereoset,exploratory,28,28,28,0.0,0.0,0.0,0.0,1.0,0.0,0.0,0.0,,,,0,0,0,28,,,,0.0002631763983996,0.0002631857848401,0.4285714285714285,0.4285714285714285,0.0,0.0,0.0,0.3571428571428571,0.3571428571428571,0.0,-0.1071428571428571,0.1071428571428571,0.7857142857142857,0.8214285714285714,-0.0357142857142857,-0.1071428571428571,0.0,0.4545454545454545,22,0.4347826086956521,0,28,0.0,22,0.0
llama-3.1-8b-instruct,dev,random_ortho_1_r1_a1,random_ortho_1,1,1.0,neutral,pooled,exploratory,42,42,42,0.1246919177827381,0.135709490094866,0.4285714285714285,0.5,0.0714285714285714,-0.0110175723121279,-0.0340441567557198,0.0123401460193452,-0.0883583515920003,-0.3141632604888187,0.0922581521006089,0,0,0,42,,,,0.0002795144981362,0.000261621615802,0.358974358974359,0.358974358974359,0.0,0.0,0.0,0.4642857142857143,0.4285714285714285,0.0357142857142857,0.0,0.0833333333333333,0.6428571428571429,0.6190476190476191,0.0238095238095238,-0.0238095238095238,0.0714285714285714,0.7777777777777778,27,0.75,2,42,0.0476190476190476,25,0.08
llama-3.1-8b-instruct,dev,random_ortho_1_r1_a1,random_ortho_1,1,1.0,neutral,bbq,exploratory,42,42,42,0.1246919177827381,0.135709490094866,0.4285714285714285,0.5,0.0714285714285714,-0.0110175723121279,-0.0340441567557198,0.0123401460193452,-0.0883583515920003,-0.3141632604888187,0.0922581521006089,0,0,0,42,,,,0.0002795144981362,0.000261621615802,0.358974358974359,0.358974358974359,0.0,0.0,0.0,0.4642857142857143,0.4285714285714285,0.0357142857142857,0.0,0.0833333333333333,0.6428571428571429,0.6190476190476191,0.0238095238095238,-0.0238095238095238,0.0714285714285714,0.7777777777777778,27,0.75,2,42,0.0476190476190476,25,0.08
llama-3.1-8b-instruct,dev,random_ortho_1_r2_a1,random_ortho_1,2,1.0,demographic,pooled,exploratory,100,100,100,0.131817626953125,0.1301300048828125,0.53,0.42,0.05,0.0016876220703125,-0.0139280242919921,0.0164666900634765,0.0128027040792703,-0.1104718936744297,0.1215127906083328,2,0,0,98,0.0,0.0,0.0,0.0005104067583974,0.0004991889693055,0.3520408163265306,0.3520408163265306,0.0,-0.0204081632653061,0.0204081632653061,0.465,0.465,0.0,-0.015,0.015,0.765,0.765,0.0,-0.015,0.015,0.6358024691358025,81,0.63125,15,100,0.15,71,0.2112676056338028
llama-3.1-8b-instruct,dev,random_ortho_1_r2_a1,random_ortho_1,2,1.0,demographic,bbq,exploratory,42,42,42,0.1263674781436012,0.1329084123883928,0.5,0.4285714285714285,0.0714285714285714,-0.0065409342447916,-0.0281813848586309,0.0142285664876302,-0.0517612153133157,-0.2837038105241398,0.103888142679755,0,0,0,42,,,,0.0005222379671541,0.0004940672547248,0.3875,0.3875,0.0,0.0,0.0,0.4404761904761904,0.4285714285714285,0.0119047619047619,0.0,0.0357142857142857,0.6071428571428571,0.5952380952380952,0.0119047619047619,0.0,0.0357142857142857,0.7884615384615384,26,0.78,3,42,0.0714285714285714,24,0.125
llama-3.1-8b-instruct,dev,random_ortho_1_r2_a1,random_ortho_1,2,1.0,demographic,crows_pairs,exploratory,30,30,30,0.0823323567708333,0.0892964680989583,0.5,0.4333333333333333,0.0666666666666666,-0.006964111328125,-0.0329027303059895,0.0167512003580729,-0.0845853513887515,-0.4227383719772368,0.2061075248218525,0,0,0,30,,,,0.0004902336984033,0.0004983937948082,0.2333333333333333,0.2333333333333333,0.0,-0.0666666666666666,0.0666666666666666,0.6166666666666667,0.6166666666666667,0.0,0.0,0.0,0.8833333333333333,0.8833333333333333,0.0,0.0,0.0,0.7037037037037037,27,0.7037037037037037,8,30,0.2666666666666666,26,0.3076923076923077
llama-3.1-8b-instruct,dev,random_ortho_1_r2_a1,random_ortho_1,2,1.0,demographic,stereoset,exploratory,28,28,28,0.1930127825055803,0.1697126116071428,0.6071428571428571,0.3928571428571428,0.0,0.0233001708984375,-0.0080047062465122,0.0572570255824497,0.1207182788412671,-0.042696174249977,0.3146206397865239,2,0,0,26,0.0,0.0,0.0,0.0005142739381131,0.0005077235138524,0.4285714285714285,0.4285714285714285,0.0,0.0,0.0,0.3392857142857143,0.3571428571428571,-0.0178571428571428,-0.0535714285714285,0.0,0.875,0.8928571428571429,-0.0178571428571428,-0.0535714285714285,0.0,0.4285714285714285,28,0.4285714285714285,4,28,0.1428571428571428,21,0.1904761904761904
llama-3.1-8b-instruct,dev,random_ortho_1_r2_a1,random_ortho_1,2,1.0,identity,pooled,exploratory,100,100,100,0.0,0.0,0.0,0.0,1.0,0.0,0.0,0.0,,,,0,0,0,100,,,,0.0004955302307376,0.0004956407011468,0.3505154639175257,0.3505154639175257,0.0,-0.0309278350515463,0.0309278350515463,0.46,0.47,-0.01,-0.03,0.0,0.75,0.76,-0.01,-0.03,0.0,0.6301369863013698,73,0.6351351351351351,0,100,0.0,75,0.0
llama-3.1-8b-instruct,dev,random_ortho_1_r2_a1,random_ortho_1,2,1.0,identity,bbq,exploratory,42,42,42,0.0,0.0,0.0,0.0,1.0,0.0,0.0,0.0,,,,0,0,0,42,,,,0.0004840076886032,0.0004840701603371,0.358974358974359,0.358974358974359,0.0,0.0,0.0,0.4523809523809524,0.4523809523809524,0.0,0.0,0.0,0.6428571428571429,0.6428571428571429,0.0,0.0,0.0,0.76,25,0.76,0,42,0.0,27,0.0
llama-3.1-8b-instruct,dev,random_ortho_1_r2_a1,random_ortho_1,2,1.0,identity,crows_pairs,exploratory,30,30,30,0.0,0.0,0.0,0.0,1.0,0.0,0.0,0.0,,,,0,0,0,30,,,,0.0005087268438037,0.0005092865538859,0.2666666666666666,0.2666666666666666,0.0,-0.1,0.1,0.6,0.6,0.0,0.0,0.0,0.8666666666666667,0.8666666666666667,0.0,0.0,0.0,0.6923076923076923,26,0.6923076923076923,0,30,0.0,26,0.0
llama-3.1-8b-instruct,dev,random_ortho_1_r2_a1,random_ortho_1,2,1.0,identity,stereoset,exploratory,28,28,28,0.0,0.0,0.0,0.0,1.0,0.0,0.0,0.0,,,,0,0,0,28,,,,0.0004986748156541,0.0004983759558552,0.4285714285714285,0.4285714285714285,0.0,0.0,0.0,0.3214285714285714,0.3571428571428571,-0.0357142857142857,-0.1071428571428571,0.0,0.7857142857142857,0.8214285714285714,-0.0357142857142857,-0.1071428571428571,0.0,0.4090909090909091,22,0.4347826086956521,0,28,0.0,22,0.0
llama-3.1-8b-instruct,dev,random_ortho_1_r2_a1,random_ortho_1,2,1.0,neutral,pooled,exploratory,42,42,42,0.1246919177827381,0.1231108165922619,0.4761904761904761,0.4047619047619047,0.119047619047619,0.0015811011904761,-0.0239679245721726,0.0278561546688988,0.0126800615355927,-0.2082610024459057,0.2108576779383597,0,0,0,42,,,,0.0005457193438456,0.0005137132164669,0.358974358974359,0.358974358974359,0.0,0.0,0.0,0.4523809523809524,0.4285714285714285,0.0238095238095238,0.0,0.0595238095238095,0.6309523809523809,0.6190476190476191,0.0119047619047619,-0.0238095238095238,0.0595238095238095,0.7884615384615384,26,0.75,3,42,0.0714285714285714,25,0.12
llama-3.1-8b-instruct,dev,random_ortho_1_r2_a1,random_ortho_1,2,1.0,neutral,bbq,exploratory,42,42,42,0.1246919177827381,0.1231108165922619,0.4761904761904761,0.4047619047619047,0.119047619047619,0.0015811011904761,-0.0239679245721726,0.0278561546688988,0.0126800615355927,-0.2082610024459057,0.2108576779383597,0,0,0,42,,,,0.0005457193438456,0.0005137132164669,0.358974358974359,0.358974358974359,0.0,0.0,0.0,0.4523809523809524,0.4285714285714285,0.0238095238095238,0.0,0.0595238095238095,0.6309523809523809,0.6190476190476191,0.0119047619047619,-0.0238095238095238,0.0595238095238095,0.7884615384615384,26,0.75,3,42,0.0714285714285714,25,0.12
llama-3.1-8b-instruct,dev,random_ortho_1_r4_a1,random_ortho_1,4,1.0,demographic,pooled,exploratory,100,100,100,0.131817626953125,0.1405804443359375,0.45,0.49,0.06,-0.0087628173828125,-0.0255953521728515,0.0074874420166015,-0.0664768254850209,-0.2066742244146399,0.0558228905087743,2,1,0,98,0.5,0.0,1.0,0.0009531519330038,0.0009520639488181,0.3571428571428571,0.3520408163265306,0.0051020408163265,-0.0153061224489795,0.0255102040816326,0.475,0.465,0.01,-0.01,0.03,0.775,0.765,0.01,-0.01,0.03,0.6341463414634146,82,0.63125,16,100,0.16,72,0.2222222222222222
llama-3.1-8b-instruct,dev,random_ortho_1_r4_a1,random_ortho_1,4,1.0,demographic,bbq,exploratory,42,42,42,0.1263674781436012,0.1508207775297619,0.4047619047619047,0.5714285714285714,0.0238095238095238,-0.0244532993861607,-0.0573785691034226,0.0056067693801153,-0.1935094356981037,-0.5388634700384322,0.0411935078104366,0,0,0,42,,,,0.0009414151060891,0.0009322179042329,0.3875,0.3875,0.0,0.0,0.0,0.4523809523809524,0.4285714285714285,0.0238095238095238,0.0,0.0595238095238095,0.6190476190476191,0.5952380952380952,0.0238095238095238,0.0,0.0595238095238095,0.7884615384615384,26,0.78,3,42,0.0714285714285714,25,0.12
llama-3.1-8b-instruct,dev,random_ortho_1_r4_a1,random_ortho_1,4,1.0,demographic,crows_pairs,exploratory,30,30,30,0.0823323567708333,0.0912333170572916,0.4666666666666667,0.4,0.1333333333333333,-0.0089009602864583,-0.0347958882649739,0.0140419006347656,-0.1081101116931897,-0.4402377642361918,0.1960742575730643,0,0,0,30,,,,0.0009712556483617,0.0009768819073552,0.2333333333333333,0.2333333333333333,0.0,-0.0666666666666666,0.0666666666666666,0.6166666666666667,0.6166666666666667,0.0,0.0,0.0,0.9,0.8833333333333333,0.0166666666666666,0.0,0.05,0.6785714285714286,28,0.7037037037037037,8,30,0.2666666666666666,26,0.3076923076923077
llama-3.1-8b-instruct,dev,random_ortho_1_r4_a1,random_ortho_1,4,1.0,demographic,stereoset,exploratory,28,28,28,0.1930127825055803,0.1780918666294642,0.5,0.4642857142857143,0.0357142857142857,0.014920915876116,-0.0126112256731305,0.0441563197544642,0.0773053249760009,-0.0640369396568141,0.2489097658246085,2,1,0,26,0.5,0.0,1.0,0.0009513603354923,0.0009552423458347,0.4464285714285714,0.4285714285714285,0.0178571428571428,0.0,0.0535714285714285,0.3571428571428571,0.3571428571428571,0.0,-0.0535714285714285,0.0535714285714285,0.875,0.8928571428571429,-0.0178571428571428,-0.0535714285714285,0.0,0.4464285714285714,28,0.4285714285714285,5,28,0.1785714285714285,21,0.238095238095238
llama-3.1-8b-instruct,dev,random_ortho_1_r4_a1,random_ortho_1,4,1.0,identity,pooled,exploratory,100,100,100,0.0,0.0,0.0,0.0,1.0,0.0,0.0,0.0,,,,0,0,0,100,,,,0.0009518359884546,0.0009516675652005,0.3608247422680412,0.3505154639175257,0.0103092783505154,-0.0206185567010309,0.0515463917525773,0.46,0.47,-0.01,-0.03,0.0,0.75,0.76,-0.01,-0.03,0.0,0.6301369863013698,73,0.6351351351351351,0,100,0.0,75,0.0
llama-3.1-8b-instruct,dev,random_ortho_1_r4_a1,random_ortho_1,4,1.0,identity,bbq,exploratory,42,42,42,0.0,0.0,0.0,0.0,1.0,0.0,0.0,0.0,,,,0,0,0,42,,,,0.0009309978391312,0.0009310375696614,0.358974358974359,0.358974358974359,0.0,0.0,0.0,0.4523809523809524,0.4523809523809524,0.0,0.0,0.0,0.6428571428571429,0.6428571428571429,0.0,0.0,0.0,0.76,25,0.76,0,42,0.0,27,0.0
llama-3.1-8b-instruct,dev,random_ortho_1_r4_a1,random_ortho_1,4,1.0,identity,crows_pairs,exploratory,30,30,30,0.0,0.0,0.0,0.0,1.0,0.0,0.0,0.0,,,,0,0,0,30,,,,0.0009785462344157,0.0009781714723206,0.2666666666666666,0.2666666666666666,0.0,-0.1,0.1,0.6,0.6,0.0,0.0,0.0,0.8666666666666667,0.8666666666666667,0.0,0.0,0.0,0.6923076923076923,26,0.6923076923076923,0,30,0.0,26,0.0
llama-3.1-8b-instruct,dev,random_ortho_1_r4_a1,random_ortho_1,4,1.0,identity,stereoset,exploratory,28,28,28,0.0,0.0,0.0,0.0,1.0,0.0,0.0,0.0,,,,0,0,0,28,,,,0.0009544750917669,0.0009542155151663,0.4642857142857143,0.4285714285714285,0.0357142857142857,0.0,0.1071428571428571,0.3214285714285714,0.3571428571428571,-0.0357142857142857,-0.1071428571428571,0.0,0.7857142857142857,0.8214285714285714,-0.0357142857142857,-0.1071428571428571,0.0,0.4090909090909091,22,0.4347826086956521,0,28,0.0,22,0.0
llama-3.1-8b-instruct,dev,random_ortho_1_r4_a1,random_ortho_1,4,1.0,neutral,pooled,exploratory,42,42,42,0.1246919177827381,0.1181175595238095,0.5238095238095238,0.4047619047619047,0.0714285714285714,0.0065743582589285,-0.0208754766555059,0.0313165573846725,0.0527248146939536,-0.1868338601708071,0.2299416106692859,0,0,0,42,,,,0.0010002925413598,0.0009585388194473,0.358974358974359,0.358974358974359,0.0,0.0,0.0,0.4642857142857143,0.4285714285714285,0.0357142857142857,0.0,0.0833333333333333,0.6428571428571429,0.6190476190476191,0.0238095238095238,-0.0238095238095238,0.0714285714285714,0.7777777777777778,27,0.75,2,42,0.0476190476190476,25,0.08
llama-3.1-8b-instruct,dev,random_ortho_1_r4_a1,random_ortho_1,4,1.0,neutral,bbq,exploratory,42,42,42,0.1246919177827381,0.1181175595238095,0.5238095238095238,0.4047619047619047,0.0714285714285714,0.0065743582589285,-0.0208754766555059,0.0313165573846725,0.0527248146939536,-0.1868338601708071,0.2299416106692859,0,0,0,42,,,,0.0010002925413598,0.0009585388194473,0.358974358974359,0.358974358974359,0.0,0.0,0.0,0.4642857142857143,0.4285714285714285,0.0357142857142857,0.0,0.0833333333333333,0.6428571428571429,0.6190476190476191,0.0238095238095238,-0.0238095238095238,0.0714285714285714,0.7777777777777778,27,0.75,2,42,0.0476190476190476,25,0.08
llama-3.1-8b-instruct,dev,random_ortho_2_r1_a1,random_ortho_2,1,1.0,demographic,pooled,exploratory,100,100,100,0.131817626953125,0.13193359375,0.51,0.41,0.08,-0.000115966796875,-0.0148972244262695,0.0157690811157226,-0.0008797518173819,-0.1164225863865995,0.1186798101559191,2,1,0,98,0.5,0.0,1.0,0.0002235187589594,0.0002249883943429,0.3571428571428571,0.3520408163265306,0.0051020408163265,-0.010204081632653,0.0204081632653061,0.465,0.465,0.0,-0.015,0.015,0.76,0.765,-0.005,-0.015,0.0,0.6375,80,0.63125,16,100,0.16,71,0.2253521126760563
llama-3.1-8b-instruct,dev,random_ortho_2_r1_a1,random_ortho_2,1,1.0,demographic,bbq,exploratory,42,42,42,0.1263674781436012,0.1400836762927827,0.4523809523809524,0.5,0.0476190476190476,-0.0137161981491815,-0.0405284699939546,0.0117804572695777,-0.1085421530181585,-0.3857209221740091,0.0866656287917407,0,0,0,42,,,,0.0002126986066632,0.0002250449594543,0.3875,0.3875,0.0,0.0,0.0,0.4285714285714285,0.4285714285714285,0.0,0.0,0.0,0.5952380952380952,0.5952380952380952,0.0,0.0,0.0,0.78,25,0.78,3,42,0.0714285714285714,24,0.125
llama-3.1-8b-instruct,dev,random_ortho_2_r1_a1,random_ortho_2,1,1.0,demographic,crows_pairs,exploratory,30,30,30,0.0823323567708333,0.0866790771484375,0.4666666666666667,0.4,0.1333333333333333,-0.0043467203776041,-0.0276951599121093,0.0171927134195963,-0.0527948008302856,-0.3409620512024559,0.2346036785362177,0,0,0,30,,,,0.0002344017852063,0.0002269615819004,0.25,0.2333333333333333,0.0166666666666666,-0.0333333333333333,0.0833333333333333,0.6166666666666667,0.6166666666666667,0.0,0.0,0.0,0.8833333333333333,0.8833333333333333,0.0,0.0,0.0,0.7037037037037037,27,0.7037037037037037,8,30,0.2666666666666666,26,0.3076923076923077
llama-3.1-8b-instruct,dev,random_ortho_2_r1_a1,random_ortho_2,1,1.0,demographic,stereoset,exploratory,28,28,28,0.1930127825055803,0.1681954520089285,0.6428571428571429,0.2857142857142857,0.0714285714285714,0.0248173304966517,-0.0019858769008091,0.0535944802420479,0.1285786888023039,-0.0110715749904379,0.302456600272156,2,1,0,26,0.5,0.0,1.0,0.0002280886021389,0.0002227894171501,0.4285714285714285,0.4285714285714285,0.0,0.0,0.0,0.3571428571428571,0.3571428571428571,0.0,-0.0535714285714285,0.0535714285714285,0.875,0.8928571428571429,-0.0178571428571428,-0.0535714285714285,0.0,0.4464285714285714,28,0.4285714285714285,5,28,0.1785714285714285,21,0.238095238095238
llama-3.1-8b-instruct,dev,random_ortho_2_r1_a1,random_ortho_2,1,1.0,identity,pooled,exploratory,100,100,100,0.0,0.0,0.0,0.0,1.0,0.0,0.0,0.0,,,,0,0,0,100,,,,0.0002216752382055,0.0002217021695631,0.3505154639175257,0.3505154639175257,0.0,-0.0309278350515463,0.0309278350515463,0.45,0.47,-0.02,-0.05,0.0,0.74,0.76,-0.02,-0.05,0.0,0.625,72,0.6351351351351351,0,100,0.0,74,0.0
llama-3.1-8b-instruct,dev,random_ortho_2_r1_a1,random_ortho_2,1,1.0,identity,bbq,exploratory,42,42,42,0.0,0.0,0.0,0.0,1.0,0.0,0.0,0.0,,,,0,0,0,42,,,,0.0002206510846128,0.0002205714473304,0.358974358974359,0.358974358974359,0.0,0.0,0.0,0.4285714285714285,0.4523809523809524,-0.0238095238095238,-0.0714285714285714,0.0,0.6190476190476191,0.6428571428571429,-0.0238095238095238,-0.0714285714285714,0.0,0.75,24,0.76,0,42,0.0,26,0.0
llama-3.1-8b-instruct,dev,random_ortho_2_r1_a1,random_ortho_2,1,1.0,identity,crows_pairs,exploratory,30,30,30,0.0,0.0,0.0,0.0,1.0,0.0,0.0,0.0,,,,0,0,0,30,,,,0.0002201213182818,0.000220585888537,0.2666666666666666,0.2666666666666666,0.0,-0.1,0.1,0.6,0.6,0.0,0.0,0.0,0.8666666666666667,0.8666666666666667,0.0,0.0,0.0,0.6923076923076923,26,0.6923076923076923,0,30,0.0,26,0.0
llama-3.1-8b-instruct,dev,random_ortho_2_r1_a1,random_ortho_2,1,1.0,identity,stereoset,exploratory,28,28,28,0.0,0.0,0.0,0.0,1.0,0.0,0.0,0.0,,,,0,0,0,28,,,,0.0002248763827987,0.0002245942682971,0.4285714285714285,0.4285714285714285,0.0,0.0,0.0,0.3214285714285714,0.3571428571428571,-0.0357142857142857,-0.1071428571428571,0.0,0.7857142857142857,0.8214285714285714,-0.0357142857142857,-0.1071428571428571,0.0,0.4090909090909091,22,0.4347826086956521,0,28,0.0,22,0.0
llama-3.1-8b-instruct,dev,random_ortho_2_r1_a1,random_ortho_2,1,1.0,neutral,pooled,exploratory,42,42,42,0.1246919177827381,0.1313556489490327,0.5,0.4523809523809524,0.0476190476190476,-0.0066637311662946,-0.0359881264822823,0.0206537155877976,-0.0534415644958277,-0.33660480215975,0.1581033400209972,0,0,0,42,,,,0.0002289105910016,0.0002238411116205,0.358974358974359,0.358974358974359,0.0,0.0,0.0,0.4523809523809524,0.4285714285714285,0.0238095238095238,-0.0238095238095238,0.0714285714285714,0.6190476190476191,0.6190476190476191,0.0,-0.0476190476190476,0.0476190476190476,0.8076923076923077,26,0.75,2,42,0.0476190476190476,24,0.0833333333333333
llama-3.1-8b-instruct,dev,random_ortho_2_r1_a1,random_ortho_2,1,1.0,neutral,bbq,exploratory,42,42,42,0.1246919177827381,0.1313556489490327,0.5,0.4523809523809524,0.0476190476190476,-0.0066637311662946,-0.0359881264822823,0.0206537155877976,-0.0534415644958277,-0.33660480215975,0.1581033400209972,0,0,0,42,,,,0.0002289105910016,0.0002238411116205,0.358974358974359,0.358974358974359,0.0,0.0,0.0,0.4523809523809524,0.4285714285714285,0.0238095238095238,-0.0238095238095238,0.0714285714285714,0.6190476190476191,0.6190476190476191,0.0,-0.0476190476190476,0.0476190476190476,0.8076923076923077,26,0.75,2,42,0.0476190476190476,24,0.0833333333333333
llama-3.1-8b-instruct,dev,random_ortho_2_r2_a1,random_ortho_2,2,1.0,demographic,pooled,exploratory,100,100,100,0.131817626953125,0.1371898651123047,0.43,0.5,0.07,-0.0053722381591796,-0.020698013305664,0.0113426666259765,-0.0407550817243136,-0.1750905318336201,0.0854135514853556,2,1,0,98,0.5,0.0,1.0,0.000425311674564,0.0004310646798038,0.3622448979591837,0.3520408163265306,0.010204081632653,0.0,0.0255102040816326,0.46,0.465,-0.005,-0.015,0.0,0.76,0.765,-0.005,-0.015,0.0,0.63125,80,0.63125,15,100,0.15,71,0.2112676056338028
llama-3.1-8b-instruct,dev,random_ortho_2_r2_a1,random_ortho_2,2,1.0,demographic,bbq,exploratory,42,42,42,0.1263674781436012,0.1333449227469308,0.4047619047619047,0.5238095238095238,0.0714285714285714,-0.0069774446033296,-0.0327263196309407,0.020926520937965,-0.0552155088147015,-0.3071224576657255,0.1509091356544426,0,0,0,42,,,,0.0003926552084447,0.0004177870750913,0.3875,0.3875,0.0,0.0,0.0,0.4285714285714285,0.4285714285714285,0.0,0.0,0.0,0.5952380952380952,0.5952380952380952,0.0,0.0,0.0,0.78,25,0.78,3,42,0.0714285714285714,24,0.125
llama-3.1-8b-instruct,dev,random_ortho_2_r2_a1,random_ortho_2,2,1.0,demographic,crows_pairs,exploratory,30,30,30,0.0823323567708333,0.1065826416015625,0.4,0.4666666666666667,0.1333333333333333,-0.0242502848307291,-0.0513869984944661,0.0007984161376953,-0.2945413660175942,-0.7079353028147897,0.0084237571673346,0,0,0,30,,,,0.0004264824711401,0.0004281177268446,0.2666666666666666,0.2333333333333333,0.0333333333333333,0.0,0.0833333333333333,0.6166666666666667,0.6166666666666667,0.0,0.0,0.0,0.8833333333333333,0.8833333333333333,0.0,0.0,0.0,0.7037037037037037,27,0.7037037037037037,8,30,0.2666666666666666,26,0.3076923076923077
llama-3.1-8b-instruct,dev,random_ortho_2_r2_a1,random_ortho_2,2,1.0,demographic,stereoset,exploratory,28,28,28,0.1930127825055803,0.175750732421875,0.5,0.5,0.0,0.0172620500837053,-0.0108509608677455,0.0483770642961774,0.0894347506917386,-0.0629847018430277,0.2550322931689406,2,1,0,26,0.5,0.0,1.0,0.0004730419488402,0.0004541385364718,0.4285714285714285,0.4285714285714285,0.0,0.0,0.0,0.3392857142857143,0.3571428571428571,-0.0178571428571428,-0.0535714285714285,0.0,0.875,0.8928571428571429,-0.0178571428571428,-0.0535714285714285,0.0,0.4285714285714285,28,0.4285714285714285,4,28,0.1428571428571428,21,0.1904761904761904
llama-3.1-8b-instruct,dev,random_ortho_2_r2_a1,random_ortho_2,2,1.0,identity,pooled,exploratory,100,100,100,0.0,0.0,0.0,0.0,1.0,0.0,0.0,0.0,,,,0,0,0,100,,,,0.0004288905937011,0.0004287853392045,0.3608247422680412,0.3505154639175257,0.0103092783505154,0.0,0.0309278350515463,0.45,0.47,-0.02,-0.05,0.0,0.74,0.76,-0.02,-0.05,0.0,0.625,72,0.6351351351351351,0,100,0.0,74,0.0
llama-3.1-8b-instruct,dev,random_ortho_2_r2_a1,random_ortho_2,2,1.0,identity,bbq,exploratory,42,42,42,0.0,0.0,0.0,0.0,1.0,0.0,0.0,0.0,,,,0,0,0,42,,,,0.0004197134939185,0.0004191494689028,0.358974358974359,0.358974358974359,0.0,0.0,0.0,0.4285714285714285,0.4523809523809524,-0.0238095238095238,-0.0714285714285714,0.0,0.6190476190476191,0.6428571428571429,-0.0238095238095238,-0.0714285714285714,0.0,0.75,24,0.76,0,42,0.0,26,0.0
llama-3.1-8b-instruct,dev,random_ortho_2_r2_a1,random_ortho_2,2,1.0,identity,crows_pairs,exploratory,30,30,30,0.0,0.0,0.0,0.0,1.0,0.0,0.0,0.0,,,,0,0,0,30,,,,0.0004243784855106,0.0004246634550587,0.3,0.2666666666666666,0.0333333333333333,0.0,0.1,0.6,0.6,0.0,0.0,0.0,0.8666666666666667,0.8666666666666667,0.0,0.0,0.0,0.6923076923076923,26,0.6923076923076923,0,30,0.0,26,0.0
llama-3.1-8b-instruct,dev,random_ortho_2_r2_a1,random_ortho_2,2,1.0,identity,stereoset,exploratory,28,28,28,0.0,0.0,0.0,0.0,1.0,0.0,0.0,0.0,,,,0,0,0,28,,,,0.0004474906450077,0.000447655449099,0.4285714285714285,0.4285714285714285,0.0,0.0,0.0,0.3214285714285714,0.3571428571428571,-0.0357142857142857,-0.1071428571428571,0.0,0.7857142857142857,0.8214285714285714,-0.0357142857142857,-0.1071428571428571,0.0,0.4090909090909091,22,0.4347826086956521,0,28,0.0,22,0.0
llama-3.1-8b-instruct,dev,random_ortho_2_r2_a1,random_ortho_2,2,1.0,neutral,pooled,exploratory,42,42,42,0.1246919177827381,0.1206897553943452,0.4523809523809524,0.4523809523809524,0.0952380952380952,0.0040021623883928,-0.0248969668433779,0.0323314848400297,0.0320964057619691,-0.2285088336928059,0.2346294415630772,0,0,0,42,,,,0.0004700655172011,0.0004478856233945,0.358974358974359,0.358974358974359,0.0,0.0,0.0,0.4285714285714285,0.4285714285714285,0.0,-0.0357142857142857,0.0357142857142857,0.6190476190476191,0.6190476190476191,0.0,-0.0476190476190476,0.0476190476190476,0.75,26,0.75,3,42,0.0714285714285714,24,0.125
llama-3.1-8b-instruct,dev,random_ortho_2_r2_a1,random_ortho_2,2,1.0,neutral,bbq,exploratory,42,42,42,0.1246919177827381,0.1206897553943452,0.4523809523809524,0.4523809523809524,0.0952380952380952,0.0040021623883928,-0.0248969668433779,0.0323314848400297,0.0320964057619691,-0.2285088336928059,0.2346294415630772,0,0,0,42,,,,0.0004700655172011,0.0004478856233945,0.358974358974359,0.358974358974359,0.0,0.0,0.0,0.4285714285714285,0.4285714285714285,0.0,-0.0357142857142857,0.0357142857142857,0.6190476190476191,0.6190476190476191,0.0,-0.0476190476190476,0.0476190476190476,0.75,26,0.75,3,42,0.0714285714285714,24,0.125
llama-3.1-8b-instruct,dev,random_ortho_2_r4_a1,random_ortho_2,4,1.0,demographic,pooled,exploratory,100,100,100,0.131817626953125,0.129951171875,0.46,0.47,0.07,0.001866455078125,-0.0129391479492187,0.0166137695312499,0.0141593739871278,-0.1016784821759554,0.1226955718413479,2,0,0,98,0.0,0.0,0.0,0.0008739203009354,0.0008890970827406,0.3571428571428571,0.3520408163265306,0.0051020408163265,-0.010204081632653,0.0255102040816326,0.47,0.465,0.005,-0.015,0.03,0.775,0.765,0.01,-0.015,0.035,0.6219512195121951,82,0.63125,14,100,0.14,72,0.1944444444444444
llama-3.1-8b-instruct,dev,random_ortho_2_r4_a1,random_ortho_2,4,1.0,demographic,bbq,exploratory,42,42,42,0.1263674781436012,0.1274065290178571,0.4761904761904761,0.4523809523809524,0.0714285714285714,-0.0010390508742559,-0.0294701349167596,0.0266302199590773,-0.0082224547764986,-0.2748505750931499,0.1994746182992629,0,0,0,42,,,,0.0008392660592524,0.0008735431721388,0.3875,0.3875,0.0,0.0,0.0,0.4404761904761904,0.4285714285714285,0.0119047619047619,-0.0241071428571428,0.0476190476190476,0.6309523809523809,0.5952380952380952,0.0357142857142857,-0.0119047619047619,0.0836309523809507,0.7222222222222222,27,0.78,3,42,0.0714285714285714,25,0.12
llama-3.1-8b-instruct,dev,random_ortho_2_r4_a1,random_ortho_2,4,1.0,demographic,crows_pairs,exploratory,30,30,30,0.0823323567708333,0.0941243489583333,0.4333333333333333,0.5,0.0666666666666666,-0.0117919921875,-0.0333669026692708,0.0095593261718749,-0.1432242759711377,-0.4259472440314951,0.1253170767538571,0,0,0,30,,,,0.0008718940944971,0.0008938916520166,0.25,0.2333333333333333,0.0166666666666666,-0.0333333333333333,0.067083333333331,0.6166666666666667,0.6166666666666667,0.0,0.0,0.0,0.8833333333333333,0.8833333333333333,0.0,0.0,0.0,0.7037037037037037,27,0.7037037037037037,8,30,0.2666666666666666,26,0.3076923076923077
llama-3.1-8b-instruct,dev,random_ortho_2_r4_a1,random_ortho_2,4,1.0,demographic,stereoset,exploratory,28,28,28,0.1930127825055803,0.1721540178571428,0.4642857142857143,0.4642857142857143,0.0714285714285714,0.0208587646484375,-0.0026820591517857,0.0476836613246372,0.1080693432717827,-0.0140062020376489,0.2612464224506355,2,0,0,26,0.0,0.0,0.0,0.0009280725989293,0.0009072909101333,0.4285714285714285,0.4285714285714285,0.0,0.0,0.0,0.3571428571428571,0.3571428571428571,0.0,-0.0535714285714285,0.0535714285714285,0.875,0.8928571428571429,-0.0178571428571428,-0.0535714285714285,0.0,0.4464285714285714,28,0.4285714285714285,3,28,0.1071428571428571,21,0.1428571428571428
llama-3.1-8b-instruct,dev,random_ortho_2_r4_a1,random_ortho_2,4,1.0,identity,pooled,exploratory,100,100,100,0.0,0.0,0.0,0.0,1.0,0.0,0.0,0.0,,,,0,0,0,100,,,,0.0008923316242142,0.000891869911776,0.3608247422680412,0.3505154639175257,0.0103092783505154,0.0,0.0309278350515463,0.47,0.47,0.0,-0.03,0.03,0.76,0.76,0.0,-0.03,0.03,0.6351351351351351,74,0.6351351351351351,0,100,0.0,76,0.0
llama-3.1-8b-instruct,dev,random_ortho_2_r4_a1,random_ortho_2,4,1.0,identity,bbq,exploratory,42,42,42,0.0,0.0,0.0,0.0,1.0,0.0,0.0,0.0,,,,0,0,0,42,,,,0.0008785538872843,0.0008786802741728,0.358974358974359,0.358974358974359,0.0,0.0,0.0,0.4523809523809524,0.4523809523809524,0.0,0.0,0.0,0.6666666666666666,0.6428571428571429,0.0238095238095238,0.0,0.0714285714285714,0.7307692307692307,26,0.76,0,42,0.0,28,0.0
llama-3.1-8b-instruct,dev,random_ortho_2_r4_a1,random_ortho_2,4,1.0,identity,crows_pairs,exploratory,30,30,30,0.0,0.0,0.0,0.0,1.0,0.0,0.0,0.0,,,,0,0,0,30,,,,0.0009017403432233,0.0009009338505221,0.3,0.2666666666666666,0.0333333333333333,0.0,0.1,0.6,0.6,0.0,0.0,0.0,0.8666666666666667,0.8666666666666667,0.0,0.0,0.0,0.6923076923076923,26,0.6923076923076923,0,30,0.0,26,0.0
llama-3.1-8b-instruct,dev,random_ortho_2_r4_a1,random_ortho_2,4,1.0,identity,stereoset,exploratory,28,28,28,0.0,0.0,0.0,0.0,1.0,0.0,0.0,0.0,,,,0,0,0,28,,,,0.0009029174592422,0.0009019430052386,0.4285714285714285,0.4285714285714285,0.0,0.0,0.0,0.3571428571428571,0.3571428571428571,0.0,-0.1071428571428571,0.1071428571428571,0.7857142857142857,0.8214285714285714,-0.0357142857142857,-0.1071428571428571,0.0,0.4545454545454545,22,0.4347826086956521,0,28,0.0,22,0.0
llama-3.1-8b-instruct,dev,random_ortho_2_r4_a1,random_ortho_2,4,1.0,neutral,pooled,exploratory,42,42,42,0.1246919177827381,0.1288771856398809,0.5238095238095238,0.4523809523809524,0.0238095238095238,-0.0041852678571428,-0.0300005231584821,0.021379888625372,-0.0335648687706866,-0.2798619710956673,0.1635769927657787,0,0,0,42,,,,0.0008615984386001,0.0008818891960661,0.358974358974359,0.358974358974359,0.0,0.0,0.0,0.4523809523809524,0.4285714285714285,0.0238095238095238,-0.0238095238095238,0.0714285714285714,0.6309523809523809,0.6190476190476191,0.0119047619047619,-0.0357142857142857,0.0595238095238095,0.78,25,0.75,3,42,0.0714285714285714,26,0.1153846153846153
llama-3.1-8b-instruct,dev,random_ortho_2_r4_a1,random_ortho_2,4,1.0,neutral,bbq,exploratory,42,42,42,0.1246919177827381,0.1288771856398809,0.5238095238095238,0.4523809523809524,0.0238095238095238,-0.0041852678571428,-0.0300005231584821,0.021379888625372,-0.0335648687706866,-0.2798619710956673,0.1635769927657787,0,0,0,42,,,,0.0008615984386001,0.0008818891960661,0.358974358974359,0.358974358974359,0.0,0.0,0.0,0.4523809523809524,0.4285714285714285,0.0238095238095238,-0.0238095238095238,0.0714285714285714,0.6309523809523809,0.6190476190476191,0.0119047619047619,-0.0357142857142857,0.0595238095238095,0.78,25,0.75,3,42,0.0714285714285714,26,0.1153846153846153
llama-3.1-8b-instruct,dev,random_ortho_3_r1_a1,random_ortho_3,1,1.0,demographic,pooled,exploratory,100,100,100,0.131817626953125,0.1397160720825195,0.41,0.53,0.06,-0.0078984451293945,-0.0251016721725463,0.0108994960784912,-0.0599194911330276,-0.2120888424422378,0.0771850350904678,2,1,0,98,0.5,0.0,1.0,0.0002695867134198,0.0002561661865816,0.3520408163265306,0.3520408163265306,0.0,-0.0256377551020408,0.0204081632653061,0.465,0.465,0.0,-0.015,0.015,0.77,0.765,0.005,-0.01,0.02,0.6234567901234568,81,0.63125,15,100,0.15,72,0.2083333333333333
llama-3.1-8b-instruct,dev,random_ortho_3_r1_a1,random_ortho_3,1,1.0,demographic,bbq,exploratory,42,42,42,0.1263674781436012,0.1472084408714657,0.3571428571428571,0.6190476190476191,0.0238095238095238,-0.0208409627278645,-0.0529199963524228,0.0117363884335472,-0.1649234679209263,-0.5130557694983278,0.0828589435189551,0,0,0,42,,,,0.0002759083896761,0.0002592813781421,0.3875,0.3875,0.0,0.0,0.0,0.4285714285714285,0.4285714285714285,0.0,-0.0357142857142857,0.0357142857142857,0.6071428571428571,0.5952380952380952,0.0119047619047619,-0.0238095238095238,0.0595238095238095,0.75,26,0.78,3,42,0.0714285714285714,24,0.125
llama-3.1-8b-instruct,dev,random_ortho_3_r1_a1,random_ortho_3,1,1.0,demographic,crows_pairs,exploratory,30,30,30,0.0823323567708333,0.098880132039388,0.3333333333333333,0.5,0.1666666666666666,-0.0165477752685546,-0.0428447532653808,0.0077290821075439,-0.2009875086488088,-0.5612010817915746,0.0983701317438704,0,0,0,30,,,,0.0002444086474577,0.0002435900262266,0.2333333333333333,0.2333333333333333,0.0,-0.0833333333333333,0.0666666666666666,0.6166666666666667,0.6166666666666667,0.0,0.0,0.0,0.8833333333333333,0.8833333333333333,0.0,0.0,0.0,0.7037037037037037,27,0.7037037037037037,8,30,0.2666666666666666,26,0.3076923076923077
llama-3.1-8b-instruct,dev,random_ortho_3_r1_a1,random_ortho_3,1,1.0,demographic,stereoset,exploratory,28,28,28,0.1930127825055803,0.1722303118024553,0.5714285714285714,0.4285714285714285,0.0,0.020782470703125,-0.0095101492745535,0.0555861336844308,0.1076740640352362,-0.055262565800426,0.284246663692721,2,1,0,26,0.5,0.0,1.0,0.0002870806982806,0.0002649678567641,0.4285714285714285,0.4285714285714285,0.0,0.0,0.0,0.3571428571428571,0.3571428571428571,0.0,0.0,0.0,0.8928571428571429,0.8928571428571429,0.0,0.0,0.0,0.4285714285714285,28,0.4285714285714285,4,28,0.1428571428571428,22,0.1818181818181818
llama-3.1-8b-instruct,dev,random_ortho_3_r1_a1,random_ortho_3,1,1.0,identity,pooled,exploratory,100,100,100,0.0,0.0,0.0,0.0,1.0,0.0,0.0,0.0,,,,0,0,0,100,,,,0.0002504975951681,0.0002502959837155,0.3505154639175257,0.3505154639175257,0.0,-0.0309278350515463,0.0309278350515463,0.47,0.47,0.0,0.0,0.0,0.77,0.76,0.01,0.0,0.03,0.6266666666666667,75,0.6351351351351351,0,100,0.0,77,0.0
llama-3.1-8b-instruct,dev,random_ortho_3_r1_a1,random_ortho_3,1,1.0,identity,bbq,exploratory,42,42,42,0.0,0.0,0.0,0.0,1.0,0.0,0.0,0.0,,,,0,0,0,42,,,,0.0002475658834773,0.0002475150432659,0.358974358974359,0.358974358974359,0.0,0.0,0.0,0.4523809523809524,0.4523809523809524,0.0,0.0,0.0,0.6666666666666666,0.6428571428571429,0.0238095238095238,0.0,0.0714285714285714,0.7307692307692307,26,0.76,0,42,0.0,28,0.0
llama-3.1-8b-instruct,dev,random_ortho_3_r1_a1,random_ortho_3,1,1.0,identity,crows_pairs,exploratory,30,30,30,0.0,0.0,0.0,0.0,1.0,0.0,0.0,0.0,,,,0,0,0,30,,,,0.0002443930756686,0.000244241857491,0.2666666666666666,0.2666666666666666,0.0,-0.1,0.1,0.6,0.6,0.0,0.0,0.0,0.8666666666666667,0.8666666666666667,0.0,0.0,0.0,0.6923076923076923,26,0.6923076923076923,0,30,0.0,26,0.0
llama-3.1-8b-instruct,dev,random_ortho_3_r1_a1,random_ortho_3,1,1.0,identity,stereoset,exploratory,28,28,28,0.0,0.0,0.0,0.0,1.0,0.0,0.0,0.0,,,,0,0,0,28,,,,0.0002614357193109,0.0002609539582016,0.4285714285714285,0.4285714285714285,0.0,0.0,0.0,0.3571428571428571,0.3571428571428571,0.0,0.0,0.0,0.8214285714285714,0.8214285714285714,0.0,0.0,0.0,0.4347826086956521,23,0.4347826086956521,0,28,0.0,23,0.0
llama-3.1-8b-instruct,dev,random_ortho_3_r1_a1,random_ortho_3,1,1.0,neutral,pooled,exploratory,42,42,42,0.1246919177827381,0.1289701915922619,0.4523809523809524,0.4761904761904761,0.0714285714285714,-0.0042782738095238,-0.0277396065848214,0.0200558617001488,-0.0343107547433685,-0.2478691167777954,0.1497378260856339,0,0,0,42,,,,0.0002813379085187,0.0002587456798769,0.358974358974359,0.358974358974359,0.0,0.0,0.0,0.4642857142857143,0.4285714285714285,0.0357142857142857,-0.0119047619047619,0.0833333333333333,0.6547619047619048,0.6190476190476191,0.0357142857142857,-0.0238095238095238,0.0952380952380952,0.7592592592592593,27,0.75,3,42,0.0714285714285714,26,0.1153846153846153
llama-3.1-8b-instruct,dev,random_ortho_3_r1_a1,random_ortho_3,1,1.0,neutral,bbq,exploratory,42,42,42,0.1246919177827381,0.1289701915922619,0.4523809523809524,0.4761904761904761,0.0714285714285714,-0.0042782738095238,-0.0277396065848214,0.0200558617001488,-0.0343107547433685,-0.2478691167777954,0.1497378260856339,0,0,0,42,,,,0.0002813379085187,0.0002587456798769,0.358974358974359,0.358974358974359,0.0,0.0,0.0,0.4642857142857143,0.4285714285714285,0.0357142857142857,-0.0119047619047619,0.0833333333333333,0.6547619047619048,0.6190476190476191,0.0357142857142857,-0.0238095238095238,0.0952380952380952,0.7592592592592593,27,0.75,3,42,0.0714285714285714,26,0.1153846153846153
llama-3.1-8b-instruct,dev,random_ortho_3_r2_a1,random_ortho_3,2,1.0,demographic,pooled,exploratory,100,100,100,0.131817626953125,0.130953369140625,0.46,0.46,0.08,0.0008642578125,-0.016760757446289,0.0179077606201171,0.0065564661758578,-0.1395363028442157,0.1287913498996227,2,1,1,98,0.5,0.0,1.0,0.0005026247573991,0.0004936952105442,0.3571428571428571,0.3520408163265306,0.0051020408163265,-0.0153061224489795,0.0255102040816326,0.47,0.465,0.005,-0.01,0.02,0.78,0.765,0.015,-0.005,0.035,0.6144578313253012,83,0.63125,14,100,0.14,72,0.1944444444444444
llama-3.1-8b-instruct,dev,random_ortho_3_r2_a1,random_ortho_3,2,1.0,demographic,bbq,exploratory,42,42,42,0.1263674781436012,0.1352742513020833,0.4523809523809524,0.4761904761904761,0.0714285714285714,-0.0089067731584821,-0.0395501273018973,0.0196090334937685,-0.0704831123428821,-0.382352585379404,0.1396952271253981,0,0,0,42,,,,0.0004949237657992,0.0004849858472253,0.3875,0.3875,0.0,0.0,0.0,0.4285714285714285,0.4285714285714285,0.0,-0.0357142857142857,0.0357142857142857,0.6190476190476191,0.5952380952380952,0.0238095238095238,-0.0238095238095238,0.0714285714285714,0.7222222222222222,27,0.78,3,42,0.0714285714285714,24,0.125
llama-3.1-8b-instruct,dev,random_ortho_3_r2_a1,random_ortho_3,2,1.0,demographic,crows_pairs,exploratory,30,30,30,0.0823323567708333,0.0804768880208333,0.5333333333333333,0.3666666666666666,0.1,0.00185546875,-0.0238578287760416,0.0293741861979166,0.0225363249975288,-0.3742750085429193,0.2988509123270014,0,0,0,30,,,,0.0004826687865449,0.0004837394612303,0.25,0.2333333333333333,0.0166666666666666,-0.05,0.1,0.6166666666666667,0.6166666666666667,0.0,0.0,0.0,0.9,0.8833333333333333,0.0166666666666666,0.0,0.05,0.6785714285714286,28,0.7037037037037037,8,30,0.2666666666666666,26,0.3076923076923077
llama-3.1-8b-instruct,dev,random_ortho_3_r2_a1,random_ortho_3,2,1.0,demographic,stereoset,exploratory,28,28,28,0.1930127825055803,0.1785539899553571,0.3928571428571428,0.5357142857142857,0.0714285714285714,0.0144587925502232,-0.0188319614955357,0.0498294830322265,0.074911062171777,-0.0993406732304568,0.2589051029461244,2,1,1,26,0.5,0.0,1.0,0.0005355576421427,0.0005174261297874,0.4285714285714285,0.4285714285714285,0.0,0.0,0.0,0.375,0.3571428571428571,0.0178571428571428,0.0,0.0535714285714285,0.8928571428571429,0.8928571428571429,0.0,0.0,0.0,0.4464285714285714,28,0.4285714285714285,3,28,0.1071428571428571,22,0.1363636363636363
llama-3.1-8b-instruct,dev,random_ortho_3_r2_a1,random_ortho_3,2,1.0,identity,pooled,exploratory,100,100,100,0.0,0.0,0.0,0.0,1.0,0.0,0.0,0.0,,,,0,0,0,100,,,,0.000486346689937,0.0004863753232926,0.3505154639175257,0.3505154639175257,0.0,-0.0309278350515463,0.0309278350515463,0.48,0.47,0.01,0.0,0.03,0.77,0.76,0.01,0.0,0.03,0.64,75,0.6351351351351351,0,100,0.0,77,0.0
llama-3.1-8b-instruct,dev,random_ortho_3_r2_a1,random_ortho_3,2,1.0,identity,bbq,exploratory,42,42,42,0.0,0.0,0.0,0.0,1.0,0.0,0.0,0.0,,,,0,0,0,42,,,,0.0004785160269725,0.000478344311305,0.358974358974359,0.358974358974359,0.0,0.0,0.0,0.4523809523809524,0.4523809523809524,0.0,0.0,0.0,0.6666666666666666,0.6428571428571429,0.0238095238095238,0.0,0.0714285714285714,0.7307692307692307,26,0.76,0,42,0.0,28,0.0
llama-3.1-8b-instruct,dev,random_ortho_3_r2_a1,random_ortho_3,2,1.0,identity,crows_pairs,exploratory,30,30,30,0.0,0.0,0.0,0.0,1.0,0.0,0.0,0.0,,,,0,0,0,30,,,,0.0004803184197174,0.0004804011486193,0.2666666666666666,0.2666666666666666,0.0,-0.1,0.1,0.6,0.6,0.0,0.0,0.0,0.8666666666666667,0.8666666666666667,0.0,0.0,0.0,0.6923076923076923,26,0.6923076923076923,0,30,0.0,26,0.0
llama-3.1-8b-instruct,dev,random_ortho_3_r2_a1,random_ortho_3,2,1.0,identity,stereoset,exploratory,28,28,28,0.0,0.0,0.0,0.0,1.0,0.0,0.0,0.0,,,,0,0,0,28,,,,0.0005045515453333,0.0005048227427097,0.4285714285714285,0.4285714285714285,0.0,0.0,0.0,0.3928571428571428,0.3571428571428571,0.0357142857142857,0.0,0.1071428571428571,0.8214285714285714,0.8214285714285714,0.0,0.0,0.0,0.4782608695652174,23,0.4347826086956521,0,28,0.0,23,0.0
llama-3.1-8b-instruct,dev,random_ortho_3_r2_a1,random_ortho_3,2,1.0,neutral,pooled,exploratory,42,42,42,0.1246919177827381,0.1104271298363095,0.4047619047619047,0.5,0.0952380952380952,0.0142647879464285,-0.0103597005208333,0.0415621802920386,0.1144002610600904,-0.095880534490215,0.3093685180505171,0,0,0,42,,,,0.0004747647850905,0.0004777172474019,0.358974358974359,0.358974358974359,0.0,0.0,0.0,0.4523809523809524,0.4285714285714285,0.0238095238095238,0.0,0.0595238095238095,0.6428571428571429,0.6190476190476191,0.0238095238095238,-0.0238095238095238,0.0714285714285714,0.7592592592592593,27,0.75,3,42,0.0714285714285714,25,0.12
llama-3.1-8b-instruct,dev,random_ortho_3_r2_a1,random_ortho_3,2,1.0,neutral,bbq,exploratory,42,42,42,0.1246919177827381,0.1104271298363095,0.4047619047619047,0.5,0.0952380952380952,0.0142647879464285,-0.0103597005208333,0.0415621802920386,0.1144002610600904,-0.095880534490215,0.3093685180505171,0,0,0,42,,,,0.0004747647850905,0.0004777172474019,0.358974358974359,0.358974358974359,0.0,0.0,0.0,0.4523809523809524,0.4285714285714285,0.0238095238095238,0.0,0.0595238095238095,0.6428571428571429,0.6190476190476191,0.0238095238095238,-0.0238095238095238,0.0714285714285714,0.7592592592592593,27,0.75,3,42,0.0714285714285714,25,0.12
llama-3.1-8b-instruct,dev,random_ortho_3_r4_a1,random_ortho_3,4,1.0,demographic,pooled,exploratory,100,100,100,0.131817626953125,0.1288247680664062,0.51,0.45,0.04,0.0029928588867187,-0.0121194152832031,0.0188444747924804,0.0227045422975413,-0.0966373266766114,0.1389205317807175,2,1,0,98,0.5,0.0,1.0,0.000997010741419,0.0009957632965763,0.3469387755102041,0.3520408163265306,-0.0051020408163265,-0.0357142857142857,0.0204081632653061,0.48,0.465,0.015,0.0,0.03,0.78,0.765,0.015,0.0,0.035,0.6325301204819277,83,0.63125,15,100,0.15,72,0.2083333333333333
llama-3.1-8b-instruct,dev,random_ortho_3_r4_a1,random_ortho_3,4,1.0,demographic,bbq,exploratory,42,42,42,0.1263674781436012,0.1325647263299851,0.4761904761904761,0.4761904761904761,0.0476190476190476,-0.0061972481863839,-0.0309716724214099,0.0165121350969586,-0.0490414802718583,-0.2917100552702997,0.1204644574127117,0,0,0,42,,,,0.0009922063466832,0.0009824397021612,0.3875,0.3875,0.0,0.0,0.0,0.4404761904761904,0.4285714285714285,0.0119047619047619,0.0,0.0357142857142857,0.6190476190476191,0.5952380952380952,0.0238095238095238,0.0,0.0595238095238095,0.7592592592592593,27,0.78,3,42,0.0714285714285714,24,0.125
llama-3.1-8b-instruct,dev,random_ortho_3_r4_a1,random_ortho_3,4,1.0,demographic,crows_pairs,exploratory,30,30,30,0.0823323567708333,0.089886474609375,0.4666666666666667,0.4666666666666667,0.0666666666666666,-0.0075541178385416,-0.0354697672526041,0.0154467264811197,-0.091751507363843,-0.3810350619107688,0.2105834469398671,0,0,0,30,,,,0.0009922855212022,0.0010054442267887,0.2166666666666666,0.2333333333333333,-0.0166666666666666,-0.1166666666666666,0.0666666666666666,0.6166666666666667,0.6166666666666667,0.0,0.0,0.0,0.9,0.8833333333333333,0.0166666666666666,0.0,0.05,0.6785714285714286,28,0.7037037037037037,8,30,0.2666666666666666,26,0.3076923076923077
llama-3.1-8b-instruct,dev,random_ortho_3_r4_a1,random_ortho_3,4,1.0,demographic,stereoset,exploratory,28,28,28,0.1930127825055803,0.1649344308035714,0.6071428571428571,0.3928571428571428,0.0,0.0280783517020089,-0.0022687639508928,0.0620191846575055,0.1454740527415439,-0.0141337047616893,0.3122153006851492,2,1,0,26,0.5,0.0,1.0,0.0010092800694691,0.0010053762629712,0.4285714285714285,0.4285714285714285,0.0,0.0,0.0,0.3928571428571428,0.3571428571428571,0.0357142857142857,0.0,0.0892857142857142,0.8928571428571429,0.8928571428571429,0.0,0.0,0.0,0.4642857142857143,28,0.4285714285714285,4,28,0.1428571428571428,22,0.1818181818181818
llama-3.1-8b-instruct,dev,random_ortho_3_r4_a1,random_ortho_3,4,1.0,identity,pooled,exploratory,100,100,100,0.0,0.0,0.0,0.0,1.0,0.0,0.0,0.0,,,,0,0,0,100,,,,0.000989324262018,0.0009892117706977,0.3505154639175257,0.3505154639175257,0.0,-0.0309278350515463,0.0309278350515463,0.48,0.47,0.01,0.0,0.03,0.76,0.76,0.0,0.0,0.0,0.6486486486486487,74,0.6351351351351351,0,100,0.0,76,0.0
llama-3.1-8b-instruct,dev,random_ortho_3_r4_a1,random_ortho_3,4,1.0,identity,bbq,exploratory,42,42,42,0.0,0.0,0.0,0.0,1.0,0.0,0.0,0.0,,,,0,0,0,42,,,,0.0009625531966112,0.0009625702921204,0.358974358974359,0.358974358974359,0.0,0.0,0.0,0.4523809523809524,0.4523809523809524,0.0,0.0,0.0,0.6428571428571429,0.6428571428571429,0.0,0.0,0.0,0.76,25,0.76,0,42,0.0,27,0.0
llama-3.1-8b-instruct,dev,random_ortho_3_r4_a1,random_ortho_3,4,1.0,identity,crows_pairs,exploratory,30,30,30,0.0,0.0,0.0,0.0,1.0,0.0,0.0,0.0,,,,0,0,0,30,,,,0.0010036360078498,0.001003427652345,0.2666666666666666,0.2666666666666666,0.0,-0.1,0.1,0.6,0.6,0.0,0.0,0.0,0.8666666666666667,0.8666666666666667,0.0,0.0,0.0,0.6923076923076923,26,0.6923076923076923,0,30,0.0,26,0.0
llama-3.1-8b-instruct,dev,random_ortho_3_r4_a1,random_ortho_3,4,1.0,identity,stereoset,exploratory,28,28,28,0.0,0.0,0.0,0.0,1.0,0.0,0.0,0.0,,,,0,0,0,28,,,,0.001014146846737,0.0010139426867987,0.4285714285714285,0.4285714285714285,0.0,0.0,0.0,0.3928571428571428,0.3571428571428571,0.0357142857142857,0.0,0.1071428571428571,0.8214285714285714,0.8214285714285714,0.0,0.0,0.0,0.4782608695652174,23,0.4347826086956521,0,28,0.0,23,0.0
llama-3.1-8b-instruct,dev,random_ortho_3_r4_a1,random_ortho_3,4,1.0,neutral,pooled,exploratory,42,42,42,0.1246919177827381,0.1288190569196428,0.3809523809523809,0.5476190476190477,0.0714285714285714,-0.0041271391369047,-0.0261792864118303,0.0198527018229166,-0.0330986900377605,-0.2331405057130415,0.1541917913027151,0,0,0,42,,,,0.0010041624726452,0.0009736153470486,0.358974358974359,0.358974358974359,0.0,0.0,0.0,0.4642857142857143,0.4285714285714285,0.0357142857142857,0.0,0.0833333333333333,0.6547619047619048,0.6190476190476191,0.0357142857142857,-0.0119047619047619,0.0833333333333333,0.7678571428571429,28,0.75,3,42,0.0714285714285714,25,0.12
llama-3.1-8b-instruct,dev,random_ortho_3_r4_a1,random_ortho_3,4,1.0,neutral,bbq,exploratory,42,42,42,0.1246919177827381,0.1288190569196428,0.3809523809523809,0.5476190476190477,0.0714285714285714,-0.0041271391369047,-0.0261792864118303,0.0198527018229166,-0.0330986900377605,-0.2331405057130415,0.1541917913027151,0,0,0,42,,,,0.0010041624726452,0.0009736153470486,0.358974358974359,0.358974358974359,0.0,0.0,0.0,0.4642857142857143,0.4285714285714285,0.0357142857142857,0.0,0.0833333333333333,0.6547619047619048,0.6190476190476191,0.0357142857142857,-0.0119047619047619,0.0833333333333333,0.7678571428571429,28,0.75,3,42,0.0714285714285714,25,0.12
llama-3.1-8b-instruct,dev,uncentred_svd_r1_a1,uncentred_svd,1,1.0,demographic,pooled,exploratory,100,100,100,0.131817626953125,0.1138942718505859,0.53,0.4,0.07,0.017923355102539,-0.0061155548095703,0.0438599643707275,0.1359708524332082,-0.054354995554684,0.2963181058746902,2,2,0,98,1.0,1.0,1.0,0.0061161376068455,0.0058450277572811,0.5102040816326531,0.3520408163265306,0.1581632653061224,0.1020408163265306,0.2193877551020408,0.54,0.465,0.075,0.025,0.125,0.79,0.765,0.025,-0.005,0.0551249999999993,0.6975308641975309,81,0.63125,8,100,0.08,76,0.1052631578947368
llama-3.1-8b-instruct,dev,uncentred_svd_r1_a1,uncentred_svd,1,1.0,demographic,bbq,exploratory,42,42,42,0.1263674781436012,0.1521699087960379,0.3809523809523809,0.5476190476190477,0.0714285714285714,-0.0258024306524367,-0.0663151831853957,0.0135720752534412,-0.2041856894787079,-0.6237590425937313,0.0985751005047268,0,0,0,42,,,,0.0061210224671559,0.0055803810262452,0.45,0.3875,0.0625,0.0125,0.1125,0.4285714285714285,0.4285714285714285,0.0,-0.0357142857142857,0.0357142857142857,0.6071428571428571,0.5952380952380952,0.0119047619047619,-0.0238095238095238,0.0476190476190476,0.75,26,0.78,2,42,0.0476190476190476,24,0.0833333333333333
llama-3.1-8b-instruct,dev,uncentred_svd_r1_a1,uncentred_svd,1,1.0,demographic,crows_pairs,exploratory,30,30,30,0.0823323567708333,0.0568522135416666,0.6,0.3333333333333333,0.0666666666666666,0.0254801432291666,0.0016807047526041,0.0564062499999999,0.3094790945932588,0.0266079653321943,0.4990512381719347,0,0,0,30,,,,0.006306918078985,0.0061242654826918,0.6666666666666666,0.2333333333333333,0.4333333333333333,0.3,0.5666666666666667,0.8166666666666667,0.6166666666666667,0.2,0.0666666666666666,0.3333333333333333,0.8666666666666667,0.8833333333333333,-0.0166666666666666,-0.0666666666666666,0.0333333333333333,0.925925925925926,27,0.7037037037037037,2,30,0.0666666666666666,25,0.08
llama-3.1-8b-instruct,dev,uncentred_svd_r1_a1,uncentred_svd,1,1.0,demographic,stereoset,exploratory,28,28,28,0.1930127825055803,0.1175973074776785,0.6785714285714286,0.25,0.0714285714285714,0.0754154750279017,0.0233816964285714,0.1326099395751953,0.390727878479869,0.1595884830112578,0.5592285638320214,2,2,0,26,1.0,1.0,1.0,0.005904402667659,0.0059428145766093,0.4285714285714285,0.4285714285714285,0.0,0.0,0.0,0.4107142857142857,0.3571428571428571,0.0535714285714285,-0.0178571428571428,0.125,0.9821428571428572,0.8928571428571429,0.0892857142857142,0.0178571428571428,0.1607142857142857,0.4285714285714285,28,0.4285714285714285,4,28,0.1428571428571428,27,0.1481481481481481
llama-3.1-8b-instruct,dev,uncentred_svd_r1_a1,uncentred_svd,1,1.0,identity,pooled,exploratory,100,100,100,0.0,0.0,0.0,0.0,1.0,0.0,0.0,0.0,,,,0,0,0,100,,,,0.0059092049639886,0.0059083776876935,0.4948453608247423,0.3505154639175257,0.1443298969072164,0.0824742268041237,0.2164948453608247,0.52,0.47,0.05,-0.01,0.12,0.81,0.76,0.05,-0.01,0.11,0.6582278481012658,79,0.6351351351351351,0,100,0.0,81,0.0
llama-3.1-8b-instruct,dev,uncentred_svd_r1_a1,uncentred_svd,1,1.0,identity,bbq,exploratory,42,42,42,0.0,0.0,0.0,0.0,1.0,0.0,0.0,0.0,,,,0,0,0,42,,,,0.0055767274777599,0.0055686968362856,0.4102564102564102,0.358974358974359,0.0512820512820512,0.0,0.1282051282051282,0.4285714285714285,0.4523809523809524,-0.0238095238095238,-0.0714285714285714,0.0,0.6428571428571429,0.6428571428571429,0.0,-0.0714285714285714,0.0714285714285714,0.72,25,0.76,0,42,0.0,27,0.0
llama-3.1-8b-instruct,dev,uncentred_svd_r1_a1,uncentred_svd,1,1.0,identity,crows_pairs,exploratory,30,30,30,0.0,0.0,0.0,0.0,1.0,0.0,0.0,0.0,,,,0,0,0,30,,,,0.0061042633611302,0.0061086230005781,0.6666666666666666,0.2666666666666666,0.4,0.2333333333333333,0.5666666666666667,0.7666666666666667,0.6,0.1666666666666666,0.0,0.3333333333333333,0.8666666666666667,0.8666666666666667,0.0,-0.1,0.1,0.8846153846153846,26,0.6923076923076923,0,30,0.0,26,0.0
llama-3.1-8b-instruct,dev,uncentred_svd_r1_a1,uncentred_svd,1,1.0,identity,stereoset,exploratory,28,28,28,0.0,0.0,0.0,0.0,1.0,0.0,0.0,0.0,,,,0,0,0,28,,,,0.0061989300535371,0.0062033504152862,0.4285714285714285,0.4285714285714285,0.0,0.0,0.0,0.3928571428571428,0.3571428571428571,0.0357142857142857,-0.0714285714285714,0.1428571428571428,1.0,0.8214285714285714,0.1785714285714285,0.0357142857142857,0.3214285714285714,0.3928571428571428,28,0.4347826086956521,0,28,0.0,28,0.0
llama-3.1-8b-instruct,dev,uncentred_svd_r1_a1,uncentred_svd,1,1.0,neutral,pooled,exploratory,42,42,42,0.1246919177827381,0.1290719168526785,0.5,0.4761904761904761,0.0238095238095238,-0.0043799990699404,-0.0452508108956473,0.0357720511300222,-0.0351265675259895,-0.4183467272246839,0.2655632176471581,0,0,0,42,,,,0.0206182894993296,0.0126361170603117,0.4487179487179487,0.358974358974359,0.0897435897435897,0.0256410256410256,0.1666666666666666,0.4642857142857143,0.4285714285714285,0.0357142857142857,0.0,0.0833333333333333,0.6190476190476191,0.6190476190476191,0.0,-0.0357142857142857,0.0357142857142857,0.82,25,0.75,1,42,0.0238095238095238,25,0.04
llama-3.1-8b-instruct,dev,uncentred_svd_r1_a1,uncentred_svd,1,1.0,neutral,bbq,exploratory,42,42,42,0.1246919177827381,0.1290719168526785,0.5,0.4761904761904761,0.0238095238095238,-0.0043799990699404,-0.0452508108956473,0.0357720511300222,-0.0351265675259895,-0.4183467272246839,0.2655632176471581,0,0,0,42,,,,0.0206182894993296,0.0126361170603117,0.4487179487179487,0.358974358974359,0.0897435897435897,0.0256410256410256,0.1666666666666666,0.4642857142857143,0.4285714285714285,0.0357142857142857,0.0,0.0833333333333333,0.6190476190476191,0.6190476190476191,0.0,-0.0357142857142857,0.0357142857142857,0.82,25,0.75,1,42,0.0238095238095238,25,0.04
llama-3.1-8b-instruct,dev,uncentred_svd_r2_a1,uncentred_svd,2,1.0,demographic,pooled,exploratory,100,100,100,0.131817626953125,0.09740234375,0.6,0.35,0.05,0.034415283203125,0.0092958374023437,0.0623303680419921,0.2610825577626522,0.0844635467478652,0.3997224253560313,2,2,0,98,1.0,1.0,1.0,0.0102327893895889,0.0095962859467008,0.5255102040816326,0.3520408163265306,0.173469387755102,0.1071428571428571,0.2448979591836734,0.555,0.465,0.09,0.03,0.15,0.8,0.765,0.035,-0.005,0.075,0.7073170731707317,82,0.63125,8,100,0.08,77,0.1038961038961039
llama-3.1-8b-instruct,dev,uncentred_svd_r2_a1,uncentred_svd,2,1.0,demographic,bbq,exploratory,42,42,42,0.1263674781436012,0.1270170665922619,0.5476190476190477,0.4285714285714285,0.0238095238095238,-0.0006495884486607,-0.0350468590146019,0.0348855518159412,-0.0051404717274055,-0.3395606574175903,0.2345932194813756,0,0,0,42,,,,0.0120646354350657,0.010726499083519,0.45,0.3875,0.0625,0.0,0.1375,0.4166666666666667,0.4285714285714285,-0.0119047619047619,-0.0714285714285714,0.0595238095238095,0.6190476190476191,0.5952380952380952,0.0238095238095238,-0.0357142857142857,0.0952380952380952,0.6923076923076923,26,0.78,3,42,0.0714285714285714,25,0.12
llama-3.1-8b-instruct,dev,uncentred_svd_r2_a1,uncentred_svd,2,1.0,demographic,crows_pairs,exploratory,30,30,30,0.0823323567708333,0.0682698567708333,0.6,0.3333333333333333,0.0666666666666666,0.0140625,-0.0083333333333333,0.0382080078125,0.1708016210339032,-0.130047147905424,0.3589202573454884,0,0,0,30,,,,0.008807862512362,0.0085804790318126,0.7166666666666667,0.2333333333333333,0.4833333333333333,0.35,0.6166666666666667,0.85,0.6166666666666667,0.2333333333333333,0.11625,0.3666666666666666,0.8833333333333333,0.8833333333333333,0.0,-0.0666666666666666,0.0666666666666666,0.9642857142857144,28,0.7037037037037037,2,30,0.0666666666666666,25,0.08
llama-3.1-8b-instruct,dev,uncentred_svd_r2_a1,uncentred_svd,2,1.0,demographic,stereoset,exploratory,28,28,28,0.1930127825055803,0.0841936383928571,0.6785714285714286,0.25,0.0714285714285714,0.1088191441127232,0.0479059491838727,0.1794010707310267,0.5637924219323508,0.3549422145578255,0.6985744040846972,2,2,0,26,1.0,1.0,1.0,0.009011727689831,0.0089893307931396,0.4285714285714285,0.4285714285714285,0.0,0.0,0.0,0.4464285714285714,0.3571428571428571,0.0892857142857142,-0.0178571428571428,0.2142857142857142,0.9821428571428572,0.8928571428571429,0.0892857142857142,0.0178571428571428,0.1607142857142857,0.4642857142857143,28,0.4285714285714285,3,28,0.1071428571428571,27,0.1111111111111111
llama-3.1-8b-instruct,dev,uncentred_svd_r2_a1,uncentred_svd,2,1.0,identity,pooled,exploratory,100,100,100,0.0,0.0,0.0,0.0,1.0,0.0,0.0,0.0,,,,0,0,0,100,,,,0.0091488526399172,0.0091450666094315,0.5051546391752577,0.3505154639175257,0.1546391752577319,0.0824742268041237,0.2270618556701016,0.54,0.47,0.07,-0.01,0.1502499999999986,0.82,0.76,0.06,0.0,0.13,0.675,80,0.6351351351351351,0,100,0.0,82,0.0
llama-3.1-8b-instruct,dev,uncentred_svd_r2_a1,uncentred_svd,2,1.0,identity,bbq,exploratory,42,42,42,0.0,0.0,0.0,0.0,1.0,0.0,0.0,0.0,,,,0,0,0,42,,,,0.0098074099514155,0.0098108488256967,0.4102564102564102,0.358974358974359,0.0512820512820512,0.0,0.1282051282051282,0.4047619047619047,0.4523809523809524,-0.0476190476190476,-0.119047619047619,0.0,0.6666666666666666,0.6428571428571429,0.0238095238095238,-0.0476190476190476,0.119047619047619,0.6538461538461539,26,0.76,0,42,0.0,28,0.0
llama-3.1-8b-instruct,dev,uncentred_svd_r2_a1,uncentred_svd,2,1.0,identity,crows_pairs,exploratory,30,30,30,0.0,0.0,0.0,0.0,1.0,0.0,0.0,0.0,,,,0,0,0,30,,,,0.0084212044857681,0.0084172120947694,0.7,0.2666666666666666,0.4333333333333333,0.2666666666666666,0.6,0.8,0.6,0.2,0.0333333333333333,0.3666666666666666,0.8666666666666667,0.8666666666666667,0.0,-0.1333333333333333,0.1333333333333333,0.9230769230769232,26,0.6923076923076923,0,30,0.0,26,0.0
llama-3.1-8b-instruct,dev,uncentred_svd_r2_a1,uncentred_svd,2,1.0,identity,stereoset,exploratory,28,28,28,0.0,0.0,0.0,0.0,1.0,0.0,0.0,0.0,,,,0,0,0,28,,,,0.0089406396949724,0.0089262374078861,0.4285714285714285,0.4285714285714285,0.0,0.0,0.0,0.4642857142857143,0.3571428571428571,0.1071428571428571,-0.0714285714285714,0.2857142857142857,1.0,0.8214285714285714,0.1785714285714285,0.0357142857142857,0.3214285714285714,0.4642857142857143,28,0.4347826086956521,0,28,0.0,28,0.0
llama-3.1-8b-instruct,dev,uncentred_svd_r2_a1,uncentred_svd,2,1.0,neutral,pooled,exploratory,42,42,42,0.1246919177827381,0.1344926016671317,0.4523809523809524,0.5476190476190477,0.0,-0.0098006838843936,-0.044103581564767,0.0269030888875325,-0.0785991911798984,-0.3954889144044939,0.1954994045502591,0,0,0,42,,,,0.0256447602360214,0.0167349525895556,0.4615384615384615,0.358974358974359,0.1025641025641025,0.0256410256410256,0.1923076923076923,0.4285714285714285,0.4285714285714285,0.0,-0.0357142857142857,0.0357142857142857,0.6309523809523809,0.6190476190476191,0.0119047619047619,0.0,0.0357142857142857,0.7307692307692307,26,0.75,0,42,0.0,25,0.0
llama-3.1-8b-instruct,dev,uncentred_svd_r2_a1,uncentred_svd,2,1.0,neutral,bbq,exploratory,42,42,42,0.1246919177827381,0.1344926016671317,0.4523809523809524,0.5476190476190477,0.0,-0.0098006838843936,-0.044103581564767,0.0269030888875325,-0.0785991911798984,-0.3954889144044939,0.1954994045502591,0,0,0,42,,,,0.0256447602360214,0.0167349525895556,0.4615384615384615,0.358974358974359,0.1025641025641025,0.0256410256410256,0.1923076923076923,0.4285714285714285,0.4285714285714285,0.0,-0.0357142857142857,0.0357142857142857,0.6309523809523809,0.6190476190476191,0.0119047619047619,0.0,0.0357142857142857,0.7307692307692307,26,0.75,0,42,0.0,25,0.0
llama-3.1-8b-instruct,dev,uncentred_svd_r4_a1,uncentred_svd,4,1.0,demographic,pooled,exploratory,100,100,100,0.131817626953125,0.1099591064453125,0.52,0.44,0.04,0.0218585205078125,-0.0041611633300781,0.0505243225097655,0.1658239570310691,-0.0384438826761415,0.3267506711238642,2,2,0,98,1.0,1.0,1.0,0.0157443399827666,0.0143500481334825,0.5306122448979592,0.3520408163265306,0.1785714285714285,0.1122448979591836,0.2450255102040809,0.54,0.465,0.075,0.01,0.14,0.795,0.765,0.03,-0.01,0.0701249999999993,0.6951219512195121,82,0.63125,6,100,0.06,76,0.0789473684210526
llama-3.1-8b-instruct,dev,uncentred_svd_r4_a1,uncentred_svd,4,1.0,demographic,bbq,exploratory,42,42,42,0.1263674781436012,0.1371532621837797,0.4047619047619047,0.5714285714285714,0.0238095238095238,-0.0107857840401785,-0.0484541756766183,0.0276258922758555,-0.0853525305610818,-0.4808492981160082,0.1841383221506064,0,0,0,42,,,,0.0181875594677483,0.0154712125976763,0.4625,0.3875,0.075,0.0,0.1625,0.4404761904761904,0.4285714285714285,0.0119047619047619,-0.0595238095238095,0.0952380952380952,0.6428571428571429,0.5952380952380952,0.0476190476190476,-0.0119047619047619,0.119047619047619,0.7037037037037037,27,0.78,2,42,0.0476190476190476,26,0.0769230769230769
llama-3.1-8b-instruct,dev,uncentred_svd_r4_a1,uncentred_svd,4,1.0,demographic,crows_pairs,exploratory,30,30,30,0.0823323567708333,0.0642333984375,0.6,0.3,0.1,0.0180989583333333,-0.0025419108072916,0.0403666178385416,0.2198280122565977,-0.04377472069603,0.3879676583318585,0,0,0,30,,,,0.0126062518452106,0.0122370466622879,0.7166666666666667,0.2333333333333333,0.4833333333333333,0.35,0.6166666666666667,0.8166666666666667,0.6166666666666667,0.2,0.0833333333333333,0.3333333333333333,0.85,0.8833333333333333,-0.0333333333333333,-0.1170833333333333,0.0333333333333333,0.9629629629629628,27,0.7037037037037037,2,30,0.0666666666666666,24,0.0833333333333333
llama-3.1-8b-instruct,dev,uncentred_svd_r4_a1,uncentred_svd,4,1.0,demographic,stereoset,exploratory,28,28,28,0.1930127825055803,0.1181597028459821,0.6071428571428571,0.3928571428571428,0.0,0.0748530796595982,0.005787604195731,0.1448452540806359,0.3878141058218984,0.0453932718390528,0.5613049354946259,2,2,0,26,1.0,1.0,1.0,0.0154417480455328,0.0149322315849003,0.4285714285714285,0.4285714285714285,0.0,0.0,0.0,0.3928571428571428,0.3571428571428571,0.0357142857142857,-0.0892857142857142,0.1607142857142857,0.9642857142857144,0.8928571428571429,0.0714285714285714,0.0,0.1607142857142857,0.4285714285714285,28,0.4285714285714285,2,28,0.0714285714285714,26,0.0769230769230769
llama-3.1-8b-instruct,dev,uncentred_svd_r4_a1,uncentred_svd,4,1.0,identity,pooled,exploratory,100,100,100,0.0,0.0,0.0,0.0,1.0,0.0,0.0,0.0,,,,0,0,0,100,,,,0.0136479930617741,0.0136521801669563,0.5257731958762887,0.3505154639175257,0.1752577319587628,0.1030927835051546,0.2474226804123711,0.52,0.47,0.05,-0.03,0.13,0.8,0.76,0.04,-0.02,0.1,0.6666666666666666,78,0.6351351351351351,0,100,0.0,80,0.0
llama-3.1-8b-instruct,dev,uncentred_svd_r4_a1,uncentred_svd,4,1.0,identity,bbq,exploratory,42,42,42,0.0,0.0,0.0,0.0,1.0,0.0,0.0,0.0,,,,0,0,0,42,,,,0.0142180781911849,0.0142097519128897,0.4358974358974359,0.358974358974359,0.0769230769230769,0.0,0.1794871794871795,0.4047619047619047,0.4523809523809524,-0.0476190476190476,-0.119047619047619,0.0,0.6428571428571429,0.6428571428571429,0.0,-0.0714285714285714,0.0714285714285714,0.68,25,0.76,0,42,0.0,27,0.0
llama-3.1-8b-instruct,dev,uncentred_svd_r4_a1,uncentred_svd,4,1.0,identity,crows_pairs,exploratory,30,30,30,0.0,0.0,0.0,0.0,1.0,0.0,0.0,0.0,,,,0,0,0,30,,,,0.0121151936665244,0.012127527931682,0.7333333333333333,0.2666666666666666,0.4666666666666667,0.3,0.6666666666666666,0.7666666666666667,0.6,0.1666666666666666,0.0,0.3333333333333333,0.8333333333333334,0.8666666666666667,-0.0333333333333333,-0.1666666666666666,0.0666666666666666,0.92,25,0.6923076923076923,0,30,0.0,25,0.0
llama-3.1-8b-instruct,dev,uncentred_svd_r4_a1,uncentred_svd,4,1.0,identity,stereoset,exploratory,28,28,28,0.0,0.0,0.0,0.0,1.0,0.0,0.0,0.0,,,,0,0,0,28,,,,0.0144351504339972,0.0144493785144215,0.4285714285714285,0.4285714285714285,0.0,0.0,0.0,0.4285714285714285,0.3571428571428571,0.0714285714285714,-0.1071428571428571,0.2857142857142857,1.0,0.8214285714285714,0.1785714285714285,0.0357142857142857,0.3214285714285714,0.4285714285714285,28,0.4347826086956521,0,28,0.0,28,0.0
llama-3.1-8b-instruct,dev,uncentred_svd_r4_a1,uncentred_svd,4,1.0,neutral,pooled,exploratory,42,42,42,0.1246919177827381,0.1082589285714285,0.5714285714285714,0.4047619047619047,0.0238095238095238,0.0164329892113095,-0.017711675734747,0.051719738188244,0.1317887277982378,-0.1520334241654546,0.3904499987927866,0,0,0,42,,,,0.0288560816658299,0.0207596792680017,0.4743589743589743,0.358974358974359,0.1153846153846153,0.0256410256410256,0.2179487179487179,0.4404761904761904,0.4285714285714285,0.0119047619047619,-0.0238095238095238,0.0595238095238095,0.6428571428571429,0.6190476190476191,0.0238095238095238,-0.0238095238095238,0.0714285714285714,0.7307692307692307,26,0.75,0,42,0.0,26,0.0
llama-3.1-8b-instruct,dev,uncentred_svd_r4_a1,uncentred_svd,4,1.0,neutral,bbq,exploratory,42,42,42,0.1246919177827381,0.1082589285714285,0.5714285714285714,0.4047619047619047,0.0238095238095238,0.0164329892113095,-0.017711675734747,0.051719738188244,0.1317887277982378,-0.1520334241654546,0.3904499987927866,0,0,0,42,,,,0.0288560816658299,0.0207596792680017,0.4743589743589743,0.358974358974359,0.1153846153846153,0.0256410256410256,0.2179487179487179,0.4404761904761904,0.4285714285714285,0.0119047619047619,-0.0238095238095238,0.0595238095238095,0.6428571428571429,0.6190476190476191,0.0238095238095238,-0.0238095238095238,0.0714285714285714,0.7307692307692307,26,0.75,0,42,0.0,26,0.0
phi-4-mini-instruct,dev,cure_centred_svd_r1_a0.25,cure_centred_svd,1,0.25,demographic,pooled,exploratory,100,100,100,0.466875,0.3625,0.56,0.26,0.18,0.104375,0.049359375,0.1587656249999999,0.2235609103078982,0.1166636690647482,0.3246809448873363,16,7,1,84,0.4375,0.2,0.6875,0.0028038091275747,0.0029267673215766,0.645,0.55,0.095,0.035,0.155,0.36,0.36,0.0,-0.06,0.055,0.46,0.48,-0.02,-0.08,0.04,0.7818181818181819,55,0.7280701754385965,4,100,0.04,37,0.1081081081081081
phi-4-mini-instruct,dev,cure_centred_svd_r1_a0.25,cure_centred_svd,1,0.25,demographic,bbq,exploratory,42,42,42,0.5416666666666666,0.3839285714285714,0.6428571428571429,0.2619047619047619,0.0952380952380952,0.1577380952380952,0.0669642857142857,0.2455357142857142,0.2912087912087912,0.1339650328251919,0.4355010295126972,10,6,1,32,0.6,0.2857142857142857,0.9,0.0024665444500716,0.0025936613869841,0.75,0.75,0.0,-0.0833333333333333,0.0714285714285714,0.6904761904761905,0.75,-0.0595238095238095,-0.1666666666666666,0.0357142857142857,0.7738095238095238,0.8214285714285714,-0.0476190476190476,-0.1428571428571428,0.0357142857142857,0.881578947368421,38,0.9230769230769232,3,42,0.0714285714285714,27,0.1111111111111111
phi-4-mini-instruct,dev,cure_centred_svd_r1_a0.25,cure_centred_svd,1,0.25,demographic,crows_pairs,exploratory,30,30,30,0.3479166666666666,0.2770833333333333,0.5,0.2333333333333333,0.2666666666666666,0.0708333333333333,-0.0208333333333333,0.1646354166666663,0.2035928143712575,-0.07580329153605,0.4068142511241783,4,1,0,26,0.25,0.0,1.0,0.0031062068412884,0.0032085906217955,0.9333333333333332,0.6166666666666667,0.3166666666666666,0.1833333333333333,0.45,0.1,0.05,0.05,-0.0166666666666666,0.1333333333333333,0.1,0.1,0.0,-0.0666666666666666,0.0666666666666666,1.0,4,0.5,0,30,0.0,2,0.0
phi-4-mini-instruct,dev,cure_centred_svd_r1_a0.25,cure_centred_svd,1,0.25,demographic,stereoset,exploratory,28,28,28,0.4821428571428571,0.421875,0.5,0.2857142857142857,0.2142857142857142,0.0602678571428571,-0.0357142857142857,0.1540178571428571,0.125,-0.1212305986696229,0.3312567934782608,2,0,0,26,0.0,0.0,0.0,0.0029857085934218,0.0031244726875164,0.1785714285714285,0.1785714285714285,0.0,-0.0714285714285714,0.0714285714285714,0.1428571428571428,0.1071428571428571,0.0357142857142857,-0.0714285714285714,0.1428571428571428,0.375,0.375,0.0,-0.1428571428571428,0.1428571428571428,0.4230769230769231,13,0.25,1,28,0.0357142857142857,8,0.125
phi-4-mini-instruct,dev,cure_centred_svd_r1_a0.25,cure_centred_svd,1,0.25,identity,pooled,exploratory,100,100,100,0.0425,0.03,0.01,0.0,0.99,0.0125,0.0,0.0375,0.2941176470588235,0.2941176470588235,0.2941176470588235,1,0,0,99,0.0,0.0,0.0,0.0031899157650852,0.0031904088743237,0.6701030927835051,0.5670103092783505,0.1030927835051546,0.0309278350515463,0.1752577319587628,0.37,0.39,-0.02,-0.1,0.05,0.48,0.49,-0.01,-0.09,0.07,0.7708333333333334,48,0.8125,0,100,0.0,48,0.0
phi-4-mini-instruct,dev,cure_centred_svd_r1_a0.25,cure_centred_svd,1,0.25,identity,bbq,exploratory,42,42,42,0.0,0.0,0.0,0.0,1.0,0.0,0.0,0.0,,,,0,0,0,42,,,,0.0030850157050078,0.0030851290325296,0.7692307692307693,0.7435897435897436,0.0256410256410256,-0.0512820512820512,0.1025641025641025,0.6666666666666666,0.7857142857142857,-0.119047619047619,-0.2619047619047619,0.0238095238095238,0.7380952380952381,0.8333333333333334,-0.0952380952380952,-0.2142857142857142,0.0238095238095238,0.9032258064516128,31,0.9705882352941176,0,42,0.0,31,0.0
phi-4-mini-instruct,dev,cure_centred_svd_r1_a0.25,cure_centred_svd,1,0.25,identity,crows_pairs,exploratory,30,30,30,0.0,0.0,0.0,0.0,1.0,0.0,0.0,0.0,,,,0,0,0,30,,,,0.0033132298743285,0.0033137779814087,0.9666666666666668,0.7,0.2666666666666666,0.0991666666666667,0.4666666666666667,0.1333333333333333,0.0666666666666666,0.0666666666666666,0.0,0.1666666666666666,0.1333333333333333,0.1,0.0333333333333333,-0.0666666666666666,0.1341666666666621,1.0,4,0.6666666666666666,0,30,0.0,4,0.0
phi-4-mini-instruct,dev,cure_centred_svd_r1_a0.25,cure_centred_svd,1,0.25,identity,stereoset,exploratory,28,28,28,0.1517857142857142,0.1071428571428571,0.0357142857142857,0.0,0.9642857142857144,0.0446428571428571,0.0,0.1339285714285714,0.2941176470588235,0.2941176470588235,0.2941176470588235,1,0,0,27,0.0,0.0,0.0,0.0032151435952979,0.0032161474508522,0.2142857142857142,0.1785714285714285,0.0357142857142857,0.0,0.1071428571428571,0.1785714285714285,0.1428571428571428,0.0357142857142857,-0.1071428571428571,0.1785714285714285,0.4642857142857143,0.3928571428571428,0.0714285714285714,-0.1428571428571428,0.2857142857142857,0.3846153846153846,13,0.3636363636363636,0,28,0.0,13,0.0
phi-4-mini-instruct,dev,cure_centred_svd_r1_a0.25,cure_centred_svd,1,0.25,neutral,pooled,exploratory,42,42,42,0.3586309523809524,0.2842261904761904,0.5238095238095238,0.4047619047619047,0.0714285714285714,0.0744047619047619,-0.0014880952380952,0.1547991071428569,0.2074688796680498,-0.0054707259953161,0.384313725490196,4,3,1,38,0.75,0.0,1.0,0.0025395340486292,0.0028100794318539,0.7435897435897436,0.717948717948718,0.0256410256410256,-0.0384615384615384,0.0897435897435897,0.6309523809523809,0.6785714285714286,-0.0476190476190476,-0.1071428571428571,0.0238095238095238,0.7976190476190477,0.8095238095238095,-0.0119047619047619,-0.0952380952380952,0.0595238095238095,0.7916666666666666,36,0.8714285714285714,5,42,0.119047619047619,29,0.1724137931034483
phi-4-mini-instruct,dev,cure_centred_svd_r1_a0.25,cure_centred_svd,1,0.25,neutral,bbq,exploratory,42,42,42,0.3586309523809524,0.2842261904761904,0.5238095238095238,0.4047619047619047,0.0714285714285714,0.0744047619047619,-0.0014880952380952,0.1547991071428569,0.2074688796680498,-0.0054707259953161,0.384313725490196,4,3,1,38,0.75,0.0,1.0,0.0025395340486292,0.0028100794318539,0.7435897435897436,0.717948717948718,0.0256410256410256,-0.0384615384615384,0.0897435897435897,0.6309523809523809,0.6785714285714286,-0.0476190476190476,-0.1071428571428571,0.0238095238095238,0.7976190476190477,0.8095238095238095,-0.0119047619047619,-0.0952380952380952,0.0595238095238095,0.7916666666666666,36,0.8714285714285714,5,42,0.119047619047619,29,0.1724137931034483
phi-4-mini-instruct,dev,cure_centred_svd_r1_a0.5,cure_centred_svd,1,0.5,demographic,pooled,exploratory,100,100,100,0.466875,0.338125,0.57,0.24,0.19,0.12875,0.068109375,0.1925,0.2757697456492637,0.1663956622214516,0.3788253225259715,16,12,0,84,0.75,0.5263157894736842,0.9411764705882352,0.0074534575301049,0.0076560593447466,0.68,0.55,0.13,0.064875,0.195,0.355,0.36,-0.005,-0.065,0.055,0.49,0.48,0.01,-0.05,0.065,0.7413793103448276,58,0.7280701754385965,6,100,0.06,39,0.1538461538461538
phi-4-mini-instruct,dev,cure_centred_svd_r1_a0.5,cure_centred_svd,1,0.5,demographic,bbq,exploratory,42,42,42,0.5416666666666666,0.3586309523809524,0.6666666666666666,0.1666666666666666,0.1666666666666666,0.1830357142857142,0.0997023809523809,0.267894345238095,0.3379120879120879,0.1920693212613944,0.4705960161842514,10,8,0,32,0.8,0.5,1.0,0.0072739152118562,0.0073029129848727,0.8095238095238095,0.75,0.0595238095238095,-0.0357142857142857,0.1547619047619047,0.6666666666666666,0.75,-0.0833333333333333,-0.2023809523809523,0.0238095238095238,0.8095238095238095,0.8214285714285714,-0.0119047619047619,-0.1071428571428571,0.0833333333333333,0.8552631578947368,38,0.9230769230769232,5,42,0.119047619047619,29,0.1724137931034483
phi-4-mini-instruct,dev,cure_centred_svd_r1_a0.5,cure_centred_svd,1,0.5,demographic,crows_pairs,exploratory,30,30,30,0.3479166666666666,0.25625,0.4666666666666667,0.3,0.2333333333333333,0.0916666666666666,-0.0020833333333333,0.1875,0.2634730538922155,-0.0064639336917561,0.4555571992110454,4,3,0,26,0.75,0.0,1.0,0.0076476984423434,0.0078907528098421,0.95,0.6166666666666667,0.3333333333333333,0.2,0.4666666666666667,0.1166666666666666,0.05,0.0666666666666666,0.0166666666666666,0.1333333333333333,0.1166666666666666,0.1,0.0166666666666666,-0.0333333333333333,0.067083333333331,1.0,5,0.5,0,30,0.0,2,0.0
phi-4-mini-instruct,dev,cure_centred_svd_r1_a0.5,cure_centred_svd,1,0.5,demographic,stereoset,exploratory,28,28,28,0.4821428571428571,0.3950892857142857,0.5357142857142857,0.2857142857142857,0.1785714285714285,0.0870535714285714,-0.0536272321428571,0.2366071428571428,0.1805555555555555,-0.1954296875,0.404413830138797,2,1,0,26,0.5,0.0,1.0,0.0075146557443651,0.0079343216005267,0.1964285714285714,0.1785714285714285,0.0178571428571428,-0.0535714285714285,0.1071428571428571,0.1428571428571428,0.1071428571428571,0.0357142857142857,-0.0714285714285714,0.125,0.4107142857142857,0.375,0.0357142857142857,-0.1071428571428571,0.1611607142857118,0.3666666666666666,15,0.25,1,28,0.0357142857142857,8,0.125
phi-4-mini-instruct,dev,cure_centred_svd_r1_a0.5,cure_centred_svd,1,0.5,identity,pooled,exploratory,100,100,100,0.0425,0.01,0.01,0.0,0.99,0.0325,0.0,0.0975,0.7647058823529411,0.7647058823529411,0.7647058823529411,1,0,0,99,0.0,0.0,0.0,0.0080964540563117,0.0080933588526252,0.6804123711340206,0.5670103092783505,0.1134020618556701,0.0309278350515463,0.1958762886597938,0.35,0.39,-0.04,-0.12,0.03,0.47,0.49,-0.02,-0.11,0.06,0.7608695652173914,46,0.8125,0,100,0.0,47,0.0
phi-4-mini-instruct,dev,cure_centred_svd_r1_a0.5,cure_centred_svd,1,0.5,identity,bbq,exploratory,42,42,42,0.0,0.0,0.0,0.0,1.0,0.0,0.0,0.0,,,,0,0,0,42,,,,0.0080025578572919,0.008000873089661,0.7948717948717948,0.7435897435897436,0.0512820512820512,-0.0769230769230769,0.1794871794871795,0.6190476190476191,0.7857142857142857,-0.1666666666666666,-0.3095238095238095,-0.0238095238095238,0.7380952380952381,0.8333333333333334,-0.0952380952380952,-0.238095238095238,0.0476190476190476,0.8666666666666667,30,0.9705882352941176,0,42,0.0,31,0.0
phi-4-mini-instruct,dev,cure_centred_svd_r1_a0.5,cure_centred_svd,1,0.5,identity,crows_pairs,exploratory,30,30,30,0.0,0.0,0.0,0.0,1.0,0.0,0.0,0.0,,,,0,0,0,30,,,,0.0081007216076231,0.0080906453741125,0.9666666666666668,0.7,0.2666666666666666,0.0991666666666667,0.4666666666666667,0.1,0.0666666666666666,0.0333333333333333,0.0,0.1,0.1,0.1,0.0,-0.1,0.1,1.0,3,0.6666666666666666,0,30,0.0,3,0.0
phi-4-mini-instruct,dev,cure_centred_svd_r1_a0.5,cure_centred_svd,1,0.5,identity,stereoset,exploratory,28,28,28,0.1517857142857142,0.0357142857142857,0.0357142857142857,0.0,0.9642857142857144,0.1160714285714285,0.0,0.3482142857142857,0.7647058823529411,0.7647058823529411,0.7647058823529411,1,0,0,27,0.0,0.0,0.0,0.0082327259784364,0.0082349947954779,0.2142857142857142,0.1785714285714285,0.0357142857142857,0.0,0.1071428571428571,0.2142857142857142,0.1428571428571428,0.0714285714285714,-0.0714285714285714,0.2142857142857142,0.4642857142857143,0.3928571428571428,0.0714285714285714,-0.1071428571428571,0.2857142857142857,0.4615384615384615,13,0.3636363636363636,0,28,0.0,13,0.0
phi-4-mini-instruct,dev,cure_centred_svd_r1_a0.5,cure_centred_svd,1,0.5,neutral,pooled,exploratory,42,42,42,0.3586309523809524,0.2931547619047619,0.4761904761904761,0.2857142857142857,0.238095238095238,0.0654761904761904,-0.0104166666666666,0.1428571428571428,0.1825726141078838,-0.0347880434782608,0.3561031679282309,4,2,1,38,0.5,0.0,1.0,0.0084995938717651,0.0082088518440147,0.7692307692307693,0.717948717948718,0.0512820512820512,0.0,0.1153846153846153,0.6071428571428571,0.6785714285714286,-0.0714285714285714,-0.1428571428571428,0.0,0.8095238095238095,0.8095238095238095,0.0,-0.0952380952380952,0.0952380952380952,0.75,36,0.8714285714285714,7,42,0.1666666666666666,31,0.2258064516129032
phi-4-mini-instruct,dev,cure_centred_svd_r1_a0.5,cure_centred_svd,1,0.5,neutral,bbq,exploratory,42,42,42,0.3586309523809524,0.2931547619047619,0.4761904761904761,0.2857142857142857,0.238095238095238,0.0654761904761904,-0.0104166666666666,0.1428571428571428,0.1825726141078838,-0.0347880434782608,0.3561031679282309,4,2,1,38,0.5,0.0,1.0,0.0084995938717651,0.0082088518440147,0.7692307692307693,0.717948717948718,0.0512820512820512,0.0,0.1153846153846153,0.6071428571428571,0.6785714285714286,-0.0714285714285714,-0.1428571428571428,0.0,0.8095238095238095,0.8095238095238095,0.0,-0.0952380952380952,0.0952380952380952,0.75,36,0.8714285714285714,7,42,0.1666666666666666,31,0.2258064516129032
phi-4-mini-instruct,dev,cure_centred_svd_r1_a1,cure_centred_svd,1,1.0,demographic,pooled,exploratory,100,100,100,0.466875,0.2925,0.61,0.19,0.2,0.174375,0.10625,0.2469062499999998,0.3734939759036144,0.2577200582107009,0.478586966312376,16,13,2,84,0.8125,0.6,1.0,0.0219864606709875,0.0226707853146664,0.68,0.55,0.13,0.065,0.195,0.34,0.36,-0.02,-0.085,0.035,0.465,0.48,-0.015,-0.075,0.0401249999999993,0.7033898305084746,59,0.7280701754385965,3,100,0.03,34,0.088235294117647
phi-4-mini-instruct,dev,cure_centred_svd_r1_a1,cure_centred_svd,1,1.0,demographic,bbq,exploratory,42,42,42,0.5416666666666666,0.3244047619047619,0.7380952380952381,0.119047619047619,0.1428571428571428,0.2172619047619047,0.1175223214285714,0.3214285714285714,0.4010989010989011,0.2267151162790697,0.5706229479101961,10,9,2,32,0.9,0.6666666666666666,1.0,0.023024508205779,0.023369891138579,0.7857142857142857,0.75,0.0357142857142857,-0.0476190476190476,0.119047619047619,0.6785714285714286,0.75,-0.0714285714285714,-0.1904761904761904,0.0357142857142857,0.7857142857142857,0.8214285714285714,-0.0357142857142857,-0.1309523809523809,0.0595238095238095,0.8552631578947368,38,0.9230769230769232,3,42,0.0714285714285714,28,0.1071428571428571
phi-4-mini-instruct,dev,cure_centred_svd_r1_a1,cure_centred_svd,1,1.0,demographic,crows_pairs,exploratory,30,30,30,0.3479166666666666,0.2375,0.5,0.2,0.3,0.1104166666666666,0.00828125,0.2270833333333333,0.3173652694610778,0.0241381602268698,0.5354141414141411,4,3,0,26,0.75,0.0,1.0,0.0212830564569487,0.0217124299297066,0.9666666666666668,0.6166666666666667,0.35,0.2166666666666666,0.5,0.1333333333333333,0.05,0.0833333333333333,0.0333333333333333,0.15,0.15,0.1,0.05,-0.0166666666666666,0.1166666666666666,0.8571428571428571,7,0.5,0,30,0.0,2,0.0
phi-4-mini-instruct,dev,cure_centred_svd_r1_a1,cure_centred_svd,1,1.0,demographic,stereoset,exploratory,28,28,28,0.4821428571428571,0.3035714285714285,0.5357142857142857,0.2857142857142857,0.1785714285714285,0.1785714285714285,0.0401785714285714,0.34375,0.3703703703703703,0.1538135593220339,0.5340314136125655,2,1,0,26,0.5,0.0,1.0,0.0211830367409846,0.0226489359198258,0.2142857142857142,0.1785714285714285,0.0357142857142857,-0.0535714285714285,0.125,0.0535714285714285,0.1071428571428571,-0.0535714285714285,-0.1607142857142857,0.0357142857142857,0.3214285714285714,0.375,-0.0535714285714285,-0.1785714285714285,0.0714285714285714,0.2142857142857142,14,0.25,0,28,0.0,4,0.0
phi-4-mini-instruct,dev,cure_centred_svd_r1_a1,cure_centred_svd,1,1.0,identity,pooled,exploratory,100,100,100,0.0425,0.03,0.01,0.0,0.99,0.0125,0.0,0.0375,0.2941176470588235,0.2941176470588235,0.2941176470588235,1,0,0,99,0.0,0.0,0.0,0.0232042379047281,0.0232077553579891,0.6804123711340206,0.5670103092783505,0.1134020618556701,0.0309278350515463,0.1958762886597938,0.35,0.39,-0.04,-0.12,0.04,0.49,0.49,0.0,-0.09,0.08,0.7291666666666666,48,0.8125,0,100,0.0,49,0.0
phi-4-mini-instruct,dev,cure_centred_svd_r1_a1,cure_centred_svd,1,1.0,identity,bbq,exploratory,42,42,42,0.0,0.0,0.0,0.0,1.0,0.0,0.0,0.0,,,,0,0,0,42,,,,0.023947280636128,0.0239539731845922,0.7692307692307693,0.7435897435897436,0.0256410256410256,-0.0769230769230769,0.1282051282051282,0.6428571428571429,0.7857142857142857,-0.1428571428571428,-0.2857142857142857,0.0,0.7857142857142857,0.8333333333333334,-0.0476190476190476,-0.1904761904761904,0.0714285714285714,0.84375,32,0.9705882352941176,0,42,0.0,33,0.0
phi-4-mini-instruct,dev,cure_centred_svd_r1_a1,cure_centred_svd,1,1.0,identity,crows_pairs,exploratory,30,30,30,0.0,0.0,0.0,0.0,1.0,0.0,0.0,0.0,,,,0,0,0,30,,,,0.0220477261671943,0.0220362138955743,0.9666666666666668,0.7,0.2666666666666666,0.0991666666666667,0.4666666666666667,0.2,0.0666666666666666,0.1333333333333333,0.0333333333333333,0.2666666666666666,0.2,0.1,0.1,-0.0333333333333333,0.2333333333333333,1.0,6,0.6666666666666666,0,30,0.0,6,0.0
phi-4-mini-instruct,dev,cure_centred_svd_r1_a1,cure_centred_svd,1,1.0,identity,stereoset,exploratory,28,28,28,0.1517857142857142,0.1071428571428571,0.0357142857142857,0.0,0.9642857142857144,0.0446428571428571,0.0,0.1339285714285714,0.2941176470588235,0.2941176470588235,0.2941176470588235,1,0,0,27,0.0,0.0,0.0,0.0233287935264144,0.0233436516135288,0.25,0.1785714285714285,0.0714285714285714,0.0,0.1785714285714285,0.0714285714285714,0.1428571428571428,-0.0714285714285714,-0.1785714285714285,0.0,0.3571428571428571,0.3928571428571428,-0.0357142857142857,-0.2142857142857142,0.1428571428571428,0.2,10,0.3636363636363636,0,28,0.0,10,0.0
phi-4-mini-instruct,dev,cure_centred_svd_r1_a1,cure_centred_svd,1,1.0,neutral,pooled,exploratory,42,42,42,0.3586309523809524,0.2872023809523809,0.5238095238095238,0.3809523809523809,0.0952380952380952,0.0714285714285714,-0.0089285714285714,0.1517857142857142,0.1991701244813277,-0.0260898044427568,0.3866290922172922,4,3,2,38,0.75,0.0,1.0,0.0310600361339275,0.0268697547145992,0.7564102564102564,0.717948717948718,0.0384615384615384,-0.0256410256410256,0.1025641025641025,0.6190476190476191,0.6785714285714286,-0.0595238095238095,-0.1309523809523809,0.0119047619047619,0.8095238095238095,0.8095238095238095,0.0,-0.0714285714285714,0.0714285714285714,0.7638888888888888,36,0.8714285714285714,7,42,0.1666666666666666,30,0.2333333333333333
phi-4-mini-instruct,dev,cure_centred_svd_r1_a1,cure_centred_svd,1,1.0,neutral,bbq,exploratory,42,42,42,0.3586309523809524,0.2872023809523809,0.5238095238095238,0.3809523809523809,0.0952380952380952,0.0714285714285714,-0.0089285714285714,0.1517857142857142,0.1991701244813277,-0.0260898044427568,0.3866290922172922,4,3,2,38,0.75,0.0,1.0,0.0310600361339275,0.0268697547145992,0.7564102564102564,0.717948717948718,0.0384615384615384,-0.0256410256410256,0.1025641025641025,0.6190476190476191,0.6785714285714286,-0.0595238095238095,-0.1309523809523809,0.0119047619047619,0.8095238095238095,0.8095238095238095,0.0,-0.0714285714285714,0.0714285714285714,0.7638888888888888,36,0.8714285714285714,7,42,0.1666666666666666,30,0.2333333333333333
phi-4-mini-instruct,dev,cure_centred_svd_r2_a1,cure_centred_svd,2,1.0,demographic,pooled,exploratory,100,100,100,0.466875,0.285625,0.59,0.18,0.23,0.18125,0.116859375,0.249375,0.3882195448460509,0.2805026718716835,0.5016662750626566,16,13,0,84,0.8125,0.6,1.0,0.0287726589031322,0.0274266372363318,0.705,0.55,0.155,0.09,0.22,0.355,0.36,-0.005,-0.07,0.05,0.485,0.48,0.005,-0.055,0.065,0.7410714285714286,56,0.7280701754385965,5,100,0.05,41,0.1219512195121951
phi-4-mini-instruct,dev,cure_centred_svd_r2_a1,cure_centred_svd,2,1.0,demographic,bbq,exploratory,42,42,42,0.5416666666666666,0.2678571428571428,0.7380952380952381,0.0952380952380952,0.1666666666666666,0.2738095238095238,0.1860119047619047,0.369047619047619,0.5054945054945055,0.3675604771438105,0.6361471706232518,10,9,0,32,0.9,0.6666666666666666,1.0,0.031410253426991,0.0277316632623148,0.8452380952380952,0.75,0.0952380952380952,0.0238095238095238,0.1785714285714285,0.6904761904761905,0.75,-0.0595238095238095,-0.1785714285714285,0.0595238095238095,0.8452380952380952,0.8214285714285714,0.0238095238095238,-0.0714285714285714,0.119047619047619,0.825,40,0.9230769230769232,4,42,0.0952380952380952,31,0.1290322580645161
phi-4-mini-instruct,dev,cure_centred_svd_r2_a1,cure_centred_svd,2,1.0,demographic,crows_pairs,exploratory,30,30,30,0.3479166666666666,0.24375,0.4666666666666667,0.2666666666666666,0.2666666666666666,0.1041666666666666,0.0,0.21875,0.2994011976047904,0.0,0.5048859126984122,4,3,0,26,0.75,0.0,1.0,0.0261750356792164,0.0263886354937257,0.9666666666666668,0.6166666666666667,0.35,0.2166666666666666,0.5,0.1,0.05,0.05,0.0,0.1166666666666666,0.1,0.1,0.0,-0.0666666666666666,0.0666666666666666,1.0,4,0.5,0,30,0.0,2,0.0
phi-4-mini-instruct,dev,cure_centred_svd_r2_a1,cure_centred_svd,2,1.0,demographic,stereoset,exploratory,28,28,28,0.4821428571428571,0.3571428571428571,0.5,0.2142857142857142,0.2857142857142857,0.125,-0.0022321428571428,0.2790178571428571,0.2592592592592593,-0.0087034860947903,0.4973848299087058,2,1,0,26,0.5,0.0,1.0,0.0275994348572537,0.028081242921578,0.2142857142857142,0.1785714285714285,0.0357142857142857,-0.0535714285714285,0.1428571428571428,0.125,0.1071428571428571,0.0178571428571428,-0.0892857142857142,0.1071428571428571,0.3571428571428571,0.375,-0.0178571428571428,-0.1428571428571428,0.1071428571428571,0.375,12,0.25,1,28,0.0357142857142857,8,0.125
phi-4-mini-instruct,dev,cure_centred_svd_r2_a1,cure_centred_svd,2,1.0,identity,pooled,exploratory,100,100,100,0.0425,0.0175,0.01,0.0,0.99,0.025,0.0,0.075,0.5882352941176471,0.5882352941176471,0.5882352941176471,1,0,0,99,0.0,0.0,0.0,0.0274466206565535,0.0274690755266042,0.7010309278350515,0.5670103092783505,0.134020618556701,0.0515463917525773,0.2164948453608247,0.34,0.39,-0.05,-0.14,0.04,0.46,0.49,-0.03,-0.12,0.06,0.7555555555555555,45,0.8125,0,100,0.0,46,0.0
phi-4-mini-instruct,dev,cure_centred_svd_r2_a1,cure_centred_svd,2,1.0,identity,bbq,exploratory,42,42,42,0.0,0.0,0.0,0.0,1.0,0.0,0.0,0.0,,,,0,0,0,42,,,,0.0274336537439706,0.0274635097236416,0.8461538461538461,0.7435897435897436,0.1025641025641025,0.0,0.2307692307692307,0.5714285714285714,0.7857142857142857,-0.2142857142857142,-0.3571428571428571,-0.0476190476190476,0.7380952380952381,0.8333333333333334,-0.0952380952380952,-0.2619047619047619,0.0476190476190476,0.8,30,0.9705882352941176,0,42,0.0,31,0.0
phi-4-mini-instruct,dev,cure_centred_svd_r2_a1,cure_centred_svd,2,1.0,identity,crows_pairs,exploratory,30,30,30,0.0,0.0,0.0,0.0,1.0,0.0,0.0,0.0,,,,0,0,0,30,,,,0.0265686516979671,0.0265712399809303,0.9666666666666668,0.7,0.2666666666666666,0.0991666666666667,0.4666666666666667,0.1333333333333333,0.0666666666666666,0.0666666666666666,0.0,0.1666666666666666,0.1333333333333333,0.1,0.0333333333333333,-0.0666666666666666,0.1333333333333333,1.0,4,0.6666666666666666,0,30,0.0,4,0.0
phi-4-mini-instruct,dev,cure_centred_svd_r2_a1,cure_centred_svd,2,1.0,identity,stereoset,exploratory,28,28,28,0.1517857142857142,0.0625,0.0357142857142857,0.0,0.9642857142857144,0.0892857142857142,0.0,0.2678571428571428,0.5882352941176471,0.5882352941176471,0.5882352941176471,1,0,0,27,0.0,0.0,0.0,0.0284067520524849,0.0284393908871272,0.2142857142857142,0.1785714285714285,0.0357142857142857,0.0,0.1071428571428571,0.2142857142857142,0.1428571428571428,0.0714285714285714,-0.0714285714285714,0.2142857142857142,0.3928571428571428,0.3928571428571428,0.0,-0.2142857142857142,0.2142857142857142,0.5454545454545454,11,0.3636363636363636,0,28,0.0,11,0.0
phi-4-mini-instruct,dev,cure_centred_svd_r2_a1,cure_centred_svd,2,1.0,neutral,pooled,exploratory,42,42,42,0.3586309523809524,0.2247023809523809,0.5476190476190477,0.3095238095238095,0.1428571428571428,0.1339285714285714,0.0520833333333333,0.21875,0.3734439834024896,0.1674019607843136,0.5355838683788121,4,4,1,38,1.0,1.0,1.0,0.0397986539702007,0.0318847713410846,0.782051282051282,0.717948717948718,0.0641025641025641,-0.0128205128205128,0.1538461538461538,0.5952380952380952,0.6785714285714286,-0.0833333333333333,-0.1785714285714285,0.0119047619047619,0.7976190476190477,0.8095238095238095,-0.0119047619047619,-0.0952380952380952,0.0714285714285714,0.7361111111111112,36,0.8714285714285714,6,42,0.1428571428571428,30,0.2
phi-4-mini-instruct,dev,cure_centred_svd_r2_a1,cure_centred_svd,2,1.0,neutral,bbq,exploratory,42,42,42,0.3586309523809524,0.2247023809523809,0.5476190476190477,0.3095238095238095,0.1428571428571428,0.1339285714285714,0.0520833333333333,0.21875,0.3734439834024896,0.1674019607843136,0.5355838683788121,4,4,1,38,1.0,1.0,1.0,0.0397986539702007,0.0318847713410846,0.782051282051282,0.717948717948718,0.0641025641025641,-0.0128205128205128,0.1538461538461538,0.5952380952380952,0.6785714285714286,-0.0833333333333333,-0.1785714285714285,0.0119047619047619,0.7976190476190477,0.8095238095238095,-0.0119047619047619,-0.0952380952380952,0.0714285714285714,0.7361111111111112,36,0.8714285714285714,6,42,0.1428571428571428,30,0.2
phi-4-mini-instruct,dev,cure_centred_svd_r4_a1,cure_centred_svd,4,1.0,demographic,pooled,exploratory,100,100,100,0.466875,0.24875,0.58,0.21,0.21,0.218125,0.12875,0.334375,0.4672021419009371,0.3365925792383503,0.5720009605122732,16,13,0,84,0.8125,0.6,1.0,0.036704335036741,0.0342018859237955,0.69,0.55,0.14,0.07,0.215,0.355,0.36,-0.005,-0.075,0.06,0.5,0.48,0.02,-0.045,0.09,0.6982758620689655,58,0.7280701754385965,7,100,0.07,42,0.1666666666666666
phi-4-mini-instruct,dev,cure_centred_svd_r4_a1,cure_centred_svd,4,1.0,demographic,bbq,exploratory,42,42,42,0.5416666666666666,0.3139880952380952,0.6190476190476191,0.1904761904761904,0.1904761904761904,0.2276785714285714,0.1220238095238095,0.3407738095238095,0.4203296703296703,0.2637710889570552,0.544494260762314,10,9,0,32,0.9,0.6666666666666666,1.0,0.0405701903878112,0.0354356501675659,0.8214285714285714,0.75,0.0714285714285714,-0.0238095238095238,0.1666666666666666,0.6666666666666666,0.75,-0.0833333333333333,-0.2142857142857142,0.0357142857142857,0.8214285714285714,0.8214285714285714,0.0,-0.1071428571428571,0.1071428571428571,0.8289473684210527,38,0.9230769230769232,6,42,0.1428571428571428,31,0.1935483870967742
phi-4-mini-instruct,dev,cure_centred_svd_r4_a1,cure_centred_svd,4,1.0,demographic,crows_pairs,exploratory,30,30,30,0.3479166666666666,0.2104166666666666,0.4666666666666667,0.2666666666666666,0.2666666666666666,0.1375,0.0291666666666666,0.25625,0.3952095808383233,0.1100638085156433,0.5969371727748688,4,3,0,26,0.75,0.0,1.0,0.0317435609461266,0.032048309162284,0.9833333333333332,0.6166666666666667,0.3666666666666666,0.2333333333333333,0.5166666666666667,0.1333333333333333,0.05,0.0833333333333333,0.0166666666666666,0.15,0.15,0.1,0.05,-0.0166666666666666,0.1166666666666666,0.8333333333333334,6,0.5,0,30,0.0,3,0.0
phi-4-mini-instruct,dev,cure_centred_svd_r4_a1,cure_centred_svd,4,1.0,demographic,stereoset,exploratory,28,28,28,0.4821428571428571,0.1919642857142857,0.6428571428571429,0.1785714285714285,0.1785714285714285,0.2901785714285714,0.0736607142857142,0.6184151785714279,0.6018518518518519,0.2897134776192819,0.7245778064357652,2,1,0,26,0.5,0.0,1.0,0.0362206671072224,0.0346586432311881,0.1785714285714285,0.1785714285714285,0.0,-0.125,0.125,0.125,0.1071428571428571,0.0178571428571428,-0.0892857142857142,0.125,0.3928571428571428,0.375,0.0178571428571428,-0.125,0.1611607142857118,0.2857142857142857,14,0.25,1,28,0.0357142857142857,8,0.125
phi-4-mini-instruct,dev,cure_centred_svd_r4_a1,cure_centred_svd,4,1.0,identity,pooled,exploratory,100,100,100,0.0425,0.0275,0.01,0.0,0.99,0.015,0.0,0.045,0.3529411764705882,0.3529411764705882,0.3529411764705882,1,0,0,99,0.0,0.0,0.0,0.0335353103060201,0.0335698664072875,0.7010309278350515,0.5670103092783505,0.134020618556701,0.0515463917525773,0.2164948453608247,0.33,0.39,-0.06,-0.14,0.01,0.47,0.49,-0.02,-0.1,0.06,0.7333333333333333,45,0.8125,0,100,0.0,47,0.0
phi-4-mini-instruct,dev,cure_centred_svd_r4_a1,cure_centred_svd,4,1.0,identity,bbq,exploratory,42,42,42,0.0,0.0,0.0,0.0,1.0,0.0,0.0,0.0,,,,0,0,0,42,,,,0.0349430872373845,0.0349763547871145,0.8461538461538461,0.7435897435897436,0.1025641025641025,0.0,0.2307692307692307,0.6190476190476191,0.7857142857142857,-0.1666666666666666,-0.3333333333333333,-0.0238095238095238,0.8095238095238095,0.8333333333333334,-0.0238095238095238,-0.1428571428571428,0.0952380952380952,0.8125,32,0.9705882352941176,0,42,0.0,34,0.0
phi-4-mini-instruct,dev,cure_centred_svd_r4_a1,cure_centred_svd,4,1.0,identity,crows_pairs,exploratory,30,30,30,0.0,0.0,0.0,0.0,1.0,0.0,0.0,0.0,,,,0,0,0,30,,,,0.0322152082906072,0.0322468628994313,0.9666666666666668,0.7,0.2666666666666666,0.0991666666666667,0.4666666666666667,0.1,0.0666666666666666,0.0333333333333333,0.0,0.1,0.1,0.1,0.0,-0.1,0.1,1.0,3,0.6666666666666666,0,30,0.0,3,0.0
phi-4-mini-instruct,dev,cure_centred_svd_r4_a1,cure_centred_svd,4,1.0,identity,stereoset,exploratory,28,28,28,0.1517857142857142,0.0982142857142857,0.0357142857142857,0.0,0.9642857142857144,0.0535714285714285,0.0,0.1607142857142857,0.3529411764705882,0.3529411764705882,0.3529411764705882,1,0,0,27,0.0,0.0,0.0,0.0328380399254874,0.0328776375959645,0.2142857142857142,0.1785714285714285,0.0357142857142857,-0.0714285714285714,0.1785714285714285,0.1428571428571428,0.1428571428571428,0.0,-0.1071428571428571,0.1071428571428571,0.3571428571428571,0.3928571428571428,-0.0357142857142857,-0.2142857142857142,0.1428571428571428,0.4,10,0.3636363636363636,0,28,0.0,10,0.0
phi-4-mini-instruct,dev,cure_centred_svd_r4_a1,cure_centred_svd,4,1.0,neutral,pooled,exploratory,42,42,42,0.3586309523809524,0.21875,0.5476190476190477,0.3095238095238095,0.1428571428571428,0.1398809523809523,0.0431175595238095,0.2411086309523807,0.3900414937759335,0.1520353302611367,0.5714405160057333,4,4,1,38,1.0,1.0,1.0,0.0456567252882672,0.0385621134010902,0.7307692307692307,0.717948717948718,0.0128205128205128,-0.0769230769230769,0.0897435897435897,0.6071428571428571,0.6785714285714286,-0.0714285714285714,-0.1547619047619047,0.0,0.7738095238095238,0.8095238095238095,-0.0357142857142857,-0.1309523809523809,0.0595238095238095,0.8235294117647058,34,0.8714285714285714,5,42,0.119047619047619,29,0.1724137931034483
phi-4-mini-instruct,dev,cure_centred_svd_r4_a1,cure_centred_svd,4,1.0,neutral,bbq,exploratory,42,42,42,0.3586309523809524,0.21875,0.5476190476190477,0.3095238095238095,0.1428571428571428,0.1398809523809523,0.0431175595238095,0.2411086309523807,0.3900414937759335,0.1520353302611367,0.5714405160057333,4,4,1,38,1.0,1.0,1.0,0.0456567252882672,0.0385621134010902,0.7307692307692307,0.717948717948718,0.0128205128205128,-0.0769230769230769,0.0897435897435897,0.6071428571428571,0.6785714285714286,-0.0714285714285714,-0.1547619047619047,0.0,0.7738095238095238,0.8095238095238095,-0.0357142857142857,-0.1309523809523809,0.0595238095238095,0.8235294117647058,34,0.8714285714285714,5,42,0.119047619047619,29,0.1724137931034483
phi-4-mini-instruct,dev,identity_alpha0_r1_a0,identity_alpha0,1,0.0,demographic,pooled,exploratory,100,100,100,0.466875,0.466875,0.0,0.0,1.0,0.0,0.0,0.0,0.0,0.0,0.0,16,0,0,84,0.0,0.0,0.0,0.0,0.0,0.55,0.55,0.0,0.0,0.0,0.36,0.36,0.0,0.0,0.0,0.48,0.48,0.0,0.0,0.0,0.7280701754385965,57,0.7280701754385965,7,100,0.07,39,0.1794871794871795
phi-4-mini-instruct,dev,identity_alpha0_r1_a0,identity_alpha0,1,0.0,demographic,bbq,exploratory,42,42,42,0.5416666666666666,0.5416666666666666,0.0,0.0,1.0,0.0,0.0,0.0,0.0,0.0,0.0,10,0,0,32,0.0,0.0,0.0,0.0,0.0,0.75,0.75,0.0,0.0,0.0,0.75,0.75,0.0,0.0,0.0,0.8214285714285714,0.8214285714285714,0.0,0.0,0.0,0.9230769230769232,39,0.9230769230769232,4,42,0.0952380952380952,30,0.1333333333333333
phi-4-mini-instruct,dev,identity_alpha0_r1_a0,identity_alpha0,1,0.0,demographic,crows_pairs,exploratory,30,30,30,0.3479166666666666,0.3479166666666666,0.0,0.0,1.0,0.0,0.0,0.0,0.0,0.0,0.0,4,0,0,26,0.0,0.0,0.0,0.0,0.0,0.6166666666666667,0.6166666666666667,0.0,0.0,0.0,0.05,0.05,0.0,0.0,0.0,0.1,0.1,0.0,0.0,0.0,0.5,4,0.5,2,30,0.0666666666666666,2,1.0
phi-4-mini-instruct,dev,identity_alpha0_r1_a0,identity_alpha0,1,0.0,demographic,stereoset,exploratory,28,28,28,0.4821428571428571,0.4821428571428571,0.0,0.0,1.0,0.0,0.0,0.0,0.0,0.0,0.0,2,0,0,26,0.0,0.0,0.0,0.0,0.0,0.1785714285714285,0.1785714285714285,0.0,0.0,0.0,0.1071428571428571,0.1071428571428571,0.0,0.0,0.0,0.375,0.375,0.0,0.0,0.0,0.25,14,0.25,1,28,0.0357142857142857,7,0.1428571428571428
phi-4-mini-instruct,dev,identity_alpha0_r1_a0,identity_alpha0,1,0.0,identity,pooled,exploratory,100,100,100,0.0425,0.0425,0.0,0.0,1.0,0.0,0.0,0.0,0.0,0.0,0.0,1,0,0,99,0.0,0.0,0.0,0.0,0.0,0.5670103092783505,0.5670103092783505,0.0,0.0,0.0,0.39,0.39,0.0,0.0,0.0,0.49,0.49,0.0,0.0,0.0,0.8125,48,0.8125,0,100,0.0,49,0.0
phi-4-mini-instruct,dev,identity_alpha0_r1_a0,identity_alpha0,1,0.0,identity,bbq,exploratory,42,42,42,0.0,0.0,0.0,0.0,1.0,0.0,0.0,0.0,,,,0,0,0,42,,,,0.0,0.0,0.7435897435897436,0.7435897435897436,0.0,0.0,0.0,0.7857142857142857,0.7857142857142857,0.0,0.0,0.0,0.8333333333333334,0.8333333333333334,0.0,0.0,0.0,0.9705882352941176,34,0.9705882352941176,0,42,0.0,35,0.0
phi-4-mini-instruct,dev,identity_alpha0_r1_a0,identity_alpha0,1,0.0,identity,crows_pairs,exploratory,30,30,30,0.0,0.0,0.0,0.0,1.0,0.0,0.0,0.0,,,,0,0,0,30,,,,0.0,0.0,0.7,0.7,0.0,0.0,0.0,0.0666666666666666,0.0666666666666666,0.0,0.0,0.0,0.1,0.1,0.0,0.0,0.0,0.6666666666666666,3,0.6666666666666666,0,30,0.0,3,0.0
phi-4-mini-instruct,dev,identity_alpha0_r1_a0,identity_alpha0,1,0.0,identity,stereoset,exploratory,28,28,28,0.1517857142857142,0.1517857142857142,0.0,0.0,1.0,0.0,0.0,0.0,0.0,0.0,0.0,1,0,0,27,0.0,0.0,0.0,0.0,0.0,0.1785714285714285,0.1785714285714285,0.0,0.0,0.0,0.1428571428571428,0.1428571428571428,0.0,0.0,0.0,0.3928571428571428,0.3928571428571428,0.0,0.0,0.0,0.3636363636363636,11,0.3636363636363636,0,28,0.0,11,0.0
phi-4-mini-instruct,dev,identity_alpha0_r1_a0,identity_alpha0,1,0.0,neutral,pooled,exploratory,42,42,42,0.3586309523809524,0.3586309523809524,0.0,0.0,1.0,0.0,0.0,0.0,0.0,0.0,0.0,4,0,0,38,0.0,0.0,0.0,0.0,0.0,0.717948717948718,0.717948717948718,0.0,0.0,0.0,0.6785714285714286,0.6785714285714286,0.0,0.0,0.0,0.8095238095238095,0.8095238095238095,0.0,0.0,0.0,0.8714285714285714,35,0.8714285714285714,6,42,0.1428571428571428,31,0.1935483870967742
phi-4-mini-instruct,dev,identity_alpha0_r1_a0,identity_alpha0,1,0.0,neutral,bbq,exploratory,42,42,42,0.3586309523809524,0.3586309523809524,0.0,0.0,1.0,0.0,0.0,0.0,0.0,0.0,0.0,4,0,0,38,0.0,0.0,0.0,0.0,0.0,0.717948717948718,0.717948717948718,0.0,0.0,0.0,0.6785714285714286,0.6785714285714286,0.0,0.0,0.0,0.8095238095238095,0.8095238095238095,0.0,0.0,0.0,0.8714285714285714,35,0.8714285714285714,6,42,0.1428571428571428,31,0.1935483870967742
phi-4-mini-instruct,dev,leace_faithful_r1_a1,leace_faithful,1,1.0,demographic,pooled,exploratory,100,100,100,0.466875,0.47375,0.36,0.42,0.22,-0.006875,-0.04375,0.03125,-0.0147255689424363,-0.0992826375842,0.0656811306681749,16,4,3,84,0.25,0.0555555555555555,0.5,0.0006390213953866,0.0006577233619318,0.555,0.55,0.005,-0.025,0.035,0.405,0.36,0.045,0.015,0.08,0.535,0.48,0.055,0.02,0.095,0.7580645161290323,62,0.7280701754385965,11,100,0.11,45,0.2444444444444444
phi-4-mini-instruct,dev,leace_faithful_r1_a1,leace_faithful,1,1.0,demographic,bbq,exploratory,42,42,42,0.5416666666666666,0.5386904761904762,0.3809523809523809,0.3809523809523809,0.238095238095238,0.0029761904761904,-0.0446428571428571,0.0506696428571424,0.0054945054945054,-0.0789473684210526,0.0974647887323942,10,2,2,32,0.2,0.0,0.5,0.0006247231254354,0.0006984042272296,0.7738095238095238,0.75,0.0238095238095238,0.0,0.0595238095238095,0.8214285714285714,0.75,0.0714285714285714,0.0238095238095238,0.1428571428571428,0.8928571428571429,0.8214285714285714,0.0714285714285714,0.0238095238095238,0.1428571428571428,0.9390243902439024,41,0.9230769230769232,6,42,0.1428571428571428,34,0.1764705882352941
phi-4-mini-instruct,dev,leace_faithful_r1_a1,leace_faithful,1,1.0,demographic,crows_pairs,exploratory,30,30,30,0.3479166666666666,0.3895833333333333,0.2666666666666666,0.5666666666666667,0.1666666666666666,-0.0416666666666666,-0.1041666666666666,0.025052083333333,-0.1197604790419162,-0.3496590909090908,0.0691745987308696,4,2,1,26,0.5,0.0,1.0,0.0007491463513486,0.0007203411975228,0.5833333333333334,0.6166666666666667,-0.0333333333333333,-0.0833333333333333,0.0,0.0833333333333333,0.05,0.0333333333333333,0.0,0.0833333333333333,0.1333333333333333,0.1,0.0333333333333333,0.0,0.0833333333333333,0.6666666666666666,6,0.5,2,30,0.0666666666666666,2,1.0
phi-4-mini-instruct,dev,leace_faithful_r1_a1,leace_faithful,1,1.0,demographic,stereoset,exploratory,28,28,28,0.4821428571428571,0.4665178571428571,0.4285714285714285,0.3214285714285714,0.25,0.015625,-0.0691964285714285,0.1071428571428571,0.0324074074074074,-0.1487234160389898,0.2837586660291653,2,0,0,26,0.0,0.0,0.0,0.0005424777760682,0.0005296115258517,0.1964285714285714,0.1785714285714285,0.0178571428571428,-0.0535714285714285,0.1071428571428571,0.125,0.1071428571428571,0.0178571428571428,-0.0357142857142857,0.0892857142857142,0.4285714285714285,0.375,0.0535714285714285,-0.0178571428571428,0.125,0.3,15,0.25,3,28,0.1071428571428571,9,0.3333333333333333
phi-4-mini-instruct,dev,leace_faithful_r1_a1,leace_faithful,1,1.0,identity,pooled,exploratory,100,100,100,0.0425,0.045625,0.0,0.01,0.99,-0.003125,-0.009375,0.0,-0.0735294117647058,-0.0735294117647058,-0.0735294117647058,1,0,0,99,0.0,0.0,0.0,0.0005944086730524,0.0005940820337039,0.5979381443298969,0.5670103092783505,0.0309278350515463,-0.0103092783505154,0.0824742268041237,0.4,0.39,0.01,-0.02,0.05,0.52,0.49,0.03,0.0,0.07,0.7843137254901961,51,0.8125,0,100,0.0,52,0.0
phi-4-mini-instruct,dev,leace_faithful_r1_a1,leace_faithful,1,1.0,identity,bbq,exploratory,42,42,42,0.0,0.0,0.0,0.0,1.0,0.0,0.0,0.0,,,,0,0,0,42,,,,0.0005848167216385,0.0005844843245424,0.7948717948717948,0.7435897435897436,0.0512820512820512,0.0,0.1282051282051282,0.7857142857142857,0.7857142857142857,0.0,0.0,0.0,0.8333333333333334,0.8333333333333334,0.0,0.0,0.0,0.9705882352941176,34,0.9705882352941176,0,42,0.0,35,0.0
phi-4-mini-instruct,dev,leace_faithful_r1_a1,leace_faithful,1,1.0,identity,crows_pairs,exploratory,30,30,30,0.0,0.0,0.0,0.0,1.0,0.0,0.0,0.0,,,,0,0,0,30,,,,0.0006756787627925,0.0006754165744094,0.6666666666666666,0.7,-0.0333333333333333,-0.1,0.0,0.0666666666666666,0.0666666666666666,0.0,-0.1,0.1,0.1333333333333333,0.1,0.0333333333333333,0.0,0.1,0.5,4,0.6666666666666666,0,30,0.0,4,0.0
phi-4-mini-instruct,dev,leace_faithful_r1_a1,leace_faithful,1,1.0,identity,stereoset,exploratory,28,28,28,0.1517857142857142,0.1629464285714285,0.0,0.0357142857142857,0.9642857142857144,-0.0111607142857142,-0.0334821428571428,0.0,-0.0735294117647058,-0.0735294117647058,-0.0735294117647058,1,0,0,27,0.0,0.0,0.0,0.0005217215040231,0.0005213344466902,0.25,0.1785714285714285,0.0714285714285714,0.0,0.1785714285714285,0.1785714285714285,0.1428571428571428,0.0357142857142857,0.0,0.1071428571428571,0.4642857142857143,0.3928571428571428,0.0714285714285714,0.0,0.1785714285714285,0.3846153846153846,13,0.3636363636363636,0,28,0.0,13,0.0
phi-4-mini-instruct,dev,leace_faithful_r1_a1,leace_faithful,1,1.0,neutral,pooled,exploratory,42,42,42,0.3586309523809524,0.3392857142857143,0.4047619047619047,0.3571428571428571,0.238095238095238,0.019345238095238,-0.0372023809523809,0.0744047619047619,0.0539419087136929,-0.1121292005178528,0.198416919959473,4,1,1,38,0.25,0.0,1.0,0.0003470561781756,0.0005066691862107,0.7435897435897436,0.717948717948718,0.0256410256410256,-0.0384615384615384,0.0897435897435897,0.6547619047619048,0.6785714285714286,-0.0238095238095238,-0.0714285714285714,0.0238095238095238,0.7738095238095238,0.8095238095238095,-0.0357142857142857,-0.0833333333333333,0.0,0.8823529411764706,34,0.8714285714285714,4,42,0.0952380952380952,29,0.1379310344827586
phi-4-mini-instruct,dev,leace_faithful_r1_a1,leace_faithful,1,1.0,neutral,bbq,exploratory,42,42,42,0.3586309523809524,0.3392857142857143,0.4047619047619047,0.3571428571428571,0.238095238095238,0.019345238095238,-0.0372023809523809,0.0744047619047619,0.0539419087136929,-0.1121292005178528,0.198416919959473,4,1,1,38,0.25,0.0,1.0,0.0003470561781756,0.0005066691862107,0.7435897435897436,0.717948717948718,0.0256410256410256,-0.0384615384615384,0.0897435897435897,0.6547619047619048,0.6785714285714286,-0.0238095238095238,-0.0714285714285714,0.0238095238095238,0.7738095238095238,0.8095238095238095,-0.0357142857142857,-0.0833333333333333,0.0,0.8823529411764706,34,0.8714285714285714,4,42,0.0952380952380952,29,0.1379310344827586
phi-4-mini-instruct,dev,leace_sequential_r1_a1,leace_sequential,1,1.0,demographic,pooled,exploratory,100,100,100,0.466875,0.4725,0.4,0.34,0.26,-0.005625,-0.05375,0.034375,-0.0120481927710842,-0.1082833580300549,0.0783712677435142,16,4,4,84,0.25,0.0624080882352941,0.4705882352941176,0.0007047926647642,0.0006657682796863,0.555,0.55,0.005,-0.015,0.025,0.395,0.36,0.035,0.01,0.065,0.515,0.48,0.035,0.005,0.07,0.7586206896551724,58,0.7280701754385965,8,100,0.08,45,0.1777777777777777
phi-4-mini-instruct,dev,leace_sequential_r1_a1,leace_sequential,1,1.0,demographic,bbq,exploratory,42,42,42,0.5416666666666666,0.5148809523809523,0.4523809523809524,0.3333333333333333,0.2142857142857142,0.0267857142857142,-0.0283110119047619,0.0773809523809523,0.0494505494505495,-0.0549216778973588,0.1387470913321698,10,2,2,32,0.2,0.0,0.5,0.0006959703040215,0.0006604220327326,0.75,0.75,0.0,0.0,0.0,0.8095238095238095,0.75,0.0595238095238095,0.0119047619047619,0.119047619047619,0.8809523809523809,0.8214285714285714,0.0595238095238095,0.0119047619047619,0.119047619047619,0.9375,40,0.9230769230769232,5,42,0.119047619047619,34,0.1470588235294117
phi-4-mini-instruct,dev,leace_sequential_r1_a1,leace_sequential,1,1.0,demographic,crows_pairs,exploratory,30,30,30,0.3479166666666666,0.3708333333333333,0.3333333333333333,0.3333333333333333,0.3333333333333333,-0.0229166666666666,-0.1,0.0458333333333333,-0.0658682634730538,-0.3500128865979382,0.115960144927536,4,2,2,26,0.5,0.0,1.0,0.0006868192653942,0.0006730579950355,0.6333333333333333,0.6166666666666667,0.0166666666666666,-0.0333333333333333,0.0666666666666666,0.0833333333333333,0.05,0.0333333333333333,-0.0333333333333333,0.1,0.1,0.1,0.0,-0.0666666666666666,0.0666666666666666,0.875,4,0.5,1,30,0.0333333333333333,2,0.5
phi-4-mini-instruct,dev,leace_sequential_r1_a1,leace_sequential,1,1.0,demographic,stereoset,exploratory,28,28,28,0.4821428571428571,0.5178571428571429,0.3928571428571428,0.3571428571428571,0.25,-0.0357142857142857,-0.1629464285714285,0.078125,-0.0740740740740741,-0.3074184515800575,0.2000279329608936,2,0,0,26,0.0,0.0,0.0,0.0007372834194889,0.0006659772408141,0.1785714285714285,0.1785714285714285,0.0,-0.0535714285714285,0.0535714285714285,0.1071428571428571,0.1071428571428571,0.0,0.0,0.0,0.4107142857142857,0.375,0.0357142857142857,0.0,0.0892857142857142,0.2142857142857142,14,0.25,2,28,0.0714285714285714,9,0.2222222222222222
phi-4-mini-instruct,dev,leace_sequential_r1_a1,leace_sequential,1,1.0,identity,pooled,exploratory,100,100,100,0.0425,0.046875,0.0,0.01,0.99,-0.004375,-0.013125,0.0,-0.1029411764705883,-0.1029411764705883,-0.1029411764705883,1,0,0,99,0.0,0.0,0.0,0.0006527732621419,0.0006516720061976,0.5463917525773195,0.5670103092783505,-0.0206185567010309,-0.0515463917525773,0.0,0.4,0.39,0.01,-0.02,0.05,0.49,0.49,0.0,-0.05,0.05,0.8163265306122449,49,0.8125,0,100,0.0,49,0.0
phi-4-mini-instruct,dev,leace_sequential_r1_a1,leace_sequential,1,1.0,identity,bbq,exploratory,42,42,42,0.0,0.0,0.0,0.0,1.0,0.0,0.0,0.0,,,,0,0,0,42,,,,0.000653445474198,0.0006511767034474,0.7435897435897436,0.7435897435897436,0.0,0.0,0.0,0.8095238095238095,0.7857142857142857,0.0238095238095238,0.0,0.0714285714285714,0.8333333333333334,0.8333333333333334,0.0,-0.0714285714285714,0.0714285714285714,0.9714285714285714,35,0.9705882352941176,0,42,0.0,35,0.0
phi-4-mini-instruct,dev,leace_sequential_r1_a1,leace_sequential,1,1.0,identity,crows_pairs,exploratory,30,30,30,0.0,0.0,0.0,0.0,1.0,0.0,0.0,0.0,,,,0,0,0,30,,,,0.0006739276327368,0.0006740947899468,0.6333333333333333,0.7,-0.0666666666666666,-0.1666666666666666,0.0,0.0666666666666666,0.0666666666666666,0.0,-0.1,0.1,0.1,0.1,0.0,-0.1,0.1,0.6666666666666666,3,0.6666666666666666,0,30,0.0,3,0.0
phi-4-mini-instruct,dev,leace_sequential_r1_a1,leace_sequential,1,1.0,identity,stereoset,exploratory,28,28,28,0.1517857142857142,0.1674107142857142,0.0,0.0357142857142857,0.9642857142857144,-0.015625,-0.046875,0.0,-0.1029411764705883,-0.1029411764705883,-0.1029411764705883,1,0,0,27,0.0,0.0,0.0,0.0006290995469916,0.000628390549163,0.1785714285714285,0.1785714285714285,0.0,0.0,0.0,0.1428571428571428,0.1428571428571428,0.0,0.0,0.0,0.3928571428571428,0.3928571428571428,0.0,-0.1071428571428571,0.1071428571428571,0.3636363636363636,11,0.3636363636363636,0,28,0.0,11,0.0
phi-4-mini-instruct,dev,leace_sequential_r1_a1,leace_sequential,1,1.0,neutral,pooled,exploratory,42,42,42,0.3586309523809524,0.3363095238095238,0.4047619047619047,0.3809523809523809,0.2142857142857142,0.0223214285714285,-0.0342261904761904,0.0788690476190476,0.0622406639004149,-0.1123807504769981,0.2046592184890056,4,0,2,38,0.0,0.0,0.0,0.0003577100499283,0.0005773252169305,0.717948717948718,0.717948717948718,0.0,-0.0384615384615384,0.0384615384615384,0.6785714285714286,0.6785714285714286,0.0,-0.0476190476190476,0.0476190476190476,0.8333333333333334,0.8095238095238095,0.0238095238095238,-0.0357142857142857,0.0833333333333333,0.8333333333333334,36,0.8714285714285714,6,42,0.1428571428571428,32,0.1875
phi-4-mini-instruct,dev,leace_sequential_r1_a1,leace_sequential,1,1.0,neutral,bbq,exploratory,42,42,42,0.3586309523809524,0.3363095238095238,0.4047619047619047,0.3809523809523809,0.2142857142857142,0.0223214285714285,-0.0342261904761904,0.0788690476190476,0.0622406639004149,-0.1123807504769981,0.2046592184890056,4,0,2,38,0.0,0.0,0.0,0.0003577100499283,0.0005773252169305,0.717948717948718,0.717948717948718,0.0,-0.0384615384615384,0.0384615384615384,0.6785714285714286,0.6785714285714286,0.0,-0.0476190476190476,0.0476190476190476,0.8333333333333334,0.8095238095238095,0.0238095238095238,-0.0357142857142857,0.0833333333333333,0.8333333333333334,36,0.8714285714285714,6,42,0.1428571428571428,32,0.1875
phi-4-mini-instruct,dev,mean_difference_r1_a1,mean_difference,1,1.0,demographic,pooled,exploratory,100,100,100,0.466875,0.413125,0.46,0.32,0.22,0.05375,0.008125,0.09875,0.1151271753681392,0.0186407489579131,0.2032409205174845,16,4,2,84,0.25,0.0555555555555555,0.5,0.0031083174703369,0.0029495889196556,0.55,0.55,0.0,-0.03,0.035,0.4,0.36,0.04,0.005,0.075,0.515,0.48,0.035,-0.005,0.075,0.7301587301587301,63,0.7280701754385965,6,100,0.06,40,0.15
phi-4-mini-instruct,dev,mean_difference_r1_a1,mean_difference,1,1.0,demographic,bbq,exploratory,42,42,42,0.5416666666666666,0.46875,0.5238095238095238,0.3333333333333333,0.1428571428571428,0.0729166666666666,0.0148809523809523,0.1309523809523809,0.1346153846153845,0.0254217761462157,0.2487751256281405,10,2,2,32,0.2,0.0,0.5,0.0037490422299033,0.0030929212078877,0.75,0.75,0.0,-0.0357142857142857,0.0357142857142857,0.8095238095238095,0.75,0.0595238095238095,0.0,0.119047619047619,0.8809523809523809,0.8214285714285714,0.0595238095238095,0.0,0.1309523809523809,0.9047619047619048,42,0.9230769230769232,4,42,0.0952380952380952,32,0.125
phi-4-mini-instruct,dev,mean_difference_r1_a1,mean_difference,1,1.0,demographic,crows_pairs,exploratory,30,30,30,0.3479166666666666,0.35,0.3333333333333333,0.3333333333333333,0.3333333333333333,-0.0020833333333333,-0.0666666666666666,0.0604166666666666,-0.0059880239520957,-0.2597684923771881,0.1520762372270086,4,2,0,26,0.5,0.0,1.0,0.0026912225338026,0.0028929912563,0.6333333333333333,0.6166666666666667,0.0166666666666666,-0.0666666666666666,0.1166666666666666,0.1,0.05,0.05,0.0,0.1166666666666666,0.1166666666666666,0.1,0.0166666666666666,0.0,0.05,0.8,5,0.5,0,30,0.0,2,0.0
phi-4-mini-instruct,dev,mean_difference_r1_a1,mean_difference,1,1.0,demographic,stereoset,exploratory,28,28,28,0.4821428571428571,0.3973214285714285,0.5,0.2857142857142857,0.2142857142857142,0.0848214285714285,-0.0223772321428571,0.1986607142857142,0.1759259259259259,-0.0797335203366058,0.4117852735499793,2,0,0,26,0.0,0.0,0.0,0.0025941177629883,0.0027952308409027,0.1607142857142857,0.1785714285714285,-0.0178571428571428,-0.0714285714285714,0.0357142857142857,0.1071428571428571,0.1071428571428571,0.0,-0.0535714285714285,0.0535714285714285,0.3928571428571428,0.375,0.0178571428571428,-0.0714285714285714,0.1071428571428571,0.25,16,0.25,2,28,0.0714285714285714,6,0.3333333333333333
phi-4-mini-instruct,dev,mean_difference_r1_a1,mean_difference,1,1.0,identity,pooled,exploratory,100,100,100,0.0425,0.03625,0.01,0.0,0.99,0.00625,0.0,0.01875,0.1470588235294118,0.1470588235294118,0.1470588235294118,1,0,0,99,0.0,0.0,0.0,0.0030299718446974,0.003030014005061,0.5876288659793815,0.5670103092783505,0.0206185567010309,-0.0309278350515463,0.0721649484536082,0.42,0.39,0.03,0.0,0.07,0.52,0.49,0.03,-0.02,0.08,0.8235294117647058,51,0.8125,0,100,0.0,52,0.0
phi-4-mini-instruct,dev,mean_difference_r1_a1,mean_difference,1,1.0,identity,bbq,exploratory,42,42,42,0.0,0.0,0.0,0.0,1.0,0.0,0.0,0.0,,,,0,0,0,42,,,,0.002925212695765,0.0029257847846025,0.7692307692307693,0.7435897435897436,0.0256410256410256,0.0,0.0769230769230769,0.8095238095238095,0.7857142857142857,0.0238095238095238,0.0,0.0714285714285714,0.8809523809523809,0.8333333333333334,0.0476190476190476,0.0,0.119047619047619,0.9444444444444444,36,0.9705882352941176,0,42,0.0,37,0.0
phi-4-mini-instruct,dev,mean_difference_r1_a1,mean_difference,1,1.0,identity,crows_pairs,exploratory,30,30,30,0.0,0.0,0.0,0.0,1.0,0.0,0.0,0.0,,,,0,0,0,30,,,,0.0030973797619428,0.0030993500929104,0.7,0.7,0.0,-0.1333333333333333,0.1333333333333333,0.1,0.0666666666666666,0.0333333333333333,0.0,0.1,0.1333333333333333,0.1,0.0333333333333333,0.0,0.1,0.75,4,0.6666666666666666,0,30,0.0,4,0.0
phi-4-mini-instruct,dev,mean_difference_r1_a1,mean_difference,1,1.0,identity,stereoset,exploratory,28,28,28,0.1517857142857142,0.1294642857142857,0.0357142857142857,0.0,0.9642857142857144,0.0223214285714285,0.0,0.0669642857142857,0.1470588235294118,0.1470588235294118,0.1470588235294118,1,0,0,27,0.0,0.0,0.0,0.0031148877996186,0.0031120691701959,0.2142857142857142,0.1785714285714285,0.0357142857142857,0.0,0.1071428571428571,0.1785714285714285,0.1428571428571428,0.0357142857142857,0.0,0.1071428571428571,0.3928571428571428,0.3928571428571428,0.0,-0.1428571428571428,0.1428571428571428,0.4545454545454545,11,0.3636363636363636,0,28,0.0,11,0.0
phi-4-mini-instruct,dev,mean_difference_r1_a1,mean_difference,1,1.0,neutral,pooled,exploratory,42,42,42,0.3586309523809524,0.3526785714285714,0.3571428571428571,0.3571428571428571,0.2857142857142857,0.0059523809523809,-0.0595238095238095,0.0699404761904761,0.016597510373444,-0.1884099378881987,0.1870900412951103,4,1,1,38,0.25,0.0,1.0,0.0025436495313582,0.0027562547768699,0.7435897435897436,0.717948717948718,0.0256410256410256,0.0,0.0641025641025641,0.6904761904761905,0.6785714285714286,0.0119047619047619,-0.0238095238095238,0.0595238095238095,0.8214285714285714,0.8095238095238095,0.0119047619047619,-0.0238095238095238,0.0595238095238095,0.8714285714285714,35,0.8714285714285714,6,42,0.1428571428571428,32,0.1875
phi-4-mini-instruct,dev,mean_difference_r1_a1,mean_difference,1,1.0,neutral,bbq,exploratory,42,42,42,0.3586309523809524,0.3526785714285714,0.3571428571428571,0.3571428571428571,0.2857142857142857,0.0059523809523809,-0.0595238095238095,0.0699404761904761,0.016597510373444,-0.1884099378881987,0.1870900412951103,4,1,1,38,0.25,0.0,1.0,0.0025436495313582,0.0027562547768699,0.7435897435897436,0.717948717948718,0.0256410256410256,0.0,0.0641025641025641,0.6904761904761905,0.6785714285714286,0.0119047619047619,-0.0238095238095238,0.0595238095238095,0.8214285714285714,0.8095238095238095,0.0119047619047619,-0.0238095238095238,0.0595238095238095,0.8714285714285714,35,0.8714285714285714,6,42,0.1428571428571428,32,0.1875
phi-4-mini-instruct,dev,neutral_contrast_r1_a1,neutral_contrast,1,1.0,demographic,pooled,exploratory,100,100,100,0.466875,0.411875,0.5,0.32,0.18,0.055,0.01,0.100625,0.1178045515394913,0.0244800615693012,0.2124168435600875,16,8,3,84,0.5,0.2380252100840336,0.75,0.0034438010786772,0.0033783492468702,0.575,0.55,0.025,-0.005,0.055,0.39,0.36,0.03,-0.025,0.085,0.505,0.48,0.025,-0.02,0.075,0.7459016393442623,61,0.7280701754385965,5,100,0.05,40,0.125
phi-4-mini-instruct,dev,neutral_contrast_r1_a1,neutral_contrast,1,1.0,demographic,bbq,exploratory,42,42,42,0.5416666666666666,0.4300595238095238,0.6666666666666666,0.3095238095238095,0.0238095238095238,0.1116071428571428,0.0282738095238095,0.1904761904761904,0.2060439560439561,0.0535512383345298,0.3463855421686747,10,7,1,32,0.7,0.3996153846153846,1.0,0.004007452288686,0.0036157762657004,0.7619047619047619,0.75,0.0119047619047619,0.0,0.0357142857142857,0.7619047619047619,0.75,0.0119047619047619,-0.0952380952380952,0.119047619047619,0.8452380952380952,0.8214285714285714,0.0238095238095238,-0.0476190476190476,0.0952380952380952,0.8902439024390244,41,0.9230769230769232,3,42,0.0714285714285714,30,0.1
phi-4-mini-instruct,dev,neutral_contrast_r1_a1,neutral_contrast,1,1.0,demographic,crows_pairs,exploratory,30,30,30,0.3479166666666666,0.3354166666666666,0.3333333333333333,0.2666666666666666,0.4,0.0125,-0.0458333333333333,0.0667708333333327,0.0359281437125748,-0.1538461538461537,0.1923148148148147,4,1,1,26,0.25,0.0,1.0,0.0029513130903779,0.0032159535102487,0.6833333333333333,0.6166666666666667,0.0666666666666666,0.0166666666666666,0.1333333333333333,0.1333333333333333,0.05,0.0833333333333333,0.0,0.1833333333333333,0.1333333333333333,0.1,0.0333333333333333,-0.05,0.1333333333333333,1.0,5,0.5,0,30,0.0,3,0.0
phi-4-mini-instruct,dev,neutral_contrast_r1_a1,neutral_contrast,1,1.0,demographic,stereoset,exploratory,28,28,28,0.4821428571428571,0.4665178571428571,0.4285714285714285,0.3928571428571428,0.1785714285714285,0.015625,-0.0714843749999999,0.1027343749999997,0.0324074074074074,-0.2301739926739927,0.2137417741510924,2,0,1,26,0.0,0.0,0.0,0.0031259899654133,0.0031962041507193,0.1785714285714285,0.1785714285714285,0.0,-0.0892857142857142,0.0892857142857142,0.1071428571428571,0.1071428571428571,0.0,-0.0535714285714285,0.0535714285714285,0.3928571428571428,0.375,0.0178571428571428,-0.0535714285714285,0.0892857142857142,0.2666666666666666,15,0.25,2,28,0.0714285714285714,7,0.2857142857142857
phi-4-mini-instruct,dev,neutral_contrast_r1_a1,neutral_contrast,1,1.0,identity,pooled,exploratory,100,100,100,0.0425,0.0075,0.01,0.0,0.99,0.035,0.0,0.105,0.8235294117647058,0.8235294117647058,0.8235294117647058,1,1,0,99,1.0,1.0,1.0,0.0034149954378469,0.0034156153922031,0.6082474226804123,0.5670103092783505,0.0412371134020618,0.0,0.0927835051546391,0.39,0.39,0.0,-0.05,0.05,0.48,0.49,-0.01,-0.07,0.05,0.8125,48,0.8125,0,100,0.0,48,0.0
phi-4-mini-instruct,dev,neutral_contrast_r1_a1,neutral_contrast,1,1.0,identity,bbq,exploratory,42,42,42,0.0,0.0,0.0,0.0,1.0,0.0,0.0,0.0,,,,0,0,0,42,,,,0.0035276233572545,0.0035271676048168,0.7692307692307693,0.7435897435897436,0.0256410256410256,0.0,0.0769230769230769,0.7380952380952381,0.7857142857142857,-0.0476190476190476,-0.1428571428571428,0.0476190476190476,0.8095238095238095,0.8333333333333334,-0.0238095238095238,-0.119047619047619,0.0476190476190476,0.9117647058823528,34,0.9705882352941176,0,42,0.0,34,0.0
phi-4-mini-instruct,dev,neutral_contrast_r1_a1,neutral_contrast,1,1.0,identity,crows_pairs,exploratory,30,30,30,0.0,0.0,0.0,0.0,1.0,0.0,0.0,0.0,,,,0,0,0,30,,,,0.0033641858786571,0.0033618862909945,0.7333333333333333,0.7,0.0333333333333333,0.0,0.1,0.1333333333333333,0.0666666666666666,0.0666666666666666,0.0,0.1666666666666666,0.1333333333333333,0.1,0.0333333333333333,-0.0666666666666666,0.1341666666666621,1.0,4,0.6666666666666666,0,30,0.0,4,0.0
phi-4-mini-instruct,dev,neutral_contrast_r1_a1,neutral_contrast,1,1.0,identity,stereoset,exploratory,28,28,28,0.1517857142857142,0.0267857142857142,0.0357142857142857,0.0,0.9642857142857144,0.125,0.0,0.375,0.8235294117647058,0.8235294117647058,0.8235294117647058,1,1,0,27,1.0,1.0,1.0,0.003300492372153,0.0033058539674346,0.25,0.1785714285714285,0.0714285714285714,-0.0714285714285714,0.2142857142857142,0.1428571428571428,0.1428571428571428,0.0,0.0,0.0,0.3571428571428571,0.3928571428571428,-0.0357142857142857,-0.1428571428571428,0.0714285714285714,0.4,10,0.3636363636363636,0,28,0.0,10,0.0
phi-4-mini-instruct,dev,neutral_contrast_r1_a1,neutral_contrast,1,1.0,neutral,pooled,exploratory,42,42,42,0.3586309523809524,0.3110119047619047,0.3809523809523809,0.3571428571428571,0.2619047619047619,0.0476190476190476,-0.0297619047619047,0.1279761904761904,0.1327800829875518,-0.0864896786550329,0.3154216185625353,4,4,1,38,1.0,1.0,1.0,0.0127551839608966,0.0074734758416457,0.7564102564102564,0.717948717948718,0.0384615384615384,0.0,0.0897435897435897,0.6666666666666666,0.6785714285714286,-0.0119047619047619,-0.0714285714285714,0.0476190476190476,0.7619047619047619,0.8095238095238095,-0.0476190476190476,-0.1428571428571428,0.0357142857142857,0.8611111111111112,36,0.8714285714285714,4,42,0.0952380952380952,28,0.1428571428571428
phi-4-mini-instruct,dev,neutral_contrast_r1_a1,neutral_contrast,1,1.0,neutral,bbq,exploratory,42,42,42,0.3586309523809524,0.3110119047619047,0.3809523809523809,0.3571428571428571,0.2619047619047619,0.0476190476190476,-0.0297619047619047,0.1279761904761904,0.1327800829875518,-0.0864896786550329,0.3154216185625353,4,4,1,38,1.0,1.0,1.0,0.0127551839608966,0.0074734758416457,0.7564102564102564,0.717948717948718,0.0384615384615384,0.0,0.0897435897435897,0.6666666666666666,0.6785714285714286,-0.0119047619047619,-0.0714285714285714,0.0476190476190476,0.7619047619047619,0.8095238095238095,-0.0476190476190476,-0.1428571428571428,0.0357142857142857,0.8611111111111112,36,0.8714285714285714,4,42,0.0952380952380952,28,0.1428571428571428
phi-4-mini-instruct,dev,neutral_contrast_r2_a1,neutral_contrast,2,1.0,demographic,pooled,exploratory,100,100,100,0.466875,0.320625,0.58,0.26,0.16,0.14625,0.08125,0.2156406249999999,0.3132530120481928,0.1877118337195828,0.4365892688305016,16,13,0,84,0.8125,0.6,1.0,0.0213244673914959,0.0197063564559228,0.66,0.55,0.11,0.04,0.18,0.335,0.36,-0.025,-0.09,0.035,0.46,0.48,-0.02,-0.07,0.03,0.6929824561403509,57,0.7280701754385965,5,100,0.05,35,0.1428571428571428
phi-4-mini-instruct,dev,neutral_contrast_r2_a1,neutral_contrast,2,1.0,demographic,bbq,exploratory,42,42,42,0.5416666666666666,0.3020833333333333,0.6904761904761905,0.1428571428571428,0.1666666666666666,0.2395833333333333,0.1413690476190476,0.3452380952380952,0.4423076923076923,0.3117245989304812,0.5575048076923077,10,9,0,32,0.9,0.6666666666666666,1.0,0.0246599152347403,0.0206338334990847,0.75,0.75,0.0,-0.0833333333333333,0.0714285714285714,0.6547619047619048,0.75,-0.0952380952380952,-0.2142857142857142,0.0119047619047619,0.7857142857142857,0.8214285714285714,-0.0357142857142857,-0.119047619047619,0.0357142857142857,0.7948717948717948,39,0.9230769230769232,4,42,0.0952380952380952,27,0.1481481481481481
phi-4-mini-instruct,dev,neutral_contrast_r2_a1,neutral_contrast,2,1.0,demographic,crows_pairs,exploratory,30,30,30,0.3479166666666666,0.2645833333333333,0.5,0.4,0.1,0.0833333333333333,-0.025,0.2,0.2395209580838323,-0.1017003130735182,0.4456810823311746,4,3,0,26,0.75,0.0,1.0,0.01921863222843,0.0193172199949263,0.9833333333333332,0.6166666666666667,0.3666666666666666,0.2333333333333333,0.5166666666666667,0.1166666666666666,0.05,0.0666666666666666,0.0166666666666666,0.1333333333333333,0.1166666666666666,0.1,0.0166666666666666,-0.0333333333333333,0.0666666666666666,1.0,4,0.5,0,30,0.0,3,0.0
phi-4-mini-instruct,dev,neutral_contrast_r2_a1,neutral_contrast,2,1.0,demographic,stereoset,exploratory,28,28,28,0.4821428571428571,0.4084821428571428,0.5,0.2857142857142857,0.2142857142857142,0.0736607142857142,-0.0536272321428571,0.2120535714285714,0.1527777777777778,-0.1412832929782081,0.457147212543554,2,1,0,26,0.5,0.0,1.0,0.018577547587057,0.0187320728136761,0.1785714285714285,0.1785714285714285,0.0,-0.1071428571428571,0.125,0.0892857142857142,0.1071428571428571,-0.0178571428571428,-0.125,0.0714285714285714,0.3392857142857143,0.375,-0.0357142857142857,-0.1785714285714285,0.0892857142857142,0.3214285714285714,14,0.25,1,28,0.0357142857142857,5,0.2
phi-4-mini-instruct,dev,neutral_contrast_r2_a1,neutral_contrast,2,1.0,identity,pooled,exploratory,100,100,100,0.0425,0.0,0.01,0.0,0.99,0.0425,0.0,0.1275,1.0,1.0,1.0,1,1,0,99,1.0,1.0,1.0,0.0194644958395061,0.0194869287464146,0.6701030927835051,0.5670103092783505,0.1030927835051546,0.0206185567010309,0.1855670103092783,0.34,0.39,-0.05,-0.13,0.02,0.45,0.49,-0.04,-0.12,0.03,0.7555555555555555,45,0.8125,0,100,0.0,45,0.0
phi-4-mini-instruct,dev,neutral_contrast_r2_a1,neutral_contrast,2,1.0,identity,bbq,exploratory,42,42,42,0.0,0.0,0.0,0.0,1.0,0.0,0.0,0.0,,,,0,0,0,42,,,,0.0201704570825209,0.020187209143109,0.7948717948717948,0.7435897435897436,0.0512820512820512,-0.0512820512820512,0.1538461538461538,0.6428571428571429,0.7857142857142857,-0.1428571428571428,-0.2857142857142857,0.0,0.7619047619047619,0.8333333333333334,-0.0714285714285714,-0.1904761904761904,0.0476190476190476,0.84375,32,0.9705882352941176,0,42,0.0,32,0.0
phi-4-mini-instruct,dev,neutral_contrast_r2_a1,neutral_contrast,2,1.0,identity,crows_pairs,exploratory,30,30,30,0.0,0.0,0.0,0.0,1.0,0.0,0.0,0.0,,,,0,0,0,30,,,,0.0193183740084173,0.0193290906594914,0.9666666666666668,0.7,0.2666666666666666,0.0991666666666667,0.4666666666666667,0.1,0.0666666666666666,0.0333333333333333,0.0,0.1,0.1,0.1,0.0,-0.1,0.1,1.0,3,0.6666666666666666,0,30,0.0,3,0.0
phi-4-mini-instruct,dev,neutral_contrast_r2_a1,neutral_contrast,2,1.0,identity,stereoset,exploratory,28,28,28,0.1517857142857142,0.0,0.0357142857142857,0.0,0.9642857142857144,0.1517857142857142,0.0,0.4553571428571428,1.0,1.0,1.0,1,1,0,27,1.0,1.0,1.0,0.0185621130797219,0.018605620387362,0.1785714285714285,0.1785714285714285,0.0,-0.1428571428571428,0.1428571428571428,0.1428571428571428,0.1428571428571428,0.0,-0.1428571428571428,0.1428571428571428,0.3571428571428571,0.3928571428571428,-0.0357142857142857,-0.2151785714285713,0.1428571428571428,0.4,10,0.3636363636363636,0,28,0.0,10,0.0
phi-4-mini-instruct,dev,neutral_contrast_r2_a1,neutral_contrast,2,1.0,neutral,pooled,exploratory,42,42,42,0.3586309523809524,0.2336309523809523,0.5714285714285714,0.3095238095238095,0.119047619047619,0.125,0.0312127976190476,0.2172991071428569,0.3485477178423236,0.1029396635197288,0.5222971689150673,4,4,1,38,1.0,1.0,1.0,0.0313935135139386,0.0246718944253702,0.7051282051282052,0.717948717948718,-0.0128205128205128,-0.0897435897435897,0.0512820512820512,0.6071428571428571,0.6785714285714286,-0.0714285714285714,-0.1547619047619047,0.0119047619047619,0.7619047619047619,0.8095238095238095,-0.0476190476190476,-0.119047619047619,0.0238095238095238,0.7714285714285715,35,0.8714285714285714,8,42,0.1904761904761904,28,0.2857142857142857
phi-4-mini-instruct,dev,neutral_contrast_r2_a1,neutral_contrast,2,1.0,neutral,bbq,exploratory,42,42,42,0.3586309523809524,0.2336309523809523,0.5714285714285714,0.3095238095238095,0.119047619047619,0.125,0.0312127976190476,0.2172991071428569,0.3485477178423236,0.1029396635197288,0.5222971689150673,4,4,1,38,1.0,1.0,1.0,0.0313935135139386,0.0246718944253702,0.7051282051282052,0.717948717948718,-0.0128205128205128,-0.0897435897435897,0.0512820512820512,0.6071428571428571,0.6785714285714286,-0.0714285714285714,-0.1547619047619047,0.0119047619047619,0.7619047619047619,0.8095238095238095,-0.0476190476190476,-0.119047619047619,0.0238095238095238,0.7714285714285715,35,0.8714285714285714,8,42,0.1904761904761904,28,0.2857142857142857
phi-4-mini-instruct,dev,neutral_contrast_r4_a1,neutral_contrast,4,1.0,demographic,pooled,exploratory,100,100,100,0.466875,0.265,0.59,0.22,0.19,0.201875,0.125609375,0.2825156249999999,0.4323962516733601,0.310828649043987,0.5440838198067072,16,13,2,84,0.8125,0.6,1.0,0.0300846414533297,0.0282785934435976,0.65,0.55,0.1,0.02,0.18,0.33,0.36,-0.03,-0.095,0.03,0.46,0.48,-0.02,-0.075,0.03,0.7272727272727273,55,0.7280701754385965,6,100,0.06,36,0.1666666666666666
phi-4-mini-instruct,dev,neutral_contrast_r4_a1,neutral_contrast,4,1.0,demographic,bbq,exploratory,42,42,42,0.5416666666666666,0.25,0.7380952380952381,0.1428571428571428,0.119047619047619,0.2916666666666667,0.1622023809523809,0.430096726190476,0.5384615384615384,0.3625656581573694,0.672897683021807,10,9,1,32,0.9,0.6666666666666666,1.0,0.0338263845959557,0.0296008866544172,0.75,0.75,0.0,-0.1071428571428571,0.0952380952380952,0.6190476190476191,0.75,-0.1309523809523809,-0.2619047619047619,0.0,0.7738095238095238,0.8214285714285714,-0.0476190476190476,-0.1309523809523809,0.0238095238095238,0.8108108108108109,37,0.9230769230769232,3,42,0.0714285714285714,27,0.1111111111111111
phi-4-mini-instruct,dev,neutral_contrast_r4_a1,neutral_contrast,4,1.0,demographic,crows_pairs,exploratory,30,30,30,0.3479166666666666,0.2270833333333333,0.4666666666666667,0.3,0.2333333333333333,0.1208333333333333,0.0125,0.2376041666666661,0.3473053892215568,0.0508474576271186,0.5433782535827889,4,3,0,26,0.75,0.0,1.0,0.0257987321165077,0.0263034577462377,0.9666666666666668,0.6166666666666667,0.35,0.2166666666666666,0.5,0.1,0.05,0.05,-0.0166666666666666,0.1166666666666666,0.1,0.1,0.0,-0.1,0.0833333333333333,1.0,4,0.5,0,30,0.0,2,0.0
phi-4-mini-instruct,dev,neutral_contrast_r4_a1,neutral_contrast,4,1.0,demographic,stereoset,exploratory,28,28,28,0.4821428571428571,0.328125,0.5,0.25,0.25,0.1540178571428571,0.0044642857142857,0.3125,0.3194444444444444,0.0172376952549366,0.5678232518014816,2,1,1,26,0.5,0.0,1.0,0.0290640724574142,0.0284113704459679,0.1607142857142857,0.1785714285714285,-0.0178571428571428,-0.1428571428571428,0.1071428571428571,0.1428571428571428,0.1071428571428571,0.0357142857142857,-0.0361607142857142,0.125,0.375,0.375,0.0,-0.1071428571428571,0.1071428571428571,0.4285714285714285,14,0.25,3,28,0.1071428571428571,7,0.4285714285714285
phi-4-mini-instruct,dev,neutral_contrast_r4_a1,neutral_contrast,4,1.0,identity,pooled,exploratory,100,100,100,0.0425,0.02125,0.01,0.0,0.99,0.02125,0.0,0.06375,0.5,0.5,0.5,1,0,0,99,0.0,0.0,0.0,0.0277925100362356,0.0278331739072398,0.6597938144329897,0.5670103092783505,0.0927835051546391,0.0103092783505154,0.1855670103092783,0.37,0.39,-0.02,-0.1,0.06,0.48,0.49,-0.01,-0.09,0.06,0.7872340425531915,47,0.8125,0,100,0.0,48,0.0
phi-4-mini-instruct,dev,neutral_contrast_r4_a1,neutral_contrast,4,1.0,identity,bbq,exploratory,42,42,42,0.0,0.0,0.0,0.0,1.0,0.0,0.0,0.0,,,,0,0,0,42,,,,0.0292649060429574,0.0293093001061356,0.7948717948717948,0.7435897435897436,0.0512820512820512,-0.0769230769230769,0.1794871794871795,0.6666666666666666,0.7857142857142857,-0.119047619047619,-0.2624999999999999,0.0238095238095238,0.8095238095238095,0.8333333333333334,-0.0238095238095238,-0.1428571428571428,0.0952380952380952,0.8484848484848485,33,0.9705882352941176,0,42,0.0,34,0.0
phi-4-mini-instruct,dev,neutral_contrast_r4_a1,neutral_contrast,4,1.0,identity,crows_pairs,exploratory,30,30,30,0.0,0.0,0.0,0.0,1.0,0.0,0.0,0.0,,,,0,0,0,30,,,,0.0263458059378289,0.0263779356040333,0.9666666666666668,0.7,0.2666666666666666,0.0991666666666667,0.4666666666666667,0.1666666666666666,0.0666666666666666,0.1,0.0,0.2333333333333333,0.1666666666666666,0.1,0.0666666666666666,-0.0666666666666666,0.2,1.0,5,0.6666666666666666,0,30,0.0,5,0.0
phi-4-mini-instruct,dev,neutral_contrast_r4_a1,neutral_contrast,4,1.0,identity,stereoset,exploratory,28,28,28,0.1517857142857142,0.0758928571428571,0.0357142857142857,0.0,0.9642857142857144,0.0758928571428571,0.0,0.2276785714285714,0.5,0.5,0.5,1,0,0,27,0.0,0.0,0.0,0.0271339561315886,0.0271781685051887,0.1428571428571428,0.1785714285714285,-0.0357142857142857,-0.1785714285714285,0.0714285714285714,0.1428571428571428,0.1428571428571428,0.0,-0.1071428571428571,0.1071428571428571,0.3214285714285714,0.3928571428571428,-0.0714285714285714,-0.25,0.1071428571428571,0.4444444444444444,9,0.3636363636363636,0,28,0.0,9,0.0
phi-4-mini-instruct,dev,neutral_contrast_r4_a1,neutral_contrast,4,1.0,neutral,pooled,exploratory,42,42,42,0.3586309523809524,0.238095238095238,0.5238095238095238,0.238095238095238,0.238095238095238,0.1205357142857142,0.0267857142857142,0.2098214285714285,0.3360995850622407,0.0903743991904882,0.5066108927125106,4,3,1,38,0.75,0.0,1.0,0.0397996046088584,0.0334378066969241,0.717948717948718,0.717948717948718,0.0,-0.0897435897435897,0.1025641025641025,0.5833333333333334,0.6785714285714286,-0.0952380952380952,-0.1904761904761904,0.0,0.7380952380952381,0.8095238095238095,-0.0714285714285714,-0.1666666666666666,0.0119047619047619,0.796875,32,0.8714285714285714,6,42,0.1428571428571428,29,0.2068965517241379
phi-4-mini-instruct,dev,neutral_contrast_r4_a1,neutral_contrast,4,1.0,neutral,bbq,exploratory,42,42,42,0.3586309523809524,0.238095238095238,0.5238095238095238,0.238095238095238,0.238095238095238,0.1205357142857142,0.0267857142857142,0.2098214285714285,0.3360995850622407,0.0903743991904882,0.5066108927125106,4,3,1,38,0.75,0.0,1.0,0.0397996046088584,0.0334378066969241,0.717948717948718,0.717948717948718,0.0,-0.0897435897435897,0.1025641025641025,0.5833333333333334,0.6785714285714286,-0.0952380952380952,-0.1904761904761904,0.0,0.7380952380952381,0.8095238095238095,-0.0714285714285714,-0.1666666666666666,0.0119047619047619,0.796875,32,0.8714285714285714,6,42,0.1428571428571428,29,0.2068965517241379
phi-4-mini-instruct,dev,random_ortho_1_r1_a1,random_ortho_1,1,1.0,demographic,pooled,exploratory,100,100,100,0.466875,0.474375,0.37,0.37,0.26,-0.0075,-0.04125,0.02625,-0.0160642570281124,-0.0884711140440339,0.0601947734015983,16,4,3,84,0.25,0.0625,0.4706656346749222,0.0004407877436394,0.0004355027765476,0.56,0.55,0.01,-0.01,0.035,0.365,0.36,0.005,-0.02,0.03,0.485,0.48,0.005,-0.025,0.035,0.7413793103448276,58,0.7280701754385965,9,100,0.09,39,0.2307692307692307
phi-4-mini-instruct,dev,random_ortho_1_r1_a1,random_ortho_1,1,1.0,demographic,bbq,exploratory,42,42,42,0.5416666666666666,0.53125,0.4285714285714285,0.3095238095238095,0.2619047619047619,0.0104166666666666,-0.0372023809523809,0.0535714285714285,0.0192307692307692,-0.0637267406962785,0.1017992677066249,10,3,2,32,0.3,0.0,0.625,0.0004443676363351,0.0004383769918761,0.7619047619047619,0.75,0.0119047619047619,0.0,0.0357142857142857,0.7619047619047619,0.75,0.0119047619047619,-0.0238095238095238,0.0595238095238095,0.8452380952380952,0.8214285714285714,0.0238095238095238,-0.0238095238095238,0.0714285714285714,0.902439024390244,41,0.9230769230769232,5,42,0.119047619047619,30,0.1666666666666666
phi-4-mini-instruct,dev,random_ortho_1_r1_a1,random_ortho_1,1,1.0,demographic,crows_pairs,exploratory,30,30,30,0.3479166666666666,0.3979166666666666,0.3,0.4666666666666667,0.2333333333333333,-0.05,-0.1208333333333333,0.0166666666666666,-0.1437125748502994,-0.4453865840517241,0.0386116384735169,4,1,1,26,0.25,0.0,1.0,0.0004394105987619,0.0004350432290018,0.6333333333333333,0.6166666666666667,0.0166666666666666,-0.0333333333333333,0.0833333333333333,0.0333333333333333,0.05,-0.0166666666666666,-0.05,0.0,0.0666666666666666,0.1,-0.0333333333333333,-0.0833333333333333,0.0,0.5,2,0.5,2,30,0.0666666666666666,2,1.0
phi-4-mini-instruct,dev,random_ortho_1_r1_a1,random_ortho_1,1,1.0,demographic,stereoset,exploratory,28,28,28,0.4821428571428571,0.4709821428571428,0.3571428571428571,0.3571428571428571,0.2857142857142857,0.0111607142857142,-0.0647321428571428,0.0848772321428568,0.0231481481481481,-0.1263172353961827,0.2410650887573962,2,0,0,26,0.0,0.0,0.0,0.0004368934169646,0.0004316838259255,0.1785714285714285,0.1785714285714285,0.0,-0.0535714285714285,0.0535714285714285,0.125,0.1071428571428571,0.0178571428571428,-0.0357142857142857,0.0714285714285714,0.3928571428571428,0.375,0.0178571428571428,-0.0357142857142857,0.0714285714285714,0.3333333333333333,15,0.25,2,28,0.0714285714285714,7,0.2857142857142857
phi-4-mini-instruct,dev,random_ortho_1_r1_a1,random_ortho_1,1,1.0,identity,pooled,exploratory,100,100,100,0.0425,0.0475,0.0,0.01,0.99,-0.005,-0.015,0.0,-0.1176470588235294,-0.1176470588235294,-0.1176470588235294,1,0,0,99,0.0,0.0,0.0,0.000438133264701,0.0004380370324822,0.5670103092783505,0.5670103092783505,0.0,-0.0309278350515463,0.0309278350515463,0.39,0.39,0.0,-0.04,0.04,0.48,0.49,-0.01,-0.05,0.03,0.8125,48,0.8125,0,100,0.0,48,0.0
phi-4-mini-instruct,dev,random_ortho_1_r1_a1,random_ortho_1,1,1.0,identity,bbq,exploratory,42,42,42,0.0,0.0,0.0,0.0,1.0,0.0,0.0,0.0,,,,0,0,0,42,,,,0.0004456704396369,0.0004456957231765,0.7435897435897436,0.7435897435897436,0.0,0.0,0.0,0.7857142857142857,0.7857142857142857,0.0,-0.0714285714285714,0.0714285714285714,0.8095238095238095,0.8333333333333334,-0.0238095238095238,-0.0958333333333333,0.0476190476190476,0.9705882352941176,34,0.9705882352941176,0,42,0.0,34,0.0
phi-4-mini-instruct,dev,random_ortho_1_r1_a1,random_ortho_1,1,1.0,identity,crows_pairs,exploratory,30,30,30,0.0,0.0,0.0,0.0,1.0,0.0,0.0,0.0,,,,0,0,0,30,,,,0.0004381572359979,0.0004379682287669,0.6666666666666666,0.7,-0.0333333333333333,-0.1,0.0,0.0333333333333333,0.0666666666666666,-0.0333333333333333,-0.1,0.0,0.0666666666666666,0.1,-0.0333333333333333,-0.1,0.0,0.5,2,0.6666666666666666,0,30,0.0,2,0.0
phi-4-mini-instruct,dev,random_ortho_1_r1_a1,random_ortho_1,1,1.0,identity,stereoset,exploratory,28,28,28,0.1517857142857142,0.1696428571428571,0.0,0.0357142857142857,0.9642857142857144,-0.0178571428571428,-0.0535714285714285,0.0,-0.1176470588235294,-0.1176470588235294,-0.1176470588235294,1,0,0,27,0.0,0.0,0.0,0.0004268018187648,0.0004266227147072,0.2142857142857142,0.1785714285714285,0.0357142857142857,0.0,0.1071428571428571,0.1785714285714285,0.1428571428571428,0.0357142857142857,0.0,0.1071428571428571,0.4285714285714285,0.3928571428571428,0.0357142857142857,0.0,0.1071428571428571,0.4166666666666667,12,0.3636363636363636,0,28,0.0,12,0.0
phi-4-mini-instruct,dev,random_ortho_1_r1_a1,random_ortho_1,1,1.0,neutral,pooled,exploratory,42,42,42,0.3586309523809524,0.3511904761904761,0.3571428571428571,0.4285714285714285,0.2142857142857142,0.0074404761904761,-0.0461309523809523,0.0610119047619047,0.020746887966805,-0.1447616371330335,0.1639471766848814,4,1,1,38,0.25,0.0,1.0,0.0004908097015154,0.0004686440976122,0.7307692307692307,0.717948717948718,0.0128205128205128,0.0,0.0384615384615384,0.6785714285714286,0.6785714285714286,0.0,-0.0357142857142857,0.0357142857142857,0.8095238095238095,0.8095238095238095,0.0,-0.0476190476190476,0.0476190476190476,0.8472222222222222,36,0.8714285714285714,5,42,0.119047619047619,30,0.1666666666666666
phi-4-mini-instruct,dev,random_ortho_1_r1_a1,random_ortho_1,1,1.0,neutral,bbq,exploratory,42,42,42,0.3586309523809524,0.3511904761904761,0.3571428571428571,0.4285714285714285,0.2142857142857142,0.0074404761904761,-0.0461309523809523,0.0610119047619047,0.020746887966805,-0.1447616371330335,0.1639471766848814,4,1,1,38,0.25,0.0,1.0,0.0004908097015154,0.0004686440976122,0.7307692307692307,0.717948717948718,0.0128205128205128,0.0,0.0384615384615384,0.6785714285714286,0.6785714285714286,0.0,-0.0357142857142857,0.0357142857142857,0.8095238095238095,0.8095238095238095,0.0,-0.0476190476190476,0.0476190476190476,0.8472222222222222,36,0.8714285714285714,5,42,0.119047619047619,30,0.1666666666666666
phi-4-mini-instruct,dev,random_ortho_1_r2_a1,random_ortho_1,2,1.0,demographic,pooled,exploratory,100,100,100,0.466875,0.45875,0.37,0.32,0.31,0.008125,-0.028125,0.045625,0.0174029451137884,-0.0591013843216293,0.095051635111876,16,4,3,84,0.25,0.0588235294117647,0.5,0.0007789550668336,0.0007554368189043,0.56,0.55,0.01,-0.005,0.03,0.385,0.36,0.025,0.0,0.05,0.51,0.48,0.03,0.0,0.065,0.7372881355932204,59,0.7280701754385965,8,100,0.08,43,0.1860465116279069
phi-4-mini-instruct,dev,random_ortho_1_r2_a1,random_ortho_1,2,1.0,demographic,bbq,exploratory,42,42,42,0.5416666666666666,0.5029761904761905,0.4523809523809524,0.238095238095238,0.3095238095238095,0.0386904761904761,-0.0029761904761904,0.0788690476190476,0.0714285714285714,-0.0054417701863353,0.152705370508982,10,3,3,32,0.3,0.0,0.6,0.0007914498412246,0.0007614181996588,0.75,0.75,0.0,0.0,0.0,0.7976190476190477,0.75,0.0476190476190476,0.0119047619047619,0.0952380952380952,0.8809523809523809,0.8214285714285714,0.0595238095238095,0.0119047619047619,0.119047619047619,0.9125,40,0.9230769230769232,6,42,0.1428571428571428,34,0.1764705882352941
phi-4-mini-instruct,dev,random_ortho_1_r2_a1,random_ortho_1,2,1.0,demographic,crows_pairs,exploratory,30,30,30,0.3479166666666666,0.3916666666666666,0.1666666666666666,0.3666666666666666,0.4666666666666667,-0.04375,-0.0895833333333333,0.0041666666666666,-0.1257485029940119,-0.3361362648507678,0.0114440619621341,4,0,0,26,0.0,0.0,0.0,0.0007663044341197,0.0007489176250605,0.65,0.6166666666666667,0.0333333333333333,0.0,0.0833333333333333,0.0833333333333333,0.05,0.0333333333333333,0.0,0.0833333333333333,0.1,0.1,0.0,-0.05,0.05,0.875,4,0.5,1,30,0.0333333333333333,2,0.5
phi-4-mini-instruct,dev,random_ortho_1_r2_a1,random_ortho_1,2,1.0,demographic,stereoset,exploratory,28,28,28,0.4821428571428571,0.4642857142857143,0.4642857142857143,0.3928571428571428,0.1428571428571428,0.0178571428571428,-0.0758928571428571,0.1205357142857142,0.037037037037037,-0.1864525582132107,0.2869502252735463,2,1,0,26,0.5,0.0,1.0,0.0007737671545833,0.0007534495983196,0.1785714285714285,0.1785714285714285,0.0,-0.0535714285714285,0.0535714285714285,0.0892857142857142,0.1071428571428571,-0.0178571428571428,-0.0535714285714285,0.0,0.3928571428571428,0.375,0.0178571428571428,-0.0535714285714285,0.1071428571428571,0.2333333333333333,15,0.25,1,28,0.0357142857142857,7,0.1428571428571428
phi-4-mini-instruct,dev,random_ortho_1_r2_a1,random_ortho_1,2,1.0,identity,pooled,exploratory,100,100,100,0.0425,0.045,0.0,0.01,0.99,-0.0025,-0.0075,0.0,-0.0588235294117647,-0.0588235294117647,-0.0588235294117647,1,0,0,99,0.0,0.0,0.0,0.000749377787814,0.0007492105831975,0.5773195876288659,0.5670103092783505,0.0103092783505154,0.0,0.0309278350515463,0.37,0.39,-0.02,-0.05,0.0,0.49,0.49,0.0,-0.04,0.04,0.7708333333333334,48,0.8125,0,100,0.0,49,0.0
phi-4-mini-instruct,dev,random_ortho_1_r2_a1,random_ortho_1,2,1.0,identity,bbq,exploratory,42,42,42,0.0,0.0,0.0,0.0,1.0,0.0,0.0,0.0,,,,0,0,0,42,,,,0.0007697950635364,0.0007700660453943,0.7435897435897436,0.7435897435897436,0.0,0.0,0.0,0.7619047619047619,0.7857142857142857,-0.0238095238095238,-0.0714285714285714,0.0,0.8333333333333334,0.8333333333333334,0.0,-0.0714285714285714,0.0714285714285714,0.9411764705882352,34,0.9705882352941176,0,42,0.0,35,0.0
phi-4-mini-instruct,dev,random_ortho_1_r2_a1,random_ortho_1,2,1.0,identity,crows_pairs,exploratory,30,30,30,0.0,0.0,0.0,0.0,1.0,0.0,0.0,0.0,,,,0,0,0,30,,,,0.0007381981810711,0.0007376968264889,0.7,0.7,0.0,0.0,0.0,0.0333333333333333,0.0666666666666666,-0.0333333333333333,-0.1,0.0,0.0666666666666666,0.1,-0.0333333333333333,-0.1,0.0,0.5,2,0.6666666666666666,0,30,0.0,2,0.0
phi-4-mini-instruct,dev,random_ortho_1_r2_a1,random_ortho_1,2,1.0,identity,stereoset,exploratory,28,28,28,0.1517857142857142,0.1607142857142857,0.0,0.0357142857142857,0.9642857142857144,-0.0089285714285714,-0.0267857142857142,0.0,-0.0588235294117647,-0.0588235294117647,-0.0588235294117647,1,0,0,27,0.0,0.0,0.0,0.0007307300243122,0.0007302635578046,0.2142857142857142,0.1785714285714285,0.0357142857142857,0.0,0.1071428571428571,0.1428571428571428,0.1428571428571428,0.0,0.0,0.0,0.4285714285714285,0.3928571428571428,0.0357142857142857,0.0,0.1071428571428571,0.3333333333333333,12,0.3636363636363636,0,28,0.0,12,0.0
phi-4-mini-instruct,dev,random_ortho_1_r2_a1,random_ortho_1,2,1.0,neutral,pooled,exploratory,42,42,42,0.3586309523809524,0.3363095238095238,0.4047619047619047,0.2857142857142857,0.3095238095238095,0.0223214285714285,-0.025297619047619,0.0729538690476188,0.0622406639004149,-0.0807208281652514,0.1904920634920634,4,2,3,38,0.5,0.0,1.0,0.0008641495703128,0.000808614811537,0.7051282051282052,0.717948717948718,-0.0128205128205128,-0.0641025641025641,0.0256410256410256,0.6785714285714286,0.6785714285714286,0.0,-0.0476190476190476,0.0476190476190476,0.8214285714285714,0.8095238095238095,0.0119047619047619,-0.0357142857142857,0.0714285714285714,0.8472222222222222,36,0.8714285714285714,6,42,0.1428571428571428,31,0.1935483870967742
phi-4-mini-instruct,dev,random_ortho_1_r2_a1,random_ortho_1,2,1.0,neutral,bbq,exploratory,42,42,42,0.3586309523809524,0.3363095238095238,0.4047619047619047,0.2857142857142857,0.3095238095238095,0.0223214285714285,-0.025297619047619,0.0729538690476188,0.0622406639004149,-0.0807208281652514,0.1904920634920634,4,2,3,38,0.5,0.0,1.0,0.0008641495703128,0.000808614811537,0.7051282051282052,0.717948717948718,-0.0128205128205128,-0.0641025641025641,0.0256410256410256,0.6785714285714286,0.6785714285714286,0.0,-0.0476190476190476,0.0476190476190476,0.8214285714285714,0.8095238095238095,0.0119047619047619,-0.0357142857142857,0.0714285714285714,0.8472222222222222,36,0.8714285714285714,6,42,0.1428571428571428,31,0.1935483870967742
phi-4-mini-instruct,dev,random_ortho_1_r4_a1,random_ortho_1,4,1.0,demographic,pooled,exploratory,100,100,100,0.466875,0.46,0.38,0.39,0.23,0.006875,-0.030625,0.04375,0.0147255689424363,-0.0657804093405068,0.0929044832422498,16,3,2,84,0.1875,0.0,0.4,0.0013944510521371,0.0013594041437492,0.57,0.55,0.02,0.005,0.04,0.375,0.36,0.015,-0.01,0.04,0.475,0.48,-0.005,-0.04,0.03,0.7672413793103449,58,0.7280701754385965,7,100,0.07,37,0.1891891891891892
phi-4-mini-instruct,dev,random_ortho_1_r4_a1,random_ortho_1,4,1.0,demographic,bbq,exploratory,42,42,42,0.5416666666666666,0.4910714285714285,0.4761904761904761,0.2619047619047619,0.2619047619047619,0.050595238095238,0.0044642857142857,0.0952752976190474,0.0934065934065934,0.0074741379310344,0.1802465181973458,10,2,2,32,0.2,0.0,0.5,0.0014020284298776,0.0013550757560859,0.7619047619047619,0.75,0.0119047619047619,0.0,0.0357142857142857,0.7738095238095238,0.75,0.0238095238095238,-0.0238095238095238,0.0714285714285714,0.8214285714285714,0.8214285714285714,0.0,-0.0595238095238095,0.0595238095238095,0.9487179487179488,39,0.9230769230769232,4,42,0.0952380952380952,30,0.1333333333333333
phi-4-mini-instruct,dev,random_ortho_1_r4_a1,random_ortho_1,4,1.0,demographic,crows_pairs,exploratory,30,30,30,0.3479166666666666,0.38125,0.2333333333333333,0.5,0.2666666666666666,-0.0333333333333333,-0.0875,0.0271354166666663,-0.095808383233533,-0.3018977621763931,0.0772960204980382,4,1,0,26,0.25,0.0,1.0,0.0014072838069539,0.0013729676817912,0.6666666666666666,0.6166666666666667,0.05,0.0,0.1166666666666666,0.0833333333333333,0.05,0.0333333333333333,0.0,0.0833333333333333,0.1166666666666666,0.1,0.0166666666666666,-0.0333333333333333,0.0833333333333333,0.8,5,0.5,2,30,0.0666666666666666,2,1.0
phi-4-mini-instruct,dev,random_ortho_1_r4_a1,random_ortho_1,4,1.0,demographic,stereoset,exploratory,28,28,28,0.4821428571428571,0.4977678571428571,0.3928571428571428,0.4642857142857143,0.1428571428571428,-0.015625,-0.1026785714285714,0.0714285714285714,-0.0324074074074074,-0.2941417550626808,0.175695548489666,2,0,0,26,0.0,0.0,0.0,0.0013693356053655,0.0013513643630562,0.1785714285714285,0.1785714285714285,0.0,0.0,0.0,0.0892857142857142,0.1071428571428571,-0.0178571428571428,-0.0535714285714285,0.0,0.3392857142857143,0.375,-0.0357142857142857,-0.1071428571428571,0.0357142857142857,0.25,14,0.25,1,28,0.0357142857142857,5,0.2
phi-4-mini-instruct,dev,random_ortho_1_r4_a1,random_ortho_1,4,1.0,identity,pooled,exploratory,100,100,100,0.0425,0.0525,0.0,0.01,0.99,-0.01,-0.03,0.0,-0.2352941176470588,-0.2352941176470588,-0.2352941176470588,1,0,0,99,0.0,0.0,0.0,0.0013527144930427,0.0013524939873754,0.5670103092783505,0.5670103092783505,0.0,0.0,0.0,0.37,0.39,-0.02,-0.06,0.02,0.44,0.49,-0.05,-0.1,0.0,0.8409090909090909,44,0.8125,0,100,0.0,44,0.0
phi-4-mini-instruct,dev,random_ortho_1_r4_a1,random_ortho_1,4,1.0,identity,bbq,exploratory,42,42,42,0.0,0.0,0.0,0.0,1.0,0.0,0.0,0.0,,,,0,0,0,42,,,,0.00136445678503,0.0013646182365564,0.7435897435897436,0.7435897435897436,0.0,0.0,0.0,0.7380952380952381,0.7857142857142857,-0.0476190476190476,-0.119047619047619,0.0,0.7619047619047619,0.8333333333333334,-0.0714285714285714,-0.1666666666666666,0.0,0.96875,32,0.9705882352941176,0,42,0.0,32,0.0
phi-4-mini-instruct,dev,random_ortho_1_r4_a1,random_ortho_1,4,1.0,identity,crows_pairs,exploratory,30,30,30,0.0,0.0,0.0,0.0,1.0,0.0,0.0,0.0,,,,0,0,0,30,,,,0.0013578320084518,0.0013572736263786,0.7,0.7,0.0,0.0,0.0,0.0666666666666666,0.0666666666666666,0.0,-0.1,0.1,0.1,0.1,0.0,-0.1,0.1,0.6666666666666666,3,0.6666666666666666,0,30,0.0,3,0.0
phi-4-mini-instruct,dev,random_ortho_1_r4_a1,random_ortho_1,4,1.0,identity,stereoset,exploratory,28,28,28,0.1517857142857142,0.1875,0.0,0.0357142857142857,0.9642857142857144,-0.0357142857142857,-0.1071428571428571,0.0,-0.2352941176470588,-0.2352941176470588,-0.2352941176470588,1,0,0,27,0.0,0.0,0.0,0.0013296180028376,0.0013291865718147,0.1785714285714285,0.1785714285714285,0.0,0.0,0.0,0.1428571428571428,0.1428571428571428,0.0,0.0,0.0,0.3214285714285714,0.3928571428571428,-0.0714285714285714,-0.1785714285714285,0.0,0.4444444444444444,9,0.3636363636363636,0,28,0.0,9,0.0
phi-4-mini-instruct,dev,random_ortho_1_r4_a1,random_ortho_1,4,1.0,neutral,pooled,exploratory,42,42,42,0.3586309523809524,0.2991071428571428,0.5238095238095238,0.2857142857142857,0.1904761904761904,0.0595238095238095,-3.720238095237884e-05,0.1220238095238095,0.1659751037344398,-0.0001059322033898,0.3173495082590311,4,1,1,38,0.25,0.0,1.0,0.0014000243070052,0.0013766360703254,0.7051282051282052,0.717948717948718,-0.0128205128205128,-0.0384615384615384,0.0,0.6547619047619048,0.6785714285714286,-0.0238095238095238,-0.0714285714285714,0.0238095238095238,0.7738095238095238,0.8095238095238095,-0.0357142857142857,-0.119047619047619,0.0357142857142857,0.8571428571428571,35,0.8714285714285714,6,42,0.1428571428571428,29,0.2068965517241379
phi-4-mini-instruct,dev,random_ortho_1_r4_a1,random_ortho_1,4,1.0,neutral,bbq,exploratory,42,42,42,0.3586309523809524,0.2991071428571428,0.5238095238095238,0.2857142857142857,0.1904761904761904,0.0595238095238095,-3.720238095237884e-05,0.1220238095238095,0.1659751037344398,-0.0001059322033898,0.3173495082590311,4,1,1,38,0.25,0.0,1.0,0.0014000243070052,0.0013766360703254,0.7051282051282052,0.717948717948718,-0.0128205128205128,-0.0384615384615384,0.0,0.6547619047619048,0.6785714285714286,-0.0238095238095238,-0.0714285714285714,0.0238095238095238,0.7738095238095238,0.8095238095238095,-0.0357142857142857,-0.119047619047619,0.0357142857142857,0.8571428571428571,35,0.8714285714285714,6,42,0.1428571428571428,29,0.2068965517241379
phi-4-mini-instruct,dev,random_ortho_2_r1_a1,random_ortho_2,1,1.0,demographic,pooled,exploratory,100,100,100,0.466875,0.4575,0.38,0.29,0.33,0.009375,-0.02625,0.045625,0.0200803212851405,-0.0601186674957355,0.0919081926464252,16,5,3,84,0.3125,0.0909090909090909,0.5625,0.0002599325332053,0.0002673206612945,0.55,0.55,0.0,-0.015,0.015,0.365,0.36,0.005,-0.01,0.025,0.48,0.48,0.0,-0.025,0.025,0.7368421052631579,57,0.7280701754385965,8,100,0.08,39,0.2051282051282051
phi-4-mini-instruct,dev,random_ortho_2_r1_a1,random_ortho_2,1,1.0,demographic,bbq,exploratory,42,42,42,0.5416666666666666,0.5223214285714286,0.3571428571428571,0.238095238095238,0.4047619047619047,0.019345238095238,-0.0223586309523809,0.0595238095238095,0.0357142857142857,-0.0422240259740259,0.1140413533834586,10,2,2,32,0.2,0.0,0.5,0.0002477964012878,0.0002663429239309,0.75,0.75,0.0,0.0,0.0,0.7619047619047619,0.75,0.0119047619047619,0.0,0.0357142857142857,0.8214285714285714,0.8214285714285714,0.0,-0.0357142857142857,0.0357142857142857,0.9230769230769232,39,0.9230769230769232,4,42,0.0952380952380952,30,0.1333333333333333
phi-4-mini-instruct,dev,random_ortho_2_r1_a1,random_ortho_2,1,1.0,demographic,crows_pairs,exploratory,30,30,30,0.3479166666666666,0.36875,0.3333333333333333,0.3,0.3666666666666666,-0.0208333333333333,-0.0979166666666666,0.0458333333333333,-0.0598802395209581,-0.3553246683782628,0.1176739188826214,4,3,1,26,0.75,0.2,1.0,0.0002621993516531,0.0002593656695693,0.6166666666666667,0.6166666666666667,0.0,-0.05,0.05,0.05,0.05,0.0,0.0,0.0,0.0833333333333333,0.1,-0.0166666666666666,-0.05,0.0,0.6666666666666666,3,0.5,2,30,0.0666666666666666,2,1.0
phi-4-mini-instruct,dev,random_ortho_2_r1_a1,random_ortho_2,1,1.0,demographic,stereoset,exploratory,28,28,28,0.4821428571428571,0.4553571428571428,0.4642857142857143,0.3571428571428571,0.1785714285714285,0.0267857142857142,-0.0602678571428571,0.1071428571428571,0.0555555555555555,-0.1894385026737968,0.241393214682981,2,0,0,26,0.0,0.0,0.0,0.0002757079970303,0.0002773104727595,0.1785714285714285,0.1785714285714285,0.0,0.0,0.0,0.1071428571428571,0.1071428571428571,0.0,-0.0535714285714285,0.0535714285714285,0.3928571428571428,0.375,0.0178571428571428,-0.0357142857142857,0.0714285714285714,0.2666666666666666,15,0.25,2,28,0.0714285714285714,7,0.2857142857142857
phi-4-mini-instruct,dev,random_ortho_2_r1_a1,random_ortho_2,1,1.0,identity,pooled,exploratory,100,100,100,0.0425,0.0425,0.0,0.0,1.0,0.0,0.0,0.0,0.0,0.0,0.0,1,0,0,99,0.0,0.0,0.0,0.0002641770052604,0.0002640418317456,0.5670103092783505,0.5670103092783505,0.0,-0.0309278350515463,0.0309278350515463,0.37,0.39,-0.02,-0.05,0.0,0.45,0.49,-0.04,-0.08,-0.01,0.8222222222222222,45,0.8125,0,100,0.0,45,0.0
phi-4-mini-instruct,dev,random_ortho_2_r1_a1,random_ortho_2,1,1.0,identity,bbq,exploratory,42,42,42,0.0,0.0,0.0,0.0,1.0,0.0,0.0,0.0,,,,0,0,0,42,,,,0.0002559854808539,0.0002558792039334,0.7435897435897436,0.7435897435897436,0.0,0.0,0.0,0.7619047619047619,0.7857142857142857,-0.0238095238095238,-0.0714285714285714,0.0,0.7857142857142857,0.8333333333333334,-0.0476190476190476,-0.119047619047619,0.0,0.9696969696969696,33,0.9705882352941176,0,42,0.0,33,0.0
phi-4-mini-instruct,dev,random_ortho_2_r1_a1,random_ortho_2,1,1.0,identity,crows_pairs,exploratory,30,30,30,0.0,0.0,0.0,0.0,1.0,0.0,0.0,0.0,,,,0,0,0,30,,,,0.0002580151859017,0.0002579573527999,0.7,0.7,0.0,-0.1,0.1,0.0333333333333333,0.0666666666666666,-0.0333333333333333,-0.1,0.0,0.0666666666666666,0.1,-0.0333333333333333,-0.1,0.0,0.5,2,0.6666666666666666,0,30,0.0,2,0.0
phi-4-mini-instruct,dev,random_ortho_2_r1_a1,random_ortho_2,1,1.0,identity,stereoset,exploratory,28,28,28,0.1517857142857142,0.1517857142857142,0.0,0.0,1.0,0.0,0.0,0.0,0.0,0.0,0.0,1,0,0,27,0.0,0.0,0.0,0.0002830662411831,0.0002828048580488,0.1785714285714285,0.1785714285714285,0.0,0.0,0.0,0.1428571428571428,0.1428571428571428,0.0,0.0,0.0,0.3571428571428571,0.3928571428571428,-0.0357142857142857,-0.1071428571428571,0.0,0.4,10,0.3636363636363636,0,28,0.0,10,0.0
phi-4-mini-instruct,dev,random_ortho_2_r1_a1,random_ortho_2,1,1.0,neutral,pooled,exploratory,42,42,42,0.3586309523809524,0.3497023809523809,0.3571428571428571,0.3571428571428571,0.2857142857142857,0.0089285714285714,-0.0401785714285714,0.0580729166666664,0.0248962655601659,-0.1192660550458715,0.160004329004329,4,1,2,38,0.25,0.0,1.0,0.0002582089794627,0.0002594035589477,0.7051282051282052,0.717948717948718,-0.0128205128205128,-0.0384615384615384,0.0,0.6785714285714286,0.6785714285714286,0.0,-0.0476190476190476,0.0476190476190476,0.8095238095238095,0.8095238095238095,0.0,-0.0476190476190476,0.0476190476190476,0.8513513513513513,37,0.8714285714285714,5,42,0.119047619047619,29,0.1724137931034483
phi-4-mini-instruct,dev,random_ortho_2_r1_a1,random_ortho_2,1,1.0,neutral,bbq,exploratory,42,42,42,0.3586309523809524,0.3497023809523809,0.3571428571428571,0.3571428571428571,0.2857142857142857,0.0089285714285714,-0.0401785714285714,0.0580729166666664,0.0248962655601659,-0.1192660550458715,0.160004329004329,4,1,2,38,0.25,0.0,1.0,0.0002582089794627,0.0002594035589477,0.7051282051282052,0.717948717948718,-0.0128205128205128,-0.0384615384615384,0.0,0.6785714285714286,0.6785714285714286,0.0,-0.0476190476190476,0.0476190476190476,0.8095238095238095,0.8095238095238095,0.0,-0.0476190476190476,0.0476190476190476,0.8513513513513513,37,0.8714285714285714,5,42,0.119047619047619,29,0.1724137931034483
phi-4-mini-instruct,dev,random_ortho_2_r2_a1,random_ortho_2,2,1.0,demographic,pooled,exploratory,100,100,100,0.466875,0.465,0.37,0.36,0.27,0.001875,-0.03125,0.036875,0.0040160642570281,-0.0733858145433839,0.0797993559125777,16,2,2,84,0.125,0.0,0.3125822368421048,0.000635532720706,0.000640650630975,0.55,0.55,0.0,-0.025,0.025,0.385,0.36,0.025,-0.005,0.055,0.515,0.48,0.035,0.0,0.075,0.6984126984126984,63,0.7280701754385965,6,100,0.06,40,0.15
phi-4-mini-instruct,dev,random_ortho_2_r2_a1,random_ortho_2,2,1.0,demographic,bbq,exploratory,42,42,42,0.5416666666666666,0.5059523809523809,0.4523809523809524,0.238095238095238,0.3095238095238095,0.0357142857142857,-0.019345238095238,0.0863095238095238,0.0659340659340659,-0.0344943455691509,0.1560931542076792,10,1,1,32,0.1,0.0,0.3333333333333333,0.0006468745261033,0.0006581027051433,0.75,0.75,0.0,0.0,0.0,0.7738095238095238,0.75,0.0238095238095238,-0.0238095238095238,0.0714285714285714,0.8690476190476191,0.8214285714285714,0.0476190476190476,-0.0119047619047619,0.1071428571428571,0.8780487804878049,41,0.9230769230769232,4,42,0.0952380952380952,32,0.125
phi-4-mini-instruct,dev,random_ortho_2_r2_a1,random_ortho_2,2,1.0,demographic,crows_pairs,exploratory,30,30,30,0.3479166666666666,0.3895833333333333,0.2666666666666666,0.4666666666666667,0.2666666666666666,-0.0416666666666666,-0.09375,0.0083333333333333,-0.1197604790419162,-0.3261193064182193,0.0258261839396017,4,1,1,26,0.25,0.0,1.0,0.0006040843879512,0.000603121774683,0.6333333333333333,0.6166666666666667,0.0166666666666666,-0.05,0.0833333333333333,0.1166666666666666,0.05,0.0666666666666666,0.0166666666666666,0.1333333333333333,0.15,0.1,0.05,0.0,0.1333333333333333,0.75,6,0.5,1,30,0.0333333333333333,3,0.3333333333333333
phi-4-mini-instruct,dev,random_ortho_2_r2_a1,random_ortho_2,2,1.0,demographic,stereoset,exploratory,28,28,28,0.4821428571428571,0.484375,0.3571428571428571,0.4285714285714285,0.2142857142857142,-0.0022321428571428,-0.0825892857142857,0.0848214285714285,-0.0046296296296295,-0.2420419486464967,0.1948222829801776,2,0,0,26,0.0,0.0,0.0,0.0006522146548475,0.0006546820086071,0.1607142857142857,0.1785714285714285,-0.0178571428571428,-0.0535714285714285,0.0,0.0892857142857142,0.1071428571428571,-0.0178571428571428,-0.0535714285714285,0.0,0.375,0.375,0.0,-0.0714285714285714,0.0714285714285714,0.21875,16,0.25,1,28,0.0357142857142857,5,0.2
phi-4-mini-instruct,dev,random_ortho_2_r2_a1,random_ortho_2,2,1.0,identity,pooled,exploratory,100,100,100,0.0425,0.04375,0.0,0.01,0.99,-0.00125,-0.00375,0.0,-0.0294117647058822,-0.0294117647058822,-0.0294117647058822,1,0,0,99,0.0,0.0,0.0,0.0006383946598179,0.0006380955110974,0.5567010309278351,0.5670103092783505,-0.0103092783505154,-0.0309278350515463,0.0,0.38,0.39,-0.01,-0.05,0.02,0.53,0.49,0.04,-0.01,0.09,0.7169811320754716,53,0.8125,0,100,0.0,53,0.0
phi-4-mini-instruct,dev,random_ortho_2_r2_a1,random_ortho_2,2,1.0,identity,bbq,exploratory,42,42,42,0.0,0.0,0.0,0.0,1.0,0.0,0.0,0.0,,,,0,0,0,42,,,,0.0006435247300419,0.000643526382981,0.7435897435897436,0.7435897435897436,0.0,0.0,0.0,0.7380952380952381,0.7857142857142857,-0.0476190476190476,-0.119047619047619,0.0,0.8095238095238095,0.8333333333333334,-0.0238095238095238,-0.0952380952380952,0.0476190476190476,0.9117647058823528,34,0.9705882352941176,0,42,0.0,34,0.0
phi-4-mini-instruct,dev,random_ortho_2_r2_a1,random_ortho_2,2,1.0,identity,crows_pairs,exploratory,30,30,30,0.0,0.0,0.0,0.0,1.0,0.0,0.0,0.0,,,,0,0,0,30,,,,0.0006018670377307,0.0006014114243178,0.6666666666666666,0.7,-0.0333333333333333,-0.1,0.0,0.1,0.0666666666666666,0.0333333333333333,0.0,0.1,0.1666666666666666,0.1,0.0666666666666666,0.0,0.1666666666666666,0.6,5,0.6666666666666666,0,30,0.0,5,0.0
phi-4-mini-instruct,dev,random_ortho_2_r2_a1,random_ortho_2,2,1.0,identity,stereoset,exploratory,28,28,28,0.1517857142857142,0.15625,0.0,0.0357142857142857,0.9642857142857144,-0.0044642857142857,-0.0133928571428571,0.0,-0.0294117647058822,-0.0294117647058822,-0.0294117647058822,1,0,0,27,0.0,0.0,0.0,0.0006698362924324,0.0006692535819644,0.1785714285714285,0.1785714285714285,0.0,0.0,0.0,0.1428571428571428,0.1428571428571428,0.0,0.0,0.0,0.5,0.3928571428571428,0.1071428571428571,0.0,0.25,0.2857142857142857,14,0.3636363636363636,0,28,0.0,14,0.0
phi-4-mini-instruct,dev,random_ortho_2_r2_a1,random_ortho_2,2,1.0,neutral,pooled,exploratory,42,42,42,0.3586309523809524,0.306547619047619,0.5238095238095238,0.2619047619047619,0.2142857142857142,0.0520833333333333,-0.0119047619047619,0.1130952380952381,0.1452282157676349,-0.040405500087581,0.2921959348448574,4,2,0,38,0.5,0.0,1.0,0.0006148558249184,0.000631150583018,0.717948717948718,0.717948717948718,0.0,-0.0384615384615384,0.0384615384615384,0.6428571428571429,0.6785714285714286,-0.0357142857142857,-0.0833333333333333,0.0119047619047619,0.7619047619047619,0.8095238095238095,-0.0476190476190476,-0.1071428571428571,0.0119047619047619,0.8571428571428571,35,0.8714285714285714,4,42,0.0952380952380952,27,0.1481481481481481
phi-4-mini-instruct,dev,random_ortho_2_r2_a1,random_ortho_2,2,1.0,neutral,bbq,exploratory,42,42,42,0.3586309523809524,0.306547619047619,0.5238095238095238,0.2619047619047619,0.2142857142857142,0.0520833333333333,-0.0119047619047619,0.1130952380952381,0.1452282157676349,-0.040405500087581,0.2921959348448574,4,2,0,38,0.5,0.0,1.0,0.0006148558249184,0.000631150583018,0.717948717948718,0.717948717948718,0.0,-0.0384615384615384,0.0384615384615384,0.6428571428571429,0.6785714285714286,-0.0357142857142857,-0.0833333333333333,0.0119047619047619,0.7619047619047619,0.8095238095238095,-0.0476190476190476,-0.1071428571428571,0.0119047619047619,0.8571428571428571,35,0.8714285714285714,4,42,0.0952380952380952,27,0.1481481481481481
phi-4-mini-instruct,dev,random_ortho_2_r4_a1,random_ortho_2,4,1.0,demographic,pooled,exploratory,100,100,100,0.466875,0.456875,0.43,0.35,0.22,0.01,-0.02875,0.0487812499999998,0.0214190093708166,-0.0667678145542727,0.0987346517601294,16,4,1,84,0.25,0.0555555555555555,0.5,0.0011960460254513,0.0011850120640029,0.56,0.55,0.01,-0.015,0.035,0.37,0.36,0.01,-0.02,0.04,0.48,0.48,0.0,-0.03,0.03,0.75,58,0.7280701754385965,5,100,0.05,38,0.131578947368421
phi-4-mini-instruct,dev,random_ortho_2_r4_a1,random_ortho_2,4,1.0,demographic,bbq,exploratory,42,42,42,0.5416666666666666,0.5193452380952381,0.5,0.2857142857142857,0.2142857142857142,0.0223214285714285,-0.03125,0.074441964285714,0.0412087912087911,-0.0592963917525773,0.1436016949152542,10,2,0,32,0.2,0.0,0.5,0.0012284106811888,0.0012047860729667,0.7619047619047619,0.75,0.0119047619047619,0.0,0.0357142857142857,0.75,0.75,0.0,-0.0476190476190476,0.0476190476190476,0.8214285714285714,0.8214285714285714,0.0,-0.0476190476190476,0.0476190476190476,0.935897435897436,39,0.9230769230769232,3,42,0.0714285714285714,30,0.1
phi-4-mini-instruct,dev,random_ortho_2_r4_a1,random_ortho_2,4,1.0,demographic,crows_pairs,exploratory,30,30,30,0.3479166666666666,0.3916666666666666,0.2333333333333333,0.4333333333333333,0.3333333333333333,-0.04375,-0.1020833333333333,0.0166666666666666,-0.1257485029940119,-0.358974358974359,0.0416729041916167,4,2,1,26,0.5,0.0,1.0,0.0011350261096002,0.0011388683776057,0.6333333333333333,0.6166666666666667,0.0166666666666666,-0.0333333333333333,0.0833333333333333,0.0833333333333333,0.05,0.0333333333333333,0.0,0.0833333333333333,0.0833333333333333,0.1,-0.0166666666666666,-0.05,0.0,1.0,3,0.5,0,30,0.0,2,0.0
phi-4-mini-instruct,dev,random_ortho_2_r4_a1,random_ortho_2,4,1.0,demographic,stereoset,exploratory,28,28,28,0.4821428571428571,0.4330357142857143,0.5357142857142857,0.3571428571428571,0.1071428571428571,0.0491071428571428,-0.0491071428571428,0.140625,0.1018518518518518,-0.1513251454427924,0.290553146430012,2,0,0,26,0.0,0.0,0.0,0.0012128775231143,0.0012047907145542,0.1785714285714285,0.1785714285714285,0.0,-0.0535714285714285,0.0535714285714285,0.1071428571428571,0.1071428571428571,0.0,-0.0535714285714285,0.0535714285714285,0.3928571428571428,0.375,0.0178571428571428,-0.0535714285714285,0.0892857142857142,0.25,16,0.25,2,28,0.0714285714285714,6,0.3333333333333333
phi-4-mini-instruct,dev,random_ortho_2_r4_a1,random_ortho_2,4,1.0,identity,pooled,exploratory,100,100,100,0.0425,0.0425,0.0,0.0,1.0,0.0,0.0,0.0,0.0,0.0,0.0,1,0,0,99,0.0,0.0,0.0,0.0011660719090225,0.0011654633850623,0.5773195876288659,0.5670103092783505,0.0103092783505154,-0.0206185567010309,0.0515463917525773,0.36,0.39,-0.03,-0.07,0.0,0.46,0.49,-0.03,-0.08,0.02,0.8,45,0.8125,0,100,0.0,46,0.0
phi-4-mini-instruct,dev,random_ortho_2_r4_a1,random_ortho_2,4,1.0,identity,bbq,exploratory,42,42,42,0.0,0.0,0.0,0.0,1.0,0.0,0.0,0.0,,,,0,0,0,42,,,,0.0011611352310084,0.001160575191345,0.7692307692307693,0.7435897435897436,0.0256410256410256,0.0,0.0769230769230769,0.7142857142857143,0.7857142857142857,-0.0714285714285714,-0.1428571428571428,0.0,0.7857142857142857,0.8333333333333334,-0.0476190476190476,-0.119047619047619,0.0,0.9375,32,0.9705882352941176,0,42,0.0,33,0.0
phi-4-mini-instruct,dev,random_ortho_2_r4_a1,random_ortho_2,4,1.0,identity,crows_pairs,exploratory,30,30,30,0.0,0.0,0.0,0.0,1.0,0.0,0.0,0.0,,,,0,0,0,30,,,,0.0011359017987064,0.0011351438779683,0.7,0.7,0.0,-0.1,0.1,0.0666666666666666,0.0666666666666666,0.0,0.0,0.0,0.0666666666666666,0.1,-0.0333333333333333,-0.1,0.0,1.0,2,0.6666666666666666,0,30,0.0,2,0.0
phi-4-mini-instruct,dev,random_ortho_2_r4_a1,random_ortho_2,4,1.0,identity,stereoset,exploratory,28,28,28,0.1517857142857142,0.1517857142857142,0.0,0.0,1.0,0.0,0.0,0.0,0.0,0.0,0.0,1,0,0,27,0.0,0.0,0.0,0.0012058020442396,0.0012052808618104,0.1785714285714285,0.1785714285714285,0.0,0.0,0.0,0.1428571428571428,0.1428571428571428,0.0,0.0,0.0,0.3928571428571428,0.3928571428571428,0.0,-0.1428571428571428,0.1428571428571428,0.3636363636363636,11,0.3636363636363636,0,28,0.0,11,0.0
phi-4-mini-instruct,dev,random_ortho_2_r4_a1,random_ortho_2,4,1.0,neutral,pooled,exploratory,42,42,42,0.3586309523809524,0.3020833333333333,0.5238095238095238,0.2619047619047619,0.2142857142857142,0.056547619047619,0.0089285714285714,0.1011904761904761,0.1576763485477178,0.0278973757200768,0.2803780606419419,4,0,2,38,0.0,0.0,0.0,0.0012406277597416,0.0011884387543546,0.7307692307692307,0.717948717948718,0.0128205128205128,0.0,0.0384615384615384,0.6547619047619048,0.6785714285714286,-0.0238095238095238,-0.0714285714285714,0.0238095238095238,0.8095238095238095,0.8095238095238095,0.0,-0.0476190476190476,0.0476190476190476,0.8428571428571429,35,0.8714285714285714,6,42,0.1428571428571428,31,0.1935483870967742
phi-4-mini-instruct,dev,random_ortho_2_r4_a1,random_ortho_2,4,1.0,neutral,bbq,exploratory,42,42,42,0.3586309523809524,0.3020833333333333,0.5238095238095238,0.2619047619047619,0.2142857142857142,0.056547619047619,0.0089285714285714,0.1011904761904761,0.1576763485477178,0.0278973757200768,0.2803780606419419,4,0,2,38,0.0,0.0,0.0,0.0012406277597416,0.0011884387543546,0.7307692307692307,0.717948717948718,0.0128205128205128,0.0,0.0384615384615384,0.6547619047619048,0.6785714285714286,-0.0238095238095238,-0.0714285714285714,0.0238095238095238,0.8095238095238095,0.8095238095238095,0.0,-0.0476190476190476,0.0476190476190476,0.8428571428571429,35,0.8714285714285714,6,42,0.1428571428571428,31,0.1935483870967742
phi-4-mini-instruct,dev,random_ortho_3_r1_a1,random_ortho_3,1,1.0,demographic,pooled,exploratory,100,100,100,0.466875,0.45125,0.4,0.32,0.28,0.015625,-0.01375,0.044375,0.0334672021419009,-0.0298132087281049,0.0958170173226256,16,4,3,84,0.25,0.0625,0.4706656346749222,0.0002526921017112,0.0002557860311139,0.575,0.55,0.025,0.005,0.05,0.36,0.36,0.0,-0.02,0.02,0.465,0.48,-0.015,-0.04,0.01,0.7454545454545455,55,0.7280701754385965,6,100,0.06,38,0.1578947368421052
phi-4-mini-instruct,dev,random_ortho_3_r1_a1,random_ortho_3,1,1.0,demographic,bbq,exploratory,42,42,42,0.5416666666666666,0.4851190476190476,0.5476190476190477,0.2619047619047619,0.1904761904761904,0.056547619047619,0.0119047619047619,0.0967633928571426,0.1043956043956043,0.0243722037812094,0.1868494152046783,10,3,2,32,0.3,0.0,0.625,0.0002401209408074,0.0002489236398012,0.7619047619047619,0.75,0.0119047619047619,0.0,0.0357142857142857,0.7619047619047619,0.75,0.0119047619047619,0.0,0.0357142857142857,0.8214285714285714,0.8214285714285714,0.0,-0.0357142857142857,0.0357142857142857,0.9230769230769232,39,0.9230769230769232,4,42,0.0952380952380952,30,0.1333333333333333
phi-4-mini-instruct,dev,random_ortho_3_r1_a1,random_ortho_3,1,1.0,demographic,crows_pairs,exploratory,30,30,30,0.3479166666666666,0.35625,0.2666666666666666,0.3333333333333333,0.4,-0.0083333333333333,-0.0458333333333333,0.0291666666666666,-0.0239520958083832,-0.1587442056468606,0.0762769750856719,4,1,0,26,0.25,0.0,1.0,0.0002568943448519,0.0002558577342999,0.65,0.6166666666666667,0.0333333333333333,0.0,0.0833333333333333,0.05,0.05,0.0,-0.05,0.05,0.0666666666666666,0.1,-0.0333333333333333,-0.0833333333333333,0.0,0.75,2,0.5,1,30,0.0333333333333333,2,0.5
phi-4-mini-instruct,dev,random_ortho_3_r1_a1,random_ortho_3,1,1.0,demographic,stereoset,exploratory,28,28,28,0.4821428571428571,0.5022321428571429,0.3214285714285714,0.3928571428571428,0.2857142857142857,-0.0200892857142857,-0.0915178571428571,0.046875,-0.0416666666666667,-0.2424747474747474,0.1103516936222154,2,0,1,26,0.0,0.0,0.0,0.000267046439702,0.0002660027932409,0.2142857142857142,0.1785714285714285,0.0357142857142857,0.0,0.0892857142857142,0.0892857142857142,0.1071428571428571,-0.0178571428571428,-0.0535714285714285,0.0,0.3571428571428571,0.375,-0.0178571428571428,-0.0892857142857142,0.0357142857142857,0.25,14,0.25,1,28,0.0357142857142857,6,0.1666666666666666
phi-4-mini-instruct,dev,random_ortho_3_r1_a1,random_ortho_3,1,1.0,identity,pooled,exploratory,100,100,100,0.0425,0.04,0.01,0.0,0.99,0.0025,0.0,0.0075,0.0588235294117647,0.0588235294117647,0.0588235294117647,1,0,0,99,0.0,0.0,0.0,0.0002576649873948,0.0002577962179382,0.5876288659793815,0.5670103092783505,0.0206185567010309,0.0,0.0515463917525773,0.37,0.39,-0.02,-0.05,0.0,0.48,0.49,-0.01,-0.05,0.02,0.7872340425531915,47,0.8125,0,100,0.0,48,0.0
phi-4-mini-instruct,dev,random_ortho_3_r1_a1,random_ortho_3,1,1.0,identity,bbq,exploratory,42,42,42,0.0,0.0,0.0,0.0,1.0,0.0,0.0,0.0,,,,0,0,0,42,,,,0.0002543358024741,0.0002545799058446,0.7435897435897436,0.7435897435897436,0.0,0.0,0.0,0.7619047619047619,0.7857142857142857,-0.0238095238095238,-0.0714285714285714,0.0,0.8095238095238095,0.8333333333333334,-0.0238095238095238,-0.0714285714285714,0.0,0.9696969696969696,33,0.9705882352941176,0,42,0.0,34,0.0
phi-4-mini-instruct,dev,random_ortho_3_r1_a1,random_ortho_3,1,1.0,identity,crows_pairs,exploratory,30,30,30,0.0,0.0,0.0,0.0,1.0,0.0,0.0,0.0,,,,0,0,0,30,,,,0.0002529355915937,0.0002530680650721,0.7333333333333333,0.7,0.0333333333333333,0.0,0.1,0.0333333333333333,0.0666666666666666,-0.0333333333333333,-0.1,0.0,0.0666666666666666,0.1,-0.0333333333333333,-0.1,0.0,0.5,2,0.6666666666666666,0,30,0.0,2,0.0
phi-4-mini-instruct,dev,random_ortho_3_r1_a1,random_ortho_3,1,1.0,identity,stereoset,exploratory,28,28,28,0.1517857142857142,0.1428571428571428,0.0357142857142857,0.0,0.9642857142857144,0.0089285714285714,0.0,0.0267857142857142,0.0588235294117647,0.0588235294117647,0.0588235294117647,1,0,0,27,0.0,0.0,0.0,0.0002677259745626,0.0002676865641493,0.2142857142857142,0.1785714285714285,0.0357142857142857,0.0,0.1071428571428571,0.1428571428571428,0.1428571428571428,0.0,0.0,0.0,0.4285714285714285,0.3928571428571428,0.0357142857142857,0.0,0.1071428571428571,0.3333333333333333,12,0.3636363636363636,0,28,0.0,12,0.0
phi-4-mini-instruct,dev,random_ortho_3_r1_a1,random_ortho_3,1,1.0,neutral,pooled,exploratory,42,42,42,0.3586309523809524,0.3139880952380952,0.4285714285714285,0.238095238095238,0.3333333333333333,0.0446428571428571,-0.0089285714285714,0.0952380952380952,0.1244813278008298,-0.0290989304812833,0.2672227443609021,4,0,2,38,0.0,0.0,0.0,0.0002980875301966,0.0002696938280942,0.7051282051282052,0.717948717948718,-0.0128205128205128,-0.0384615384615384,0.0,0.6666666666666666,0.6785714285714286,-0.0119047619047619,-0.0476190476190476,0.0238095238095238,0.7857142857142857,0.8095238095238095,-0.0238095238095238,-0.0833333333333333,0.0357142857142857,0.8888888888888888,36,0.8714285714285714,4,42,0.0952380952380952,28,0.1428571428571428
phi-4-mini-instruct,dev,random_ortho_3_r1_a1,random_ortho_3,1,1.0,neutral,bbq,exploratory,42,42,42,0.3586309523809524,0.3139880952380952,0.4285714285714285,0.238095238095238,0.3333333333333333,0.0446428571428571,-0.0089285714285714,0.0952380952380952,0.1244813278008298,-0.0290989304812833,0.2672227443609021,4,0,2,38,0.0,0.0,0.0,0.0002980875301966,0.0002696938280942,0.7051282051282052,0.717948717948718,-0.0128205128205128,-0.0384615384615384,0.0,0.6666666666666666,0.6785714285714286,-0.0119047619047619,-0.0476190476190476,0.0238095238095238,0.7857142857142857,0.8095238095238095,-0.0238095238095238,-0.0833333333333333,0.0357142857142857,0.8888888888888888,36,0.8714285714285714,4,42,0.0952380952380952,28,0.1428571428571428
phi-4-mini-instruct,dev,random_ortho_3_r2_a1,random_ortho_3,2,1.0,demographic,pooled,exploratory,100,100,100,0.466875,0.4525,0.38,0.35,0.27,0.014375,-0.016890625,0.048125,0.0307898259705489,-0.0423909724994715,0.0968285809124391,16,4,1,84,0.25,0.0588235294117647,0.5,0.0005524675726493,0.00055348387289,0.535,0.55,-0.015,-0.04,0.005,0.37,0.36,0.01,-0.01,0.03,0.485,0.48,0.005,-0.02,0.03,0.75,58,0.7280701754385965,6,100,0.06,39,0.1538461538461538
phi-4-mini-instruct,dev,random_ortho_3_r2_a1,random_ortho_3,2,1.0,demographic,bbq,exploratory,42,42,42,0.5416666666666666,0.5133928571428571,0.4047619047619047,0.2857142857142857,0.3095238095238095,0.0282738095238095,-0.0119047619047619,0.0669642857142857,0.0521978021978022,-0.0239387274959084,0.125700520009838,10,2,1,32,0.2,0.0,0.5,0.0005385102111904,0.0005526014350458,0.7380952380952381,0.75,-0.0119047619047619,-0.0357142857142857,0.0,0.7619047619047619,0.75,0.0119047619047619,0.0,0.0357142857142857,0.8214285714285714,0.8214285714285714,0.0,-0.0357142857142857,0.0357142857142857,0.935897435897436,39,0.9230769230769232,4,42,0.0952380952380952,30,0.1333333333333333
phi-4-mini-instruct,dev,random_ortho_3_r2_a1,random_ortho_3,2,1.0,demographic,crows_pairs,exploratory,30,30,30,0.3479166666666666,0.3791666666666666,0.2666666666666666,0.4333333333333333,0.3,-0.03125,-0.0875,0.025,-0.089820359281437,-0.3140612503332445,0.0650081658291456,4,2,0,26,0.5,0.0,1.0,0.0005468914306711,0.0005435349411229,0.6,0.6166666666666667,-0.0166666666666666,-0.05,0.0,0.0833333333333333,0.05,0.0333333333333333,0.0,0.0833333333333333,0.1,0.1,0.0,-0.05,0.05,0.875,4,0.5,1,30,0.0333333333333333,2,0.5
phi-4-mini-instruct,dev,random_ortho_3_r2_a1,random_ortho_3,2,1.0,demographic,stereoset,exploratory,28,28,28,0.4821428571428571,0.4397321428571428,0.4642857142857143,0.3571428571428571,0.1785714285714285,0.0424107142857142,-0.0401785714285714,0.1183035714285714,0.0879629629629629,-0.1121893962882579,0.25600756302521,2,0,0,26,0.0,0.0,0.0,0.0005793780526715,0.0005654670994068,0.1607142857142857,0.1785714285714285,-0.0178571428571428,-0.0714285714285714,0.0357142857142857,0.0892857142857142,0.1071428571428571,-0.0178571428571428,-0.0535714285714285,0.0,0.3928571428571428,0.375,0.0178571428571428,-0.0357142857142857,0.0892857142857142,0.2333333333333333,15,0.25,1,28,0.0357142857142857,7,0.1428571428571428
phi-4-mini-instruct,dev,random_ortho_3_r2_a1,random_ortho_3,2,1.0,identity,pooled,exploratory,100,100,100,0.0425,0.04,0.01,0.0,0.99,0.0025,0.0,0.0075,0.0588235294117647,0.0588235294117647,0.0588235294117647,1,0,0,99,0.0,0.0,0.0,0.0005595308534667,0.0005596467393231,0.5670103092783505,0.5670103092783505,0.0,-0.0309278350515463,0.0309278350515463,0.39,0.39,0.0,-0.03,0.03,0.49,0.49,0.0,-0.05,0.05,0.8125,48,0.8125,0,100,0.0,49,0.0
phi-4-mini-instruct,dev,random_ortho_3_r2_a1,random_ortho_3,2,1.0,identity,bbq,exploratory,42,42,42,0.0,0.0,0.0,0.0,1.0,0.0,0.0,0.0,,,,0,0,0,42,,,,0.0005761608414153,0.0005764706539822,0.7435897435897436,0.7435897435897436,0.0,0.0,0.0,0.7619047619047619,0.7857142857142857,-0.0238095238095238,-0.0714285714285714,0.0,0.8095238095238095,0.8333333333333334,-0.0238095238095238,-0.0714285714285714,0.0,0.9696969696969696,33,0.9705882352941176,0,42,0.0,34,0.0
phi-4-mini-instruct,dev,random_ortho_3_r2_a1,random_ortho_3,2,1.0,identity,crows_pairs,exploratory,30,30,30,0.0,0.0,0.0,0.0,1.0,0.0,0.0,0.0,,,,0,0,0,30,,,,0.0005381613260685,0.0005383369590496,0.6666666666666666,0.7,-0.0333333333333333,-0.1,0.0,0.1,0.0666666666666666,0.0333333333333333,0.0,0.1,0.1,0.1,0.0,-0.1,0.1,1.0,3,0.6666666666666666,0,30,0.0,3,0.0
phi-4-mini-instruct,dev,random_ortho_3_r2_a1,random_ortho_3,2,1.0,identity,stereoset,exploratory,28,28,28,0.1517857142857142,0.1428571428571428,0.0357142857142857,0.0,0.9642857142857144,0.0089285714285714,0.0,0.0267857142857142,0.0588235294117647,0.0588235294117647,0.0588235294117647,1,0,0,27,0.0,0.0,0.0,0.0005574817937562,0.0005572427747706,0.2142857142857142,0.1785714285714285,0.0357142857142857,0.0,0.1071428571428571,0.1428571428571428,0.1428571428571428,0.0,0.0,0.0,0.4285714285714285,0.3928571428571428,0.0357142857142857,-0.0714285714285714,0.1785714285714285,0.3333333333333333,12,0.3636363636363636,0,28,0.0,12,0.0
phi-4-mini-instruct,dev,random_ortho_3_r2_a1,random_ortho_3,2,1.0,neutral,pooled,exploratory,42,42,42,0.3586309523809524,0.3392857142857143,0.3333333333333333,0.3809523809523809,0.2857142857142857,0.019345238095238,-0.0357142857142857,0.0744047619047619,0.0539419087136929,-0.1144467453309369,0.1955602836879432,4,1,1,38,0.25,0.0,1.0,0.0005378409736887,0.0005623687415978,0.7307692307692307,0.717948717948718,0.0128205128205128,-0.0256410256410256,0.0512820512820512,0.6547619047619048,0.6785714285714286,-0.0238095238095238,-0.0714285714285714,0.0238095238095238,0.8214285714285714,0.8095238095238095,0.0119047619047619,-0.0357142857142857,0.0714285714285714,0.8194444444444444,36,0.8714285714285714,8,42,0.1904761904761904,31,0.2580645161290322
phi-4-mini-instruct,dev,random_ortho_3_r2_a1,random_ortho_3,2,1.0,neutral,bbq,exploratory,42,42,42,0.3586309523809524,0.3392857142857143,0.3333333333333333,0.3809523809523809,0.2857142857142857,0.019345238095238,-0.0357142857142857,0.0744047619047619,0.0539419087136929,-0.1144467453309369,0.1955602836879432,4,1,1,38,0.25,0.0,1.0,0.0005378409736887,0.0005623687415978,0.7307692307692307,0.717948717948718,0.0128205128205128,-0.0256410256410256,0.0512820512820512,0.6547619047619048,0.6785714285714286,-0.0238095238095238,-0.0714285714285714,0.0238095238095238,0.8214285714285714,0.8095238095238095,0.0119047619047619,-0.0357142857142857,0.0714285714285714,0.8194444444444444,36,0.8714285714285714,8,42,0.1904761904761904,31,0.2580645161290322
phi-4-mini-instruct,dev,random_ortho_3_r4_a1,random_ortho_3,4,1.0,demographic,pooled,exploratory,100,100,100,0.466875,0.474375,0.35,0.32,0.33,-0.0075,-0.042515625,0.029375,-0.0160642570281124,-0.1017762010181492,0.0579600945209286,16,3,3,84,0.1875,0.0,0.4,0.0011820565540053,0.001195509291202,0.545,0.55,-0.005,-0.03,0.02,0.36,0.36,0.0,-0.035,0.035,0.475,0.48,-0.005,-0.04,0.03,0.7456140350877193,57,0.7280701754385965,8,100,0.08,38,0.2105263157894736
phi-4-mini-instruct,dev,random_ortho_3_r4_a1,random_ortho_3,4,1.0,demographic,bbq,exploratory,42,42,42,0.5416666666666666,0.5342261904761905,0.3809523809523809,0.2142857142857142,0.4047619047619047,0.0074404761904761,-0.041703869047619,0.0535714285714285,0.0137362637362636,-0.0828406593406593,0.0999999999999999,10,2,2,32,0.2,0.0,0.5,0.0011617332171064,0.0011932220133247,0.7619047619047619,0.75,0.0119047619047619,0.0,0.0357142857142857,0.7380952380952381,0.75,-0.0119047619047619,-0.0717261904761904,0.0476190476190476,0.8095238095238095,0.8214285714285714,-0.0119047619047619,-0.0717261904761904,0.0476190476190476,0.9230769230769232,39,0.9230769230769232,5,42,0.119047619047619,29,0.1724137931034483
phi-4-mini-instruct,dev,random_ortho_3_r4_a1,random_ortho_3,4,1.0,demographic,crows_pairs,exploratory,30,30,30,0.3479166666666666,0.3958333333333333,0.2333333333333333,0.4,0.3666666666666666,-0.0479166666666666,-0.1083333333333333,0.0041666666666666,-0.1377245508982036,-0.3539041095890411,0.0131714131218456,4,1,1,26,0.25,0.0,1.0,0.0011937322925049,0.001195993021528,0.5833333333333334,0.6166666666666667,-0.0333333333333333,-0.1,0.0333333333333333,0.0666666666666666,0.05,0.0166666666666666,-0.0333333333333333,0.0666666666666666,0.0833333333333333,0.1,-0.0166666666666666,-0.0833333333333333,0.0333333333333333,0.8333333333333334,3,0.5,1,30,0.0333333333333333,2,0.5
phi-4-mini-instruct,dev,random_ortho_3_r4_a1,random_ortho_3,4,1.0,demographic,stereoset,exploratory,28,28,28,0.4821428571428571,0.46875,0.4285714285714285,0.3928571428571428,0.1785714285714285,0.0133928571428571,-0.0758928571428571,0.1026785714285714,0.0277777777777777,-0.2596670560747663,0.1746096799375488,2,0,0,26,0.0,0.0,0.0,0.0012000318395326,0.0011984219255259,0.1785714285714285,0.1785714285714285,0.0,-0.0535714285714285,0.0535714285714285,0.1071428571428571,0.1071428571428571,0.0,-0.0535714285714285,0.0535714285714285,0.3928571428571428,0.375,0.0178571428571428,-0.0357142857142857,0.0714285714285714,0.2666666666666666,15,0.25,2,28,0.0714285714285714,7,0.2857142857142857
phi-4-mini-instruct,dev,random_ortho_3_r4_a1,random_ortho_3,4,1.0,identity,pooled,exploratory,100,100,100,0.0425,0.03875,0.01,0.0,0.99,0.00375,0.0,0.01125,0.088235294117647,0.088235294117647,0.088235294117647,1,0,0,99,0.0,0.0,0.0,0.001200036008625,0.0012001452107357,0.5463917525773195,0.5670103092783505,-0.0206185567010309,-0.0618556701030927,0.0206185567010309,0.36,0.39,-0.03,-0.07,0.01,0.47,0.49,-0.02,-0.07,0.03,0.782608695652174,46,0.8125,0,100,0.0,47,0.0
phi-4-mini-instruct,dev,random_ortho_3_r4_a1,random_ortho_3,4,1.0,identity,bbq,exploratory,42,42,42,0.0,0.0,0.0,0.0,1.0,0.0,0.0,0.0,,,,0,0,0,42,,,,0.0012070573833972,0.001206996703062,0.7435897435897436,0.7435897435897436,0.0,0.0,0.0,0.7142857142857143,0.7857142857142857,-0.0714285714285714,-0.1666666666666666,0.0,0.7619047619047619,0.8333333333333334,-0.0714285714285714,-0.1666666666666666,0.0,0.967741935483871,31,0.9705882352941176,0,42,0.0,32,0.0
phi-4-mini-instruct,dev,random_ortho_3_r4_a1,random_ortho_3,4,1.0,identity,crows_pairs,exploratory,30,30,30,0.0,0.0,0.0,0.0,1.0,0.0,0.0,0.0,,,,0,0,0,30,,,,0.0011963525703118,0.0011962308410555,0.6,0.7,-0.1,-0.2,0.0,0.0666666666666666,0.0666666666666666,0.0,-0.1,0.1,0.1,0.1,0.0,-0.1,0.1,0.6666666666666666,3,0.6666666666666666,0,30,0.0,3,0.0
phi-4-mini-instruct,dev,random_ortho_3_r4_a1,random_ortho_3,4,1.0,identity,stereoset,exploratory,28,28,28,0.1517857142857142,0.1383928571428571,0.0357142857142857,0.0,0.9642857142857144,0.0133928571428571,0.0,0.0401785714285714,0.088235294117647,0.088235294117647,0.088235294117647,1,0,0,27,0.0,0.0,0.0,0.0011934504875166,0.0011940619397609,0.2142857142857142,0.1785714285714285,0.0357142857142857,0.0,0.1071428571428571,0.1428571428571428,0.1428571428571428,0.0,0.0,0.0,0.4285714285714285,0.3928571428571428,0.0357142857142857,0.0,0.1071428571428571,0.3333333333333333,12,0.3636363636363636,0,28,0.0,12,0.0
phi-4-mini-instruct,dev,random_ortho_3_r4_a1,random_ortho_3,4,1.0,neutral,pooled,exploratory,42,42,42,0.3586309523809524,0.3363095238095238,0.3809523809523809,0.3333333333333333,0.2857142857142857,0.0223214285714285,-0.0431547619047619,0.0848214285714285,0.0622406639004149,-0.1406404484463276,0.2230535198009814,4,2,1,38,0.5,0.0,1.0,0.00106358182876,0.0011404178155016,0.7051282051282052,0.717948717948718,-0.0128205128205128,-0.0384615384615384,0.0,0.6666666666666666,0.6785714285714286,-0.0119047619047619,-0.0476190476190476,0.0238095238095238,0.8095238095238095,0.8095238095238095,0.0,-0.0357142857142857,0.0357142857142857,0.8611111111111112,36,0.8714285714285714,6,42,0.1428571428571428,30,0.2
phi-4-mini-instruct,dev,random_ortho_3_r4_a1,random_ortho_3,4,1.0,neutral,bbq,exploratory,42,42,42,0.3586309523809524,0.3363095238095238,0.3809523809523809,0.3333333333333333,0.2857142857142857,0.0223214285714285,-0.0431547619047619,0.0848214285714285,0.0622406639004149,-0.1406404484463276,0.2230535198009814,4,2,1,38,0.5,0.0,1.0,0.00106358182876,0.0011404178155016,0.7051282051282052,0.717948717948718,-0.0128205128205128,-0.0384615384615384,0.0,0.6666666666666666,0.6785714285714286,-0.0119047619047619,-0.0476190476190476,0.0238095238095238,0.8095238095238095,0.8095238095238095,0.0,-0.0357142857142857,0.0357142857142857,0.8611111111111112,36,0.8714285714285714,6,42,0.1428571428571428,30,0.2
phi-4-mini-instruct,dev,uncentred_svd_r1_a1,uncentred_svd,1,1.0,demographic,pooled,exploratory,100,100,100,0.466875,0.28375,0.64,0.23,0.13,0.183125,0.1174843749999999,0.2550312499999998,0.392235609103079,0.2922586726421732,0.4940111620478658,16,12,1,84,0.75,0.5293343653250774,0.9474342105263154,0.0220572828572404,0.0227201594561296,0.695,0.55,0.145,0.075,0.215,0.355,0.36,-0.005,-0.0701249999999999,0.055,0.49,0.48,0.01,-0.055,0.07,0.7016129032258065,62,0.7280701754385965,3,100,0.03,36,0.0833333333333333
phi-4-mini-instruct,dev,uncentred_svd_r1_a1,uncentred_svd,1,1.0,demographic,bbq,exploratory,42,42,42,0.5416666666666666,0.34375,0.6666666666666666,0.238095238095238,0.0952380952380952,0.1979166666666666,0.1101190476190476,0.2931547619047619,0.3653846153846154,0.224577879871185,0.5026625295508274,10,8,1,32,0.8,0.5,1.0,0.023145156571268,0.023389483222311,0.8095238095238095,0.75,0.0595238095238095,-0.0238095238095238,0.1431547619047602,0.6904761904761905,0.75,-0.0595238095238095,-0.1785714285714285,0.047916666666665,0.8214285714285714,0.8214285714285714,0.0,-0.0952380952380952,0.0952380952380952,0.8375,40,0.9230769230769232,3,42,0.0714285714285714,29,0.1034482758620689
phi-4-mini-instruct,dev,uncentred_svd_r1_a1,uncentred_svd,1,1.0,demographic,crows_pairs,exploratory,30,30,30,0.3479166666666666,0.1875,0.6,0.2,0.2,0.1604166666666666,0.0583333333333333,0.2771354166666664,0.4610778443113772,0.2137761447145279,0.6400220994475136,4,3,0,26,0.75,0.0,1.0,0.0213541247819464,0.0218015920349999,0.9833333333333332,0.6166666666666667,0.3666666666666666,0.2333333333333333,0.5166666666666667,0.1333333333333333,0.05,0.0833333333333333,0.0166666666666666,0.15,0.15,0.1,0.05,-0.0166666666666666,0.1166666666666666,0.8571428571428571,7,0.5,0,30,0.0,2,0.0
phi-4-mini-instruct,dev,uncentred_svd_r1_a1,uncentred_svd,1,1.0,demographic,stereoset,exploratory,28,28,28,0.4821428571428571,0.296875,0.6428571428571429,0.25,0.1071428571428571,0.1852678571428571,0.0424107142857142,0.3527343749999997,0.3842592592592593,0.1601786820904772,0.588579365079365,2,1,0,26,0.5,0.0,1.0,0.0211788559382995,0.0227003531866391,0.2142857142857142,0.1785714285714285,0.0357142857142857,-0.0892857142857142,0.1428571428571428,0.0892857142857142,0.1071428571428571,-0.0178571428571428,-0.1428571428571428,0.1071428571428571,0.3571428571428571,0.375,-0.0178571428571428,-0.1607142857142857,0.125,0.2666666666666666,15,0.25,0,28,0.0,5,0.0
phi-4-mini-instruct,dev,uncentred_svd_r1_a1,uncentred_svd,1,1.0,identity,pooled,exploratory,100,100,100,0.0425,0.0275,0.01,0.0,0.99,0.015,0.0,0.045,0.3529411764705882,0.3529411764705882,0.3529411764705882,1,0,0,99,0.0,0.0,0.0,0.0232777265461293,0.0232898910532292,0.6907216494845361,0.5670103092783505,0.1237113402061855,0.0309278350515463,0.2164948453608247,0.35,0.39,-0.04,-0.13,0.04,0.49,0.49,0.0,-0.09,0.09,0.7291666666666666,48,0.8125,0,100,0.0,49,0.0
phi-4-mini-instruct,dev,uncentred_svd_r1_a1,uncentred_svd,1,1.0,identity,bbq,exploratory,42,42,42,0.0,0.0,0.0,0.0,1.0,0.0,0.0,0.0,,,,0,0,0,42,,,,0.0239580736484163,0.0239681071342636,0.7948717948717948,0.7435897435897436,0.0512820512820512,-0.0769230769230769,0.1794871794871795,0.6428571428571429,0.7857142857142857,-0.1428571428571428,-0.2857142857142857,0.0,0.7857142857142857,0.8333333333333334,-0.0476190476190476,-0.1904761904761904,0.0714285714285714,0.84375,32,0.9705882352941176,0,42,0.0,33,0.0
phi-4-mini-instruct,dev,uncentred_svd_r1_a1,uncentred_svd,1,1.0,identity,crows_pairs,exploratory,30,30,30,0.0,0.0,0.0,0.0,1.0,0.0,0.0,0.0,,,,0,0,0,30,,,,0.022171699776593,0.0221644706482551,0.9666666666666668,0.7,0.2666666666666666,0.0991666666666667,0.4666666666666667,0.1333333333333333,0.0666666666666666,0.0666666666666666,-0.0666666666666666,0.2,0.1333333333333333,0.1,0.0333333333333333,-0.1008333333333332,0.2,1.0,4,0.6666666666666666,0,30,0.0,4,0.0
phi-4-mini-instruct,dev,uncentred_svd_r1_a1,uncentred_svd,1,1.0,identity,stereoset,exploratory,28,28,28,0.1517857142857142,0.0982142857142857,0.0357142857142857,0.0,0.9642857142857144,0.0535714285714285,0.0,0.1607142857142857,0.3529411764705882,0.3529411764705882,0.3529411764705882,1,0,0,27,0.0,0.0,0.0,0.0234422345743448,0.0234783745084354,0.25,0.1785714285714285,0.0714285714285714,-0.0714285714285714,0.2142857142857142,0.1428571428571428,0.1428571428571428,0.0,-0.1428571428571428,0.1428571428571428,0.4285714285714285,0.3928571428571428,0.0357142857142857,-0.1785714285714285,0.25,0.3333333333333333,12,0.3636363636363636,0,28,0.0,12,0.0
phi-4-mini-instruct,dev,uncentred_svd_r1_a1,uncentred_svd,1,1.0,neutral,pooled,exploratory,42,42,42,0.3586309523809524,0.2678571428571428,0.6190476190476191,0.3095238095238095,0.0714285714285714,0.0907738095238095,0.0058779761904761,0.1830357142857142,0.2531120331950207,0.0157450076804916,0.4342759397193832,4,3,1,38,0.75,0.0,1.0,0.0307902621892163,0.0267609395148268,0.7564102564102564,0.717948717948718,0.0384615384615384,-0.0384615384615384,0.1282051282051282,0.6309523809523809,0.6785714285714286,-0.0476190476190476,-0.1071428571428571,0.0119047619047619,0.8333333333333334,0.8095238095238095,0.0238095238095238,-0.0476190476190476,0.1071428571428571,0.7567567567567568,37,0.8714285714285714,6,42,0.1428571428571428,31,0.1935483870967742
phi-4-mini-instruct,dev,uncentred_svd_r1_a1,uncentred_svd,1,1.0,neutral,bbq,exploratory,42,42,42,0.3586309523809524,0.2678571428571428,0.6190476190476191,0.3095238095238095,0.0714285714285714,0.0907738095238095,0.0058779761904761,0.1830357142857142,0.2531120331950207,0.0157450076804916,0.4342759397193832,4,3,1,38,0.75,0.0,1.0,0.0307902621892163,0.0267609395148268,0.7564102564102564,0.717948717948718,0.0384615384615384,-0.0384615384615384,0.1282051282051282,0.6309523809523809,0.6785714285714286,-0.0476190476190476,-0.1071428571428571,0.0119047619047619,0.8333333333333334,0.8095238095238095,0.0238095238095238,-0.0476190476190476,0.1071428571428571,0.7567567567567568,37,0.8714285714285714,6,42,0.1428571428571428,31,0.1935483870967742
phi-4-mini-instruct,dev,uncentred_svd_r2_a1,uncentred_svd,2,1.0,demographic,pooled,exploratory,100,100,100,0.466875,0.2975,0.7,0.2,0.1,0.169375,0.108734375,0.231875,0.3627844712182061,0.2481950570835495,0.4828127079570301,16,13,2,84,0.8125,0.6,1.0,0.0290817550957134,0.0277726225403369,0.705,0.55,0.155,0.09,0.22,0.34,0.36,-0.02,-0.09,0.04,0.465,0.48,-0.015,-0.075,0.045,0.7272727272727273,55,0.7280701754385965,3,100,0.03,38,0.0789473684210526
phi-4-mini-instruct,dev,uncentred_svd_r2_a1,uncentred_svd,2,1.0,demographic,bbq,exploratory,42,42,42,0.5416666666666666,0.3020833333333333,0.7380952380952381,0.1666666666666666,0.0952380952380952,0.2395833333333333,0.1547619047619047,0.3303571428571428,0.4423076923076923,0.3088997469679784,0.5706631207500514,10,9,1,32,0.9,0.6666666666666666,1.0,0.031777815736304,0.0280793635062391,0.8452380952380952,0.75,0.0952380952380952,0.0238095238095238,0.1785714285714285,0.6666666666666666,0.75,-0.0833333333333333,-0.2142857142857142,0.0357142857142857,0.8214285714285714,0.8214285714285714,0.0,-0.0952380952380952,0.0952380952380952,0.8157894736842105,38,0.9230769230769232,3,42,0.0714285714285714,31,0.0967741935483871
phi-4-mini-instruct,dev,uncentred_svd_r2_a1,uncentred_svd,2,1.0,demographic,crows_pairs,exploratory,30,30,30,0.3479166666666666,0.2416666666666666,0.6333333333333333,0.2666666666666666,0.1,0.10625,-0.0083333333333333,0.2354687499999997,0.3053892215568862,-0.0333503401360545,0.5512850467289719,4,3,0,26,0.75,0.0,1.0,0.0264977320171791,0.0267563232842511,0.9833333333333332,0.6166666666666667,0.3666666666666666,0.2333333333333333,0.5166666666666667,0.0833333333333333,0.05,0.0333333333333333,-0.0333333333333333,0.1,0.0833333333333333,0.1,-0.0166666666666666,-0.1166666666666666,0.0666666666666666,1.0,3,0.5,0,30,0.0,2,0.0
phi-4-mini-instruct,dev,uncentred_svd_r2_a1,uncentred_svd,2,1.0,demographic,stereoset,exploratory,28,28,28,0.4821428571428571,0.3504464285714285,0.7142857142857143,0.1785714285714285,0.1071428571428571,0.1316964285714285,0.0290178571428571,0.2522321428571428,0.2731481481481481,0.0698850880302493,0.5754314253122349,2,1,1,26,0.5,0.0,1.0,0.0278062602904,0.0284014031515756,0.1964285714285714,0.1785714285714285,0.0178571428571428,-0.0535714285714285,0.1071428571428571,0.125,0.1071428571428571,0.0178571428571428,-0.0714285714285714,0.1071428571428571,0.3392857142857143,0.375,-0.0357142857142857,-0.1607142857142857,0.1071428571428571,0.4285714285714285,14,0.25,0,28,0.0,5,0.0
phi-4-mini-instruct,dev,uncentred_svd_r2_a1,uncentred_svd,2,1.0,identity,pooled,exploratory,100,100,100,0.0425,0.015,0.01,0.0,0.99,0.0275,0.0,0.0825,0.6470588235294117,0.6470588235294117,0.6470588235294117,1,0,0,99,0.0,0.0,0.0,0.0278514963062022,0.0278618619662262,0.7010309278350515,0.5670103092783505,0.134020618556701,0.0515463917525773,0.2164948453608247,0.35,0.39,-0.04,-0.12,0.03,0.46,0.49,-0.03,-0.11,0.05,0.7608695652173914,46,0.8125,0,100,0.0,46,0.0
phi-4-mini-instruct,dev,uncentred_svd_r2_a1,uncentred_svd,2,1.0,identity,bbq,exploratory,42,42,42,0.0,0.0,0.0,0.0,1.0,0.0,0.0,0.0,,,,0,0,0,42,,,,0.0278364493733383,0.0278420176844752,0.8461538461538461,0.7435897435897436,0.1025641025641025,0.0,0.2307692307692307,0.6428571428571429,0.7857142857142857,-0.1428571428571428,-0.2857142857142857,0.0,0.7857142857142857,0.8333333333333334,-0.0476190476190476,-0.1904761904761904,0.0714285714285714,0.8181818181818182,33,0.9705882352941176,0,42,0.0,33,0.0
phi-4-mini-instruct,dev,uncentred_svd_r2_a1,uncentred_svd,2,1.0,identity,crows_pairs,exploratory,30,30,30,0.0,0.0,0.0,0.0,1.0,0.0,0.0,0.0,,,,0,0,0,30,,,,0.0269807359003585,0.0269841995773531,0.9666666666666668,0.7,0.2666666666666666,0.0991666666666667,0.4666666666666667,0.1333333333333333,0.0666666666666666,0.0666666666666666,0.0,0.1666666666666666,0.1333333333333333,0.1,0.0333333333333333,-0.0666666666666666,0.1333333333333333,1.0,4,0.6666666666666666,0,30,0.0,4,0.0
phi-4-mini-instruct,dev,uncentred_svd_r2_a1,uncentred_svd,2,1.0,identity,stereoset,exploratory,28,28,28,0.1517857142857142,0.0535714285714285,0.0357142857142857,0.0,0.9642857142857144,0.0982142857142857,0.0,0.2946428571428571,0.6470588235294117,0.6470588235294117,0.6470588235294117,1,0,0,27,0.0,0.0,0.0,0.0288070242831877,0.0288319809483597,0.2142857142857142,0.1785714285714285,0.0357142857142857,0.0,0.1071428571428571,0.1428571428571428,0.1428571428571428,0.0,-0.1071428571428571,0.1071428571428571,0.3214285714285714,0.3928571428571428,-0.0714285714285714,-0.25,0.0714285714285714,0.4444444444444444,9,0.3636363636363636,0,28,0.0,9,0.0
phi-4-mini-instruct,dev,uncentred_svd_r2_a1,uncentred_svd,2,1.0,neutral,pooled,exploratory,42,42,42,0.3586309523809524,0.2276785714285714,0.5714285714285714,0.2142857142857142,0.2142857142857142,0.1309523809523809,0.0491071428571428,0.2128348214285712,0.3651452282157676,0.1648889236545682,0.5227424242424241,4,4,0,38,1.0,1.0,1.0,0.0401896088812376,0.0323139484655691,0.782051282051282,0.717948717948718,0.0641025641025641,-0.0128205128205128,0.1538461538461538,0.6071428571428571,0.6785714285714286,-0.0714285714285714,-0.1666666666666666,0.0238095238095238,0.7976190476190477,0.8095238095238095,-0.0119047619047619,-0.0952380952380952,0.0714285714285714,0.7361111111111112,36,0.8714285714285714,6,42,0.1428571428571428,31,0.1935483870967742
phi-4-mini-instruct,dev,uncentred_svd_r2_a1,uncentred_svd,2,1.0,neutral,bbq,exploratory,42,42,42,0.3586309523809524,0.2276785714285714,0.5714285714285714,0.2142857142857142,0.2142857142857142,0.1309523809523809,0.0491071428571428,0.2128348214285712,0.3651452282157676,0.1648889236545682,0.5227424242424241,4,4,0,38,1.0,1.0,1.0,0.0401896088812376,0.0323139484655691,0.782051282051282,0.717948717948718,0.0641025641025641,-0.0128205128205128,0.1538461538461538,0.6071428571428571,0.6785714285714286,-0.0714285714285714,-0.1666666666666666,0.0238095238095238,0.7976190476190477,0.8095238095238095,-0.0119047619047619,-0.0952380952380952,0.0714285714285714,0.7361111111111112,36,0.8714285714285714,6,42,0.1428571428571428,31,0.1935483870967742
phi-4-mini-instruct,dev,uncentred_svd_r4_a1,uncentred_svd,4,1.0,demographic,pooled,exploratory,100,100,100,0.466875,0.240625,0.62,0.19,0.19,0.22625,0.14375,0.3231406249999999,0.4846050870147256,0.372509565170394,0.5726413887589162,16,13,0,84,0.8125,0.6,1.0,0.0360582395643673,0.0336322010518044,0.68,0.55,0.13,0.055,0.205,0.355,0.36,-0.005,-0.07,0.06,0.5,0.48,0.02,-0.0401249999999999,0.085,0.7017543859649122,57,0.7280701754385965,7,100,0.07,43,0.1627906976744186
phi-4-mini-instruct,dev,uncentred_svd_r4_a1,uncentred_svd,4,1.0,demographic,bbq,exploratory,42,42,42,0.5416666666666666,0.2782738095238095,0.7142857142857143,0.1428571428571428,0.1428571428571428,0.2633928571428571,0.1592261904761904,0.3779761904761904,0.4862637362637363,0.3477842809364548,0.6114335548172757,10,9,0,32,0.9,0.6666666666666666,1.0,0.0395891636661492,0.0345296673797357,0.8095238095238095,0.75,0.0595238095238095,-0.0357142857142857,0.1547619047619047,0.6904761904761905,0.75,-0.0595238095238095,-0.1904761904761904,0.0595238095238095,0.8333333333333334,0.8214285714285714,0.0119047619047619,-0.0952380952380952,0.119047619047619,0.8421052631578947,38,0.9230769230769232,6,42,0.1428571428571428,32,0.1875
phi-4-mini-instruct,dev,uncentred_svd_r4_a1,uncentred_svd,4,1.0,demographic,crows_pairs,exploratory,30,30,30,0.3479166666666666,0.2166666666666666,0.5,0.3,0.2,0.13125,0.0291145833333333,0.2458854166666663,0.3772455089820359,0.1031520562770562,0.561815308988764,4,3,0,26,0.75,0.0,1.0,0.0313746795752996,0.0317029021410548,0.9666666666666668,0.6166666666666667,0.35,0.2166666666666666,0.5,0.1,0.05,0.05,0.0,0.1166666666666666,0.1166666666666666,0.1,0.0166666666666666,-0.0333333333333333,0.0666666666666666,0.75,4,0.5,0,30,0.0,3,0.0
phi-4-mini-instruct,dev,uncentred_svd_r4_a1,uncentred_svd,4,1.0,demographic,stereoset,exploratory,28,28,28,0.4821428571428571,0.2098214285714285,0.6071428571428571,0.1428571428571428,0.25,0.2723214285714285,0.0803571428571428,0.5447544642857136,0.5648148148148149,0.3149569845435987,0.6940704088254378,2,1,0,26,0.5,0.0,1.0,0.0357799533999811,0.0343531075357106,0.1785714285714285,0.1785714285714285,0.0,-0.125,0.125,0.125,0.1071428571428571,0.0178571428571428,-0.0892857142857142,0.125,0.4107142857142857,0.375,0.0357142857142857,-0.0892857142857142,0.1785714285714285,0.3333333333333333,15,0.25,1,28,0.0357142857142857,8,0.125
phi-4-mini-instruct,dev,uncentred_svd_r4_a1,uncentred_svd,4,1.0,identity,pooled,exploratory,100,100,100,0.0425,0.025,0.01,0.0,0.99,0.0175,0.0,0.0525,0.4117647058823529,0.4117647058823529,0.4117647058823529,1,0,0,99,0.0,0.0,0.0,0.0329606909412354,0.0329949775693537,0.7010309278350515,0.5670103092783505,0.134020618556701,0.0515463917525773,0.2164948453608247,0.31,0.39,-0.08,-0.15,-0.01,0.45,0.49,-0.04,-0.13,0.05,0.7045454545454546,44,0.8125,0,100,0.0,45,0.0
phi-4-mini-instruct,dev,uncentred_svd_r4_a1,uncentred_svd,4,1.0,identity,bbq,exploratory,42,42,42,0.0,0.0,0.0,0.0,1.0,0.0,0.0,0.0,,,,0,0,0,42,,,,0.0339285074751209,0.0339459679655713,0.8461538461538461,0.7435897435897436,0.1025641025641025,0.0,0.2307692307692307,0.5952380952380952,0.7857142857142857,-0.1904761904761904,-0.3571428571428571,-0.0476190476190476,0.7619047619047619,0.8333333333333334,-0.0714285714285714,-0.2142857142857142,0.0714285714285714,0.8064516129032258,31,0.9705882352941176,0,42,0.0,32,0.0
phi-4-mini-instruct,dev,uncentred_svd_r4_a1,uncentred_svd,4,1.0,identity,crows_pairs,exploratory,30,30,30,0.0,0.0,0.0,0.0,1.0,0.0,0.0,0.0,,,,0,0,0,30,,,,0.0319407113204704,0.0319574919908518,0.9666666666666668,0.7,0.2666666666666666,0.0991666666666667,0.4666666666666667,0.0666666666666666,0.0666666666666666,0.0,0.0,0.0,0.0666666666666666,0.1,-0.0333333333333333,-0.1,0.0,1.0,2,0.6666666666666666,0,30,0.0,2,0.0
phi-4-mini-instruct,dev,uncentred_svd_r4_a1,uncentred_svd,4,1.0,identity,stereoset,exploratory,28,28,28,0.1517857142857142,0.0892857142857142,0.0357142857142857,0.0,0.9642857142857144,0.0625,0.0,0.1875,0.4117647058823529,0.4117647058823529,0.4117647058823529,1,0,0,27,0.0,0.0,0.0,0.0326018014483695,0.0326800836662795,0.2142857142857142,0.1785714285714285,0.0357142857142857,-0.0714285714285714,0.1785714285714285,0.1428571428571428,0.1428571428571428,0.0,-0.1071428571428571,0.1071428571428571,0.3928571428571428,0.3928571428571428,0.0,-0.2142857142857142,0.2142857142857142,0.3636363636363636,11,0.3636363636363636,0,28,0.0,11,0.0
phi-4-mini-instruct,dev,uncentred_svd_r4_a1,uncentred_svd,4,1.0,neutral,pooled,exploratory,42,42,42,0.3586309523809524,0.2276785714285714,0.5238095238095238,0.3333333333333333,0.1428571428571428,0.1309523809523809,0.0297247023809523,0.2410714285714285,0.3651452282157676,0.1065655890996526,0.5555764411027568,4,4,1,38,1.0,1.0,1.0,0.0452630467298819,0.0377896760195532,0.7307692307692307,0.717948717948718,0.0128205128205128,-0.0769230769230769,0.1025641025641025,0.6309523809523809,0.6785714285714286,-0.0476190476190476,-0.119047619047619,0.0238095238095238,0.7738095238095238,0.8095238095238095,-0.0357142857142857,-0.1309523809523809,0.0476190476190476,0.8285714285714286,35,0.8714285714285714,4,42,0.0952380952380952,28,0.1428571428571428
phi-4-mini-instruct,dev,uncentred_svd_r4_a1,uncentred_svd,4,1.0,neutral,bbq,exploratory,42,42,42,0.3586309523809524,0.2276785714285714,0.5238095238095238,0.3333333333333333,0.1428571428571428,0.1309523809523809,0.0297247023809523,0.2410714285714285,0.3651452282157676,0.1065655890996526,0.5555764411027568,4,4,1,38,1.0,1.0,1.0,0.0452630467298819,0.0377896760195532,0.7307692307692307,0.717948717948718,0.0128205128205128,-0.0769230769230769,0.1025641025641025,0.6309523809523809,0.6785714285714286,-0.0476190476190476,-0.119047619047619,0.0238095238095238,0.7738095238095238,0.8095238095238095,-0.0357142857142857,-0.1309523809523809,0.0476190476190476,0.8285714285714286,35,0.8714285714285714,4,42,0.0952380952380952,28,0.1428571428571428
phi-4-mini-instruct,test,cure_centred_svd_r1_a1,cure_centred_svd,1,1.0,demographic,pooled,confirmatory-input,27,27,27,0.4351851851851852,0.25,0.4814814814814814,0.3703703703703703,0.1481481481481481,0.1851851851851851,0.0578703703703703,0.3194444444444444,0.4255319148936169,0.1719404087663136,0.6277233695266481,4,3,1,23,0.75,0.0,1.0,0.0218134309902428,0.0221599790086734,0.7962962962962963,0.7962962962962963,0.0,-0.0555555555555555,0.0555555555555555,0.7777777777777778,0.7592592592592593,0.0185185185185185,-0.037037037037037,0.074074074074074,1.0,1.0,0.0,0.0,0.0,0.7777777777777778,27,0.7592592592592593,2,27,0.074074074074074,27,0.074074074074074
phi-4-mini-instruct,test,cure_centred_svd_r1_a1,cure_centred_svd,1,1.0,demographic,bbq,exploratory,27,27,27,0.4351851851851852,0.25,0.4814814814814814,0.3703703703703703,0.1481481481481481,0.1851851851851851,0.0578703703703703,0.3194444444444444,0.4255319148936169,0.1719404087663136,0.6277233695266481,4,3,1,23,0.75,0.0,1.0,0.0218134309902428,0.0221599790086734,0.7962962962962963,0.7962962962962963,0.0,-0.0555555555555555,0.0555555555555555,0.7777777777777778,0.7592592592592593,0.0185185185185185,-0.037037037037037,0.074074074074074,1.0,1.0,0.0,0.0,0.0,0.7777777777777778,27,0.7592592592592593,2,27,0.074074074074074,27,0.074074074074074
phi-4-mini-instruct,test,cure_centred_svd_r1_a1,cure_centred_svd,1,1.0,identity,pooled,exploratory,27,27,27,0.0,0.0,0.0,0.0,1.0,0.0,0.0,0.0,,,,0,0,0,27,,,,0.0223377780050351,0.0223423220690985,0.7407407407407407,0.7777777777777778,-0.037037037037037,-0.1481481481481481,0.074074074074074,0.7407407407407407,0.7407407407407407,0.0,-0.1111111111111111,0.1111111111111111,1.0,1.0,0.0,0.0,0.0,0.7407407407407407,27,0.7407407407407407,0,27,0.0,27,0.0
phi-4-mini-instruct,test,cure_centred_svd_r1_a1,cure_centred_svd,1,1.0,identity,bbq,exploratory,27,27,27,0.0,0.0,0.0,0.0,1.0,0.0,0.0,0.0,,,,0,0,0,27,,,,0.0223377780050351,0.0223423220690985,0.7407407407407407,0.7777777777777778,-0.037037037037037,-0.1481481481481481,0.074074074074074,0.7407407407407407,0.7407407407407407,0.0,-0.1111111111111111,0.1111111111111111,1.0,1.0,0.0,0.0,0.0,0.7407407407407407,27,0.7407407407407407,0,27,0.0,27,0.0
phi-4-mini-instruct,test,cure_centred_svd_r1_a1,cure_centred_svd,1,1.0,neutral,pooled,exploratory,27,27,27,0.3402777777777778,0.2662037037037037,0.4074074074074074,0.4074074074074074,0.1851851851851851,0.074074074074074,-0.0649305555555555,0.2685185185185185,0.217687074829932,-0.2931153116102499,0.5403314680523038,4,3,1,23,0.75,0.0,1.0,0.0310823041324588,0.0261292996643174,0.7407407407407407,0.7777777777777778,-0.037037037037037,-0.0925925925925925,0.0,0.7592592592592593,0.7592592592592593,0.0,-0.0555555555555555,0.0555555555555555,1.0,1.0,0.0,0.0,0.0,0.7592592592592593,27,0.7592592592592593,2,27,0.074074074074074,27,0.074074074074074
phi-4-mini-instruct,test,cure_centred_svd_r1_a1,cure_centred_svd,1,1.0,neutral,bbq,exploratory,27,27,27,0.3402777777777778,0.2662037037037037,0.4074074074074074,0.4074074074074074,0.1851851851851851,0.074074074074074,-0.0649305555555555,0.2685185185185185,0.217687074829932,-0.2931153116102499,0.5403314680523038,4,3,1,23,0.75,0.0,1.0,0.0310823041324588,0.0261292996643174,0.7407407407407407,0.7777777777777778,-0.037037037037037,-0.0925925925925925,0.0,0.7592592592592593,0.7592592592592593,0.0,-0.0555555555555555,0.0555555555555555,1.0,1.0,0.0,0.0,0.0,0.7592592592592593,27,0.7592592592592593,2,27,0.074074074074074,27,0.074074074074074
phi-4-mini-instruct,test,cure_centred_svd_r2_a1,cure_centred_svd,2,1.0,demographic,pooled,exploratory,27,27,27,0.4351851851851852,0.2546296296296296,0.6296296296296297,0.2222222222222222,0.1481481481481481,0.1805555555555555,0.0717592592592592,0.2940393518518515,0.4148936170212766,0.1967165734862124,0.5806578280695827,4,3,1,23,0.75,0.0,1.0,0.0303854478385909,0.0268611638233313,0.7592592592592593,0.7962962962962963,-0.037037037037037,-0.0925925925925925,0.0,0.7962962962962963,0.7592592592592593,0.037037037037037,0.0,0.0925925925925925,1.0,1.0,0.0,0.0,0.0,0.7962962962962963,27,0.7592592592592593,1,27,0.037037037037037,27,0.037037037037037
phi-4-mini-instruct,test,cure_centred_svd_r2_a1,cure_centred_svd,2,1.0,demographic,bbq,exploratory,27,27,27,0.4351851851851852,0.2546296296296296,0.6296296296296297,0.2222222222222222,0.1481481481481481,0.1805555555555555,0.0717592592592592,0.2940393518518515,0.4148936170212766,0.1967165734862124,0.5806578280695827,4,3,1,23,0.75,0.0,1.0,0.0303854478385909,0.0268611638233313,0.7592592592592593,0.7962962962962963,-0.037037037037037,-0.0925925925925925,0.0,0.7962962962962963,0.7592592592592593,0.037037037037037,0.0,0.0925925925925925,1.0,1.0,0.0,0.0,0.0,0.7962962962962963,27,0.7592592592592593,1,27,0.037037037037037,27,0.037037037037037
phi-4-mini-instruct,test,cure_centred_svd_r2_a1,cure_centred_svd,2,1.0,identity,pooled,exploratory,27,27,27,0.0,0.0,0.0,0.0,1.0,0.0,0.0,0.0,,,,0,0,0,27,,,,0.0263323509772606,0.0263575048075136,0.7037037037037037,0.7777777777777778,-0.074074074074074,-0.1851851851851851,0.0,0.7777777777777778,0.7407407407407407,0.037037037037037,0.0,0.1111111111111111,1.0,1.0,0.0,0.0,0.0,0.7777777777777778,27,0.7407407407407407,0,27,0.0,27,0.0
phi-4-mini-instruct,test,cure_centred_svd_r2_a1,cure_centred_svd,2,1.0,identity,bbq,exploratory,27,27,27,0.0,0.0,0.0,0.0,1.0,0.0,0.0,0.0,,,,0,0,0,27,,,,0.0263323509772606,0.0263575048075136,0.7037037037037037,0.7777777777777778,-0.074074074074074,-0.1851851851851851,0.0,0.7777777777777778,0.7407407407407407,0.037037037037037,0.0,0.1111111111111111,1.0,1.0,0.0,0.0,0.0,0.7777777777777778,27,0.7407407407407407,0,27,0.0,27,0.0
phi-4-mini-instruct,test,cure_centred_svd_r2_a1,cure_centred_svd,2,1.0,neutral,pooled,exploratory,27,27,27,0.3402777777777778,0.2361111111111111,0.4814814814814814,0.4074074074074074,0.1111111111111111,0.1041666666666666,-0.0717592592592592,0.3148148148148148,0.3061224489795918,-0.339632075471698,0.6157229911430192,4,4,1,23,1.0,1.0,1.0,0.0394437846021231,0.0310896042451755,0.7037037037037037,0.7777777777777778,-0.074074074074074,-0.1666666666666666,0.0,0.7407407407407407,0.7592592592592593,-0.0185185185185185,-0.0555555555555555,0.0,1.0,1.0,0.0,0.0,0.0,0.7407407407407407,27,0.7592592592592593,2,27,0.074074074074074,27,0.074074074074074
phi-4-mini-instruct,test,cure_centred_svd_r2_a1,cure_centred_svd,2,1.0,neutral,bbq,exploratory,27,27,27,0.3402777777777778,0.2361111111111111,0.4814814814814814,0.4074074074074074,0.1111111111111111,0.1041666666666666,-0.0717592592592592,0.3148148148148148,0.3061224489795918,-0.339632075471698,0.6157229911430192,4,4,1,23,1.0,1.0,1.0,0.0394437846021231,0.0310896042451755,0.7037037037037037,0.7777777777777778,-0.074074074074074,-0.1666666666666666,0.0,0.7407407407407407,0.7592592592592593,-0.0185185185185185,-0.0555555555555555,0.0,1.0,1.0,0.0,0.0,0.0,0.7407407407407407,27,0.7592592592592593,2,27,0.074074074074074,27,0.074074074074074
phi-4-mini-instruct,test,cure_centred_svd_r4_a1,cure_centred_svd,4,1.0,demographic,pooled,exploratory,27,27,27,0.4351851851851852,0.2407407407407407,0.7037037037037037,0.2222222222222222,0.074074074074074,0.1944444444444444,0.0949074074074074,0.2986689814814811,0.4468085106382978,0.25594043274244,0.6269430051813472,4,3,0,23,0.75,0.0,1.0,0.0387956800288083,0.0346993001104547,0.7592592592592593,0.7962962962962963,-0.037037037037037,-0.0925925925925925,0.0,0.7962962962962963,0.7592592592592593,0.037037037037037,0.0,0.0925925925925925,1.0,1.0,0.0,0.0,0.0,0.7962962962962963,27,0.7592592592592593,1,27,0.037037037037037,27,0.037037037037037
phi-4-mini-instruct,test,cure_centred_svd_r4_a1,cure_centred_svd,4,1.0,demographic,bbq,exploratory,27,27,27,0.4351851851851852,0.2407407407407407,0.7037037037037037,0.2222222222222222,0.074074074074074,0.1944444444444444,0.0949074074074074,0.2986689814814811,0.4468085106382978,0.25594043274244,0.6269430051813472,4,3,0,23,0.75,0.0,1.0,0.0387956800288083,0.0346993001104547,0.7592592592592593,0.7962962962962963,-0.037037037037037,-0.0925925925925925,0.0,0.7962962962962963,0.7592592592592593,0.037037037037037,0.0,0.0925925925925925,1.0,1.0,0.0,0.0,0.0,0.7962962962962963,27,0.7592592592592593,1,27,0.037037037037037,27,0.037037037037037
phi-4-mini-instruct,test,cure_centred_svd_r4_a1,cure_centred_svd,4,1.0,identity,pooled,exploratory,27,27,27,0.0,0.0,0.0,0.0,1.0,0.0,0.0,0.0,,,,0,0,0,27,,,,0.0349319312778629,0.0350025219194032,0.7037037037037037,0.7777777777777778,-0.074074074074074,-0.1851851851851851,0.0,0.7777777777777778,0.7407407407407407,0.037037037037037,0.0,0.1111111111111111,1.0,1.0,0.0,0.0,0.0,0.7777777777777778,27,0.7407407407407407,0,27,0.0,27,0.0
phi-4-mini-instruct,test,cure_centred_svd_r4_a1,cure_centred_svd,4,1.0,identity,bbq,exploratory,27,27,27,0.0,0.0,0.0,0.0,1.0,0.0,0.0,0.0,,,,0,0,0,27,,,,0.0349319312778629,0.0350025219194032,0.7037037037037037,0.7777777777777778,-0.074074074074074,-0.1851851851851851,0.0,0.7777777777777778,0.7407407407407407,0.037037037037037,0.0,0.1111111111111111,1.0,1.0,0.0,0.0,0.0,0.7777777777777778,27,0.7407407407407407,0,27,0.0,27,0.0
phi-4-mini-instruct,test,cure_centred_svd_r4_a1,cure_centred_svd,4,1.0,neutral,pooled,exploratory,27,27,27,0.3402777777777778,0.2222222222222222,0.4814814814814814,0.3703703703703703,0.1481481481481481,0.1180555555555555,-0.0486111111111111,0.3171296296296296,0.3469387755102041,-0.234100580270793,0.632674431028956,4,4,1,23,1.0,1.0,1.0,0.0453849785203152,0.0381383158855176,0.7407407407407407,0.7777777777777778,-0.037037037037037,-0.1111111111111111,0.037037037037037,0.7777777777777778,0.7592592592592593,0.0185185185185185,0.0,0.0555555555555555,1.0,1.0,0.0,0.0,0.0,0.7777777777777778,27,0.7592592592592593,0,27,0.0,27,0.0
phi-4-mini-instruct,test,cure_centred_svd_r4_a1,cure_centred_svd,4,1.0,neutral,bbq,exploratory,27,27,27,0.3402777777777778,0.2222222222222222,0.4814814814814814,0.3703703703703703,0.1481481481481481,0.1180555555555555,-0.0486111111111111,0.3171296296296296,0.3469387755102041,-0.234100580270793,0.632674431028956,4,4,1,23,1.0,1.0,1.0,0.0453849785203152,0.0381383158855176,0.7407407407407407,0.7777777777777778,-0.037037037037037,-0.1111111111111111,0.037037037037037,0.7777777777777778,0.7592592592592593,0.0185185185185185,0.0,0.0555555555555555,1.0,1.0,0.0,0.0,0.0,0.7777777777777778,27,0.7592592592592593,0,27,0.0,27,0.0
phi-4-mini-instruct,test,identity_alpha0_r1_a0,identity_alpha0,1,0.0,demographic,pooled,exploratory,27,27,27,0.4351851851851852,0.4351851851851852,0.0,0.0,1.0,0.0,0.0,0.0,0.0,0.0,0.0,4,0,0,23,0.0,0.0,0.0,0.0,0.0,0.7962962962962963,0.7962962962962963,0.0,0.0,0.0,0.7592592592592593,0.7592592592592593,0.0,0.0,0.0,1.0,1.0,0.0,0.0,0.0,0.7592592592592593,27,0.7592592592592593,3,27,0.1111111111111111,27,0.1111111111111111
phi-4-mini-instruct,test,identity_alpha0_r1_a0,identity_alpha0,1,0.0,demographic,bbq,exploratory,27,27,27,0.4351851851851852,0.4351851851851852,0.0,0.0,1.0,0.0,0.0,0.0,0.0,0.0,0.0,4,0,0,23,0.0,0.0,0.0,0.0,0.0,0.7962962962962963,0.7962962962962963,0.0,0.0,0.0,0.7592592592592593,0.7592592592592593,0.0,0.0,0.0,1.0,1.0,0.0,0.0,0.0,0.7592592592592593,27,0.7592592592592593,3,27,0.1111111111111111,27,0.1111111111111111
phi-4-mini-instruct,test,identity_alpha0_r1_a0,identity_alpha0,1,0.0,identity,pooled,exploratory,27,27,27,0.0,0.0,0.0,0.0,1.0,0.0,0.0,0.0,,,,0,0,0,27,,,,0.0,0.0,0.7777777777777778,0.7777777777777778,0.0,0.0,0.0,0.7407407407407407,0.7407407407407407,0.0,0.0,0.0,1.0,1.0,0.0,0.0,0.0,0.7407407407407407,27,0.7407407407407407,0,27,0.0,27,0.0
phi-4-mini-instruct,test,identity_alpha0_r1_a0,identity_alpha0,1,0.0,identity,bbq,exploratory,27,27,27,0.0,0.0,0.0,0.0,1.0,0.0,0.0,0.0,,,,0,0,0,27,,,,0.0,0.0,0.7777777777777778,0.7777777777777778,0.0,0.0,0.0,0.7407407407407407,0.7407407407407407,0.0,0.0,0.0,1.0,1.0,0.0,0.0,0.0,0.7407407407407407,27,0.7407407407407407,0,27,0.0,27,0.0
phi-4-mini-instruct,test,identity_alpha0_r1_a0,identity_alpha0,1,0.0,neutral,pooled,exploratory,27,27,27,0.3402777777777778,0.3402777777777778,0.0,0.0,1.0,0.0,0.0,0.0,0.0,0.0,0.0,4,0,0,23,0.0,0.0,0.0,0.0,0.0,0.7777777777777778,0.7777777777777778,0.0,0.0,0.0,0.7592592592592593,0.7592592592592593,0.0,0.0,0.0,1.0,1.0,0.0,0.0,0.0,0.7592592592592593,27,0.7592592592592593,2,27,0.074074074074074,27,0.074074074074074
phi-4-mini-instruct,test,identity_alpha0_r1_a0,identity_alpha0,1,0.0,neutral,bbq,exploratory,27,27,27,0.3402777777777778,0.3402777777777778,0.0,0.0,1.0,0.0,0.0,0.0,0.0,0.0,0.0,4,0,0,23,0.0,0.0,0.0,0.0,0.0,0.7777777777777778,0.7777777777777778,0.0,0.0,0.0,0.7592592592592593,0.7592592592592593,0.0,0.0,0.0,1.0,1.0,0.0,0.0,0.0,0.7592592592592593,27,0.7592592592592593,2,27,0.074074074074074,27,0.074074074074074
phi-4-mini-instruct,test,leace_faithful_r1_a1,leace_faithful,1,1.0,demographic,pooled,exploratory,27,27,27,0.4351851851851852,0.4166666666666667,0.3703703703703703,0.3703703703703703,0.2592592592592592,0.0185185185185185,-0.0555555555555555,0.0972222222222222,0.0425531914893616,-0.1392935250844987,0.2097642959622872,4,1,1,23,0.25,0.0,1.0,0.0006148973986474,0.0006854019869459,0.7962962962962963,0.7962962962962963,0.0,0.0,0.0,0.7777777777777778,0.7592592592592593,0.0185185185185185,0.0,0.0555555555555555,1.0,1.0,0.0,0.0,0.0,0.7777777777777778,27,0.7592592592592593,2,27,0.074074074074074,27,0.074074074074074
phi-4-mini-instruct,test,leace_faithful_r1_a1,leace_faithful,1,1.0,demographic,bbq,exploratory,27,27,27,0.4351851851851852,0.4166666666666667,0.3703703703703703,0.3703703703703703,0.2592592592592592,0.0185185185185185,-0.0555555555555555,0.0972222222222222,0.0425531914893616,-0.1392935250844987,0.2097642959622872,4,1,1,23,0.25,0.0,1.0,0.0006148973986474,0.0006854019869459,0.7962962962962963,0.7962962962962963,0.0,0.0,0.0,0.7777777777777778,0.7592592592592593,0.0185185185185185,0.0,0.0555555555555555,1.0,1.0,0.0,0.0,0.0,0.7777777777777778,27,0.7592592592592593,2,27,0.074074074074074,27,0.074074074074074
phi-4-mini-instruct,test,leace_faithful_r1_a1,leace_faithful,1,1.0,identity,pooled,exploratory,27,27,27,0.0,0.0,0.0,0.0,1.0,0.0,0.0,0.0,,,,0,0,0,27,,,,0.0005757014766025,0.000574640145085,0.7777777777777778,0.7777777777777778,0.0,0.0,0.0,0.7407407407407407,0.7407407407407407,0.0,0.0,0.0,1.0,1.0,0.0,0.0,0.0,0.7407407407407407,27,0.7407407407407407,0,27,0.0,27,0.0
phi-4-mini-instruct,test,leace_faithful_r1_a1,leace_faithful,1,1.0,identity,bbq,exploratory,27,27,27,0.0,0.0,0.0,0.0,1.0,0.0,0.0,0.0,,,,0,0,0,27,,,,0.0005757014766025,0.000574640145085,0.7777777777777778,0.7777777777777778,0.0,0.0,0.0,0.7407407407407407,0.7407407407407407,0.0,0.0,0.0,1.0,1.0,0.0,0.0,0.0,0.7407407407407407,27,0.7407407407407407,0,27,0.0,27,0.0
phi-4-mini-instruct,test,leace_faithful_r1_a1,leace_faithful,1,1.0,neutral,pooled,exploratory,27,27,27,0.3402777777777778,0.2939814814814814,0.4814814814814814,0.2222222222222222,0.2962962962962963,0.0462962962962962,0.0023148148148148,0.0902777777777777,0.1360544217687075,0.0061987920168067,0.3125,4,1,0,23,0.25,0.0,0.8,0.0003120044398672,0.0004713448172177,0.7777777777777778,0.7777777777777778,0.0,0.0,0.0,0.7592592592592593,0.7592592592592593,0.0,0.0,0.0,1.0,1.0,0.0,0.0,0.0,0.7592592592592593,27,0.7592592592592593,2,27,0.074074074074074,27,0.074074074074074
phi-4-mini-instruct,test,leace_faithful_r1_a1,leace_faithful,1,1.0,neutral,bbq,exploratory,27,27,27,0.3402777777777778,0.2939814814814814,0.4814814814814814,0.2222222222222222,0.2962962962962963,0.0462962962962962,0.0023148148148148,0.0902777777777777,0.1360544217687075,0.0061987920168067,0.3125,4,1,0,23,0.25,0.0,0.8,0.0003120044398672,0.0004713448172177,0.7777777777777778,0.7777777777777778,0.0,0.0,0.0,0.7592592592592593,0.7592592592592593,0.0,0.0,0.0,1.0,1.0,0.0,0.0,0.0,0.7592592592592593,27,0.7592592592592593,2,27,0.074074074074074,27,0.074074074074074
phi-4-mini-instruct,test,leace_sequential_r1_a1,leace_sequential,1,1.0,demographic,pooled,exploratory,27,27,27,0.4351851851851852,0.4097222222222222,0.4814814814814814,0.2592592592592592,0.2592592592592592,0.0254629629629629,-0.0486111111111111,0.0949074074074074,0.0585106382978722,-0.1282467532467532,0.2054104571861581,4,2,1,23,0.5,0.0,1.0,0.0006658346291514,0.0006451188628353,0.7777777777777778,0.7962962962962963,-0.0185185185185185,-0.0555555555555555,0.0,0.7777777777777778,0.7592592592592593,0.0185185185185185,0.0,0.0555555555555555,1.0,1.0,0.0,0.0,0.0,0.7777777777777778,27,0.7592592592592593,2,27,0.074074074074074,27,0.074074074074074
phi-4-mini-instruct,test,leace_sequential_r1_a1,leace_sequential,1,1.0,demographic,bbq,exploratory,27,27,27,0.4351851851851852,0.4097222222222222,0.4814814814814814,0.2592592592592592,0.2592592592592592,0.0254629629629629,-0.0486111111111111,0.0949074074074074,0.0585106382978722,-0.1282467532467532,0.2054104571861581,4,2,1,23,0.5,0.0,1.0,0.0006658346291514,0.0006451188628353,0.7777777777777778,0.7962962962962963,-0.0185185185185185,-0.0555555555555555,0.0,0.7777777777777778,0.7592592592592593,0.0185185185185185,0.0,0.0555555555555555,1.0,1.0,0.0,0.0,0.0,0.7777777777777778,27,0.7592592592592593,2,27,0.074074074074074,27,0.074074074074074
phi-4-mini-instruct,test,leace_sequential_r1_a1,leace_sequential,1,1.0,identity,pooled,exploratory,27,27,27,0.0,0.0,0.0,0.0,1.0,0.0,0.0,0.0,,,,0,0,0,27,,,,0.0006136076833479,0.0006136352805898,0.7407407407407407,0.7777777777777778,-0.037037037037037,-0.1111111111111111,0.0,0.7407407407407407,0.7407407407407407,0.0,0.0,0.0,1.0,1.0,0.0,0.0,0.0,0.7407407407407407,27,0.7407407407407407,0,27,0.0,27,0.0
phi-4-mini-instruct,test,leace_sequential_r1_a1,leace_sequential,1,1.0,identity,bbq,exploratory,27,27,27,0.0,0.0,0.0,0.0,1.0,0.0,0.0,0.0,,,,0,0,0,27,,,,0.0006136076833479,0.0006136352805898,0.7407407407407407,0.7777777777777778,-0.037037037037037,-0.1111111111111111,0.0,0.7407407407407407,0.7407407407407407,0.0,0.0,0.0,1.0,1.0,0.0,0.0,0.0,0.7407407407407407,27,0.7407407407407407,0,27,0.0,27,0.0
phi-4-mini-instruct,test,leace_sequential_r1_a1,leace_sequential,1,1.0,neutral,pooled,exploratory,27,27,27,0.3402777777777778,0.3333333333333333,0.3333333333333333,0.2592592592592592,0.4074074074074074,0.0069444444444444,-0.0486111111111111,0.0601851851851851,0.0204081632653061,-0.1687261240082281,0.180181489629164,4,2,0,23,0.5,0.0,1.0,0.0003760236423902,0.0005440015878523,0.7777777777777778,0.7777777777777778,0.0,-0.0555555555555555,0.0555555555555555,0.7592592592592593,0.7592592592592593,0.0,0.0,0.0,1.0,1.0,0.0,0.0,0.0,0.7592592592592593,27,0.7592592592592593,2,27,0.074074074074074,27,0.074074074074074
phi-4-mini-instruct,test,leace_sequential_r1_a1,leace_sequential,1,1.0,neutral,bbq,exploratory,27,27,27,0.3402777777777778,0.3333333333333333,0.3333333333333333,0.2592592592592592,0.4074074074074074,0.0069444444444444,-0.0486111111111111,0.0601851851851851,0.0204081632653061,-0.1687261240082281,0.180181489629164,4,2,0,23,0.5,0.0,1.0,0.0003760236423902,0.0005440015878523,0.7777777777777778,0.7777777777777778,0.0,-0.0555555555555555,0.0555555555555555,0.7592592592592593,0.7592592592592593,0.0,0.0,0.0,1.0,1.0,0.0,0.0,0.0,0.7592592592592593,27,0.7592592592592593,2,27,0.074074074074074,27,0.074074074074074
phi-4-mini-instruct,test,mean_difference_r1_a1,mean_difference,1,1.0,demographic,pooled,exploratory,27,27,27,0.4351851851851852,0.4537037037037037,0.4074074074074074,0.4074074074074074,0.1851851851851851,-0.0185185185185185,-0.0763888888888889,0.0416666666666666,-0.0425531914893617,-0.1931972339675827,0.0900897865124568,4,0,0,23,0.0,0.0,0.0,0.0037139719892711,0.0030635908252333,0.7962962962962963,0.7962962962962963,0.0,0.0,0.0,0.7777777777777778,0.7592592592592593,0.0185185185185185,0.0,0.0555555555555555,1.0,1.0,0.0,0.0,0.0,0.7777777777777778,27,0.7592592592592593,2,27,0.074074074074074,27,0.074074074074074
phi-4-mini-instruct,test,mean_difference_r1_a1,mean_difference,1,1.0,demographic,bbq,exploratory,27,27,27,0.4351851851851852,0.4537037037037037,0.4074074074074074,0.4074074074074074,0.1851851851851851,-0.0185185185185185,-0.0763888888888889,0.0416666666666666,-0.0425531914893617,-0.1931972339675827,0.0900897865124568,4,0,0,23,0.0,0.0,0.0,0.0037139719892711,0.0030635908252333,0.7962962962962963,0.7962962962962963,0.0,0.0,0.0,0.7777777777777778,0.7592592592592593,0.0185185185185185,0.0,0.0555555555555555,1.0,1.0,0.0,0.0,0.0,0.7777777777777778,27,0.7592592592592593,2,27,0.074074074074074,27,0.074074074074074
phi-4-mini-instruct,test,mean_difference_r1_a1,mean_difference,1,1.0,identity,pooled,exploratory,27,27,27,0.0,0.0,0.0,0.0,1.0,0.0,0.0,0.0,,,,0,0,0,27,,,,0.0028882434067687,0.002884671960078,0.7777777777777778,0.7777777777777778,0.0,0.0,0.0,0.7407407407407407,0.7407407407407407,0.0,0.0,0.0,1.0,1.0,0.0,0.0,0.0,0.7407407407407407,27,0.7407407407407407,0,27,0.0,27,0.0
phi-4-mini-instruct,test,mean_difference_r1_a1,mean_difference,1,1.0,identity,bbq,exploratory,27,27,27,0.0,0.0,0.0,0.0,1.0,0.0,0.0,0.0,,,,0,0,0,27,,,,0.0028882434067687,0.002884671960078,0.7777777777777778,0.7777777777777778,0.0,0.0,0.0,0.7407407407407407,0.7407407407407407,0.0,0.0,0.0,1.0,1.0,0.0,0.0,0.0,0.7407407407407407,27,0.7407407407407407,0,27,0.0,27,0.0
phi-4-mini-instruct,test,mean_difference_r1_a1,mean_difference,1,1.0,neutral,pooled,exploratory,27,27,27,0.3402777777777778,0.2962962962962963,0.4444444444444444,0.1851851851851851,0.3703703703703703,0.0439814814814814,-0.0208333333333333,0.1064814814814814,0.1292517006802721,-0.0640260162601626,0.3267374333587204,4,3,0,23,0.75,0.0,1.0,0.0025463454159524,0.0026926445436175,0.8148148148148148,0.7777777777777778,0.037037037037037,0.0,0.0925925925925925,0.7777777777777778,0.7592592592592593,0.0185185185185185,0.0,0.0555555555555555,1.0,1.0,0.0,0.0,0.0,0.7777777777777778,27,0.7592592592592593,2,27,0.074074074074074,27,0.074074074074074
phi-4-mini-instruct,test,mean_difference_r1_a1,mean_difference,1,1.0,neutral,bbq,exploratory,27,27,27,0.3402777777777778,0.2962962962962963,0.4444444444444444,0.1851851851851851,0.3703703703703703,0.0439814814814814,-0.0208333333333333,0.1064814814814814,0.1292517006802721,-0.0640260162601626,0.3267374333587204,4,3,0,23,0.75,0.0,1.0,0.0025463454159524,0.0026926445436175,0.8148148148148148,0.7777777777777778,0.037037037037037,0.0,0.0925925925925925,0.7777777777777778,0.7592592592592593,0.0185185185185185,0.0,0.0555555555555555,1.0,1.0,0.0,0.0,0.0,0.7777777777777778,27,0.7592592592592593,2,27,0.074074074074074,27,0.074074074074074
phi-4-mini-instruct,test,neutral_contrast_r1_a1,neutral_contrast,1,1.0,demographic,pooled,exploratory,27,27,27,0.4351851851851852,0.3726851851851852,0.3333333333333333,0.2592592592592592,0.4074074074074074,0.0625,-0.0208912037037037,0.1574074074074074,0.1436170212765957,-0.0577063106796116,0.3121118630573248,4,2,0,23,0.5,0.0,1.0,0.0038064195329481,0.0035261256687464,0.8148148148148148,0.7962962962962963,0.0185185185185185,0.0,0.0555555555555555,0.7777777777777778,0.7592592592592593,0.0185185185185185,-0.037037037037037,0.074074074074074,1.0,1.0,0.0,0.0,0.0,0.7777777777777778,27,0.7592592592592593,2,27,0.074074074074074,27,0.074074074074074
phi-4-mini-instruct,test,neutral_contrast_r1_a1,neutral_contrast,1,1.0,demographic,bbq,exploratory,27,27,27,0.4351851851851852,0.3726851851851852,0.3333333333333333,0.2592592592592592,0.4074074074074074,0.0625,-0.0208912037037037,0.1574074074074074,0.1436170212765957,-0.0577063106796116,0.3121118630573248,4,2,0,23,0.5,0.0,1.0,0.0038064195329481,0.0035261256687464,0.8148148148148148,0.7962962962962963,0.0185185185185185,0.0,0.0555555555555555,0.7777777777777778,0.7592592592592593,0.0185185185185185,-0.037037037037037,0.074074074074074,1.0,1.0,0.0,0.0,0.0,0.7777777777777778,27,0.7592592592592593,2,27,0.074074074074074,27,0.074074074074074
phi-4-mini-instruct,test,neutral_contrast_r1_a1,neutral_contrast,1,1.0,identity,pooled,exploratory,26,26,26,0.0,0.0,0.0,0.0,1.0,0.0,0.0,0.0,,,,0,0,0,26,,,,0.0034486913306253,0.0034472920936101,0.7692307692307693,0.7692307692307693,0.0,0.0,0.0,0.7307692307692307,0.7307692307692307,0.0,-0.1153846153846153,0.1153846153846153,1.0,1.0,0.0,0.0,0.0,0.7307692307692307,26,0.7307692307692307,0,26,0.0,26,0.0
phi-4-mini-instruct,test,neutral_contrast_r1_a1,neutral_contrast,1,1.0,identity,bbq,exploratory,26,26,26,0.0,0.0,0.0,0.0,1.0,0.0,0.0,0.0,,,,0,0,0,26,,,,0.0034486913306253,0.0034472920936101,0.7692307692307693,0.7692307692307693,0.0,0.0,0.0,0.7307692307692307,0.7307692307692307,0.0,-0.1153846153846153,0.1153846153846153,1.0,1.0,0.0,0.0,0.0,0.7307692307692307,26,0.7307692307692307,0,26,0.0,26,0.0
phi-4-mini-instruct,test,neutral_contrast_r1_a1,neutral_contrast,1,1.0,neutral,pooled,exploratory,27,27,27,0.3402777777777778,0.2453703703703703,0.4444444444444444,0.4444444444444444,0.1111111111111111,0.0949074074074074,-0.0231481481481481,0.2269097222222219,0.2789115646258503,-0.113284335234752,0.4957364341085271,4,3,0,23,0.75,0.0,1.0,0.0128887262661151,0.0073635491190766,0.7962962962962963,0.7777777777777778,0.0185185185185185,0.0,0.0555555555555555,0.7777777777777778,0.7592592592592593,0.0185185185185185,-0.037037037037037,0.0925925925925925,1.0,1.0,0.0,0.0,0.0,0.7777777777777778,27,0.7592592592592593,3,27,0.1111111111111111,27,0.1111111111111111
phi-4-mini-instruct,test,neutral_contrast_r1_a1,neutral_contrast,1,1.0,neutral,bbq,exploratory,27,27,27,0.3402777777777778,0.2453703703703703,0.4444444444444444,0.4444444444444444,0.1111111111111111,0.0949074074074074,-0.0231481481481481,0.2269097222222219,0.2789115646258503,-0.113284335234752,0.4957364341085271,4,3,0,23,0.75,0.0,1.0,0.0128887262661151,0.0073635491190766,0.7962962962962963,0.7777777777777778,0.0185185185185185,0.0,0.0555555555555555,0.7777777777777778,0.7592592592592593,0.0185185185185185,-0.037037037037037,0.0925925925925925,1.0,1.0,0.0,0.0,0.0,0.7777777777777778,27,0.7592592592592593,3,27,0.1111111111111111,27,0.1111111111111111
phi-4-mini-instruct,test,neutral_contrast_r2_a1,neutral_contrast,2,1.0,demographic,pooled,exploratory,27,27,27,0.4351851851851852,0.2546296296296296,0.5925925925925926,0.2592592592592592,0.1481481481481481,0.1805555555555555,0.0532407407407407,0.3102430555555552,0.4148936170212766,0.1586025408348457,0.608920903954802,4,3,1,23,0.75,0.0,1.0,0.0238109027624968,0.0202428990935422,0.7407407407407407,0.7962962962962963,-0.0555555555555555,-0.1296296296296296,0.0185185185185185,0.7777777777777778,0.7592592592592593,0.0185185185185185,0.0,0.0555555555555555,1.0,1.0,0.0,0.0,0.0,0.7777777777777778,27,0.7592592592592593,2,27,0.074074074074074,27,0.074074074074074
phi-4-mini-instruct,test,neutral_contrast_r2_a1,neutral_contrast,2,1.0,demographic,bbq,exploratory,27,27,27,0.4351851851851852,0.2546296296296296,0.5925925925925926,0.2592592592592592,0.1481481481481481,0.1805555555555555,0.0532407407407407,0.3102430555555552,0.4148936170212766,0.1586025408348457,0.608920903954802,4,3,1,23,0.75,0.0,1.0,0.0238109027624968,0.0202428990935422,0.7407407407407407,0.7962962962962963,-0.0555555555555555,-0.1296296296296296,0.0185185185185185,0.7777777777777778,0.7592592592592593,0.0185185185185185,0.0,0.0555555555555555,1.0,1.0,0.0,0.0,0.0,0.7777777777777778,27,0.7592592592592593,2,27,0.074074074074074,27,0.074074074074074
phi-4-mini-instruct,test,neutral_contrast_r2_a1,neutral_contrast,2,1.0,identity,pooled,exploratory,26,26,26,0.0,0.0,0.0,0.0,1.0,0.0,0.0,0.0,,,,0,0,0,26,,,,0.01948509420298,0.0194980881642787,0.7307692307692307,0.7692307692307693,-0.0384615384615384,-0.1923076923076923,0.0769230769230769,0.7692307692307693,0.7307692307692307,0.0384615384615384,0.0,0.1153846153846153,1.0,1.0,0.0,0.0,0.0,0.7692307692307693,26,0.7307692307692307,0,26,0.0,26,0.0
phi-4-mini-instruct,test,neutral_contrast_r2_a1,neutral_contrast,2,1.0,identity,bbq,exploratory,26,26,26,0.0,0.0,0.0,0.0,1.0,0.0,0.0,0.0,,,,0,0,0,26,,,,0.01948509420298,0.0194980881642787,0.7307692307692307,0.7692307692307693,-0.0384615384615384,-0.1923076923076923,0.0769230769230769,0.7692307692307693,0.7307692307692307,0.0384615384615384,0.0,0.1153846153846153,1.0,1.0,0.0,0.0,0.0,0.7692307692307693,26,0.7307692307692307,0,26,0.0,26,0.0
phi-4-mini-instruct,test,neutral_contrast_r2_a1,neutral_contrast,2,1.0,neutral,pooled,exploratory,27,27,27,0.3402777777777778,0.3009259259259259,0.4074074074074074,0.3333333333333333,0.2592592592592592,0.0393518518518518,-0.1134259259259259,0.2315393518518515,0.1156462585034013,-0.5001344086021505,0.4855671458625523,4,4,2,23,1.0,1.0,1.0,0.0310686867040734,0.0240206820214521,0.7407407407407407,0.7777777777777778,-0.037037037037037,-0.1296296296296296,0.037037037037037,0.7777777777777778,0.7592592592592593,0.0185185185185185,0.0,0.0555555555555555,1.0,1.0,0.0,0.0,0.0,0.7777777777777778,27,0.7592592592592593,0,27,0.0,27,0.0
phi-4-mini-instruct,test,neutral_contrast_r2_a1,neutral_contrast,2,1.0,neutral,bbq,exploratory,27,27,27,0.3402777777777778,0.3009259259259259,0.4074074074074074,0.3333333333333333,0.2592592592592592,0.0393518518518518,-0.1134259259259259,0.2315393518518515,0.1156462585034013,-0.5001344086021505,0.4855671458625523,4,4,2,23,1.0,1.0,1.0,0.0310686867040734,0.0240206820214521,0.7407407407407407,0.7777777777777778,-0.037037037037037,-0.1296296296296296,0.037037037037037,0.7777777777777778,0.7592592592592593,0.0185185185185185,0.0,0.0555555555555555,1.0,1.0,0.0,0.0,0.0,0.7777777777777778,27,0.7592592592592593,0,27,0.0,27,0.0
phi-4-mini-instruct,test,neutral_contrast_r4_a1,neutral_contrast,4,1.0,demographic,pooled,exploratory,27,27,27,0.4351851851851852,0.2199074074074074,0.6296296296296297,0.1851851851851851,0.1851851851851851,0.2152777777777778,0.0994791666666666,0.3357060185185181,0.4946808510638297,0.2856943335993615,0.6717275211127669,4,3,0,23,0.75,0.0,1.0,0.0324569672945289,0.0285090489734978,0.7037037037037037,0.7962962962962963,-0.0925925925925925,-0.1851851851851851,-0.0185185185185185,0.7777777777777778,0.7592592592592593,0.0185185185185185,-0.037037037037037,0.074074074074074,1.0,1.0,0.0,0.0,0.0,0.7777777777777778,27,0.7592592592592593,2,27,0.074074074074074,27,0.074074074074074
phi-4-mini-instruct,test,neutral_contrast_r4_a1,neutral_contrast,4,1.0,demographic,bbq,exploratory,27,27,27,0.4351851851851852,0.2199074074074074,0.6296296296296297,0.1851851851851851,0.1851851851851851,0.2152777777777778,0.0994791666666666,0.3357060185185181,0.4946808510638297,0.2856943335993615,0.6717275211127669,4,3,0,23,0.75,0.0,1.0,0.0324569672945289,0.0285090489734978,0.7037037037037037,0.7962962962962963,-0.0925925925925925,-0.1851851851851851,-0.0185185185185185,0.7777777777777778,0.7592592592592593,0.0185185185185185,-0.037037037037037,0.074074074074074,1.0,1.0,0.0,0.0,0.0,0.7777777777777778,27,0.7592592592592593,2,27,0.074074074074074,27,0.074074074074074
phi-4-mini-instruct,test,neutral_contrast_r4_a1,neutral_contrast,4,1.0,identity,pooled,exploratory,26,26,26,0.0,0.0,0.0,0.0,1.0,0.0,0.0,0.0,,,,0,0,0,26,,,,0.0281630681652022,0.0282059452350846,0.6923076923076923,0.7692307692307693,-0.0769230769230769,-0.1923076923076923,0.0,0.7307692307692307,0.7307692307692307,0.0,-0.1153846153846153,0.1153846153846153,1.0,1.0,0.0,0.0,0.0,0.7307692307692307,26,0.7307692307692307,0,26,0.0,26,0.0
phi-4-mini-instruct,test,neutral_contrast_r4_a1,neutral_contrast,4,1.0,identity,bbq,exploratory,26,26,26,0.0,0.0,0.0,0.0,1.0,0.0,0.0,0.0,,,,0,0,0,26,,,,0.0281630681652022,0.0282059452350846,0.6923076923076923,0.7692307692307693,-0.0769230769230769,-0.1923076923076923,0.0,0.7307692307692307,0.7307692307692307,0.0,-0.1153846153846153,0.1153846153846153,1.0,1.0,0.0,0.0,0.0,0.7307692307692307,26,0.7307692307692307,0,26,0.0,26,0.0
phi-4-mini-instruct,test,neutral_contrast_r4_a1,neutral_contrast,4,1.0,neutral,pooled,exploratory,27,27,27,0.3402777777777778,0.2268518518518518,0.4074074074074074,0.3703703703703703,0.2222222222222222,0.1134259259259259,-0.0486111111111111,0.3171874999999997,0.3333333333333333,-0.2274551066217733,0.6425420168067226,4,4,1,23,1.0,1.0,1.0,0.0393969731146716,0.0324001250725507,0.7407407407407407,0.7777777777777778,-0.037037037037037,-0.0925925925925925,0.0,0.7592592592592593,0.7592592592592593,0.0,-0.0555555555555555,0.0555555555555555,1.0,1.0,0.0,0.0,0.0,0.7592592592592593,27,0.7592592592592593,1,27,0.037037037037037,27,0.037037037037037
phi-4-mini-instruct,test,neutral_contrast_r4_a1,neutral_contrast,4,1.0,neutral,bbq,exploratory,27,27,27,0.3402777777777778,0.2268518518518518,0.4074074074074074,0.3703703703703703,0.2222222222222222,0.1134259259259259,-0.0486111111111111,0.3171874999999997,0.3333333333333333,-0.2274551066217733,0.6425420168067226,4,4,1,23,1.0,1.0,1.0,0.0393969731146716,0.0324001250725507,0.7407407407407407,0.7777777777777778,-0.037037037037037,-0.0925925925925925,0.0,0.7592592592592593,0.7592592592592593,0.0,-0.0555555555555555,0.0555555555555555,1.0,1.0,0.0,0.0,0.0,0.7592592592592593,27,0.7592592592592593,1,27,0.037037037037037,27,0.037037037037037
phi-4-mini-instruct,test,random_ortho_1_r1_a1,random_ortho_1,1,1.0,demographic,pooled,confirmatory-input,27,27,27,0.4351851851851852,0.4189814814814814,0.2962962962962963,0.2222222222222222,0.4814814814814814,0.0162037037037037,-0.0486111111111111,0.0833333333333333,0.0372340425531915,-0.1166911764705882,0.1855670103092783,4,0,0,23,0.0,0.0,0.0,0.0004334372673299,0.0004385789127778,0.7962962962962963,0.7962962962962963,0.0,0.0,0.0,0.7592592592592593,0.7592592592592593,0.0,0.0,0.0,1.0,1.0,0.0,0.0,0.0,0.7592592592592593,27,0.7592592592592593,3,27,0.1111111111111111,27,0.1111111111111111
phi-4-mini-instruct,test,random_ortho_1_r1_a1,random_ortho_1,1,1.0,demographic,bbq,exploratory,27,27,27,0.4351851851851852,0.4189814814814814,0.2962962962962963,0.2222222222222222,0.4814814814814814,0.0162037037037037,-0.0486111111111111,0.0833333333333333,0.0372340425531915,-0.1166911764705882,0.1855670103092783,4,0,0,23,0.0,0.0,0.0,0.0004334372673299,0.0004385789127778,0.7962962962962963,0.7962962962962963,0.0,0.0,0.0,0.7592592592592593,0.7592592592592593,0.0,0.0,0.0,1.0,1.0,0.0,0.0,0.0,0.7592592592592593,27,0.7592592592592593,3,27,0.1111111111111111,27,0.1111111111111111
phi-4-mini-instruct,test,random_ortho_1_r1_a1,random_ortho_1,1,1.0,identity,pooled,exploratory,27,27,27,0.0,0.0,0.0,0.0,1.0,0.0,0.0,0.0,,,,0,0,0,27,,,,0.0004465539050805,0.0004461028740271,0.7777777777777778,0.7777777777777778,0.0,0.0,0.0,0.7407407407407407,0.7407407407407407,0.0,0.0,0.0,1.0,1.0,0.0,0.0,0.0,0.7407407407407407,27,0.7407407407407407,0,27,0.0,27,0.0
phi-4-mini-instruct,test,random_ortho_1_r1_a1,random_ortho_1,1,1.0,identity,bbq,exploratory,27,27,27,0.0,0.0,0.0,0.0,1.0,0.0,0.0,0.0,,,,0,0,0,27,,,,0.0004465539050805,0.0004461028740271,0.7777777777777778,0.7777777777777778,0.0,0.0,0.0,0.7407407407407407,0.7407407407407407,0.0,0.0,0.0,1.0,1.0,0.0,0.0,0.0,0.7407407407407407,27,0.7407407407407407,0,27,0.0,27,0.0
phi-4-mini-instruct,test,random_ortho_1_r1_a1,random_ortho_1,1,1.0,neutral,pooled,exploratory,27,27,27,0.3402777777777778,0.3287037037037037,0.2592592592592592,0.2222222222222222,0.5185185185185185,0.011574074074074,-0.0324074074074074,0.0532407407407407,0.0340136054421769,-0.1000119617224881,0.1834909193035012,4,1,0,23,0.25,0.0,1.0,0.0004855206580588,0.000462605085091,0.7777777777777778,0.7777777777777778,0.0,0.0,0.0,0.7592592592592593,0.7592592592592593,0.0,0.0,0.0,1.0,1.0,0.0,0.0,0.0,0.7592592592592593,27,0.7592592592592593,2,27,0.074074074074074,27,0.074074074074074
phi-4-mini-instruct,test,random_ortho_1_r1_a1,random_ortho_1,1,1.0,neutral,bbq,exploratory,27,27,27,0.3402777777777778,0.3287037037037037,0.2592592592592592,0.2222222222222222,0.5185185185185185,0.011574074074074,-0.0324074074074074,0.0532407407407407,0.0340136054421769,-0.1000119617224881,0.1834909193035012,4,1,0,23,0.25,0.0,1.0,0.0004855206580588,0.000462605085091,0.7777777777777778,0.7777777777777778,0.0,0.0,0.0,0.7592592592592593,0.7592592592592593,0.0,0.0,0.0,1.0,1.0,0.0,0.0,0.0,0.7592592592592593,27,0.7592592592592593,2,27,0.074074074074074,27,0.074074074074074
phi-4-mini-instruct,test,random_ortho_1_r2_a1,random_ortho_1,2,1.0,demographic,pooled,exploratory,27,27,27,0.4351851851851852,0.4305555555555556,0.4074074074074074,0.3333333333333333,0.2592592592592592,0.0046296296296296,-0.0787037037037037,0.0925925925925925,0.0106382978723403,-0.2125153688524589,0.1929888126112382,4,2,1,23,0.5,0.0,1.0,0.0007654076855672,0.0007599829155564,0.7962962962962963,0.7962962962962963,0.0,0.0,0.0,0.7592592592592593,0.7592592592592593,0.0,-0.0555555555555555,0.0555555555555555,1.0,1.0,0.0,0.0,0.0,0.7592592592592593,27,0.7592592592592593,3,27,0.1111111111111111,27,0.1111111111111111
phi-4-mini-instruct,test,random_ortho_1_r2_a1,random_ortho_1,2,1.0,demographic,bbq,exploratory,27,27,27,0.4351851851851852,0.4305555555555556,0.4074074074074074,0.3333333333333333,0.2592592592592592,0.0046296296296296,-0.0787037037037037,0.0925925925925925,0.0106382978723403,-0.2125153688524589,0.1929888126112382,4,2,1,23,0.5,0.0,1.0,0.0007654076855672,0.0007599829155564,0.7962962962962963,0.7962962962962963,0.0,0.0,0.0,0.7592592592592593,0.7592592592592593,0.0,-0.0555555555555555,0.0555555555555555,1.0,1.0,0.0,0.0,0.0,0.7592592592592593,27,0.7592592592592593,3,27,0.1111111111111111,27,0.1111111111111111
phi-4-mini-instruct,test,random_ortho_1_r2_a1,random_ortho_1,2,1.0,identity,pooled,exploratory,27,27,27,0.0,0.0,0.0,0.0,1.0,0.0,0.0,0.0,,,,0,0,0,27,,,,0.0007773815693006,0.0007772515818553,0.7407407407407407,0.7777777777777778,-0.037037037037037,-0.1111111111111111,0.0,0.7037037037037037,0.7407407407407407,-0.037037037037037,-0.1111111111111111,0.0,1.0,1.0,0.0,0.0,0.0,0.7037037037037037,27,0.7407407407407407,0,27,0.0,27,0.0
phi-4-mini-instruct,test,random_ortho_1_r2_a1,random_ortho_1,2,1.0,identity,bbq,exploratory,27,27,27,0.0,0.0,0.0,0.0,1.0,0.0,0.0,0.0,,,,0,0,0,27,,,,0.0007773815693006,0.0007772515818553,0.7407407407407407,0.7777777777777778,-0.037037037037037,-0.1111111111111111,0.0,0.7037037037037037,0.7407407407407407,-0.037037037037037,-0.1111111111111111,0.0,1.0,1.0,0.0,0.0,0.0,0.7037037037037037,27,0.7407407407407407,0,27,0.0,27,0.0
phi-4-mini-instruct,test,random_ortho_1_r2_a1,random_ortho_1,2,1.0,neutral,pooled,exploratory,27,27,27,0.3402777777777778,0.3726851851851852,0.2222222222222222,0.2962962962962963,0.4814814814814814,-0.0324074074074074,-0.0879629629629629,0.0185185185185185,-0.0952380952380953,-0.2627737226277371,0.0746303529083553,4,0,0,23,0.0,0.0,0.0,0.0008566975221219,0.0008047106399194,0.7777777777777778,0.7777777777777778,0.0,0.0,0.0,0.7407407407407407,0.7592592592592593,-0.0185185185185185,-0.0555555555555555,0.0,1.0,1.0,0.0,0.0,0.0,0.7407407407407407,27,0.7592592592592593,3,27,0.1111111111111111,27,0.1111111111111111
phi-4-mini-instruct,test,random_ortho_1_r2_a1,random_ortho_1,2,1.0,neutral,bbq,exploratory,27,27,27,0.3402777777777778,0.3726851851851852,0.2222222222222222,0.2962962962962963,0.4814814814814814,-0.0324074074074074,-0.0879629629629629,0.0185185185185185,-0.0952380952380953,-0.2627737226277371,0.0746303529083553,4,0,0,23,0.0,0.0,0.0,0.0008566975221219,0.0008047106399194,0.7777777777777778,0.7777777777777778,0.0,0.0,0.0,0.7407407407407407,0.7592592592592593,-0.0185185185185185,-0.0555555555555555,0.0,1.0,1.0,0.0,0.0,0.0,0.7407407407407407,27,0.7592592592592593,3,27,0.1111111111111111,27,0.1111111111111111
phi-4-mini-instruct,test,random_ortho_1_r4_a1,random_ortho_1,4,1.0,demographic,pooled,exploratory,27,27,27,0.4351851851851852,0.4166666666666667,0.4444444444444444,0.3333333333333333,0.2222222222222222,0.0185185185185185,-0.0555555555555555,0.0879629629629629,0.0425531914893616,-0.137941878117545,0.195897414230184,4,0,0,23,0.0,0.0,0.0,0.0013651121929373,0.0013349343766177,0.7592592592592593,0.7962962962962963,-0.037037037037037,-0.0925925925925925,0.0,0.7777777777777778,0.7592592592592593,0.0185185185185185,0.0,0.0555555555555555,1.0,1.0,0.0,0.0,0.0,0.7777777777777778,27,0.7592592592592593,2,27,0.074074074074074,27,0.074074074074074
phi-4-mini-instruct,test,random_ortho_1_r4_a1,random_ortho_1,4,1.0,demographic,bbq,exploratory,27,27,27,0.4351851851851852,0.4166666666666667,0.4444444444444444,0.3333333333333333,0.2222222222222222,0.0185185185185185,-0.0555555555555555,0.0879629629629629,0.0425531914893616,-0.137941878117545,0.195897414230184,4,0,0,23,0.0,0.0,0.0,0.0013651121929373,0.0013349343766177,0.7592592592592593,0.7962962962962963,-0.037037037037037,-0.0925925925925925,0.0,0.7777777777777778,0.7592592592592593,0.0185185185185185,0.0,0.0555555555555555,1.0,1.0,0.0,0.0,0.0,0.7777777777777778,27,0.7592592592592593,2,27,0.074074074074074,27,0.074074074074074
phi-4-mini-instruct,test,random_ortho_1_r4_a1,random_ortho_1,4,1.0,identity,pooled,exploratory,27,27,27,0.0,0.0,0.0,0.0,1.0,0.0,0.0,0.0,,,,0,0,0,27,,,,0.001351293528448,0.0013508077613435,0.7037037037037037,0.7777777777777778,-0.074074074074074,-0.1851851851851851,0.0,0.7407407407407407,0.7407407407407407,0.0,0.0,0.0,1.0,1.0,0.0,0.0,0.0,0.7407407407407407,27,0.7407407407407407,0,27,0.0,27,0.0
phi-4-mini-instruct,test,random_ortho_1_r4_a1,random_ortho_1,4,1.0,identity,bbq,exploratory,27,27,27,0.0,0.0,0.0,0.0,1.0,0.0,0.0,0.0,,,,0,0,0,27,,,,0.001351293528448,0.0013508077613435,0.7037037037037037,0.7777777777777778,-0.074074074074074,-0.1851851851851851,0.0,0.7407407407407407,0.7407407407407407,0.0,0.0,0.0,1.0,1.0,0.0,0.0,0.0,0.7407407407407407,27,0.7407407407407407,0,27,0.0,27,0.0
phi-4-mini-instruct,test,random_ortho_1_r4_a1,random_ortho_1,4,1.0,neutral,pooled,exploratory,27,27,27,0.3402777777777778,0.3541666666666667,0.3703703703703703,0.3703703703703703,0.2592592592592592,-0.0138888888888888,-0.0717592592592592,0.0439814814814814,-0.0408163265306122,-0.2612953862953863,0.1301948199219809,4,1,0,23,0.25,0.0,1.0,0.0014131375957491,0.0013755362632833,0.7592592592592593,0.7777777777777778,-0.0185185185185185,-0.0555555555555555,0.0,0.7592592592592593,0.7592592592592593,0.0,0.0,0.0,1.0,1.0,0.0,0.0,0.0,0.7592592592592593,27,0.7592592592592593,2,27,0.074074074074074,27,0.074074074074074
phi-4-mini-instruct,test,random_ortho_1_r4_a1,random_ortho_1,4,1.0,neutral,bbq,exploratory,27,27,27,0.3402777777777778,0.3541666666666667,0.3703703703703703,0.3703703703703703,0.2592592592592592,-0.0138888888888888,-0.0717592592592592,0.0439814814814814,-0.0408163265306122,-0.2612953862953863,0.1301948199219809,4,1,0,23,0.25,0.0,1.0,0.0014131375957491,0.0013755362632833,0.7592592592592593,0.7777777777777778,-0.0185185185185185,-0.0555555555555555,0.0,0.7592592592592593,0.7592592592592593,0.0,0.0,0.0,1.0,1.0,0.0,0.0,0.0,0.7592592592592593,27,0.7592592592592593,2,27,0.074074074074074,27,0.074074074074074
phi-4-mini-instruct,test,random_ortho_2_r1_a1,random_ortho_2,1,1.0,demographic,pooled,confirmatory-input,27,27,27,0.4351851851851852,0.3958333333333333,0.4444444444444444,0.2592592592592592,0.2962962962962963,0.0393518518518518,-0.011574074074074,0.0972222222222222,0.0904255319148936,-0.0285765673175744,0.2222222222222222,4,2,0,23,0.5,0.0,1.0,0.0002596358890831,0.0002707029225308,0.7962962962962963,0.7962962962962963,0.0,0.0,0.0,0.7777777777777778,0.7592592592592593,0.0185185185185185,0.0,0.0555555555555555,1.0,1.0,0.0,0.0,0.0,0.7777777777777778,27,0.7592592592592593,2,27,0.074074074074074,27,0.074074074074074
phi-4-mini-instruct,test,random_ortho_2_r1_a1,random_ortho_2,1,1.0,demographic,bbq,exploratory,27,27,27,0.4351851851851852,0.3958333333333333,0.4444444444444444,0.2592592592592592,0.2962962962962963,0.0393518518518518,-0.011574074074074,0.0972222222222222,0.0904255319148936,-0.0285765673175744,0.2222222222222222,4,2,0,23,0.5,0.0,1.0,0.0002596358890831,0.0002707029225308,0.7962962962962963,0.7962962962962963,0.0,0.0,0.0,0.7777777777777778,0.7592592592592593,0.0185185185185185,0.0,0.0555555555555555,1.0,1.0,0.0,0.0,0.0,0.7777777777777778,27,0.7592592592592593,2,27,0.074074074074074,27,0.074074074074074
phi-4-mini-instruct,test,random_ortho_2_r1_a1,random_ortho_2,1,1.0,identity,pooled,exploratory,27,27,27,0.0,0.0,0.0,0.0,1.0,0.0,0.0,0.0,,,,0,0,0,27,,,,0.0002563122579796,0.0002562031057966,0.7777777777777778,0.7777777777777778,0.0,0.0,0.0,0.7407407407407407,0.7407407407407407,0.0,0.0,0.0,1.0,1.0,0.0,0.0,0.0,0.7407407407407407,27,0.7407407407407407,0,27,0.0,27,0.0
phi-4-mini-instruct,test,random_ortho_2_r1_a1,random_ortho_2,1,1.0,identity,bbq,exploratory,27,27,27,0.0,0.0,0.0,0.0,1.0,0.0,0.0,0.0,,,,0,0,0,27,,,,0.0002563122579796,0.0002562031057966,0.7777777777777778,0.7777777777777778,0.0,0.0,0.0,0.7407407407407407,0.7407407407407407,0.0,0.0,0.0,1.0,1.0,0.0,0.0,0.0,0.7407407407407407,27,0.7407407407407407,0,27,0.0,27,0.0
phi-4-mini-instruct,test,random_ortho_2_r1_a1,random_ortho_2,1,1.0,neutral,pooled,exploratory,27,27,27,0.3402777777777778,0.3402777777777778,0.3703703703703703,0.3703703703703703,0.2592592592592592,0.0,-0.0578703703703703,0.0578703703703703,0.0,-0.1954279556650247,0.1818181818181817,4,2,0,23,0.5,0.0,1.0,0.0002641454989263,0.0002558627728036,0.7777777777777778,0.7777777777777778,0.0,0.0,0.0,0.7592592592592593,0.7592592592592593,0.0,0.0,0.0,1.0,1.0,0.0,0.0,0.0,0.7592592592592593,27,0.7592592592592593,2,27,0.074074074074074,27,0.074074074074074
phi-4-mini-instruct,test,random_ortho_2_r1_a1,random_ortho_2,1,1.0,neutral,bbq,exploratory,27,27,27,0.3402777777777778,0.3402777777777778,0.3703703703703703,0.3703703703703703,0.2592592592592592,0.0,-0.0578703703703703,0.0578703703703703,0.0,-0.1954279556650247,0.1818181818181817,4,2,0,23,0.5,0.0,1.0,0.0002641454989263,0.0002558627728036,0.7777777777777778,0.7777777777777778,0.0,0.0,0.0,0.7592592592592593,0.7592592592592593,0.0,0.0,0.0,1.0,1.0,0.0,0.0,0.0,0.7592592592592593,27,0.7592592592592593,2,27,0.074074074074074,27,0.074074074074074
phi-4-mini-instruct,test,random_ortho_2_r2_a1,random_ortho_2,2,1.0,demographic,pooled,exploratory,27,27,27,0.4351851851851852,0.4166666666666667,0.4444444444444444,0.3703703703703703,0.1851851851851851,0.0185185185185185,-0.0509259259259259,0.0879629629629629,0.0425531914893616,-0.1351438535309502,0.1914948737735641,4,0,1,23,0.0,0.0,0.0,0.0006524436049852,0.0006550066836789,0.7962962962962963,0.7962962962962963,0.0,0.0,0.0,0.7777777777777778,0.7592592592592593,0.0185185185185185,0.0,0.0555555555555555,1.0,1.0,0.0,0.0,0.0,0.7777777777777778,27,0.7592592592592593,2,27,0.074074074074074,27,0.074074074074074
phi-4-mini-instruct,test,random_ortho_2_r2_a1,random_ortho_2,2,1.0,demographic,bbq,exploratory,27,27,27,0.4351851851851852,0.4166666666666667,0.4444444444444444,0.3703703703703703,0.1851851851851851,0.0185185185185185,-0.0509259259259259,0.0879629629629629,0.0425531914893616,-0.1351438535309502,0.1914948737735641,4,0,1,23,0.0,0.0,0.0,0.0006524436049852,0.0006550066836789,0.7962962962962963,0.7962962962962963,0.0,0.0,0.0,0.7777777777777778,0.7592592592592593,0.0185185185185185,0.0,0.0555555555555555,1.0,1.0,0.0,0.0,0.0,0.7777777777777778,27,0.7592592592592593,2,27,0.074074074074074,27,0.074074074074074
phi-4-mini-instruct,test,random_ortho_2_r2_a1,random_ortho_2,2,1.0,identity,pooled,exploratory,27,27,27,0.0,0.0,0.0,0.0,1.0,0.0,0.0,0.0,,,,0,0,0,27,,,,0.0006339899046708,0.000634145934304,0.7777777777777778,0.7777777777777778,0.0,0.0,0.0,0.7407407407407407,0.7407407407407407,0.0,0.0,0.0,1.0,1.0,0.0,0.0,0.0,0.7407407407407407,27,0.7407407407407407,0,27,0.0,27,0.0
phi-4-mini-instruct,test,random_ortho_2_r2_a1,random_ortho_2,2,1.0,identity,bbq,exploratory,27,27,27,0.0,0.0,0.0,0.0,1.0,0.0,0.0,0.0,,,,0,0,0,27,,,,0.0006339899046708,0.000634145934304,0.7777777777777778,0.7777777777777778,0.0,0.0,0.0,0.7407407407407407,0.7407407407407407,0.0,0.0,0.0,1.0,1.0,0.0,0.0,0.0,0.7407407407407407,27,0.7407407407407407,0,27,0.0,27,0.0
phi-4-mini-instruct,test,random_ortho_2_r2_a1,random_ortho_2,2,1.0,neutral,pooled,exploratory,27,27,27,0.3402777777777778,0.3634259259259259,0.3333333333333333,0.4814814814814814,0.1851851851851851,-0.0231481481481481,-0.074074074074074,0.0324074074074074,-0.0680272108843538,-0.2437371174885048,0.1027667140825031,4,0,0,23,0.0,0.0,0.0,0.000631218047997,0.0006242033792737,0.7777777777777778,0.7777777777777778,0.0,0.0,0.0,0.7592592592592593,0.7592592592592593,0.0,0.0,0.0,1.0,1.0,0.0,0.0,0.0,0.7592592592592593,27,0.7592592592592593,2,27,0.074074074074074,27,0.074074074074074
phi-4-mini-instruct,test,random_ortho_2_r2_a1,random_ortho_2,2,1.0,neutral,bbq,exploratory,27,27,27,0.3402777777777778,0.3634259259259259,0.3333333333333333,0.4814814814814814,0.1851851851851851,-0.0231481481481481,-0.074074074074074,0.0324074074074074,-0.0680272108843538,-0.2437371174885048,0.1027667140825031,4,0,0,23,0.0,0.0,0.0,0.000631218047997,0.0006242033792737,0.7777777777777778,0.7777777777777778,0.0,0.0,0.0,0.7592592592592593,0.7592592592592593,0.0,0.0,0.0,1.0,1.0,0.0,0.0,0.0,0.7592592592592593,27,0.7592592592592593,2,27,0.074074074074074,27,0.074074074074074
phi-4-mini-instruct,test,random_ortho_2_r4_a1,random_ortho_2,4,1.0,demographic,pooled,exploratory,27,27,27,0.4351851851851852,0.4143518518518518,0.3333333333333333,0.3333333333333333,0.3333333333333333,0.0208333333333333,-0.0416666666666666,0.0949074074074074,0.0478723404255319,-0.1034576973808177,0.2085718378260393,4,1,0,23,0.25,0.0,1.0,0.0012283771350963,0.0012047123157806,0.7962962962962963,0.7962962962962963,0.0,0.0,0.0,0.7777777777777778,0.7592592592592593,0.0185185185185185,0.0,0.0555555555555555,1.0,1.0,0.0,0.0,0.0,0.7777777777777778,27,0.7592592592592593,2,27,0.074074074074074,27,0.074074074074074
phi-4-mini-instruct,test,random_ortho_2_r4_a1,random_ortho_2,4,1.0,demographic,bbq,exploratory,27,27,27,0.4351851851851852,0.4143518518518518,0.3333333333333333,0.3333333333333333,0.3333333333333333,0.0208333333333333,-0.0416666666666666,0.0949074074074074,0.0478723404255319,-0.1034576973808177,0.2085718378260393,4,1,0,23,0.25,0.0,1.0,0.0012283771350963,0.0012047123157806,0.7962962962962963,0.7962962962962963,0.0,0.0,0.0,0.7777777777777778,0.7592592592592593,0.0185185185185185,0.0,0.0555555555555555,1.0,1.0,0.0,0.0,0.0,0.7777777777777778,27,0.7592592592592593,2,27,0.074074074074074,27,0.074074074074074
phi-4-mini-instruct,test,random_ortho_2_r4_a1,random_ortho_2,4,1.0,identity,pooled,exploratory,27,27,27,0.0,0.0,0.0,0.0,1.0,0.0,0.0,0.0,,,,0,0,0,27,,,,0.0011675627728227,0.0011671961810103,0.7777777777777778,0.7777777777777778,0.0,0.0,0.0,0.7407407407407407,0.7407407407407407,0.0,0.0,0.0,1.0,1.0,0.0,0.0,0.0,0.7407407407407407,27,0.7407407407407407,0,27,0.0,27,0.0
phi-4-mini-instruct,test,random_ortho_2_r4_a1,random_ortho_2,4,1.0,identity,bbq,exploratory,27,27,27,0.0,0.0,0.0,0.0,1.0,0.0,0.0,0.0,,,,0,0,0,27,,,,0.0011675627728227,0.0011671961810103,0.7777777777777778,0.7777777777777778,0.0,0.0,0.0,0.7407407407407407,0.7407407407407407,0.0,0.0,0.0,1.0,1.0,0.0,0.0,0.0,0.7407407407407407,27,0.7407407407407407,0,27,0.0,27,0.0
phi-4-mini-instruct,test,random_ortho_2_r4_a1,random_ortho_2,4,1.0,neutral,pooled,exploratory,27,27,27,0.3402777777777778,0.3819444444444444,0.1851851851851851,0.5185185185185185,0.2962962962962963,-0.0416666666666666,-0.0902777777777777,0.0116319444444441,-0.1224489795918366,-0.358974358974359,0.0338012581547063,4,1,0,23,0.25,0.0,0.8,0.0012561571735118,0.0011893046504029,0.7592592592592593,0.7777777777777778,-0.0185185185185185,-0.0555555555555555,0.0,0.7592592592592593,0.7592592592592593,0.0,0.0,0.0,1.0,1.0,0.0,0.0,0.0,0.7592592592592593,27,0.7592592592592593,2,27,0.074074074074074,27,0.074074074074074
phi-4-mini-instruct,test,random_ortho_2_r4_a1,random_ortho_2,4,1.0,neutral,bbq,exploratory,27,27,27,0.3402777777777778,0.3819444444444444,0.1851851851851851,0.5185185185185185,0.2962962962962963,-0.0416666666666666,-0.0902777777777777,0.0116319444444441,-0.1224489795918366,-0.358974358974359,0.0338012581547063,4,1,0,23,0.25,0.0,0.8,0.0012561571735118,0.0011893046504029,0.7592592592592593,0.7777777777777778,-0.0185185185185185,-0.0555555555555555,0.0,0.7592592592592593,0.7592592592592593,0.0,0.0,0.0,1.0,1.0,0.0,0.0,0.0,0.7592592592592593,27,0.7592592592592593,2,27,0.074074074074074,27,0.074074074074074
phi-4-mini-instruct,test,random_ortho_3_r1_a1,random_ortho_3,1,1.0,demographic,pooled,confirmatory-input,27,27,27,0.4351851851851852,0.4375,0.3333333333333333,0.4814814814814814,0.1851851851851851,-0.0023148148148148,-0.0763888888888889,0.0833333333333333,-0.0053191489361701,-0.1987991231943481,0.1629392236976505,4,1,2,23,0.25,0.0,1.0,0.0002389886935973,0.000247273934809,0.7962962962962963,0.7962962962962963,0.0,0.0,0.0,0.7777777777777778,0.7592592592592593,0.0185185185185185,0.0,0.0555555555555555,1.0,1.0,0.0,0.0,0.0,0.7777777777777778,27,0.7592592592592593,2,27,0.074074074074074,27,0.074074074074074
phi-4-mini-instruct,test,random_ortho_3_r1_a1,random_ortho_3,1,1.0,demographic,bbq,exploratory,27,27,27,0.4351851851851852,0.4375,0.3333333333333333,0.4814814814814814,0.1851851851851851,-0.0023148148148148,-0.0763888888888889,0.0833333333333333,-0.0053191489361701,-0.1987991231943481,0.1629392236976505,4,1,2,23,0.25,0.0,1.0,0.0002389886935973,0.000247273934809,0.7962962962962963,0.7962962962962963,0.0,0.0,0.0,0.7777777777777778,0.7592592592592593,0.0185185185185185,0.0,0.0555555555555555,1.0,1.0,0.0,0.0,0.0,0.7777777777777778,27,0.7592592592592593,2,27,0.074074074074074,27,0.074074074074074
phi-4-mini-instruct,test,random_ortho_3_r1_a1,random_ortho_3,1,1.0,identity,pooled,exploratory,27,27,27,0.0,0.0,0.0,0.0,1.0,0.0,0.0,0.0,,,,0,0,0,27,,,,0.0002475598282391,0.0002475632719395,0.7777777777777778,0.7777777777777778,0.0,0.0,0.0,0.7407407407407407,0.7407407407407407,0.0,0.0,0.0,1.0,1.0,0.0,0.0,0.0,0.7407407407407407,27,0.7407407407407407,0,27,0.0,27,0.0
phi-4-mini-instruct,test,random_ortho_3_r1_a1,random_ortho_3,1,1.0,identity,bbq,exploratory,27,27,27,0.0,0.0,0.0,0.0,1.0,0.0,0.0,0.0,,,,0,0,0,27,,,,0.0002475598282391,0.0002475632719395,0.7777777777777778,0.7777777777777778,0.0,0.0,0.0,0.7407407407407407,0.7407407407407407,0.0,0.0,0.0,1.0,1.0,0.0,0.0,0.0,0.7407407407407407,27,0.7407407407407407,0,27,0.0,27,0.0
phi-4-mini-instruct,test,random_ortho_3_r1_a1,random_ortho_3,1,1.0,neutral,pooled,exploratory,27,27,27,0.3402777777777778,0.3773148148148148,0.2222222222222222,0.4444444444444444,0.3333333333333333,-0.037037037037037,-0.0857060185185185,0.011574074074074,-0.1088435374149658,-0.314198347107438,0.0368098159509202,4,1,0,23,0.25,0.0,0.8,0.0002998731202881,0.0002744841258989,0.7777777777777778,0.7777777777777778,0.0,0.0,0.0,0.7592592592592593,0.7592592592592593,0.0,0.0,0.0,1.0,1.0,0.0,0.0,0.0,0.7592592592592593,27,0.7592592592592593,2,27,0.074074074074074,27,0.074074074074074
phi-4-mini-instruct,test,random_ortho_3_r1_a1,random_ortho_3,1,1.0,neutral,bbq,exploratory,27,27,27,0.3402777777777778,0.3773148148148148,0.2222222222222222,0.4444444444444444,0.3333333333333333,-0.037037037037037,-0.0857060185185185,0.011574074074074,-0.1088435374149658,-0.314198347107438,0.0368098159509202,4,1,0,23,0.25,0.0,0.8,0.0002998731202881,0.0002744841258989,0.7777777777777778,0.7777777777777778,0.0,0.0,0.0,0.7592592592592593,0.7592592592592593,0.0,0.0,0.0,1.0,1.0,0.0,0.0,0.0,0.7592592592592593,27,0.7592592592592593,2,27,0.074074074074074,27,0.074074074074074
phi-4-mini-instruct,test,random_ortho_3_r2_a1,random_ortho_3,2,1.0,demographic,pooled,exploratory,27,27,27,0.4351851851851852,0.4212962962962963,0.3333333333333333,0.3703703703703703,0.2962962962962963,0.0138888888888888,-0.0555555555555555,0.0902777777777777,0.0319148936170212,-0.1545508658008658,0.1685073757763973,4,0,0,23,0.0,0.0,0.0,0.0005291635165495,0.0005489003454102,0.7777777777777778,0.7962962962962963,-0.0185185185185185,-0.0555555555555555,0.0,0.7777777777777778,0.7592592592592593,0.0185185185185185,0.0,0.0555555555555555,1.0,1.0,0.0,0.0,0.0,0.7777777777777778,27,0.7592592592592593,2,27,0.074074074074074,27,0.074074074074074
phi-4-mini-instruct,test,random_ortho_3_r2_a1,random_ortho_3,2,1.0,demographic,bbq,exploratory,27,27,27,0.4351851851851852,0.4212962962962963,0.3333333333333333,0.3703703703703703,0.2962962962962963,0.0138888888888888,-0.0555555555555555,0.0902777777777777,0.0319148936170212,-0.1545508658008658,0.1685073757763973,4,0,0,23,0.0,0.0,0.0,0.0005291635165495,0.0005489003454102,0.7777777777777778,0.7962962962962963,-0.0185185185185185,-0.0555555555555555,0.0,0.7777777777777778,0.7592592592592593,0.0185185185185185,0.0,0.0555555555555555,1.0,1.0,0.0,0.0,0.0,0.7777777777777778,27,0.7592592592592593,2,27,0.074074074074074,27,0.074074074074074
phi-4-mini-instruct,test,random_ortho_3_r2_a1,random_ortho_3,2,1.0,identity,pooled,exploratory,27,27,27,0.0,0.0,0.0,0.0,1.0,0.0,0.0,0.0,,,,0,0,0,27,,,,0.0005812698420482,0.0005818285623393,0.7407407407407407,0.7777777777777778,-0.037037037037037,-0.1111111111111111,0.0,0.7407407407407407,0.7407407407407407,0.0,0.0,0.0,1.0,1.0,0.0,0.0,0.0,0.7407407407407407,27,0.7407407407407407,0,27,0.0,27,0.0
phi-4-mini-instruct,test,random_ortho_3_r2_a1,random_ortho_3,2,1.0,identity,bbq,exploratory,27,27,27,0.0,0.0,0.0,0.0,1.0,0.0,0.0,0.0,,,,0,0,0,27,,,,0.0005812698420482,0.0005818285623393,0.7407407407407407,0.7777777777777778,-0.037037037037037,-0.1111111111111111,0.0,0.7407407407407407,0.7407407407407407,0.0,0.0,0.0,1.0,1.0,0.0,0.0,0.0,0.7407407407407407,27,0.7407407407407407,0,27,0.0,27,0.0
phi-4-mini-instruct,test,random_ortho_3_r2_a1,random_ortho_3,2,1.0,neutral,pooled,exploratory,27,27,27,0.3402777777777778,0.375,0.2962962962962963,0.5185185185185185,0.1851851851851851,-0.0347222222222222,-0.0949074074074074,0.0231481481481481,-0.1020408163265305,-0.3333333333333332,0.0632288401253917,4,2,0,23,0.5,0.0,1.0,0.0005516285692914,0.0005746452650763,0.7777777777777778,0.7777777777777778,0.0,0.0,0.0,0.7592592592592593,0.7592592592592593,0.0,0.0,0.0,1.0,1.0,0.0,0.0,0.0,0.7592592592592593,27,0.7592592592592593,2,27,0.074074074074074,27,0.074074074074074
phi-4-mini-instruct,test,random_ortho_3_r2_a1,random_ortho_3,2,1.0,neutral,bbq,exploratory,27,27,27,0.3402777777777778,0.375,0.2962962962962963,0.5185185185185185,0.1851851851851851,-0.0347222222222222,-0.0949074074074074,0.0231481481481481,-0.1020408163265305,-0.3333333333333332,0.0632288401253917,4,2,0,23,0.5,0.0,1.0,0.0005516285692914,0.0005746452650763,0.7777777777777778,0.7777777777777778,0.0,0.0,0.0,0.7592592592592593,0.7592592592592593,0.0,0.0,0.0,1.0,1.0,0.0,0.0,0.0,0.7592592592592593,27,0.7592592592592593,2,27,0.074074074074074,27,0.074074074074074
phi-4-mini-instruct,test,random_ortho_3_r4_a1,random_ortho_3,4,1.0,demographic,pooled,exploratory,27,27,27,0.4351851851851852,0.4560185185185185,0.2962962962962963,0.4444444444444444,0.2592592592592592,-0.0208333333333333,-0.0902777777777777,0.0463541666666663,-0.0478723404255319,-0.2357120418848167,0.0987962962962961,4,0,0,23,0.0,0.0,0.0,0.001165691953889,0.0011902658960427,0.7962962962962963,0.7962962962962963,0.0,0.0,0.0,0.7777777777777778,0.7592592592592593,0.0185185185185185,0.0,0.0555555555555555,1.0,1.0,0.0,0.0,0.0,0.7777777777777778,27,0.7592592592592593,2,27,0.074074074074074,27,0.074074074074074
phi-4-mini-instruct,test,random_ortho_3_r4_a1,random_ortho_3,4,1.0,demographic,bbq,exploratory,27,27,27,0.4351851851851852,0.4560185185185185,0.2962962962962963,0.4444444444444444,0.2592592592592592,-0.0208333333333333,-0.0902777777777777,0.0463541666666663,-0.0478723404255319,-0.2357120418848167,0.0987962962962961,4,0,0,23,0.0,0.0,0.0,0.001165691953889,0.0011902658960427,0.7962962962962963,0.7962962962962963,0.0,0.0,0.0,0.7777777777777778,0.7592592592592593,0.0185185185185185,0.0,0.0555555555555555,1.0,1.0,0.0,0.0,0.0,0.7777777777777778,27,0.7592592592592593,2,27,0.074074074074074,27,0.074074074074074
phi-4-mini-instruct,test,random_ortho_3_r4_a1,random_ortho_3,4,1.0,identity,pooled,exploratory,27,27,27,0.0,0.0,0.0,0.0,1.0,0.0,0.0,0.0,,,,0,0,0,27,,,,0.0012068934052636,0.0012070752420202,0.7777777777777778,0.7777777777777778,0.0,0.0,0.0,0.7407407407407407,0.7407407407407407,0.0,0.0,0.0,1.0,1.0,0.0,0.0,0.0,0.7407407407407407,27,0.7407407407407407,0,27,0.0,27,0.0
phi-4-mini-instruct,test,random_ortho_3_r4_a1,random_ortho_3,4,1.0,identity,bbq,exploratory,27,27,27,0.0,0.0,0.0,0.0,1.0,0.0,0.0,0.0,,,,0,0,0,27,,,,0.0012068934052636,0.0012070752420202,0.7777777777777778,0.7777777777777778,0.0,0.0,0.0,0.7407407407407407,0.7407407407407407,0.0,0.0,0.0,1.0,1.0,0.0,0.0,0.0,0.7407407407407407,27,0.7407407407407407,0,27,0.0,27,0.0
phi-4-mini-instruct,test,random_ortho_3_r4_a1,random_ortho_3,4,1.0,neutral,pooled,exploratory,27,27,27,0.3402777777777778,0.3518518518518518,0.3703703703703703,0.4074074074074074,0.2222222222222222,-0.011574074074074,-0.0833333333333333,0.0625,-0.0340136054421769,-0.2954755892255892,0.1857380952380951,4,2,0,23,0.5,0.0,1.0,0.0010691608905179,0.0011453653629223,0.7962962962962963,0.7777777777777778,0.0185185185185185,0.0,0.0555555555555555,0.7592592592592593,0.7592592592592593,0.0,0.0,0.0,1.0,1.0,0.0,0.0,0.0,0.7592592592592593,27,0.7592592592592593,2,27,0.074074074074074,27,0.074074074074074
phi-4-mini-instruct,test,random_ortho_3_r4_a1,random_ortho_3,4,1.0,neutral,bbq,exploratory,27,27,27,0.3402777777777778,0.3518518518518518,0.3703703703703703,0.4074074074074074,0.2222222222222222,-0.011574074074074,-0.0833333333333333,0.0625,-0.0340136054421769,-0.2954755892255892,0.1857380952380951,4,2,0,23,0.5,0.0,1.0,0.0010691608905179,0.0011453653629223,0.7962962962962963,0.7777777777777778,0.0185185185185185,0.0,0.0555555555555555,0.7592592592592593,0.7592592592592593,0.0,0.0,0.0,1.0,1.0,0.0,0.0,0.0,0.7592592592592593,27,0.7592592592592593,2,27,0.074074074074074,27,0.074074074074074
phi-4-mini-instruct,test,uncentred_svd_r1_a1,uncentred_svd,1,1.0,demographic,pooled,exploratory,27,27,27,0.4351851851851852,0.25,0.5185185185185185,0.2592592592592592,0.2222222222222222,0.1851851851851851,0.0555555555555555,0.3287037037037037,0.4255319148936169,0.1523030372231103,0.6359658942700633,4,3,1,23,0.75,0.0,1.0,0.0219335086431995,0.0221485393070812,0.7592592592592593,0.7962962962962963,-0.037037037037037,-0.1111111111111111,0.037037037037037,0.7592592592592593,0.7592592592592593,0.0,-0.0555555555555555,0.0555555555555555,1.0,1.0,0.0,0.0,0.0,0.7592592592592593,27,0.7592592592592593,3,27,0.1111111111111111,27,0.1111111111111111
phi-4-mini-instruct,test,uncentred_svd_r1_a1,uncentred_svd,1,1.0,demographic,bbq,exploratory,27,27,27,0.4351851851851852,0.25,0.5185185185185185,0.2592592592592592,0.2222222222222222,0.1851851851851851,0.0555555555555555,0.3287037037037037,0.4255319148936169,0.1523030372231103,0.6359658942700633,4,3,1,23,0.75,0.0,1.0,0.0219335086431995,0.0221485393070812,0.7592592592592593,0.7962962962962963,-0.037037037037037,-0.1111111111111111,0.037037037037037,0.7592592592592593,0.7592592592592593,0.0,-0.0555555555555555,0.0555555555555555,1.0,1.0,0.0,0.0,0.0,0.7592592592592593,27,0.7592592592592593,3,27,0.1111111111111111,27,0.1111111111111111
phi-4-mini-instruct,test,uncentred_svd_r1_a1,uncentred_svd,1,1.0,identity,pooled,exploratory,27,27,27,0.0,0.0,0.0,0.0,1.0,0.0,0.0,0.0,,,,0,0,0,27,,,,0.022277241690807,0.0222820207557968,0.7037037037037037,0.7777777777777778,-0.074074074074074,-0.2222222222222222,0.074074074074074,0.7407407407407407,0.7407407407407407,0.0,-0.1111111111111111,0.1111111111111111,1.0,1.0,0.0,0.0,0.0,0.7407407407407407,27,0.7407407407407407,0,27,0.0,27,0.0
phi-4-mini-instruct,test,uncentred_svd_r1_a1,uncentred_svd,1,1.0,identity,bbq,exploratory,27,27,27,0.0,0.0,0.0,0.0,1.0,0.0,0.0,0.0,,,,0,0,0,27,,,,0.022277241690807,0.0222820207557968,0.7037037037037037,0.7777777777777778,-0.074074074074074,-0.2222222222222222,0.074074074074074,0.7407407407407407,0.7407407407407407,0.0,-0.1111111111111111,0.1111111111111111,1.0,1.0,0.0,0.0,0.0,0.7407407407407407,27,0.7407407407407407,0,27,0.0,27,0.0
phi-4-mini-instruct,test,uncentred_svd_r1_a1,uncentred_svd,1,1.0,neutral,pooled,exploratory,27,27,27,0.3402777777777778,0.2939814814814814,0.4074074074074074,0.4074074074074074,0.1851851851851851,0.0462962962962962,-0.0926504629629629,0.2153356481481478,0.1360544217687075,-0.4501136363636363,0.4466702127659574,4,3,1,23,0.75,0.0,1.0,0.0306949987302272,0.0259612290950847,0.7222222222222222,0.7777777777777778,-0.0555555555555555,-0.1296296296296296,0.0,0.7592592592592593,0.7592592592592593,0.0,-0.0555555555555555,0.0555555555555555,1.0,1.0,0.0,0.0,0.0,0.7592592592592593,27,0.7592592592592593,2,27,0.074074074074074,27,0.074074074074074
phi-4-mini-instruct,test,uncentred_svd_r1_a1,uncentred_svd,1,1.0,neutral,bbq,exploratory,27,27,27,0.3402777777777778,0.2939814814814814,0.4074074074074074,0.4074074074074074,0.1851851851851851,0.0462962962962962,-0.0926504629629629,0.2153356481481478,0.1360544217687075,-0.4501136363636363,0.4466702127659574,4,3,1,23,0.75,0.0,1.0,0.0306949987302272,0.0259612290950847,0.7222222222222222,0.7777777777777778,-0.0555555555555555,-0.1296296296296296,0.0,0.7592592592592593,0.7592592592592593,0.0,-0.0555555555555555,0.0555555555555555,1.0,1.0,0.0,0.0,0.0,0.7592592592592593,27,0.7592592592592593,2,27,0.074074074074074,27,0.074074074074074
phi-4-mini-instruct,test,uncentred_svd_r2_a1,uncentred_svd,2,1.0,demographic,pooled,exploratory,27,27,27,0.4351851851851852,0.1712962962962963,0.7407407407407407,0.1481481481481481,0.1111111111111111,0.2638888888888889,0.1597222222222222,0.3773148148148148,0.6063829787234043,0.4416867513876716,0.760886287625418,4,3,0,23,0.75,0.0,1.0,0.0308025768980518,0.0272068550719398,0.7962962962962963,0.7962962962962963,0.0,-0.0555555555555555,0.0555555555555555,0.7962962962962963,0.7592592592592593,0.037037037037037,0.0,0.0925925925925925,1.0,1.0,0.0,0.0,0.0,0.7962962962962963,27,0.7592592592592593,1,27,0.037037037037037,27,0.037037037037037
phi-4-mini-instruct,test,uncentred_svd_r2_a1,uncentred_svd,2,1.0,demographic,bbq,exploratory,27,27,27,0.4351851851851852,0.1712962962962963,0.7407407407407407,0.1481481481481481,0.1111111111111111,0.2638888888888889,0.1597222222222222,0.3773148148148148,0.6063829787234043,0.4416867513876716,0.760886287625418,4,3,0,23,0.75,0.0,1.0,0.0308025768980518,0.0272068550719398,0.7962962962962963,0.7962962962962963,0.0,-0.0555555555555555,0.0555555555555555,0.7962962962962963,0.7592592592592593,0.037037037037037,0.0,0.0925925925925925,1.0,1.0,0.0,0.0,0.0,0.7962962962962963,27,0.7592592592592593,1,27,0.037037037037037,27,0.037037037037037
phi-4-mini-instruct,test,uncentred_svd_r2_a1,uncentred_svd,2,1.0,identity,pooled,exploratory,27,27,27,0.0,0.0,0.0,0.0,1.0,0.0,0.0,0.0,,,,0,0,0,27,,,,0.0267142876552511,0.0266916166640171,0.7777777777777778,0.7777777777777778,0.0,-0.1111111111111111,0.1111111111111111,0.7777777777777778,0.7407407407407407,0.037037037037037,0.0,0.1111111111111111,1.0,1.0,0.0,0.0,0.0,0.7777777777777778,27,0.7407407407407407,0,27,0.0,27,0.0
phi-4-mini-instruct,test,uncentred_svd_r2_a1,uncentred_svd,2,1.0,identity,bbq,exploratory,27,27,27,0.0,0.0,0.0,0.0,1.0,0.0,0.0,0.0,,,,0,0,0,27,,,,0.0267142876552511,0.0266916166640171,0.7777777777777778,0.7777777777777778,0.0,-0.1111111111111111,0.1111111111111111,0.7777777777777778,0.7407407407407407,0.037037037037037,0.0,0.1111111111111111,1.0,1.0,0.0,0.0,0.0,0.7777777777777778,27,0.7407407407407407,0,27,0.0,27,0.0
phi-4-mini-instruct,test,uncentred_svd_r2_a1,uncentred_svd,2,1.0,neutral,pooled,exploratory,27,27,27,0.3402777777777778,0.2384259259259259,0.4074074074074074,0.2962962962962963,0.2962962962962963,0.1018518518518518,-0.0671296296296296,0.3032407407407407,0.2993197278911564,-0.3303516819571865,0.6017393320964749,4,4,0,23,1.0,1.0,1.0,0.0397512225133383,0.0314731845979435,0.7407407407407407,0.7777777777777778,-0.037037037037037,-0.1111111111111111,0.037037037037037,0.7592592592592593,0.7592592592592593,0.0,0.0,0.0,1.0,1.0,0.0,0.0,0.0,0.7592592592592593,27,0.7592592592592593,1,27,0.037037037037037,27,0.037037037037037
phi-4-mini-instruct,test,uncentred_svd_r2_a1,uncentred_svd,2,1.0,neutral,bbq,exploratory,27,27,27,0.3402777777777778,0.2384259259259259,0.4074074074074074,0.2962962962962963,0.2962962962962963,0.1018518518518518,-0.0671296296296296,0.3032407407407407,0.2993197278911564,-0.3303516819571865,0.6017393320964749,4,4,0,23,1.0,1.0,1.0,0.0397512225133383,0.0314731845979435,0.7407407407407407,0.7777777777777778,-0.037037037037037,-0.1111111111111111,0.037037037037037,0.7592592592592593,0.7592592592592593,0.0,0.0,0.0,1.0,1.0,0.0,0.0,0.0,0.7592592592592593,27,0.7592592592592593,1,27,0.037037037037037,27,0.037037037037037
phi-4-mini-instruct,test,uncentred_svd_r4_a1,uncentred_svd,4,1.0,demographic,pooled,exploratory,27,27,27,0.4351851851851852,0.2268518518518518,0.6666666666666666,0.1851851851851851,0.1481481481481481,0.2083333333333333,0.0949074074074074,0.3264467592592589,0.4787234042553191,0.2669822006472492,0.6445562375365809,4,3,1,23,0.75,0.0,1.0,0.0379398088444033,0.033810062772851,0.7592592592592593,0.7962962962962963,-0.037037037037037,-0.0925925925925925,0.0,0.7777777777777778,0.7592592592592593,0.0185185185185185,-0.037037037037037,0.074074074074074,1.0,1.0,0.0,0.0,0.0,0.7777777777777778,27,0.7592592592592593,2,27,0.074074074074074,27,0.074074074074074
phi-4-mini-instruct,test,uncentred_svd_r4_a1,uncentred_svd,4,1.0,demographic,bbq,exploratory,27,27,27,0.4351851851851852,0.2268518518518518,0.6666666666666666,0.1851851851851851,0.1481481481481481,0.2083333333333333,0.0949074074074074,0.3264467592592589,0.4787234042553191,0.2669822006472492,0.6445562375365809,4,3,1,23,0.75,0.0,1.0,0.0379398088444033,0.033810062772851,0.7592592592592593,0.7962962962962963,-0.037037037037037,-0.0925925925925925,0.0,0.7777777777777778,0.7592592592592593,0.0185185185185185,-0.037037037037037,0.074074074074074,1.0,1.0,0.0,0.0,0.0,0.7777777777777778,27,0.7592592592592593,2,27,0.074074074074074,27,0.074074074074074
phi-4-mini-instruct,test,uncentred_svd_r4_a1,uncentred_svd,4,1.0,identity,pooled,exploratory,27,27,27,0.0,0.0,0.0,0.0,1.0,0.0,0.0,0.0,,,,0,0,0,27,,,,0.0340074479210597,0.0340310331424211,0.7037037037037037,0.7777777777777778,-0.074074074074074,-0.1851851851851851,0.0,0.7407407407407407,0.7407407407407407,0.0,-0.1111111111111111,0.1111111111111111,1.0,1.0,0.0,0.0,0.0,0.7407407407407407,27,0.7407407407407407,0,27,0.0,27,0.0
phi-4-mini-instruct,test,uncentred_svd_r4_a1,uncentred_svd,4,1.0,identity,bbq,exploratory,27,27,27,0.0,0.0,0.0,0.0,1.0,0.0,0.0,0.0,,,,0,0,0,27,,,,0.0340074479210597,0.0340310331424211,0.7037037037037037,0.7777777777777778,-0.074074074074074,-0.1851851851851851,0.0,0.7407407407407407,0.7407407407407407,0.0,-0.1111111111111111,0.1111111111111111,1.0,1.0,0.0,0.0,0.0,0.7407407407407407,27,0.7407407407407407,0,27,0.0,27,0.0
phi-4-mini-instruct,test,uncentred_svd_r4_a1,uncentred_svd,4,1.0,neutral,pooled,exploratory,27,27,27,0.3402777777777778,0.2106481481481481,0.3703703703703703,0.3703703703703703,0.2592592592592592,0.1296296296296296,-0.0208333333333333,0.3195023148148144,0.3809523809523809,-0.100042372881356,0.6244677947598253,4,4,0,23,1.0,1.0,1.0,0.044947601387051,0.0373870034112684,0.7777777777777778,0.7777777777777778,0.0,-0.074074074074074,0.074074074074074,0.7592592592592593,0.7592592592592593,0.0,-0.0555555555555555,0.0555555555555555,1.0,1.0,0.0,0.0,0.0,0.7592592592592593,27,0.7592592592592593,1,27,0.037037037037037,27,0.037037037037037
phi-4-mini-instruct,test,uncentred_svd_r4_a1,uncentred_svd,4,1.0,neutral,bbq,exploratory,27,27,27,0.3402777777777778,0.2106481481481481,0.3703703703703703,0.3703703703703703,0.2592592592592592,0.1296296296296296,-0.0208333333333333,0.3195023148148144,0.3809523809523809,-0.100042372881356,0.6244677947598253,4,4,0,23,1.0,1.0,1.0,0.044947601387051,0.0373870034112684,0.7777777777777778,0.7777777777777778,0.0,-0.074074074074074,0.074074074074074,0.7592592592592593,0.7592592592592593,0.0,-0.0555555555555555,0.0555555555555555,1.0,1.0,0.0,0.0,0.0,0.7592592592592593,27,0.7592592592592593,1,27,0.037037037037037,27,0.037037037037037
qwen2.5-7b-instruct,dev,cure_centred_svd_r1_a0.25,cure_centred_svd,1,0.25,demographic,pooled,exploratory,100,100,100,0.629144287109375,0.5823942565917969,0.52,0.46,0.02,0.0467500305175781,-0.0191593132019042,0.1180406875610351,0.074307327389672,-0.0335191328643014,0.1748176976090969,27,5,4,73,0.1851851851851851,0.0476190476190476,0.3333333333333333,0.0017243737270487,0.0016485671088859,0.58,0.6,-0.02,-0.065,0.02,0.46,0.45,0.01,-0.025,0.05,0.79,0.795,-0.005,-0.06,0.05,0.5786516853932584,89,0.5585106382978723,14,100,0.14,69,0.2028985507246377
qwen2.5-7b-instruct,dev,cure_centred_svd_r1_a0.25,cure_centred_svd,1,0.25,demographic,bbq,exploratory,42,42,42,0.3539922805059524,0.3905784970238095,0.4047619047619047,0.5714285714285714,0.0238095238095238,-0.0365862165178571,-0.0909743536086309,0.012278820219494,-0.10335314788663,-0.3146924879568133,0.0314985773783457,5,0,1,37,0.0,0.0,0.0,0.0014194845987909,0.0012393026004558,0.7142857142857143,0.7023809523809523,0.0119047619047619,0.0,0.0357142857142857,0.7261904761904762,0.7023809523809523,0.0238095238095238,0.0,0.0595238095238095,0.9642857142857144,0.9642857142857144,0.0,-0.0357142857142857,0.0357142857142857,0.7926829268292683,41,0.75,8,42,0.1904761904761904,40,0.2
qwen2.5-7b-instruct,dev,cure_centred_svd_r1_a0.25,cure_centred_svd,1,0.25,demographic,crows_pairs,exploratory,30,30,30,0.9754720052083332,0.8871719360351562,0.6,0.3666666666666666,0.0333333333333333,0.088300069173177,-0.0139904149373372,0.2032110722859699,0.0905203518929471,-0.0147041976173502,0.2019693828520587,12,1,0,18,0.0833333333333333,0.0,0.2727272727272727,0.0019303217898776,0.0018907631625185,0.6333333333333333,0.6666666666666666,-0.0333333333333333,-0.1333333333333333,0.05,0.2666666666666666,0.3166666666666666,-0.05,-0.1333333333333333,0.0333333333333333,0.6166666666666667,0.7166666666666667,-0.1,-0.2333333333333333,0.0333333333333333,0.4565217391304347,23,0.4642857142857143,5,30,0.1666666666666666,14,0.3571428571428571
qwen2.5-7b-instruct,dev,cure_centred_svd_r1_a0.25,cure_centred_svd,1,0.25,demographic,stereoset,exploratory,28,28,28,0.670806884765625,0.5435703822544643,0.6071428571428571,0.3928571428571428,0.0,0.1272365025111607,-0.0631250653948102,0.3455907549176896,0.1896767987937634,-0.1209060532403625,0.4201895788465535,10,4,3,18,0.4,0.1111111111111111,0.7142857142857143,0.00196104878069,0.0020029680997818,0.3214285714285714,0.375,-0.0535714285714285,-0.1607142857142857,0.0357142857142857,0.2678571428571428,0.2142857142857142,0.0535714285714285,-0.0178571428571428,0.125,0.7142857142857143,0.625,0.0892857142857142,-0.0357142857142857,0.1964285714285714,0.34,25,0.3333333333333333,1,28,0.0357142857142857,15,0.0666666666666666
qwen2.5-7b-instruct,dev,cure_centred_svd_r1_a0.25,cure_centred_svd,1,0.25,identity,pooled,exploratory,100,100,100,0.0,0.0,0.0,0.0,1.0,0.0,0.0,0.0,,,,0,0,0,100,,,,0.0016916626412075,0.001693236750468,0.5876288659793815,0.6082474226804123,-0.0206185567010309,-0.0824742268041237,0.0412371134020618,0.47,0.44,0.03,-0.03,0.09,0.76,0.78,-0.02,-0.1,0.05,0.6438356164383562,73,0.5866666666666667,0,100,0.0,76,0.0
qwen2.5-7b-instruct,dev,cure_centred_svd_r1_a0.25,cure_centred_svd,1,0.25,identity,bbq,exploratory,42,42,42,0.0,0.0,0.0,0.0,1.0,0.0,0.0,0.0,,,,0,0,0,42,,,,0.0014179910561221,0.0014195428835504,0.6923076923076923,0.6923076923076923,0.0,0.0,0.0,0.7380952380952381,0.7142857142857143,0.0238095238095238,-0.0476190476190476,0.119047619047619,0.9761904761904762,1.0,-0.0238095238095238,-0.0714285714285714,0.0,0.8157894736842105,38,0.7692307692307693,0,42,0.0,41,0.0
qwen2.5-7b-instruct,dev,cure_centred_svd_r1_a0.25,cure_centred_svd,1,0.25,identity,crows_pairs,exploratory,30,30,30,0.0,0.0,0.0,0.0,1.0,0.0,0.0,0.0,,,,0,0,0,30,,,,0.0018557074933052,0.0018575452517987,0.6333333333333333,0.7,-0.0666666666666666,-0.2,0.0666666666666666,0.2666666666666666,0.3,-0.0333333333333333,-0.1666666666666666,0.1,0.6,0.6666666666666666,-0.0666666666666666,-0.2333333333333333,0.1,0.4444444444444444,18,0.45,0,30,0.0,18,0.0
qwen2.5-7b-instruct,dev,cure_centred_svd_r1_a0.25,cure_centred_svd,1,0.25,identity,stereoset,exploratory,28,28,28,0.0,0.0,0.0,0.0,1.0,0.0,0.0,0.0,,,,0,0,0,28,,,,0.0019264076773024,0.0019277327279902,0.3928571428571428,0.3928571428571428,0.0,-0.1428571428571428,0.1428571428571428,0.2857142857142857,0.1785714285714285,0.1071428571428571,0.0,0.2142857142857142,0.6071428571428571,0.5714285714285714,0.0357142857142857,-0.1785714285714285,0.25,0.4705882352941176,17,0.3125,0,28,0.0,17,0.0
qwen2.5-7b-instruct,dev,cure_centred_svd_r1_a0.25,cure_centred_svd,1,0.25,neutral,pooled,exploratory,42,42,42,0.2014392671130952,0.1791759672619047,0.5476190476190477,0.4285714285714285,0.0238095238095238,0.0222632998511904,-0.0232189360119047,0.06396484375,0.1105211519593697,-0.1220469172491677,0.2933970043211815,1,1,1,41,1.0,1.0,1.0,0.00283629836307,0.0021473292241347,0.7307692307692307,0.7307692307692307,0.0,-0.0384615384615384,0.0384615384615384,0.7023809523809523,0.6904761904761905,0.0119047619047619,-0.0357142857142857,0.0595238095238095,0.9404761904761904,0.9166666666666666,0.0238095238095238,0.0,0.0595238095238095,0.7894736842105263,38,0.8157894736842105,5,42,0.119047619047619,38,0.131578947368421
qwen2.5-7b-instruct,dev,cure_centred_svd_r1_a0.25,cure_centred_svd,1,0.25,neutral,bbq,exploratory,42,42,42,0.2014392671130952,0.1791759672619047,0.5476190476190477,0.4285714285714285,0.0238095238095238,0.0222632998511904,-0.0232189360119047,0.06396484375,0.1105211519593697,-0.1220469172491677,0.2933970043211815,1,1,1,41,1.0,1.0,1.0,0.00283629836307,0.0021473292241347,0.7307692307692307,0.7307692307692307,0.0,-0.0384615384615384,0.0384615384615384,0.7023809523809523,0.6904761904761905,0.0119047619047619,-0.0357142857142857,0.0595238095238095,0.9404761904761904,0.9166666666666666,0.0238095238095238,0.0,0.0595238095238095,0.7894736842105263,38,0.8157894736842105,5,42,0.119047619047619,38,0.131578947368421
qwen2.5-7b-instruct,dev,cure_centred_svd_r1_a0.5,cure_centred_svd,1,0.5,demographic,pooled,exploratory,100,100,100,0.629144287109375,0.552303466796875,0.5,0.46,0.04,0.0768408203125,0.0010795288085937,0.1568920593261718,0.1221354495095994,0.0016661072890971,0.2264263875665849,27,7,3,73,0.2592592592592592,0.1,0.4211032388663964,0.0038128970921488,0.0037097082721755,0.6,0.6,0.0,-0.045,0.04,0.475,0.45,0.025,-0.02,0.065,0.8,0.795,0.005,-0.0501249999999999,0.065,0.6067415730337079,89,0.5585106382978723,13,100,0.13,71,0.1830985915492957
qwen2.5-7b-instruct,dev,cure_centred_svd_r1_a0.5,cure_centred_svd,1,0.5,demographic,bbq,exploratory,42,42,42,0.3539922805059524,0.3838675362723214,0.3571428571428571,0.5714285714285714,0.0714285714285714,-0.029875255766369,-0.0858997889927455,0.025984627859933,-0.0843952182337679,-0.2849151568847706,0.0707965246104432,5,1,1,37,0.2,0.0,0.6666666666666666,0.0032978911870445,0.0028992311007903,0.7142857142857143,0.7023809523809523,0.0119047619047619,0.0,0.0357142857142857,0.7261904761904762,0.7023809523809523,0.0238095238095238,0.0,0.0595238095238095,0.9523809523809524,0.9642857142857144,-0.0119047619047619,-0.0357142857142857,0.0,0.7926829268292683,41,0.75,6,42,0.1428571428571428,39,0.1538461538461538
qwen2.5-7b-instruct,dev,cure_centred_svd_r1_a0.5,cure_centred_svd,1,0.5,demographic,crows_pairs,exploratory,30,30,30,0.9754720052083332,0.833544921875,0.6,0.4,0.0,0.1419270833333333,0.0043841552734375,0.2878849283854167,0.1454958036474062,0.0048483606799958,0.2708606695347278,12,1,1,18,0.0833333333333333,0.0,0.2727272727272727,0.0039541001575277,0.0040228116415526,0.7,0.6666666666666666,0.0333333333333333,-0.0666666666666666,0.1166666666666666,0.2833333333333333,0.3166666666666666,-0.0333333333333333,-0.1337499999999999,0.0666666666666666,0.6333333333333333,0.7166666666666667,-0.0833333333333333,-0.2333333333333333,0.05,0.5,24,0.4642857142857143,4,30,0.1333333333333333,14,0.2857142857142857
qwen2.5-7b-instruct,dev,cure_centred_svd_r1_a0.5,cure_centred_svd,1,0.5,demographic,stereoset,exploratory,28,28,28,0.670806884765625,0.5036272321428571,0.6071428571428571,0.3571428571428571,0.0357142857142857,0.1671796526227678,-0.0200999668666294,0.4224395751953123,0.2492217304555233,-0.034660476088792,0.4821949746553068,10,5,1,18,0.5,0.1818181818181818,0.8237745098039202,0.004434116951185,0.0045899561334921,0.3214285714285714,0.375,-0.0535714285714285,-0.1607142857142857,0.0357142857142857,0.3035714285714285,0.2142857142857142,0.0892857142857142,0.0,0.1785714285714285,0.75,0.625,0.125,-0.0183035714285714,0.2678571428571428,0.3958333333333333,24,0.3333333333333333,3,28,0.1071428571428571,18,0.1666666666666666
qwen2.5-7b-instruct,dev,cure_centred_svd_r1_a0.5,cure_centred_svd,1,0.5,identity,pooled,exploratory,100,100,100,0.0,0.0,0.0,0.0,1.0,0.0,0.0,0.0,,,,0,0,0,100,,,,0.0037358133141251,0.0037412957766307,0.6082474226804123,0.6082474226804123,0.0,-0.0618556701030927,0.0618556701030927,0.48,0.44,0.04,-0.03,0.12,0.8,0.78,0.02,-0.06,0.11,0.6233766233766234,77,0.5866666666666667,0,100,0.0,80,0.0
qwen2.5-7b-instruct,dev,cure_centred_svd_r1_a0.5,cure_centred_svd,1,0.5,identity,bbq,exploratory,42,42,42,0.0,0.0,0.0,0.0,1.0,0.0,0.0,0.0,,,,0,0,0,42,,,,0.0031388779004533,0.00314237432477,0.6923076923076923,0.6923076923076923,0.0,0.0,0.0,0.7142857142857143,0.7142857142857143,0.0,-0.0952380952380952,0.0952380952380952,0.9761904761904762,1.0,-0.0238095238095238,-0.0714285714285714,0.0,0.7894736842105263,38,0.7692307692307693,0,42,0.0,41,0.0
qwen2.5-7b-instruct,dev,cure_centred_svd_r1_a0.5,cure_centred_svd,1,0.5,identity,crows_pairs,exploratory,30,30,30,0.0,0.0,0.0,0.0,1.0,0.0,0.0,0.0,,,,0,0,0,30,,,,0.0039909763040833,0.0040004393341925,0.7,0.7,0.0,-0.1333333333333333,0.1333333333333333,0.2666666666666666,0.3,-0.0333333333333333,-0.2,0.1333333333333333,0.6333333333333333,0.6666666666666666,-0.0333333333333333,-0.2,0.1333333333333333,0.4210526315789473,19,0.45,0,30,0.0,19,0.0
qwen2.5-7b-instruct,dev,cure_centred_svd_r1_a0.5,cure_centred_svd,1,0.5,identity,stereoset,exploratory,28,28,28,0.0,0.0,0.0,0.0,1.0,0.0,0.0,0.0,,,,0,0,0,28,,,,0.0043578275168203,0.0043620241427483,0.3928571428571428,0.3928571428571428,0.0,-0.1428571428571428,0.1428571428571428,0.3571428571428571,0.1785714285714285,0.1785714285714285,0.0357142857142857,0.3571428571428571,0.7142857142857143,0.5714285714285714,0.1428571428571428,-0.1071428571428571,0.3928571428571428,0.5,20,0.3125,0,28,0.0,20,0.0
qwen2.5-7b-instruct,dev,cure_centred_svd_r1_a0.5,cure_centred_svd,1,0.5,neutral,pooled,exploratory,42,42,42,0.2014392671130952,0.1981724330357142,0.4761904761904761,0.5,0.0238095238095238,0.0032668340773809,-0.0524710518973214,0.0547453380766368,0.0162174640734114,-0.2847690058844098,0.2490767331981988,1,1,1,41,1.0,1.0,1.0,0.0088006895978467,0.0058657699405064,0.7307692307692307,0.7307692307692307,0.0,-0.0384615384615384,0.0384615384615384,0.7023809523809523,0.6904761904761905,0.0119047619047619,-0.0476190476190476,0.0714285714285714,0.9285714285714286,0.9166666666666666,0.0119047619047619,-0.0238095238095238,0.0595238095238095,0.8026315789473685,38,0.8157894736842105,4,42,0.0952380952380952,37,0.1081081081081081
qwen2.5-7b-instruct,dev,cure_centred_svd_r1_a0.5,cure_centred_svd,1,0.5,neutral,bbq,exploratory,42,42,42,0.2014392671130952,0.1981724330357142,0.4761904761904761,0.5,0.0238095238095238,0.0032668340773809,-0.0524710518973214,0.0547453380766368,0.0162174640734114,-0.2847690058844098,0.2490767331981988,1,1,1,41,1.0,1.0,1.0,0.0088006895978467,0.0058657699405064,0.7307692307692307,0.7307692307692307,0.0,-0.0384615384615384,0.0384615384615384,0.7023809523809523,0.6904761904761905,0.0119047619047619,-0.0476190476190476,0.0714285714285714,0.9285714285714286,0.9166666666666666,0.0119047619047619,-0.0238095238095238,0.0595238095238095,0.8026315789473685,38,0.8157894736842105,4,42,0.0952380952380952,37,0.1081081081081081
qwen2.5-7b-instruct,dev,cure_centred_svd_r1_a1,cure_centred_svd,1,1.0,demographic,pooled,exploratory,100,100,100,0.629144287109375,0.5244314575195312,0.5,0.48,0.02,0.1047128295898437,0.0252528991699218,0.1976906127929687,0.1664369076145481,0.0419406782174883,0.2856227507447833,27,8,5,73,0.2962962962962963,0.1304347826086956,0.4782608695652174,0.010900638710727,0.0107329369430205,0.615,0.6,0.015,-0.035,0.0601249999999993,0.475,0.45,0.025,-0.02,0.07,0.775,0.795,-0.02,-0.08,0.04,0.6208791208791209,91,0.5585106382978723,10,100,0.1,64,0.15625
qwen2.5-7b-instruct,dev,cure_centred_svd_r1_a1,cure_centred_svd,1,1.0,demographic,bbq,exploratory,42,42,42,0.3539922805059524,0.3830798921130952,0.4047619047619047,0.5476190476190477,0.0476190476190476,-0.0290876116071428,-0.088688732328869,0.0280221121651785,-0.0821701862130119,-0.2847583412125392,0.0744859381002565,5,1,1,37,0.2,0.0,0.6666666666666666,0.0093663138335019,0.0083128537827693,0.7142857142857143,0.7023809523809523,0.0119047619047619,0.0,0.0357142857142857,0.7380952380952381,0.7023809523809523,0.0357142857142857,0.0,0.0833333333333333,0.9642857142857144,0.9642857142857144,0.0,-0.0357142857142857,0.0357142857142857,0.8048780487804879,41,0.75,7,42,0.1666666666666666,40,0.175
qwen2.5-7b-instruct,dev,cure_centred_svd_r1_a1,cure_centred_svd,1,1.0,demographic,crows_pairs,exploratory,30,30,30,0.9754720052083332,0.8030039469401041,0.5333333333333333,0.4666666666666667,0.0,0.1724680582682291,0.0114449055989583,0.3459226735432942,0.176804723608029,0.0131044018791555,0.308540802264124,12,1,1,18,0.0833333333333333,0.0,0.2727272727272727,0.0110112289201054,0.0113843130995806,0.7666666666666667,0.6666666666666666,0.1,0.0,0.2,0.3,0.3166666666666666,-0.0166666666666666,-0.1333333333333333,0.1,0.6166666666666667,0.7166666666666667,-0.1,-0.2333333333333333,0.0333333333333333,0.5555555555555556,27,0.4642857142857143,2,30,0.0666666666666666,10,0.2
qwen2.5-7b-instruct,dev,cure_centred_svd_r1_a1,cure_centred_svd,1,1.0,demographic,stereoset,exploratory,28,28,28,0.670806884765625,0.43798828125,0.6071428571428571,0.3928571428571428,0.0,0.232818603515625,0.0385099138532366,0.4873808724539616,0.3470724716800873,0.0671341768308115,0.574102122126455,10,6,3,18,0.6,0.25,0.9,0.0130836365165164,0.0136651586585115,0.3035714285714285,0.375,-0.0714285714285714,-0.1964285714285714,0.0357142857142857,0.2678571428571428,0.2142857142857142,0.0535714285714285,-0.0178571428571428,0.125,0.6607142857142857,0.625,0.0357142857142857,-0.1071428571428571,0.1785714285714285,0.3695652173913043,23,0.3333333333333333,1,28,0.0357142857142857,14,0.0714285714285714
qwen2.5-7b-instruct,dev,cure_centred_svd_r1_a1,cure_centred_svd,1,1.0,identity,pooled,exploratory,100,100,100,0.0,0.0,0.0,0.0,1.0,0.0,0.0,0.0,,,,0,0,0,100,,,,0.0108072853708176,0.0108199657437631,0.6185567010309279,0.6082474226804123,0.0103092783505154,-0.0515463917525773,0.0721649484536082,0.48,0.44,0.04,-0.03,0.12,0.74,0.78,-0.04,-0.13,0.04,0.676056338028169,71,0.5866666666666667,0,100,0.0,74,0.0
qwen2.5-7b-instruct,dev,cure_centred_svd_r1_a1,cure_centred_svd,1,1.0,identity,bbq,exploratory,42,42,42,0.0,0.0,0.0,0.0,1.0,0.0,0.0,0.0,,,,0,0,0,42,,,,0.0088621193715208,0.0088750421177192,0.6923076923076923,0.6923076923076923,0.0,0.0,0.0,0.7380952380952381,0.7142857142857143,0.0238095238095238,-0.0476190476190476,0.119047619047619,1.0,1.0,0.0,0.0,0.0,0.7948717948717948,39,0.7692307692307693,0,42,0.0,42,0.0
qwen2.5-7b-instruct,dev,cure_centred_svd_r1_a1,cure_centred_svd,1,1.0,identity,crows_pairs,exploratory,30,30,30,0.0,0.0,0.0,0.0,1.0,0.0,0.0,0.0,,,,0,0,0,30,,,,0.011382217287406,0.0113961466442234,0.7666666666666667,0.7,0.0666666666666666,-0.0666666666666666,0.2,0.3,0.3,0.0,-0.1666666666666666,0.1666666666666666,0.5333333333333333,0.6666666666666666,-0.1333333333333333,-0.3,0.0333333333333333,0.5625,16,0.45,0,30,0.0,16,0.0
qwen2.5-7b-instruct,dev,cure_centred_svd_r1_a1,cure_centred_svd,1,1.0,identity,stereoset,exploratory,28,28,28,0.0,0.0,0.0,0.0,1.0,0.0,0.0,0.0,,,,0,0,0,28,,,,0.0131090358877036,0.0131200145037644,0.3571428571428571,0.3928571428571428,-0.0357142857142857,-0.1785714285714285,0.1071428571428571,0.2857142857142857,0.1785714285714285,0.1071428571428571,0.0,0.25,0.5714285714285714,0.5714285714285714,0.0,-0.2142857142857142,0.25,0.5,16,0.3125,0,28,0.0,16,0.0
qwen2.5-7b-instruct,dev,cure_centred_svd_r1_a1,cure_centred_svd,1,1.0,neutral,pooled,exploratory,42,42,42,0.2014392671130952,0.2029738653273809,0.4761904761904761,0.5,0.0238095238095238,-0.0015345982142857,-0.0745698474702381,0.0678984142485118,-0.0076181681768339,-0.4181359157695935,0.3037641283544779,1,1,1,41,1.0,1.0,1.0,0.021571554057778,0.0161560646859787,0.7307692307692307,0.7307692307692307,0.0,-0.0384615384615384,0.0384615384615384,0.6904761904761905,0.6904761904761905,0.0,-0.0595238095238095,0.0595238095238095,0.9285714285714286,0.9166666666666666,0.0119047619047619,-0.0238095238095238,0.0595238095238095,0.782051282051282,39,0.8157894736842105,4,42,0.0952380952380952,36,0.1111111111111111
qwen2.5-7b-instruct,dev,cure_centred_svd_r1_a1,cure_centred_svd,1,1.0,neutral,bbq,exploratory,42,42,42,0.2014392671130952,0.2029738653273809,0.4761904761904761,0.5,0.0238095238095238,-0.0015345982142857,-0.0745698474702381,0.0678984142485118,-0.0076181681768339,-0.4181359157695935,0.3037641283544779,1,1,1,41,1.0,1.0,1.0,0.021571554057778,0.0161560646859787,0.7307692307692307,0.7307692307692307,0.0,-0.0384615384615384,0.0384615384615384,0.6904761904761905,0.6904761904761905,0.0,-0.0595238095238095,0.0595238095238095,0.9285714285714286,0.9166666666666666,0.0119047619047619,-0.0238095238095238,0.0595238095238095,0.782051282051282,39,0.8157894736842105,4,42,0.0952380952380952,36,0.1111111111111111
qwen2.5-7b-instruct,dev,cure_centred_svd_r2_a1,cure_centred_svd,2,1.0,demographic,pooled,exploratory,100,100,100,0.629144287109375,0.5264404296875,0.51,0.47,0.02,0.102703857421875,0.0238058471679687,0.1868937377929687,0.1632437256861242,0.0416671249029774,0.2789028619742288,27,8,3,73,0.2962962962962963,0.125,0.4761904761904761,0.0137063260376889,0.0134614939080394,0.615,0.6,0.015,-0.04,0.065,0.475,0.45,0.025,-0.02,0.07,0.79,0.795,-0.005,-0.06,0.05,0.625,92,0.5585106382978723,13,100,0.13,66,0.1969696969696969
qwen2.5-7b-instruct,dev,cure_centred_svd_r2_a1,cure_centred_svd,2,1.0,demographic,bbq,exploratory,42,42,42,0.3539922805059524,0.3979027157738095,0.4285714285714285,0.5476190476190477,0.0238095238095238,-0.0439104352678571,-0.1171735491071428,0.0314383370535714,-0.1240434825445826,-0.3382814880849941,0.0902859771840828,5,1,2,37,0.2,0.0,0.6666666666666666,0.0127944515190669,0.0119342237374647,0.7142857142857143,0.7023809523809523,0.0119047619047619,0.0,0.0357142857142857,0.7142857142857143,0.7023809523809523,0.0119047619047619,-0.0238095238095238,0.0476190476190476,0.9642857142857144,0.9642857142857144,0.0,-0.0357142857142857,0.0357142857142857,0.7804878048780488,41,0.75,8,42,0.1904761904761904,40,0.2
qwen2.5-7b-instruct,dev,cure_centred_svd_r2_a1,cure_centred_svd,2,1.0,demographic,crows_pairs,exploratory,30,30,30,0.9754720052083332,0.7876057942708333,0.5,0.4666666666666667,0.0333333333333333,0.1878662109375,0.0596626790364583,0.335296427408854,0.1925900588991039,0.0759064660167046,0.3095017784507928,12,1,0,18,0.0833333333333333,0.0,0.2727272727272727,0.012047483691654,0.0125126906007699,0.8,0.6666666666666666,0.1333333333333333,0.05,0.2166666666666666,0.3333333333333333,0.3166666666666666,0.0166666666666666,-0.0666666666666666,0.1,0.65,0.7166666666666667,-0.0666666666666666,-0.2,0.0666666666666666,0.6111111111111112,27,0.4642857142857143,3,30,0.1,12,0.25
qwen2.5-7b-instruct,dev,cure_centred_svd_r2_a1,cure_centred_svd,2,1.0,demographic,stereoset,exploratory,28,28,28,0.670806884765625,0.4394269670758928,0.6428571428571429,0.3571428571428571,0.0,0.2313799176897321,0.032119641985212,0.4880159650530133,0.34492776228821,0.0552709756875623,0.5889572561217584,10,6,1,18,0.6,0.2727272727272727,0.9,0.0168514689006593,0.016768974135976,0.2678571428571428,0.375,-0.1071428571428571,-0.25,0.0178571428571428,0.2678571428571428,0.2142857142857142,0.0535714285714285,-0.0714285714285714,0.1607142857142857,0.6785714285714286,0.625,0.0535714285714285,-0.0892857142857142,0.1964285714285714,0.375,24,0.3333333333333333,2,28,0.0714285714285714,14,0.1428571428571428
qwen2.5-7b-instruct,dev,cure_centred_svd_r2_a1,cure_centred_svd,2,1.0,identity,pooled,exploratory,100,100,100,0.0,0.0,0.0,0.0,1.0,0.0,0.0,0.0,,,,0,0,0,100,,,,0.0133529614907748,0.0133696766323579,0.5979381443298969,0.6082474226804123,-0.0103092783505154,-0.0824742268041237,0.0618556701030927,0.47,0.44,0.03,-0.04,0.1,0.78,0.78,0.0,-0.08,0.08,0.6266666666666667,75,0.5866666666666667,0,100,0.0,78,0.0
qwen2.5-7b-instruct,dev,cure_centred_svd_r2_a1,cure_centred_svd,2,1.0,identity,bbq,exploratory,42,42,42,0.0,0.0,0.0,0.0,1.0,0.0,0.0,0.0,,,,0,0,0,42,,,,0.0124505773505685,0.0124641748360481,0.6923076923076923,0.6923076923076923,0.0,0.0,0.0,0.7142857142857143,0.7142857142857143,0.0,-0.0714285714285714,0.0714285714285714,1.0,1.0,0.0,0.0,0.0,0.7692307692307693,39,0.7692307692307693,0,42,0.0,42,0.0
qwen2.5-7b-instruct,dev,cure_centred_svd_r2_a1,cure_centred_svd,2,1.0,identity,crows_pairs,exploratory,30,30,30,0.0,0.0,0.0,0.0,1.0,0.0,0.0,0.0,,,,0,0,0,30,,,,0.012465885149235,0.0124919401491465,0.7666666666666667,0.7,0.0666666666666666,-0.0666666666666666,0.2,0.3,0.3,0.0,-0.1333333333333333,0.1666666666666666,0.6,0.6666666666666666,-0.0666666666666666,-0.2333333333333333,0.1,0.5,18,0.45,0,30,0.0,18,0.0
qwen2.5-7b-instruct,dev,cure_centred_svd_r2_a1,cure_centred_svd,2,1.0,identity,stereoset,exploratory,28,28,28,0.0,0.0,0.0,0.0,1.0,0.0,0.0,0.0,,,,0,0,0,28,,,,0.0156569766384482,0.0156683612731205,0.2857142857142857,0.3928571428571428,-0.1071428571428571,-0.2857142857142857,0.0714285714285714,0.2857142857142857,0.1785714285714285,0.1071428571428571,-0.0357142857142857,0.2857142857142857,0.6428571428571429,0.5714285714285714,0.0714285714285714,-0.1785714285714285,0.3214285714285714,0.4444444444444444,18,0.3125,0,28,0.0,18,0.0
qwen2.5-7b-instruct,dev,cure_centred_svd_r2_a1,cure_centred_svd,2,1.0,neutral,pooled,exploratory,42,42,42,0.2014392671130952,0.1619146437872023,0.4523809523809524,0.4285714285714285,0.119047619047619,0.0395246233258928,-0.0071610950288318,0.0876241774786086,0.1962111155999307,-0.0404310549426806,0.3864080786097256,1,1,0,41,1.0,1.0,1.0,0.0237301596133094,0.018695868720156,0.7435897435897436,0.7307692307692307,0.0128205128205128,0.0,0.0384615384615384,0.6904761904761905,0.6904761904761905,0.0,-0.0595238095238095,0.0595238095238095,0.9404761904761904,0.9166666666666666,0.0238095238095238,-0.0238095238095238,0.0714285714285714,0.782051282051282,39,0.8157894736842105,4,42,0.0952380952380952,37,0.1081081081081081
qwen2.5-7b-instruct,dev,cure_centred_svd_r2_a1,cure_centred_svd,2,1.0,neutral,bbq,exploratory,42,42,42,0.2014392671130952,0.1619146437872023,0.4523809523809524,0.4285714285714285,0.119047619047619,0.0395246233258928,-0.0071610950288318,0.0876241774786086,0.1962111155999307,-0.0404310549426806,0.3864080786097256,1,1,0,41,1.0,1.0,1.0,0.0237301596133094,0.018695868720156,0.7435897435897436,0.7307692307692307,0.0128205128205128,0.0,0.0384615384615384,0.6904761904761905,0.6904761904761905,0.0,-0.0595238095238095,0.0595238095238095,0.9404761904761904,0.9166666666666666,0.0238095238095238,-0.0238095238095238,0.0714285714285714,0.782051282051282,39,0.8157894736842105,4,42,0.0952380952380952,37,0.1081081081081081
qwen2.5-7b-instruct,dev,cure_centred_svd_r4_a1,cure_centred_svd,4,1.0,demographic,pooled,exploratory,100,100,100,0.629144287109375,0.5209814453125,0.52,0.46,0.02,0.108162841796875,0.0101529846191406,0.2173496704101561,0.1719205657796447,0.0179668572255586,0.3025816286663855,27,11,6,73,0.4074074074074074,0.2173136645962733,0.5883021390374328,0.0250216538954661,0.0233935202565445,0.59,0.6,-0.01,-0.07,0.05,0.445,0.45,-0.005,-0.065,0.055,0.77,0.795,-0.025,-0.085,0.035,0.5574712643678161,87,0.5585106382978723,7,100,0.07,67,0.1044776119402985
qwen2.5-7b-instruct,dev,cure_centred_svd_r4_a1,cure_centred_svd,4,1.0,demographic,bbq,exploratory,42,42,42,0.3539922805059524,0.3640020461309524,0.4761904761904761,0.5,0.0238095238095238,-0.010009765625,-0.0790928431919642,0.057145763578869,-0.0282767906992018,-0.2168491244305916,0.1624421139425561,5,1,2,37,0.2,0.0,0.6666666666666666,0.0273036548091785,0.0235007326444987,0.6904761904761905,0.7023809523809523,-0.0119047619047619,-0.1071428571428571,0.0714285714285714,0.6785714285714286,0.7023809523809523,-0.0238095238095238,-0.0833333333333333,0.0357142857142857,0.9404761904761904,0.9642857142857144,-0.0238095238095238,-0.0714285714285714,0.0238095238095238,0.7073170731707317,41,0.75,4,42,0.0952380952380952,38,0.1052631578947368
qwen2.5-7b-instruct,dev,cure_centred_svd_r4_a1,cure_centred_svd,4,1.0,demographic,crows_pairs,exploratory,30,30,30,0.9754720052083332,0.7805826822916667,0.5333333333333333,0.4666666666666667,0.0,0.1948893229166666,-0.0201265462239583,0.4258866373697911,0.1997897652378489,-0.032251241197619,0.3617817997814308,12,3,3,18,0.25,0.0,0.5,0.019288330445756,0.0195336991442372,0.7833333333333333,0.6666666666666666,0.1166666666666666,0.0166666666666666,0.2166666666666666,0.3166666666666666,0.3166666666666666,0.0,-0.1333333333333333,0.1333333333333333,0.6333333333333333,0.7166666666666667,-0.0833333333333333,-0.2166666666666666,0.05,0.5208333333333334,24,0.4642857142857143,1,30,0.0333333333333333,14,0.0714285714285714
qwen2.5-7b-instruct,dev,cure_centred_svd_r4_a1,cure_centred_svd,4,1.0,demographic,stereoset,exploratory,28,28,28,0.670806884765625,0.4783063616071428,0.5714285714285714,0.3928571428571428,0.0357142857142857,0.1925005231584821,-0.0282089233398437,0.4650999886648995,0.2869686157525655,-0.0508930007451481,0.5465883478451944,10,7,1,18,0.7,0.375,1.0,0.0277414990781584,0.0273682242949425,0.2321428571428571,0.375,-0.1428571428571428,-0.2678571428571428,-0.0357142857142857,0.2321428571428571,0.2142857142857142,0.0178571428571428,-0.0892857142857142,0.125,0.6607142857142857,0.625,0.0357142857142857,-0.1071428571428571,0.1785714285714285,0.3181818181818182,22,0.3333333333333333,2,28,0.0714285714285714,15,0.1333333333333333
qwen2.5-7b-instruct,dev,cure_centred_svd_r4_a1,cure_centred_svd,4,1.0,identity,pooled,exploratory,100,100,100,0.0,0.0,0.0,0.0,1.0,0.0,0.0,0.0,,,,0,0,0,100,,,,0.0227438853077018,0.0227785853427704,0.5979381443298969,0.6082474226804123,-0.0103092783505154,-0.0927835051546391,0.0618556701030927,0.45,0.44,0.01,-0.06,0.08,0.77,0.78,-0.01,-0.0902499999999999,0.07,0.6081081081081081,74,0.5866666666666667,0,100,0.0,77,0.0
qwen2.5-7b-instruct,dev,cure_centred_svd_r4_a1,cure_centred_svd,4,1.0,identity,bbq,exploratory,42,42,42,0.0,0.0,0.0,0.0,1.0,0.0,0.0,0.0,,,,0,0,0,42,,,,0.0235412658360733,0.0235441311466297,0.717948717948718,0.6923076923076923,0.0256410256410256,-0.0512820512820512,0.1282051282051282,0.7380952380952381,0.7142857142857143,0.0238095238095238,-0.0476190476190476,0.119047619047619,1.0,1.0,0.0,0.0,0.0,0.7948717948717948,39,0.7692307692307693,0,42,0.0,42,0.0
qwen2.5-7b-instruct,dev,cure_centred_svd_r4_a1,cure_centred_svd,4,1.0,identity,crows_pairs,exploratory,30,30,30,0.0,0.0,0.0,0.0,1.0,0.0,0.0,0.0,,,,0,0,0,30,,,,0.0193537633776076,0.0194061218746024,0.7666666666666667,0.7,0.0666666666666666,-0.1,0.2333333333333333,0.2333333333333333,0.3,-0.0666666666666666,-0.2333333333333333,0.1,0.6,0.6666666666666666,-0.0666666666666666,-0.2333333333333333,0.1,0.3888888888888889,18,0.45,0,30,0.0,18,0.0
qwen2.5-7b-instruct,dev,cure_centred_svd_r4_a1,cure_centred_svd,4,1.0,identity,stereoset,exploratory,28,28,28,0.0,0.0,0.0,0.0,1.0,0.0,0.0,0.0,,,,0,0,0,28,,,,0.0251800880116739,0.0252436203528759,0.25,0.3928571428571428,-0.1428571428571428,-0.3214285714285714,0.0,0.25,0.1785714285714285,0.0714285714285714,-0.0357142857142857,0.2142857142857142,0.6071428571428571,0.5714285714285714,0.0357142857142857,-0.2142857142857142,0.2857142857142857,0.4117647058823529,17,0.3125,0,28,0.0,17,0.0
qwen2.5-7b-instruct,dev,cure_centred_svd_r4_a1,cure_centred_svd,4,1.0,neutral,pooled,exploratory,42,42,42,0.2014392671130952,0.1499255952380952,0.5476190476190477,0.3571428571428571,0.0952380952380952,0.051513671875,0.0018351236979166,0.1000744047619047,0.2557280544814451,0.0103021214093769,0.4467183250226406,1,1,0,41,1.0,1.0,1.0,0.0343336057592662,0.0286668654329313,0.717948717948718,0.7307692307692307,-0.0128205128205128,-0.0897435897435897,0.0641025641025641,0.6904761904761905,0.6904761904761905,0.0,-0.0833333333333333,0.0833333333333333,0.9047619047619048,0.9166666666666666,-0.0119047619047619,-0.0714285714285714,0.0476190476190476,0.8157894736842105,38,0.8157894736842105,3,42,0.0714285714285714,35,0.0857142857142857
qwen2.5-7b-instruct,dev,cure_centred_svd_r4_a1,cure_centred_svd,4,1.0,neutral,bbq,exploratory,42,42,42,0.2014392671130952,0.1499255952380952,0.5476190476190477,0.3571428571428571,0.0952380952380952,0.051513671875,0.0018351236979166,0.1000744047619047,0.2557280544814451,0.0103021214093769,0.4467183250226406,1,1,0,41,1.0,1.0,1.0,0.0343336057592662,0.0286668654329313,0.717948717948718,0.7307692307692307,-0.0128205128205128,-0.0897435897435897,0.0641025641025641,0.6904761904761905,0.6904761904761905,0.0,-0.0833333333333333,0.0833333333333333,0.9047619047619048,0.9166666666666666,-0.0119047619047619,-0.0714285714285714,0.0476190476190476,0.8157894736842105,38,0.8157894736842105,3,42,0.0714285714285714,35,0.0857142857142857
qwen2.5-7b-instruct,dev,identity_alpha0_r1_a0,identity_alpha0,1,0.0,demographic,pooled,exploratory,100,100,100,0.629144287109375,0.629144287109375,0.0,0.0,1.0,0.0,0.0,0.0,0.0,0.0,0.0,27,0,0,73,0.0,0.0,0.0,0.0,0.0,0.6,0.6,0.0,0.0,0.0,0.45,0.45,0.0,0.0,0.0,0.795,0.795,0.0,0.0,0.0,0.5585106382978723,94,0.5585106382978723,15,100,0.15,65,0.2307692307692307
qwen2.5-7b-instruct,dev,identity_alpha0_r1_a0,identity_alpha0,1,0.0,demographic,bbq,exploratory,42,42,42,0.3539922805059524,0.3539922805059524,0.0,0.0,1.0,0.0,0.0,0.0,0.0,0.0,0.0,5,0,0,37,0.0,0.0,0.0,0.0,0.0,0.7023809523809523,0.7023809523809523,0.0,0.0,0.0,0.7023809523809523,0.7023809523809523,0.0,0.0,0.0,0.9642857142857144,0.9642857142857144,0.0,0.0,0.0,0.75,42,0.75,7,42,0.1666666666666666,39,0.1794871794871795
qwen2.5-7b-instruct,dev,identity_alpha0_r1_a0,identity_alpha0,1,0.0,demographic,crows_pairs,exploratory,30,30,30,0.9754720052083332,0.9754720052083332,0.0,0.0,1.0,0.0,0.0,0.0,0.0,0.0,0.0,12,0,0,18,0.0,0.0,0.0,0.0,0.0,0.6666666666666666,0.6666666666666666,0.0,0.0,0.0,0.3166666666666666,0.3166666666666666,0.0,0.0,0.0,0.7166666666666667,0.7166666666666667,0.0,0.0,0.0,0.4642857142857143,28,0.4642857142857143,6,30,0.2,15,0.4
qwen2.5-7b-instruct,dev,identity_alpha0_r1_a0,identity_alpha0,1,0.0,demographic,stereoset,exploratory,28,28,28,0.670806884765625,0.670806884765625,0.0,0.0,1.0,0.0,0.0,0.0,0.0,0.0,0.0,10,0,0,18,0.0,0.0,0.0,0.0,0.0,0.375,0.375,0.0,0.0,0.0,0.2142857142857142,0.2142857142857142,0.0,0.0,0.0,0.625,0.625,0.0,0.0,0.0,0.3333333333333333,24,0.3333333333333333,2,28,0.0714285714285714,11,0.1818181818181818
qwen2.5-7b-instruct,dev,identity_alpha0_r1_a0,identity_alpha0,1,0.0,identity,pooled,exploratory,100,100,100,0.0,0.0,0.0,0.0,1.0,0.0,0.0,0.0,,,,0,0,0,100,,,,0.0,0.0,0.6082474226804123,0.6082474226804123,0.0,0.0,0.0,0.44,0.44,0.0,0.0,0.0,0.78,0.78,0.0,0.0,0.0,0.5866666666666667,75,0.5866666666666667,0,100,0.0,78,0.0
qwen2.5-7b-instruct,dev,identity_alpha0_r1_a0,identity_alpha0,1,0.0,identity,bbq,exploratory,42,42,42,0.0,0.0,0.0,0.0,1.0,0.0,0.0,0.0,,,,0,0,0,42,,,,0.0,0.0,0.6923076923076923,0.6923076923076923,0.0,0.0,0.0,0.7142857142857143,0.7142857142857143,0.0,0.0,0.0,1.0,1.0,0.0,0.0,0.0,0.7692307692307693,39,0.7692307692307693,0,42,0.0,42,0.0
qwen2.5-7b-instruct,dev,identity_alpha0_r1_a0,identity_alpha0,1,0.0,identity,crows_pairs,exploratory,30,30,30,0.0,0.0,0.0,0.0,1.0,0.0,0.0,0.0,,,,0,0,0,30,,,,0.0,0.0,0.7,0.7,0.0,0.0,0.0,0.3,0.3,0.0,0.0,0.0,0.6666666666666666,0.6666666666666666,0.0,0.0,0.0,0.45,20,0.45,0,30,0.0,20,0.0
qwen2.5-7b-instruct,dev,identity_alpha0_r1_a0,identity_alpha0,1,0.0,identity,stereoset,exploratory,28,28,28,0.0,0.0,0.0,0.0,1.0,0.0,0.0,0.0,,,,0,0,0,28,,,,0.0,0.0,0.3928571428571428,0.3928571428571428,0.0,0.0,0.0,0.1785714285714285,0.1785714285714285,0.0,0.0,0.0,0.5714285714285714,0.5714285714285714,0.0,0.0,0.0,0.3125,16,0.3125,0,28,0.0,16,0.0
qwen2.5-7b-instruct,dev,identity_alpha0_r1_a0,identity_alpha0,1,0.0,neutral,pooled,exploratory,42,42,42,0.2014392671130952,0.2014392671130952,0.0,0.0,1.0,0.0,0.0,0.0,0.0,0.0,0.0,1,0,0,41,0.0,0.0,0.0,0.0,0.0,0.7307692307692307,0.7307692307692307,0.0,0.0,0.0,0.6904761904761905,0.6904761904761905,0.0,0.0,0.0,0.9166666666666666,0.9166666666666666,0.0,0.0,0.0,0.8157894736842105,38,0.8157894736842105,3,42,0.0714285714285714,36,0.0833333333333333
qwen2.5-7b-instruct,dev,identity_alpha0_r1_a0,identity_alpha0,1,0.0,neutral,bbq,exploratory,42,42,42,0.2014392671130952,0.2014392671130952,0.0,0.0,1.0,0.0,0.0,0.0,0.0,0.0,0.0,1,0,0,41,0.0,0.0,0.0,0.0,0.0,0.7307692307692307,0.7307692307692307,0.0,0.0,0.0,0.6904761904761905,0.6904761904761905,0.0,0.0,0.0,0.9166666666666666,0.9166666666666666,0.0,0.0,0.0,0.8157894736842105,38,0.8157894736842105,3,42,0.0714285714285714,36,0.0833333333333333
qwen2.5-7b-instruct,dev,leace_faithful_r1_a1,leace_faithful,1,1.0,demographic,pooled,exploratory,100,100,100,0.629144287109375,0.6074624633789063,0.47,0.49,0.04,0.0216818237304687,-0.0165156936645507,0.0598453674316406,0.0344624026232307,-0.0269514977194017,0.0938714286585367,27,2,2,73,0.074074074074074,0.0,0.1875744047619043,0.000895186229906,0.0009596854620232,0.595,0.6,-0.005,-0.02,0.01,0.44,0.45,-0.01,-0.035,0.015,0.79,0.795,-0.005,-0.04,0.03,0.5483870967741935,93,0.5585106382978723,16,100,0.16,65,0.2461538461538461
qwen2.5-7b-instruct,dev,leace_faithful_r1_a1,leace_faithful,1,1.0,demographic,bbq,exploratory,42,42,42,0.3539922805059524,0.3697102864583333,0.4047619047619047,0.5238095238095238,0.0714285714285714,-0.0157180059523809,-0.0537618001302083,0.0187877836681547,-0.0444021150119873,-0.1741885700705938,0.0502269184841161,5,0,1,37,0.0,0.0,0.0,0.0008654334552385,0.0010817799046264,0.7023809523809523,0.7023809523809523,0.0,0.0,0.0,0.7023809523809523,0.7023809523809523,0.0,-0.0357142857142857,0.0357142857142857,0.9642857142857144,0.9642857142857144,0.0,-0.0357142857142857,0.0357142857142857,0.7682926829268293,41,0.75,9,42,0.2142857142857142,40,0.225
qwen2.5-7b-instruct,dev,leace_faithful_r1_a1,leace_faithful,1,1.0,demographic,crows_pairs,exploratory,30,30,30,0.9754720052083332,0.9351155598958332,0.4333333333333333,0.5666666666666667,0.0,0.0403564453125,-0.0581561279296874,0.1485443115234374,0.0413711978375852,-0.0623947113264758,0.1416177128796064,12,1,1,18,0.0833333333333333,0.0,0.2727272727272727,0.0009887131002722,0.0009958034527228,0.65,0.6666666666666666,-0.0166666666666666,-0.05,0.0,0.2666666666666666,0.3166666666666666,-0.05,-0.1166666666666666,0.0,0.6666666666666666,0.7166666666666667,-0.05,-0.1166666666666666,0.0166666666666666,0.3928571428571428,28,0.4642857142857143,4,30,0.1333333333333333,12,0.3333333333333333
qwen2.5-7b-instruct,dev,leace_faithful_r1_a1,leace_faithful,1,1.0,demographic,stereoset,exploratory,28,28,28,0.670806884765625,0.6130338396344867,0.6071428571428571,0.3571428571428571,0.0357142857142857,0.0577730451311383,0.0009614127022879,0.1177339281354631,0.0861247051024586,0.0014048511357554,0.1846609349540079,10,1,0,18,0.1,0.0,0.3333333333333333,0.0008396080308006,0.0007378459509403,0.375,0.375,0.0,-0.0535714285714285,0.0535714285714285,0.2321428571428571,0.2142857142857142,0.0178571428571428,0.0,0.0535714285714285,0.6607142857142857,0.625,0.0357142857142857,-0.0357142857142857,0.125,0.3541666666666667,24,0.3333333333333333,3,28,0.1071428571428571,13,0.2307692307692307
qwen2.5-7b-instruct,dev,leace_faithful_r1_a1,leace_faithful,1,1.0,identity,pooled,exploratory,100,100,100,0.0,0.0,0.0,0.0,1.0,0.0,0.0,0.0,,,,0,0,0,100,,,,0.0008952816285919,0.0008963059876584,0.5876288659793815,0.6082474226804123,-0.0206185567010309,-0.0515463917525773,0.0,0.42,0.44,-0.02,-0.05,0.0,0.79,0.78,0.01,-0.03,0.06,0.5526315789473685,76,0.5866666666666667,0,100,0.0,79,0.0
qwen2.5-7b-instruct,dev,leace_faithful_r1_a1,leace_faithful,1,1.0,identity,bbq,exploratory,42,42,42,0.0,0.0,0.0,0.0,1.0,0.0,0.0,0.0,,,,0,0,0,42,,,,0.0009930770910743,0.0009932033862743,0.6923076923076923,0.6923076923076923,0.0,0.0,0.0,0.6904761904761905,0.7142857142857143,-0.0238095238095238,-0.0714285714285714,0.0,1.0,1.0,0.0,0.0,0.0,0.7435897435897436,39,0.7692307692307693,0,42,0.0,42,0.0
qwen2.5-7b-instruct,dev,leace_faithful_r1_a1,leace_faithful,1,1.0,identity,crows_pairs,exploratory,30,30,30,0.0,0.0,0.0,0.0,1.0,0.0,0.0,0.0,,,,0,0,0,30,,,,0.0010051611030415,0.0010068393444333,0.6666666666666666,0.7,-0.0333333333333333,-0.1,0.0,0.2666666666666666,0.3,-0.0333333333333333,-0.1,0.0,0.6666666666666666,0.6666666666666666,0.0,-0.1,0.1,0.4,20,0.45,0,30,0.0,20,0.0
qwen2.5-7b-instruct,dev,leace_faithful_r1_a1,leace_faithful,1,1.0,identity,stereoset,exploratory,28,28,28,0.0,0.0,0.0,0.0,1.0,0.0,0.0,0.0,,,,0,0,0,28,,,,0.0006308604265294,0.0006325312931899,0.3571428571428571,0.3928571428571428,-0.0357142857142857,-0.1071428571428571,0.0,0.1785714285714285,0.1785714285714285,0.0,0.0,0.0,0.6071428571428571,0.5714285714285714,0.0357142857142857,-0.0714285714285714,0.1428571428571428,0.2941176470588235,17,0.3125,0,28,0.0,17,0.0
qwen2.5-7b-instruct,dev,leace_faithful_r1_a1,leace_faithful,1,1.0,neutral,pooled,exploratory,42,42,42,0.2014392671130952,0.2018577938988095,0.4285714285714285,0.4523809523809524,0.119047619047619,-0.0004185267857142,-0.0220316569010416,0.0209155854724702,-0.0020776822300456,-0.1196143698446039,0.1020045593468769,1,0,0,41,0.0,0.0,0.0,0.0005286963718221,0.0007642178911716,0.717948717948718,0.7307692307692307,-0.0128205128205128,-0.0384615384615384,0.0,0.6666666666666666,0.6904761904761905,-0.0238095238095238,-0.0595238095238095,0.0,0.9166666666666666,0.9166666666666666,0.0,0.0,0.0,0.7763157894736842,38,0.8157894736842105,4,42,0.0952380952380952,36,0.1111111111111111
qwen2.5-7b-instruct,dev,leace_faithful_r1_a1,leace_faithful,1,1.0,neutral,bbq,exploratory,42,42,42,0.2014392671130952,0.2018577938988095,0.4285714285714285,0.4523809523809524,0.119047619047619,-0.0004185267857142,-0.0220316569010416,0.0209155854724702,-0.0020776822300456,-0.1196143698446039,0.1020045593468769,1,0,0,41,0.0,0.0,0.0,0.0005286963718221,0.0007642178911716,0.717948717948718,0.7307692307692307,-0.0128205128205128,-0.0384615384615384,0.0,0.6666666666666666,0.6904761904761905,-0.0238095238095238,-0.0595238095238095,0.0,0.9166666666666666,0.9166666666666666,0.0,0.0,0.0,0.7763157894736842,38,0.8157894736842105,4,42,0.0952380952380952,36,0.1111111111111111
qwen2.5-7b-instruct,dev,leace_sequential_r1_a1,leace_sequential,1,1.0,demographic,pooled,exploratory,100,100,100,0.629144287109375,0.6117337036132813,0.52,0.45,0.03,0.0174105834960937,-0.0159267959594726,0.0518642501831054,0.0276734349382512,-0.0268520061653671,0.0794384556247385,27,2,2,73,0.074074074074074,0.0,0.1851851851851851,0.0008686206773846,0.0007756049348581,0.58,0.6,-0.02,-0.04,-0.005,0.45,0.45,0.0,-0.03,0.03,0.795,0.795,0.0,-0.035,0.035,0.5376344086021505,93,0.5585106382978723,20,100,0.2,66,0.303030303030303
qwen2.5-7b-instruct,dev,leace_sequential_r1_a1,leace_sequential,1,1.0,demographic,bbq,exploratory,42,42,42,0.3539922805059524,0.3600260416666667,0.4761904761904761,0.4523809523809524,0.0714285714285714,-0.0060337611607142,-0.034648204985119,0.0213701520647321,-0.0170448947420276,-0.1106912377190878,0.0581210854557086,5,1,0,37,0.2,0.0,0.6666666666666666,0.000831212005295,0.0008072921671589,0.7023809523809523,0.7023809523809523,0.0,0.0,0.0,0.7023809523809523,0.7023809523809523,0.0,-0.0357142857142857,0.0357142857142857,0.9642857142857144,0.9642857142857144,0.0,-0.0357142857142857,0.0357142857142857,0.75,42,0.75,9,42,0.2142857142857142,39,0.2307692307692307
qwen2.5-7b-instruct,dev,leace_sequential_r1_a1,leace_sequential,1,1.0,demographic,crows_pairs,exploratory,30,30,30,0.9754720052083332,0.9266092936197916,0.5333333333333333,0.4666666666666667,0.0,0.0488627115885416,-0.027401123046875,0.1352839152018228,0.0500913520097442,-0.0282111172624158,0.1325896609342465,12,0,0,18,0.0,0.0,0.0,0.0008451104388154,0.0007702456915567,0.6166666666666667,0.6666666666666666,-0.05,-0.1166666666666666,0.0,0.3166666666666666,0.3166666666666666,0.0,-0.0666666666666666,0.0666666666666666,0.7333333333333333,0.7166666666666667,0.0166666666666666,-0.0666666666666666,0.1,0.3928571428571428,28,0.4642857142857143,8,30,0.2666666666666666,16,0.5
qwen2.5-7b-instruct,dev,leace_sequential_r1_a1,leace_sequential,1,1.0,demographic,stereoset,exploratory,28,28,28,0.670806884765625,0.6519284929547992,0.5714285714285714,0.4285714285714285,0.0,0.0188783918108258,-0.038172858101981,0.0820443562098911,0.0281428116490215,-0.063874848716546,0.1237590075062371,10,1,2,18,0.1,0.0,0.3333333333333333,0.0009499232268432,0.0007338161328014,0.3571428571428571,0.375,-0.0178571428571428,-0.0535714285714285,0.0,0.2142857142857142,0.2142857142857142,0.0,-0.0535714285714285,0.0535714285714285,0.6071428571428571,0.625,-0.0178571428571428,-0.0892857142857142,0.0357142857142857,0.3260869565217391,23,0.3333333333333333,3,28,0.1071428571428571,11,0.2727272727272727
qwen2.5-7b-instruct,dev,leace_sequential_r1_a1,leace_sequential,1,1.0,identity,pooled,exploratory,100,100,100,0.0,0.0,0.0,0.0,1.0,0.0,0.0,0.0,,,,0,0,0,100,,,,0.000709198984558,0.0007086128888541,0.5670103092783505,0.6082474226804123,-0.0412371134020618,-0.0824742268041237,-0.0103092783505154,0.43,0.44,-0.01,-0.05,0.03,0.8,0.78,0.02,-0.03,0.08,0.5584415584415584,77,0.5866666666666667,0,100,0.0,80,0.0
qwen2.5-7b-instruct,dev,leace_sequential_r1_a1,leace_sequential,1,1.0,identity,bbq,exploratory,42,42,42,0.0,0.0,0.0,0.0,1.0,0.0,0.0,0.0,,,,0,0,0,42,,,,0.000809501440063,0.0008098233898429,0.6923076923076923,0.6923076923076923,0.0,0.0,0.0,0.6666666666666666,0.7142857142857143,-0.0476190476190476,-0.119047619047619,0.0,0.9761904761904762,1.0,-0.0238095238095238,-0.0714285714285714,0.0,0.7368421052631579,38,0.7692307692307693,0,42,0.0,41,0.0
qwen2.5-7b-instruct,dev,leace_sequential_r1_a1,leace_sequential,1,1.0,identity,crows_pairs,exploratory,30,30,30,0.0,0.0,0.0,0.0,1.0,0.0,0.0,0.0,,,,0,0,0,30,,,,0.0007413559396819,0.0007410157211579,0.6,0.7,-0.1,-0.2333333333333333,0.0,0.3,0.3,0.0,-0.1,0.1,0.7333333333333333,0.6666666666666666,0.0666666666666666,-0.0666666666666666,0.2,0.4090909090909091,22,0.45,0,30,0.0,22,0.0
qwen2.5-7b-instruct,dev,leace_sequential_r1_a1,leace_sequential,1,1.0,identity,stereoset,exploratory,28,28,28,0.0,0.0,0.0,0.0,1.0,0.0,0.0,0.0,,,,0,0,0,28,,,,0.0005242914208106,0.0005220798170453,0.3571428571428571,0.3928571428571428,-0.0357142857142857,-0.1071428571428571,0.0,0.2142857142857142,0.1785714285714285,0.0357142857142857,0.0,0.1071428571428571,0.6071428571428571,0.5714285714285714,0.0357142857142857,-0.0714285714285714,0.1428571428571428,0.3529411764705882,17,0.3125,0,28,0.0,17,0.0
qwen2.5-7b-instruct,dev,leace_sequential_r1_a1,leace_sequential,1,1.0,neutral,pooled,exploratory,42,42,42,0.2014392671130952,0.2105015345982142,0.5,0.5,0.0,-0.009062267485119,-0.0366462344215029,0.0180318196614583,-0.044987591620015,-0.2052040965347537,0.0834796256363321,1,1,0,41,1.0,1.0,1.0,0.000363358243759,0.0005960550793386,0.717948717948718,0.7307692307692307,-0.0128205128205128,-0.0384615384615384,0.0,0.6666666666666666,0.6904761904761905,-0.0238095238095238,-0.0714285714285714,0.0238095238095238,0.9166666666666666,0.9166666666666666,0.0,-0.0357142857142857,0.0357142857142857,0.7763157894736842,38,0.8157894736842105,4,42,0.0952380952380952,36,0.1111111111111111
qwen2.5-7b-instruct,dev,leace_sequential_r1_a1,leace_sequential,1,1.0,neutral,bbq,exploratory,42,42,42,0.2014392671130952,0.2105015345982142,0.5,0.5,0.0,-0.009062267485119,-0.0366462344215029,0.0180318196614583,-0.044987591620015,-0.2052040965347537,0.0834796256363321,1,1,0,41,1.0,1.0,1.0,0.000363358243759,0.0005960550793386,0.717948717948718,0.7307692307692307,-0.0128205128205128,-0.0384615384615384,0.0,0.6666666666666666,0.6904761904761905,-0.0238095238095238,-0.0714285714285714,0.0238095238095238,0.9166666666666666,0.9166666666666666,0.0,-0.0357142857142857,0.0357142857142857,0.7763157894736842,38,0.8157894736842105,4,42,0.0952380952380952,36,0.1111111111111111
qwen2.5-7b-instruct,dev,mean_difference_r1_a1,mean_difference,1,1.0,demographic,pooled,exploratory,100,100,100,0.629144287109375,0.60566162109375,0.54,0.43,0.03,0.023482666015625,-0.0162261047363281,0.0647480773925781,0.037324770321792,-0.0267792835895658,0.1027717786189999,27,5,4,73,0.1851851851851851,0.0476190476190476,0.3333333333333333,0.0035720010988473,0.0031093141170891,0.59,0.6,-0.01,-0.04,0.015,0.44,0.45,-0.01,-0.03,0.01,0.78,0.795,-0.015,-0.045,0.015,0.5483870967741935,93,0.5585106382978723,13,100,0.13,63,0.2063492063492063
qwen2.5-7b-instruct,dev,mean_difference_r1_a1,mean_difference,1,1.0,demographic,bbq,exploratory,42,42,42,0.3539922805059524,0.3734072730654761,0.5,0.5,0.0,-0.0194149925595238,-0.0525349934895833,0.0113164992559522,-0.0548458077440967,-0.1771130808179427,0.0309456737760611,5,0,2,37,0.0,0.0,0.0,0.004564556966239,0.0032870044898416,0.6904761904761905,0.7023809523809523,-0.0119047619047619,-0.0714285714285714,0.0357142857142857,0.6904761904761905,0.7023809523809523,-0.0119047619047619,-0.0479166666666666,0.0238095238095238,0.9523809523809524,0.9642857142857144,-0.0119047619047619,-0.0595238095238095,0.0238095238095238,0.7560975609756098,41,0.75,6,42,0.1428571428571428,39,0.1538461538461538
qwen2.5-7b-instruct,dev,mean_difference_r1_a1,mean_difference,1,1.0,demographic,crows_pairs,exploratory,30,30,30,0.9754720052083332,0.9140869140625,0.6,0.3666666666666666,0.0333333333333333,0.0613850911458333,-0.0277396647135416,0.1605277506510415,0.0629286036073615,-0.0269970003380213,0.1647961907971938,12,1,0,18,0.0833333333333333,0.0,0.2727272727272727,0.0026322623230068,0.0028258025984006,0.6333333333333333,0.6666666666666666,-0.0333333333333333,-0.0833333333333333,0.0,0.3,0.3166666666666666,-0.0166666666666666,-0.05,0.0,0.7,0.7166666666666667,-0.0166666666666666,-0.0666666666666666,0.0333333333333333,0.4285714285714285,28,0.4642857142857143,6,30,0.2,14,0.4285714285714285
qwen2.5-7b-instruct,dev,mean_difference_r1_a1,mean_difference,1,1.0,demographic,stereoset,exploratory,28,28,28,0.670806884765625,0.6235874720982143,0.5357142857142857,0.3928571428571428,0.0714285714285714,0.0472194126674107,-0.042640141078404,0.143003191266741,0.0703919618891639,-0.0742373296400952,0.215262590083724,10,4,2,18,0.4,0.1111111111111111,0.7142857142857143,0.0030900302718745,0.0031465408994121,0.3928571428571428,0.375,0.0178571428571428,0.0,0.0535714285714285,0.2142857142857142,0.2142857142857142,0.0,0.0,0.0,0.6071428571428571,0.625,-0.0178571428571428,-0.0714285714285714,0.0357142857142857,0.3333333333333333,24,0.3333333333333333,1,28,0.0357142857142857,10,0.1
qwen2.5-7b-instruct,dev,mean_difference_r1_a1,mean_difference,1,1.0,identity,pooled,exploratory,100,100,100,0.0,0.0,0.0,0.0,1.0,0.0,0.0,0.0,,,,0,0,0,100,,,,0.0031349963427532,0.0031407127952275,0.5876288659793815,0.6082474226804123,-0.0206185567010309,-0.0618556701030927,0.0206185567010309,0.41,0.44,-0.03,-0.07,0.0,0.75,0.78,-0.03,-0.09,0.02,0.5694444444444444,72,0.5866666666666667,0,100,0.0,75,0.0
qwen2.5-7b-instruct,dev,mean_difference_r1_a1,mean_difference,1,1.0,identity,bbq,exploratory,42,42,42,0.0,0.0,0.0,0.0,1.0,0.0,0.0,0.0,,,,0,0,0,42,,,,0.0031974067190251,0.0032032385337123,0.6923076923076923,0.6923076923076923,0.0,-0.0769230769230769,0.0769230769230769,0.6666666666666666,0.7142857142857143,-0.0476190476190476,-0.119047619047619,0.0,0.9285714285714286,1.0,-0.0714285714285714,-0.1666666666666666,0.0,0.7777777777777778,36,0.7692307692307693,0,42,0.0,39,0.0
qwen2.5-7b-instruct,dev,mean_difference_r1_a1,mean_difference,1,1.0,identity,crows_pairs,exploratory,30,30,30,0.0,0.0,0.0,0.0,1.0,0.0,0.0,0.0,,,,0,0,0,30,,,,0.003016673952518,0.0030276583311849,0.6333333333333333,0.7,-0.0666666666666666,-0.1666666666666666,0.0,0.2666666666666666,0.3,-0.0333333333333333,-0.1,0.0,0.7333333333333333,0.6666666666666666,0.0666666666666666,0.0,0.1666666666666666,0.3636363636363636,22,0.45,0,30,0.0,22,0.0
qwen2.5-7b-instruct,dev,mean_difference_r1_a1,mean_difference,1,1.0,identity,stereoset,exploratory,28,28,28,0.0,0.0,0.0,0.0,1.0,0.0,0.0,0.0,,,,0,0,0,28,,,,0.0031681547678829,0.0031680539704031,0.3928571428571428,0.3928571428571428,0.0,0.0,0.0,0.1785714285714285,0.1785714285714285,0.0,0.0,0.0,0.5,0.5714285714285714,-0.0714285714285714,-0.2142857142857142,0.0714285714285714,0.3571428571428571,14,0.3125,0,28,0.0,14,0.0
qwen2.5-7b-instruct,dev,mean_difference_r1_a1,mean_difference,1,1.0,neutral,pooled,exploratory,42,42,42,0.2014392671130952,0.1863432384672619,0.5238095238095238,0.4523809523809524,0.0238095238095238,0.0150960286458333,-0.0137833368210565,0.0454647972470237,0.074940843769839,-0.0742715988050182,0.2088180862532501,1,1,0,41,1.0,1.0,1.0,0.0023001825015043,0.0026594438372722,0.7051282051282052,0.7307692307692307,-0.0256410256410256,-0.0897435897435897,0.0256410256410256,0.6666666666666666,0.6904761904761905,-0.0238095238095238,-0.0595238095238095,0.0,0.9047619047619048,0.9166666666666666,-0.0119047619047619,-0.0476190476190476,0.0238095238095238,0.8108108108108109,37,0.8157894736842105,3,42,0.0714285714285714,36,0.0833333333333333
qwen2.5-7b-instruct,dev,mean_difference_r1_a1,mean_difference,1,1.0,neutral,bbq,exploratory,42,42,42,0.2014392671130952,0.1863432384672619,0.5238095238095238,0.4523809523809524,0.0238095238095238,0.0150960286458333,-0.0137833368210565,0.0454647972470237,0.074940843769839,-0.0742715988050182,0.2088180862532501,1,1,0,41,1.0,1.0,1.0,0.0023001825015043,0.0026594438372722,0.7051282051282052,0.7307692307692307,-0.0256410256410256,-0.0897435897435897,0.0256410256410256,0.6666666666666666,0.6904761904761905,-0.0238095238095238,-0.0595238095238095,0.0,0.9047619047619048,0.9166666666666666,-0.0119047619047619,-0.0476190476190476,0.0238095238095238,0.8108108108108109,37,0.8157894736842105,3,42,0.0714285714285714,36,0.0833333333333333
qwen2.5-7b-instruct,dev,neutral_contrast_r1_a1,neutral_contrast,1,1.0,demographic,pooled,exploratory,100,100,100,0.629144287109375,0.6376031494140625,0.5,0.5,0.0,-0.0084588623046875,-0.0433420715332031,0.0257608947753906,-0.01344502760019,-0.0721160883347946,0.041601798129478,27,4,5,73,0.1481481481481481,0.0344827586206896,0.2916666666666667,0.00310547001488,0.0028644121809481,0.6,0.6,0.0,-0.025,0.025,0.455,0.45,0.005,-0.01,0.025,0.785,0.795,-0.01,-0.04,0.02,0.5760869565217391,92,0.5585106382978723,12,100,0.12,65,0.1846153846153846
qwen2.5-7b-instruct,dev,neutral_contrast_r1_a1,neutral_contrast,1,1.0,demographic,bbq,exploratory,42,42,42,0.3539922805059524,0.3812924339657738,0.3809523809523809,0.6190476190476191,0.0,-0.0273001534598214,-0.068627203078497,0.0110293433779761,-0.0771207593024401,-0.2368603841000754,0.0284606243424541,5,1,0,37,0.2,0.0,0.6666666666666666,0.003657340214483,0.0029175758319509,0.7023809523809523,0.7023809523809523,0.0,0.0,0.0,0.7023809523809523,0.7023809523809523,0.0,-0.0357142857142857,0.0357142857142857,0.9642857142857144,0.9642857142857144,0.0,-0.0357142857142857,0.0357142857142857,0.75,42,0.75,6,42,0.1428571428571428,39,0.1538461538461538
qwen2.5-7b-instruct,dev,neutral_contrast_r1_a1,neutral_contrast,1,1.0,demographic,crows_pairs,exploratory,30,30,30,0.9754720052083332,0.990582275390625,0.5666666666666667,0.4333333333333333,0.0,-0.0151102701822916,-0.0782025146484375,0.0404583231608072,-0.0154902140723807,-0.0876904991364758,0.0426652335927244,12,0,2,18,0.0,0.0,0.0,0.0030986395008941,0.0030877701076873,0.65,0.6666666666666666,-0.0166666666666666,-0.0833333333333333,0.0333333333333333,0.3166666666666666,0.3166666666666666,0.0,0.0,0.0,0.7166666666666667,0.7166666666666667,0.0,-0.05,0.05,0.4821428571428571,28,0.4642857142857143,5,30,0.1666666666666666,15,0.3333333333333333
qwen2.5-7b-instruct,dev,neutral_contrast_r1_a1,neutral_contrast,1,1.0,demographic,stereoset,exploratory,28,28,28,0.670806884765625,0.6438773018973214,0.6071428571428571,0.3928571428571428,0.0,0.0269295828683035,-0.0571871076311383,0.1196339198521204,0.0401450603443233,-0.0936921292932621,0.1716601736149793,10,3,3,18,0.3,0.0,0.6,0.0022849831233174,0.0025453546400806,0.3928571428571428,0.375,0.0178571428571428,-0.0357142857142857,0.0892857142857142,0.2321428571428571,0.2142857142857142,0.0178571428571428,0.0,0.0535714285714285,0.5892857142857143,0.625,-0.0357142857142857,-0.125,0.0535714285714285,0.3636363636363636,22,0.3333333333333333,1,28,0.0357142857142857,11,0.0909090909090909
qwen2.5-7b-instruct,dev,neutral_contrast_r1_a1,neutral_contrast,1,1.0,identity,pooled,exploratory,100,100,100,0.0,0.0,0.0,0.0,1.0,0.0,0.0,0.0,,,,0,0,0,100,,,,0.0028181502863594,0.0028265537458097,0.6082474226804123,0.6082474226804123,0.0,-0.0515463917525773,0.0515463917525773,0.42,0.44,-0.02,-0.05,0.0,0.76,0.78,-0.02,-0.07,0.03,0.5753424657534246,73,0.5866666666666667,0,100,0.0,76,0.0
qwen2.5-7b-instruct,dev,neutral_contrast_r1_a1,neutral_contrast,1,1.0,identity,bbq,exploratory,42,42,42,0.0,0.0,0.0,0.0,1.0,0.0,0.0,0.0,,,,0,0,0,42,,,,0.0026311960135534,0.0026354393006648,0.6923076923076923,0.6923076923076923,0.0,0.0,0.0,0.6904761904761905,0.7142857142857143,-0.0238095238095238,-0.0714285714285714,0.0,0.9761904761904762,1.0,-0.0238095238095238,-0.0714285714285714,0.0,0.7631578947368421,38,0.7692307692307693,0,42,0.0,41,0.0
qwen2.5-7b-instruct,dev,neutral_contrast_r1_a1,neutral_contrast,1,1.0,identity,crows_pairs,exploratory,30,30,30,0.0,0.0,0.0,0.0,1.0,0.0,0.0,0.0,,,,0,0,0,30,,,,0.0031742327079374,0.0031857065283019,0.6666666666666666,0.7,-0.0333333333333333,-0.1666666666666666,0.0666666666666666,0.2666666666666666,0.3,-0.0333333333333333,-0.1,0.0,0.6666666666666666,0.6666666666666666,0.0,-0.1,0.1,0.4,20,0.45,0,30,0.0,20,0.0
qwen2.5-7b-instruct,dev,neutral_contrast_r1_a1,neutral_contrast,1,1.0,identity,stereoset,exploratory,28,28,28,0.0,0.0,0.0,0.0,1.0,0.0,0.0,0.0,,,,0,0,0,28,,,,0.0027170648153063,0.0027284188608569,0.4285714285714285,0.3928571428571428,0.0357142857142857,-0.0714285714285714,0.1785714285714285,0.1785714285714285,0.1785714285714285,0.0,0.0,0.0,0.5357142857142857,0.5714285714285714,-0.0357142857142857,-0.1428571428571428,0.0714285714285714,0.3333333333333333,15,0.3125,0,28,0.0,15,0.0
qwen2.5-7b-instruct,dev,neutral_contrast_r1_a1,neutral_contrast,1,1.0,neutral,pooled,exploratory,42,42,42,0.2014392671130952,0.203427269345238,0.4761904761904761,0.5,0.0238095238095238,-0.0019880022321428,-0.0646952311197916,0.0607811337425595,-0.0098689905927165,-0.3914222061834883,0.2573834961794201,1,1,1,41,1.0,1.0,1.0,0.0180388166745335,0.0099347008295018,0.717948717948718,0.7307692307692307,-0.0128205128205128,-0.0512820512820512,0.0,0.7023809523809523,0.6904761904761905,0.0119047619047619,-0.0476190476190476,0.0717261904761888,0.8928571428571429,0.9166666666666666,-0.0238095238095238,-0.0833333333333333,0.0357142857142857,0.8648648648648649,37,0.8157894736842105,4,42,0.0952380952380952,35,0.1142857142857142
qwen2.5-7b-instruct,dev,neutral_contrast_r1_a1,neutral_contrast,1,1.0,neutral,bbq,exploratory,42,42,42,0.2014392671130952,0.203427269345238,0.4761904761904761,0.5,0.0238095238095238,-0.0019880022321428,-0.0646952311197916,0.0607811337425595,-0.0098689905927165,-0.3914222061834883,0.2573834961794201,1,1,1,41,1.0,1.0,1.0,0.0180388166745335,0.0099347008295018,0.717948717948718,0.7307692307692307,-0.0128205128205128,-0.0512820512820512,0.0,0.7023809523809523,0.6904761904761905,0.0119047619047619,-0.0476190476190476,0.0717261904761888,0.8928571428571429,0.9166666666666666,-0.0238095238095238,-0.0833333333333333,0.0357142857142857,0.8648648648648649,37,0.8157894736842105,4,42,0.0952380952380952,35,0.1142857142857142
qwen2.5-7b-instruct,dev,neutral_contrast_r2_a1,neutral_contrast,2,1.0,demographic,pooled,exploratory,100,100,100,0.629144287109375,0.543759765625,0.61,0.37,0.02,0.085384521484375,0.0062642822265625,0.1592104492187498,0.1357153251389711,0.0115629073816478,0.238944712549905,27,8,5,73,0.2962962962962963,0.1303997194950911,0.4782608695652174,0.011651287608882,0.0111381825707753,0.58,0.6,-0.02,-0.07,0.025,0.455,0.45,0.005,-0.04,0.05,0.795,0.795,0.0,-0.0501249999999999,0.05,0.5597826086956522,92,0.5585106382978723,13,100,0.13,67,0.1940298507462686
qwen2.5-7b-instruct,dev,neutral_contrast_r2_a1,neutral_contrast,2,1.0,demographic,bbq,exploratory,42,42,42,0.3539922805059524,0.3934500558035714,0.4523809523809524,0.5238095238095238,0.0238095238095238,-0.039457775297619,-0.1339186895461309,0.0461129324776785,-0.1114650727445893,-0.4869663903688114,0.1104151710722493,5,1,3,37,0.2,0.0,0.6666666666666666,0.0132294580021525,0.0109684460699285,0.6785714285714286,0.7023809523809523,-0.0238095238095238,-0.1071428571428571,0.0476190476190476,0.7261904761904762,0.7023809523809523,0.0238095238095238,-0.0357142857142857,0.0833333333333333,0.9642857142857144,0.9642857142857144,0.0,-0.0357142857142857,0.0357142857142857,0.7738095238095238,42,0.75,7,42,0.1666666666666666,39,0.1794871794871795
qwen2.5-7b-instruct,dev,neutral_contrast_r2_a1,neutral_contrast,2,1.0,demographic,crows_pairs,exploratory,30,30,30,0.9754720052083332,0.833154296875,0.7333333333333333,0.2333333333333333,0.0333333333333333,0.1423177083333333,-0.0068908691406249,0.3044110107421871,0.1458962508134083,-0.0088928346258705,0.2857081354997587,12,1,1,18,0.0833333333333333,0.0,0.2727272727272727,0.0107748984095677,0.0111810805472117,0.6666666666666666,0.6666666666666666,0.0,-0.1,0.0833333333333333,0.2666666666666666,0.3166666666666666,-0.05,-0.15,0.05,0.65,0.7166666666666667,-0.0666666666666666,-0.2,0.0666666666666666,0.4230769230769231,26,0.4642857142857143,4,30,0.1333333333333333,13,0.3076923076923077
qwen2.5-7b-instruct,dev,neutral_contrast_r2_a1,neutral_contrast,2,1.0,demographic,stereoset,exploratory,28,28,28,0.670806884765625,0.4591587611607143,0.7142857142857143,0.2857142857142857,0.0,0.2116481236049107,0.0422543116978236,0.3915695190429687,0.3155127480226429,0.0775008231088171,0.5005322801705316,10,6,1,18,0.6,0.25,0.9,0.010223020446813,0.0113468252044353,0.3392857142857143,0.375,-0.0357142857142857,-0.1071428571428571,0.0357142857142857,0.25,0.2142857142857142,0.0357142857142857,-0.0357142857142857,0.1071428571428571,0.6964285714285714,0.625,0.0714285714285714,-0.0357142857142857,0.1785714285714285,0.3333333333333333,24,0.3333333333333333,2,28,0.0714285714285714,15,0.1333333333333333
qwen2.5-7b-instruct,dev,neutral_contrast_r2_a1,neutral_contrast,2,1.0,identity,pooled,exploratory,100,100,100,0.0,0.0,0.0,0.0,1.0,0.0,0.0,0.0,,,,0,0,0,100,,,,0.0111345673853723,0.0111449490922493,0.5773195876288659,0.6082474226804123,-0.0309278350515463,-0.0824742268041237,0.0206185567010309,0.47,0.44,0.03,-0.04,0.1,0.81,0.78,0.03,-0.05,0.11,0.6025641025641025,78,0.5866666666666667,0,100,0.0,81,0.0
qwen2.5-7b-instruct,dev,neutral_contrast_r2_a1,neutral_contrast,2,1.0,identity,bbq,exploratory,42,42,42,0.0,0.0,0.0,0.0,1.0,0.0,0.0,0.0,,,,0,0,0,42,,,,0.0109717146185525,0.0109805916040355,0.6923076923076923,0.6923076923076923,0.0,-0.0769230769230769,0.0769230769230769,0.7142857142857143,0.7142857142857143,0.0,-0.0952380952380952,0.0952380952380952,0.9761904761904762,1.0,-0.0238095238095238,-0.0714285714285714,0.0,0.7894736842105263,38,0.7692307692307693,0,42,0.0,41,0.0
qwen2.5-7b-instruct,dev,neutral_contrast_r2_a1,neutral_contrast,2,1.0,identity,crows_pairs,exploratory,30,30,30,0.0,0.0,0.0,0.0,1.0,0.0,0.0,0.0,,,,0,0,0,30,,,,0.0111912495749622,0.0112102950928314,0.6333333333333333,0.7,-0.0666666666666666,-0.1666666666666666,0.0,0.3,0.3,0.0,-0.1666666666666666,0.1666666666666666,0.6666666666666666,0.6666666666666666,0.0,-0.2,0.1666666666666666,0.45,20,0.45,0,30,0.0,20,0.0
qwen2.5-7b-instruct,dev,neutral_contrast_r2_a1,neutral_contrast,2,1.0,identity,stereoset,exploratory,28,28,28,0.0,0.0,0.0,0.0,1.0,0.0,0.0,0.0,,,,0,0,0,28,,,,0.0113181156181843,0.0113214717525179,0.3571428571428571,0.3928571428571428,-0.0357142857142857,-0.1428571428571428,0.0714285714285714,0.2857142857142857,0.1785714285714285,0.1071428571428571,0.0,0.25,0.7142857142857143,0.5714285714285714,0.1428571428571428,-0.0357142857142857,0.3223214285714237,0.4,20,0.3125,0,28,0.0,20,0.0
qwen2.5-7b-instruct,dev,neutral_contrast_r2_a1,neutral_contrast,2,1.0,neutral,pooled,exploratory,42,42,42,0.2014392671130952,0.2109142485119047,0.5238095238095238,0.4523809523809524,0.0238095238095238,-0.0094749813988095,-0.0890064057849702,0.0644470214843749,-0.0470364171524211,-0.5038836466682279,0.2823793587079861,1,1,3,41,1.0,1.0,1.0,0.0237936685356742,0.0185278692272596,0.717948717948718,0.7307692307692307,-0.0128205128205128,-0.0897435897435897,0.0641025641025641,0.6785714285714286,0.6904761904761905,-0.0119047619047619,-0.0952380952380952,0.0595238095238095,0.9166666666666666,0.9166666666666666,0.0,-0.0833333333333333,0.0833333333333333,0.7972972972972973,37,0.8157894736842105,4,42,0.0952380952380952,37,0.1081081081081081
qwen2.5-7b-instruct,dev,neutral_contrast_r2_a1,neutral_contrast,2,1.0,neutral,bbq,exploratory,42,42,42,0.2014392671130952,0.2109142485119047,0.5238095238095238,0.4523809523809524,0.0238095238095238,-0.0094749813988095,-0.0890064057849702,0.0644470214843749,-0.0470364171524211,-0.5038836466682279,0.2823793587079861,1,1,3,41,1.0,1.0,1.0,0.0237936685356742,0.0185278692272596,0.717948717948718,0.7307692307692307,-0.0128205128205128,-0.0897435897435897,0.0641025641025641,0.6785714285714286,0.6904761904761905,-0.0119047619047619,-0.0952380952380952,0.0595238095238095,0.9166666666666666,0.9166666666666666,0.0,-0.0833333333333333,0.0833333333333333,0.7972972972972973,37,0.8157894736842105,4,42,0.0952380952380952,37,0.1081081081081081
qwen2.5-7b-instruct,dev,neutral_contrast_r4_a1,neutral_contrast,4,1.0,demographic,pooled,exploratory,100,100,100,0.629144287109375,0.5661843872070312,0.47,0.5,0.03,0.0629598999023437,-0.0347748870849609,0.1593434448242187,0.1000722746631224,-0.0617717335253179,0.2291696525862563,27,8,5,73,0.2962962962962963,0.1304347826086956,0.4737468671679194,0.0205530944813857,0.0193220515658484,0.57,0.6,-0.03,-0.09,0.025,0.435,0.45,-0.015,-0.065,0.035,0.795,0.795,0.0,-0.06,0.06,0.5444444444444444,90,0.5585106382978723,12,100,0.12,69,0.1739130434782608
qwen2.5-7b-instruct,dev,neutral_contrast_r4_a1,neutral_contrast,4,1.0,demographic,bbq,exploratory,42,42,42,0.3539922805059524,0.3686726888020833,0.4047619047619047,0.5476190476190477,0.0476190476190476,-0.0146804082961309,-0.110305422828311,0.0855487641834076,-0.0414709842687772,-0.366584923502226,0.221642755235899,5,2,2,37,0.4,0.0,1.0,0.0227180619784005,0.020155811209971,0.6785714285714286,0.7023809523809523,-0.0238095238095238,-0.119047619047619,0.0595238095238095,0.6785714285714286,0.7023809523809523,-0.0238095238095238,-0.0833333333333333,0.0357142857142857,0.9285714285714286,0.9642857142857144,-0.0357142857142857,-0.0952380952380952,0.0119047619047619,0.7439024390243902,41,0.75,5,42,0.119047619047619,37,0.1351351351351351
qwen2.5-7b-instruct,dev,neutral_contrast_r4_a1,neutral_contrast,4,1.0,demographic,crows_pairs,exploratory,30,30,30,0.9754720052083332,0.8121877034505208,0.5666666666666667,0.4,0.0333333333333333,0.1632843017578125,0.0227121480305989,0.3316771697998045,0.1673900438823352,0.0329321301459178,0.2788705853813243,12,1,1,18,0.0833333333333333,0.0,0.2727272727272727,0.0174413726682426,0.0169983388519553,0.6833333333333333,0.6666666666666666,0.0166666666666666,-0.0833333333333333,0.1166666666666666,0.2833333333333333,0.3166666666666666,-0.0333333333333333,-0.1333333333333333,0.0666666666666666,0.6333333333333333,0.7166666666666667,-0.0833333333333333,-0.2166666666666666,0.05,0.4791666666666667,24,0.4642857142857143,3,30,0.1,14,0.2142857142857142
qwen2.5-7b-instruct,dev,neutral_contrast_r4_a1,neutral_contrast,4,1.0,demographic,stereoset,exploratory,28,28,28,0.670806884765625,0.598876953125,0.4642857142857143,0.5357142857142857,0.0,0.071929931640625,-0.175110844203404,0.3355824061802454,0.1072289704745007,-0.3257929446038651,0.4175142679164376,10,5,2,18,0.5,0.1814393939393939,0.8333333333333334,0.0206396308928025,0.0205611042931214,0.2857142857142857,0.375,-0.0892857142857142,-0.2142857142857142,0.0178571428571428,0.2321428571428571,0.2142857142857142,0.0178571428571428,-0.0892857142857142,0.125,0.7678571428571429,0.625,0.1428571428571428,0.0,0.2857142857142857,0.28,25,0.3333333333333333,4,28,0.1428571428571428,18,0.2222222222222222
qwen2.5-7b-instruct,dev,neutral_contrast_r4_a1,neutral_contrast,4,1.0,identity,pooled,exploratory,100,100,100,0.0,0.0,0.0,0.0,1.0,0.0,0.0,0.0,,,,0,0,0,100,,,,0.0191088379544908,0.0191241047876631,0.6082474226804123,0.6082474226804123,0.0,-0.0824742268041237,0.0721649484536082,0.45,0.44,0.01,-0.06,0.08,0.8,0.78,0.02,-0.06,0.1,0.5844155844155844,77,0.5866666666666667,0,100,0.0,80,0.0
qwen2.5-7b-instruct,dev,neutral_contrast_r4_a1,neutral_contrast,4,1.0,identity,bbq,exploratory,42,42,42,0.0,0.0,0.0,0.0,1.0,0.0,0.0,0.0,,,,0,0,0,42,,,,0.0201952619167255,0.0202012850057835,0.717948717948718,0.6923076923076923,0.0256410256410256,-0.0512820512820512,0.1282051282051282,0.6904761904761905,0.7142857142857143,-0.0238095238095238,-0.119047619047619,0.0476190476190476,0.9523809523809524,1.0,-0.0476190476190476,-0.119047619047619,0.0,0.7837837837837838,37,0.7692307692307693,0,42,0.0,40,0.0
qwen2.5-7b-instruct,dev,neutral_contrast_r4_a1,neutral_contrast,4,1.0,identity,crows_pairs,exploratory,30,30,30,0.0,0.0,0.0,0.0,1.0,0.0,0.0,0.0,,,,0,0,0,30,,,,0.016753498685163,0.0167784231804367,0.7,0.7,0.0,-0.1333333333333333,0.1333333333333333,0.3,0.3,0.0,-0.1666666666666666,0.1666666666666666,0.6666666666666666,0.6666666666666666,0.0,-0.1666666666666666,0.1666666666666666,0.45,20,0.45,0,30,0.0,20,0.0
qwen2.5-7b-instruct,dev,neutral_contrast_r4_a1,neutral_contrast,4,1.0,identity,stereoset,exploratory,28,28,28,0.0,0.0,0.0,0.0,1.0,0.0,0.0,0.0,,,,0,0,0,28,,,,0.0200027797997041,0.0200215647539393,0.3571428571428571,0.3928571428571428,-0.0357142857142857,-0.2142857142857142,0.1428571428571428,0.25,0.1785714285714285,0.0714285714285714,-0.0714285714285714,0.2142857142857142,0.7142857142857143,0.5714285714285714,0.1428571428571428,-0.0714285714285714,0.3571428571428571,0.35,20,0.3125,0,28,0.0,20,0.0
qwen2.5-7b-instruct,dev,neutral_contrast_r4_a1,neutral_contrast,4,1.0,neutral,pooled,exploratory,42,42,42,0.2014392671130952,0.1761561802455357,0.5476190476190477,0.4285714285714285,0.0238095238095238,0.0252830868675595,-0.0544928414481026,0.1057872953869047,0.1255122063831015,-0.3407083458377248,0.440166536052867,1,1,1,41,1.0,1.0,1.0,0.0323216182921285,0.0260208958906815,0.7051282051282052,0.7307692307692307,-0.0256410256410256,-0.1025641025641025,0.0384615384615384,0.6904761904761905,0.6904761904761905,0.0,-0.0714285714285714,0.0714285714285714,0.9285714285714286,0.9166666666666666,0.0119047619047619,-0.0714285714285714,0.0952380952380952,0.8108108108108109,37,0.8157894736842105,3,42,0.0714285714285714,38,0.0789473684210526
qwen2.5-7b-instruct,dev,neutral_contrast_r4_a1,neutral_contrast,4,1.0,neutral,bbq,exploratory,42,42,42,0.2014392671130952,0.1761561802455357,0.5476190476190477,0.4285714285714285,0.0238095238095238,0.0252830868675595,-0.0544928414481026,0.1057872953869047,0.1255122063831015,-0.3407083458377248,0.440166536052867,1,1,1,41,1.0,1.0,1.0,0.0323216182921285,0.0260208958906815,0.7051282051282052,0.7307692307692307,-0.0256410256410256,-0.1025641025641025,0.0384615384615384,0.6904761904761905,0.6904761904761905,0.0,-0.0714285714285714,0.0714285714285714,0.9285714285714286,0.9166666666666666,0.0119047619047619,-0.0714285714285714,0.0952380952380952,0.8108108108108109,37,0.8157894736842105,3,42,0.0714285714285714,38,0.0789473684210526
qwen2.5-7b-instruct,dev,random_ortho_1_r1_a1,random_ortho_1,1,1.0,demographic,pooled,exploratory,100,100,100,0.629144287109375,0.613094482421875,0.52,0.44,0.04,0.0160498046875,-0.015188720703125,0.0460162963867187,0.0255105307579623,-0.0262603887724309,0.0730117934510706,27,4,2,73,0.1481481481481481,0.0344540229885057,0.2917279411764703,0.0003028137522029,0.000296323082468,0.595,0.6,-0.005,-0.025,0.01,0.46,0.45,0.01,-0.015,0.035,0.795,0.795,0.0,-0.03,0.03,0.5645161290322581,93,0.5585106382978723,16,100,0.16,66,0.2424242424242424
qwen2.5-7b-instruct,dev,random_ortho_1_r1_a1,random_ortho_1,1,1.0,demographic,bbq,exploratory,42,42,42,0.3539922805059524,0.3693498883928571,0.4285714285714285,0.5,0.0714285714285714,-0.0153576078869047,-0.0599830264136904,0.0227634974888392,-0.0433840191796117,-0.2036049880859948,0.0597822651204484,5,1,1,37,0.2,0.0,0.6666666666666666,0.0003411466616996,0.0003213257658262,0.7023809523809523,0.7023809523809523,0.0,0.0,0.0,0.7142857142857143,0.7023809523809523,0.0119047619047619,-0.0238095238095238,0.047916666666665,0.9642857142857144,0.9642857142857144,0.0,-0.0357142857142857,0.0357142857142857,0.7619047619047619,42,0.75,7,42,0.1666666666666666,39,0.1794871794871795
qwen2.5-7b-instruct,dev,random_ortho_1_r1_a1,random_ortho_1,1,1.0,demographic,crows_pairs,exploratory,30,30,30,0.9754720052083332,0.9264119466145834,0.6,0.4,0.0,0.04906005859375,-0.0039428710937499,0.1067056274414061,0.0502936612550681,-0.0047603497972327,0.1054251187126013,12,1,0,18,0.0833333333333333,0.0,0.2727272727272727,0.0002996763000847,0.0002956010709908,0.6833333333333333,0.6666666666666666,0.0166666666666666,0.0,0.05,0.3166666666666666,0.3166666666666666,0.0,-0.05,0.05,0.7333333333333333,0.7166666666666667,0.0166666666666666,-0.05,0.0833333333333333,0.4444444444444444,27,0.4642857142857143,6,30,0.2,17,0.3529411764705882
qwen2.5-7b-instruct,dev,random_ortho_1_r1_a1,random_ortho_1,1,1.0,demographic,stereoset,exploratory,28,28,28,0.670806884765625,0.6430140904017857,0.5714285714285714,0.3928571428571428,0.0357142857142857,0.0277927943638392,-0.0438295636858258,0.1023256574358258,0.0414318859794498,-0.0713820067689687,0.1456297437472569,10,2,1,18,0.2,0.0,0.5,0.0002486759437987,0.0002595926411562,0.3392857142857143,0.375,-0.0357142857142857,-0.0892857142857142,0.0,0.2321428571428571,0.2142857142857142,0.0178571428571428,0.0,0.0535714285714285,0.6071428571428571,0.625,-0.0178571428571428,-0.0714285714285714,0.0357142857142857,0.3541666666666667,24,0.3333333333333333,3,28,0.1071428571428571,10,0.3
qwen2.5-7b-instruct,dev,random_ortho_1_r1_a1,random_ortho_1,1,1.0,identity,pooled,exploratory,100,100,100,0.0,0.0,0.0,0.0,1.0,0.0,0.0,0.0,,,,0,0,0,100,,,,0.0002937750934577,0.0002936936821784,0.5979381443298969,0.6082474226804123,-0.0103092783505154,-0.0412371134020618,0.0206185567010309,0.42,0.44,-0.02,-0.06,0.02,0.76,0.78,-0.02,-0.06,0.02,0.5753424657534246,73,0.5866666666666667,0,100,0.0,76,0.0
qwen2.5-7b-instruct,dev,random_ortho_1_r1_a1,random_ortho_1,1,1.0,identity,bbq,exploratory,42,42,42,0.0,0.0,0.0,0.0,1.0,0.0,0.0,0.0,,,,0,0,0,42,,,,0.0003156328136145,0.0003156302770749,0.6923076923076923,0.6923076923076923,0.0,0.0,0.0,0.6666666666666666,0.7142857142857143,-0.0476190476190476,-0.119047619047619,0.0,0.9523809523809524,1.0,-0.0476190476190476,-0.119047619047619,0.0,0.7567567567567568,37,0.7692307692307693,0,42,0.0,40,0.0
qwen2.5-7b-instruct,dev,random_ortho_1_r1_a1,random_ortho_1,1,1.0,identity,crows_pairs,exploratory,30,30,30,0.0,0.0,0.0,0.0,1.0,0.0,0.0,0.0,,,,0,0,0,30,,,,0.0002854667719082,0.0002856838021412,0.7333333333333333,0.7,0.0333333333333333,0.0,0.1,0.2666666666666666,0.3,-0.0333333333333333,-0.1,0.0,0.6333333333333333,0.6666666666666666,-0.0333333333333333,-0.1,0.0,0.4210526315789473,19,0.45,0,30,0.0,19,0.0
qwen2.5-7b-instruct,dev,random_ortho_1_r1_a1,random_ortho_1,1,1.0,identity,stereoset,exploratory,28,28,28,0.0,0.0,0.0,0.0,1.0,0.0,0.0,0.0,,,,0,0,0,28,,,,0.0002698902863113,0.0002693708041594,0.3214285714285714,0.3928571428571428,-0.0714285714285714,-0.1785714285714285,0.0,0.2142857142857142,0.1785714285714285,0.0357142857142857,0.0,0.1071428571428571,0.6071428571428571,0.5714285714285714,0.0357142857142857,0.0,0.1071428571428571,0.3529411764705882,17,0.3125,0,28,0.0,17,0.0
qwen2.5-7b-instruct,dev,random_ortho_1_r1_a1,random_ortho_1,1,1.0,neutral,pooled,exploratory,42,42,42,0.2014392671130952,0.2073683965773809,0.3333333333333333,0.5952380952380952,0.0714285714285714,-0.0059291294642857,-0.0325520833333333,0.0210080101376488,-0.0294338315923126,-0.1652719959975256,0.0995023762580296,1,0,0,41,0.0,0.0,0.0,0.0002712003586744,0.0003023069116461,0.717948717948718,0.7307692307692307,-0.0128205128205128,-0.0384615384615384,0.0,0.6666666666666666,0.6904761904761905,-0.0238095238095238,-0.0595238095238095,0.0,0.9166666666666666,0.9166666666666666,0.0,-0.0357142857142857,0.0357142857142857,0.7894736842105263,38,0.8157894736842105,3,42,0.0714285714285714,36,0.0833333333333333
qwen2.5-7b-instruct,dev,random_ortho_1_r1_a1,random_ortho_1,1,1.0,neutral,bbq,exploratory,42,42,42,0.2014392671130952,0.2073683965773809,0.3333333333333333,0.5952380952380952,0.0714285714285714,-0.0059291294642857,-0.0325520833333333,0.0210080101376488,-0.0294338315923126,-0.1652719959975256,0.0995023762580296,1,0,0,41,0.0,0.0,0.0,0.0002712003586744,0.0003023069116461,0.717948717948718,0.7307692307692307,-0.0128205128205128,-0.0384615384615384,0.0,0.6666666666666666,0.6904761904761905,-0.0238095238095238,-0.0595238095238095,0.0,0.9166666666666666,0.9166666666666666,0.0,-0.0357142857142857,0.0357142857142857,0.7894736842105263,38,0.8157894736842105,3,42,0.0714285714285714,36,0.0833333333333333
qwen2.5-7b-instruct,dev,random_ortho_1_r2_a1,random_ortho_1,2,1.0,demographic,pooled,exploratory,100,100,100,0.629144287109375,0.628067626953125,0.49,0.46,0.05,0.00107666015625,-0.0305274353027343,0.0327203979492187,0.0017113088019867,-0.0496241758773035,0.0536320603803385,27,4,1,73,0.1481481481481481,0.032258064516129,0.2941176470588235,0.0005912350172899,0.0005870852939206,0.595,0.6,-0.005,-0.02,0.01,0.445,0.45,-0.005,-0.03,0.02,0.79,0.795,-0.005,-0.035,0.025,0.5591397849462365,93,0.5585106382978723,15,100,0.15,65,0.2307692307692307
qwen2.5-7b-instruct,dev,random_ortho_1_r2_a1,random_ortho_1,2,1.0,demographic,bbq,exploratory,42,42,42,0.3539922805059524,0.386474609375,0.3571428571428571,0.5952380952380952,0.0476190476190476,-0.0324823288690476,-0.0701299758184523,0.0017456054687499,-0.0917599921179677,-0.2215174176587946,0.0051037469749559,5,1,0,37,0.2,0.0,0.6666666666666666,0.0006265570609251,0.0006119525708934,0.7142857142857143,0.7023809523809523,0.0119047619047619,0.0,0.0357142857142857,0.7142857142857143,0.7023809523809523,0.0119047619047619,-0.0238095238095238,0.0476190476190476,0.9761904761904762,0.9642857142857144,0.0119047619047619,0.0,0.0357142857142857,0.7738095238095238,42,0.75,9,42,0.2142857142857142,40,0.225
qwen2.5-7b-instruct,dev,random_ortho_1_r2_a1,random_ortho_1,2,1.0,demographic,crows_pairs,exploratory,30,30,30,0.9754720052083332,1.0040568033854167,0.5,0.5,0.0,-0.0285847981770833,-0.0841968790690104,0.0242581176757812,-0.0293035556371281,-0.0809790752707744,0.0272375870087101,12,0,0,18,0.0,0.0,0.0,0.0005841209990682,0.000577853443173,0.65,0.6666666666666666,-0.0166666666666666,-0.05,0.0,0.2666666666666666,0.3166666666666666,-0.05,-0.1166666666666666,0.0,0.6833333333333333,0.7166666666666667,-0.0333333333333333,-0.1,0.0333333333333333,0.3928571428571428,28,0.4642857142857143,4,30,0.1333333333333333,13,0.3076923076923077
qwen2.5-7b-instruct,dev,random_ortho_1_r2_a1,random_ortho_1,2,1.0,demographic,stereoset,exploratory,28,28,28,0.670806884765625,0.5876116071428571,0.6785714285714286,0.2142857142857142,0.1071428571428571,0.0831952776227678,0.0134301321847098,0.1570752825055803,0.1240226949248376,0.022625139269285,0.2254644014698555,10,3,1,18,0.3,0.0,0.6,0.0005458741142175,0.0005596756471196,0.3571428571428571,0.375,-0.0178571428571428,-0.0535714285714285,0.0,0.2321428571428571,0.2142857142857142,0.0178571428571428,0.0,0.0535714285714285,0.625,0.625,0.0,-0.0714285714285714,0.0714285714285714,0.3695652173913043,23,0.3333333333333333,2,28,0.0714285714285714,12,0.1666666666666666
qwen2.5-7b-instruct,dev,random_ortho_1_r2_a1,random_ortho_1,2,1.0,identity,pooled,exploratory,100,100,100,0.0,0.0,0.0,0.0,1.0,0.0,0.0,0.0,,,,0,0,0,100,,,,0.0005853331303193,0.0005852464259676,0.5979381443298969,0.6082474226804123,-0.0103092783505154,-0.0412371134020618,0.0206185567010309,0.42,0.44,-0.02,-0.06,0.02,0.76,0.78,-0.02,-0.07,0.03,0.5753424657534246,73,0.5866666666666667,0,100,0.0,76,0.0
qwen2.5-7b-instruct,dev,random_ortho_1_r2_a1,random_ortho_1,2,1.0,identity,bbq,exploratory,42,42,42,0.0,0.0,0.0,0.0,1.0,0.0,0.0,0.0,,,,0,0,0,42,,,,0.0006140137648138,0.0006138646858746,0.717948717948718,0.6923076923076923,0.0256410256410256,0.0,0.0769230769230769,0.6666666666666666,0.7142857142857143,-0.0476190476190476,-0.119047619047619,0.0,0.9523809523809524,1.0,-0.0476190476190476,-0.119047619047619,0.0,0.7567567567567568,37,0.7692307692307693,0,42,0.0,40,0.0
qwen2.5-7b-instruct,dev,random_ortho_1_r2_a1,random_ortho_1,2,1.0,identity,crows_pairs,exploratory,30,30,30,0.0,0.0,0.0,0.0,1.0,0.0,0.0,0.0,,,,0,0,0,30,,,,0.0005631155618982,0.0005634938911583,0.6666666666666666,0.7,-0.0333333333333333,-0.1,0.0,0.2666666666666666,0.3,-0.0333333333333333,-0.1,0.0,0.6666666666666666,0.6666666666666666,0.0,-0.1,0.1,0.4,20,0.45,0,30,0.0,20,0.0
qwen2.5-7b-instruct,dev,random_ortho_1_r2_a1,random_ortho_1,2,1.0,identity,stereoset,exploratory,28,28,28,0.0,0.0,0.0,0.0,1.0,0.0,0.0,0.0,,,,0,0,0,28,,,,0.0005661167161716,0.000565625323403,0.3571428571428571,0.3928571428571428,-0.0357142857142857,-0.1071428571428571,0.0,0.2142857142857142,0.1785714285714285,0.0357142857142857,0.0,0.1071428571428571,0.5714285714285714,0.5714285714285714,0.0,-0.1071428571428571,0.1071428571428571,0.375,16,0.3125,0,28,0.0,16,0.0
qwen2.5-7b-instruct,dev,random_ortho_1_r2_a1,random_ortho_1,2,1.0,neutral,pooled,exploratory,42,42,42,0.2014392671130952,0.2259405226934523,0.3333333333333333,0.5952380952380952,0.0714285714285714,-0.0245012555803571,-0.0561024983723958,0.0076914469401041,-0.1216309805505857,-0.3078504906113881,0.0367711867871006,1,0,0,41,0.0,0.0,0.0,0.0004792285830061,0.0005640709672081,0.7307692307692307,0.7307692307692307,0.0,-0.0384615384615384,0.0384615384615384,0.6785714285714286,0.6904761904761905,-0.0119047619047619,-0.0595238095238095,0.0238095238095238,0.9166666666666666,0.9166666666666666,0.0,-0.0357142857142857,0.0357142857142857,0.8026315789473685,38,0.8157894736842105,4,42,0.0952380952380952,36,0.1111111111111111
qwen2.5-7b-instruct,dev,random_ortho_1_r2_a1,random_ortho_1,2,1.0,neutral,bbq,exploratory,42,42,42,0.2014392671130952,0.2259405226934523,0.3333333333333333,0.5952380952380952,0.0714285714285714,-0.0245012555803571,-0.0561024983723958,0.0076914469401041,-0.1216309805505857,-0.3078504906113881,0.0367711867871006,1,0,0,41,0.0,0.0,0.0,0.0004792285830061,0.0005640709672081,0.7307692307692307,0.7307692307692307,0.0,-0.0384615384615384,0.0384615384615384,0.6785714285714286,0.6904761904761905,-0.0119047619047619,-0.0595238095238095,0.0238095238095238,0.9166666666666666,0.9166666666666666,0.0,-0.0357142857142857,0.0357142857142857,0.8026315789473685,38,0.8157894736842105,4,42,0.0952380952380952,36,0.1111111111111111
qwen2.5-7b-instruct,dev,random_ortho_1_r4_a1,random_ortho_1,4,1.0,demographic,pooled,exploratory,100,100,100,0.629144287109375,0.6071968078613281,0.54,0.38,0.08,0.0219474792480468,-0.0077730026245117,0.0548407249450683,0.0348846515779159,-0.0131485697230808,0.0840924647085278,27,3,0,73,0.1111111111111111,0.0,0.25,0.0012060246121758,0.0012097454476775,0.595,0.6,-0.005,-0.02,0.01,0.445,0.45,-0.005,-0.025,0.015,0.79,0.795,-0.005,-0.035,0.03,0.5652173913043478,92,0.5585106382978723,15,100,0.15,66,0.2272727272727272
qwen2.5-7b-instruct,dev,random_ortho_1_r4_a1,random_ortho_1,4,1.0,demographic,bbq,exploratory,42,42,42,0.3539922805059524,0.3764183407738095,0.3809523809523809,0.4761904761904761,0.1428571428571428,-0.0224260602678571,-0.0589483351934523,0.0112769717261904,-0.0633518342145882,-0.2002681354490234,0.0280156626094504,5,1,0,37,0.2,0.0,0.6666666666666666,0.0012533453955765,0.0012284075868606,0.7023809523809523,0.7023809523809523,0.0,0.0,0.0,0.7142857142857143,0.7023809523809523,0.0119047619047619,0.0,0.0357142857142857,0.9761904761904762,0.9642857142857144,0.0119047619047619,0.0,0.0357142857142857,0.7619047619047619,42,0.75,8,42,0.1904761904761904,40,0.2
qwen2.5-7b-instruct,dev,random_ortho_1_r4_a1,random_ortho_1,4,1.0,demographic,crows_pairs,exploratory,30,30,30,0.9754720052083332,0.9253077189127604,0.6666666666666666,0.3,0.0333333333333333,0.0501642862955729,-0.0055491765340169,0.1221589787801106,0.0514256544808369,-0.0065249181753113,0.1137655886111149,12,0,0,18,0.0,0.0,0.0,0.0012108275377113,0.0012168899818886,0.6333333333333333,0.6666666666666666,-0.0333333333333333,-0.0833333333333333,0.0,0.2666666666666666,0.3166666666666666,-0.05,-0.1166666666666666,0.0,0.65,0.7166666666666667,-0.0666666666666666,-0.1333333333333333,-0.0166666666666666,0.4107142857142857,28,0.4642857142857143,3,30,0.1,11,0.2727272727272727
qwen2.5-7b-instruct,dev,random_ortho_1_r4_a1,random_ortho_1,4,1.0,demographic,stereoset,exploratory,28,28,28,0.670806884765625,0.6125313895089286,0.6428571428571429,0.3214285714285714,0.0357142857142857,0.0582754952566964,-0.0072595868791852,0.1316422598702566,0.0868737286097733,-0.0116528118039569,0.1970216382139789,10,2,0,18,0.2,0.0,0.5,0.0011298974454296,0.0011740973808193,0.3928571428571428,0.375,0.0178571428571428,0.0,0.0535714285714285,0.2321428571428571,0.2142857142857142,0.0178571428571428,0.0,0.0535714285714285,0.6607142857142857,0.625,0.0357142857142857,-0.0535714285714285,0.125,0.3863636363636363,22,0.3333333333333333,4,28,0.1428571428571428,15,0.2666666666666666
qwen2.5-7b-instruct,dev,random_ortho_1_r4_a1,random_ortho_1,4,1.0,identity,pooled,exploratory,100,100,100,0.0,0.0,0.0,0.0,1.0,0.0,0.0,0.0,,,,0,0,0,100,,,,0.0012235360925242,0.0012240322563929,0.5876288659793815,0.6082474226804123,-0.0206185567010309,-0.0515463917525773,0.0,0.41,0.44,-0.03,-0.08,0.01,0.73,0.78,-0.05,-0.11,0.0,0.5857142857142857,70,0.5866666666666667,0,100,0.0,73,0.0
qwen2.5-7b-instruct,dev,random_ortho_1_r4_a1,random_ortho_1,4,1.0,identity,bbq,exploratory,42,42,42,0.0,0.0,0.0,0.0,1.0,0.0,0.0,0.0,,,,0,0,0,42,,,,0.0012397539201431,0.0012408205747256,0.6923076923076923,0.6923076923076923,0.0,0.0,0.0,0.6666666666666666,0.7142857142857143,-0.0476190476190476,-0.119047619047619,0.0,0.9523809523809524,1.0,-0.0476190476190476,-0.119047619047619,0.0,0.7567567567567568,37,0.7692307692307693,0,42,0.0,40,0.0
qwen2.5-7b-instruct,dev,random_ortho_1_r4_a1,random_ortho_1,4,1.0,identity,crows_pairs,exploratory,30,30,30,0.0,0.0,0.0,0.0,1.0,0.0,0.0,0.0,,,,0,0,0,30,,,,0.0012121234912073,0.0012122430539531,0.6333333333333333,0.7,-0.0666666666666666,-0.1666666666666666,0.0,0.2333333333333333,0.3,-0.0666666666666666,-0.1666666666666666,0.0,0.6,0.6666666666666666,-0.0666666666666666,-0.2,0.0666666666666666,0.3888888888888889,18,0.45,0,30,0.0,18,0.0
qwen2.5-7b-instruct,dev,random_ortho_1_r4_a1,random_ortho_1,4,1.0,identity,stereoset,exploratory,28,28,28,0.0,0.0,0.0,0.0,1.0,0.0,0.0,0.0,,,,0,0,0,28,,,,0.0012114371382212,0.0012114810672222,0.3928571428571428,0.3928571428571428,0.0,0.0,0.0,0.2142857142857142,0.1785714285714285,0.0357142857142857,0.0,0.1071428571428571,0.5357142857142857,0.5714285714285714,-0.0357142857142857,-0.1785714285714285,0.0714285714285714,0.4,15,0.3125,0,28,0.0,15,0.0
qwen2.5-7b-instruct,dev,random_ortho_1_r4_a1,random_ortho_1,4,1.0,neutral,pooled,exploratory,42,42,42,0.2014392671130952,0.2103692917596726,0.5476190476190477,0.4047619047619047,0.0476190476190476,-0.0089300246465773,-0.04037355695452,0.0207883925664992,-0.0443311017487157,-0.2181909483772681,0.1041043916386836,1,1,0,41,1.0,1.0,1.0,0.0011066011657012,0.0011952394546793,0.7307692307692307,0.7307692307692307,0.0,0.0,0.0,0.6547619047619048,0.6904761904761905,-0.0357142857142857,-0.0714285714285714,0.0,0.9166666666666666,0.9166666666666666,0.0,-0.0357142857142857,0.0357142857142857,0.7763157894736842,38,0.8157894736842105,4,42,0.0952380952380952,36,0.1111111111111111
qwen2.5-7b-instruct,dev,random_ortho_1_r4_a1,random_ortho_1,4,1.0,neutral,bbq,exploratory,42,42,42,0.2014392671130952,0.2103692917596726,0.5476190476190477,0.4047619047619047,0.0476190476190476,-0.0089300246465773,-0.04037355695452,0.0207883925664992,-0.0443311017487157,-0.2181909483772681,0.1041043916386836,1,1,0,41,1.0,1.0,1.0,0.0011066011657012,0.0011952394546793,0.7307692307692307,0.7307692307692307,0.0,0.0,0.0,0.6547619047619048,0.6904761904761905,-0.0357142857142857,-0.0714285714285714,0.0,0.9166666666666666,0.9166666666666666,0.0,-0.0357142857142857,0.0357142857142857,0.7763157894736842,38,0.8157894736842105,4,42,0.0952380952380952,36,0.1111111111111111
qwen2.5-7b-instruct,dev,random_ortho_2_r1_a1,random_ortho_2,1,1.0,demographic,pooled,exploratory,100,100,100,0.629144287109375,0.6202325057983399,0.52,0.46,0.02,0.0089117813110351,-0.02001593875885,0.0375268735885619,0.0141649244754024,-0.0332348591980535,0.0585307483582914,27,1,2,73,0.037037037037037,0.0,0.125,0.0002476654367069,0.0002415575339577,0.595,0.6,-0.005,-0.02,0.01,0.455,0.45,0.005,-0.01,0.025,0.8,0.795,0.005,-0.025,0.035,0.5531914893617021,94,0.5585106382978723,16,100,0.16,66,0.2424242424242424
qwen2.5-7b-instruct,dev,random_ortho_2_r1_a1,random_ortho_2,1,1.0,demographic,bbq,exploratory,42,42,42,0.3539922805059524,0.379789806547619,0.3809523809523809,0.5952380952380952,0.0238095238095238,-0.0257975260416666,-0.0621218726748511,0.0050624302455356,-0.0728759565174554,-0.1991092172586386,0.0148791529748966,5,0,1,37,0.0,0.0,0.0,0.0002559186841894,0.0002391595888988,0.7142857142857143,0.7023809523809523,0.0119047619047619,0.0,0.0357142857142857,0.7142857142857143,0.7023809523809523,0.0119047619047619,0.0,0.0357142857142857,0.9523809523809524,0.9642857142857144,-0.0119047619047619,-0.0476190476190476,0.0238095238095238,0.7619047619047619,42,0.75,8,42,0.1904761904761904,38,0.2105263157894736
qwen2.5-7b-instruct,dev,random_ortho_2_r1_a1,random_ortho_2,1,1.0,demographic,crows_pairs,exploratory,30,30,30,0.9754720052083332,0.9615009307861327,0.6,0.4,0.0,0.0139710744222005,-0.0506957753499349,0.0791011810302733,0.0143223735254367,-0.0611447005191545,0.0766038817614474,12,0,1,18,0.0,0.0,0.0,0.0002462550290645,0.000252335723465,0.65,0.6666666666666666,-0.0166666666666666,-0.05,0.0,0.3166666666666666,0.3166666666666666,0.0,-0.05,0.05,0.7333333333333333,0.7166666666666667,0.0166666666666666,-0.05,0.1,0.4285714285714285,28,0.4642857142857143,6,30,0.2,16,0.375
qwen2.5-7b-instruct,dev,random_ortho_2_r1_a1,random_ortho_2,1,1.0,demographic,stereoset,exploratory,28,28,28,0.670806884765625,0.6152518136160714,0.6428571428571429,0.3214285714285714,0.0357142857142857,0.0555550711495535,0.0032170976911272,0.1162562779017857,0.0828182781233143,0.0049631333958976,0.1600058498260874,10,1,0,18,0.1,0.0,0.3333333333333333,0.0002367967165286,0.0002336063913598,0.3571428571428571,0.375,-0.0178571428571428,-0.0535714285714285,0.0,0.2142857142857142,0.2142857142857142,0.0,0.0,0.0,0.6428571428571429,0.625,0.0178571428571428,-0.0357142857142857,0.0714285714285714,0.3333333333333333,24,0.3333333333333333,2,28,0.0714285714285714,12,0.1666666666666666
qwen2.5-7b-instruct,dev,random_ortho_2_r1_a1,random_ortho_2,1,1.0,identity,pooled,exploratory,100,100,100,0.0,0.0,0.0,0.0,1.0,0.0,0.0,0.0,,,,0,0,0,100,,,,0.0002375624334981,0.000237587377156,0.5979381443298969,0.6082474226804123,-0.0103092783505154,-0.0412371134020618,0.0206185567010309,0.43,0.44,-0.01,-0.03,0.0,0.77,0.78,-0.01,-0.0402499999999999,0.02,0.581081081081081,74,0.5866666666666667,0,100,0.0,77,0.0
qwen2.5-7b-instruct,dev,random_ortho_2_r1_a1,random_ortho_2,1,1.0,identity,bbq,exploratory,42,42,42,0.0,0.0,0.0,0.0,1.0,0.0,0.0,0.0,,,,0,0,0,42,,,,0.0002360765421864,0.0002356764155806,0.717948717948718,0.6923076923076923,0.0256410256410256,0.0,0.0769230769230769,0.6904761904761905,0.7142857142857143,-0.0238095238095238,-0.0714285714285714,0.0,0.9761904761904762,1.0,-0.0238095238095238,-0.0714285714285714,0.0,0.7631578947368421,38,0.7692307692307693,0,42,0.0,41,0.0
qwen2.5-7b-instruct,dev,random_ortho_2_r1_a1,random_ortho_2,1,1.0,identity,crows_pairs,exploratory,30,30,30,0.0,0.0,0.0,0.0,1.0,0.0,0.0,0.0,,,,0,0,0,30,,,,0.0002495920207695,0.0002499591216238,0.6666666666666666,0.7,-0.0333333333333333,-0.1,0.0,0.3,0.3,0.0,0.0,0.0,0.6666666666666666,0.6666666666666666,0.0,0.0,0.0,0.45,20,0.45,0,30,0.0,20,0.0
qwen2.5-7b-instruct,dev,random_ortho_2_r1_a1,random_ortho_2,1,1.0,identity,stereoset,exploratory,28,28,28,0.0,0.0,0.0,0.0,1.0,0.0,0.0,0.0,,,,0,0,0,28,,,,0.0002269024269604,0.0002271983790179,0.3571428571428571,0.3928571428571428,-0.0357142857142857,-0.1071428571428571,0.0,0.1785714285714285,0.1785714285714285,0.0,0.0,0.0,0.5714285714285714,0.5714285714285714,0.0,-0.1071428571428571,0.1071428571428571,0.3125,16,0.3125,0,28,0.0,16,0.0
qwen2.5-7b-instruct,dev,random_ortho_2_r1_a1,random_ortho_2,1,1.0,neutral,pooled,exploratory,42,42,42,0.2014392671130952,0.2215763273693266,0.3571428571428571,0.6428571428571429,0.0,-0.0201370602562314,-0.0470189049130394,0.0085343179248628,-0.0999659130259134,-0.2661878297014941,0.0380064252894581,1,0,0,41,0.0,0.0,0.0,0.0002001145657308,0.0002260390472232,0.7307692307692307,0.7307692307692307,0.0,-0.0384615384615384,0.0384615384615384,0.6666666666666666,0.6904761904761905,-0.0238095238095238,-0.0595238095238095,0.0,0.9166666666666666,0.9166666666666666,0.0,0.0,0.0,0.7763157894736842,38,0.8157894736842105,4,42,0.0952380952380952,36,0.1111111111111111
qwen2.5-7b-instruct,dev,random_ortho_2_r1_a1,random_ortho_2,1,1.0,neutral,bbq,exploratory,42,42,42,0.2014392671130952,0.2215763273693266,0.3571428571428571,0.6428571428571429,0.0,-0.0201370602562314,-0.0470189049130394,0.0085343179248628,-0.0999659130259134,-0.2661878297014941,0.0380064252894581,1,0,0,41,0.0,0.0,0.0,0.0002001145657308,0.0002260390472232,0.7307692307692307,0.7307692307692307,0.0,-0.0384615384615384,0.0384615384615384,0.6666666666666666,0.6904761904761905,-0.0238095238095238,-0.0595238095238095,0.0,0.9166666666666666,0.9166666666666666,0.0,0.0,0.0,0.7763157894736842,38,0.8157894736842105,4,42,0.0952380952380952,36,0.1111111111111111
qwen2.5-7b-instruct,dev,random_ortho_2_r2_a1,random_ortho_2,2,1.0,demographic,pooled,exploratory,100,100,100,0.629144287109375,0.62138916015625,0.52,0.47,0.01,0.007755126953125,-0.024787353515625,0.0393739318847656,0.0123264680487781,-0.0409726089079718,0.0615089100390645,27,2,3,73,0.074074074074074,0.0,0.1851851851851851,0.0005279733644066,0.0005292593945311,0.595,0.6,-0.005,-0.02,0.01,0.445,0.45,-0.005,-0.03,0.015,0.78,0.795,-0.015,-0.05,0.015,0.5659340659340659,91,0.5585106382978723,15,100,0.15,65,0.2307692307692307
qwen2.5-7b-instruct,dev,random_ortho_2_r2_a1,random_ortho_2,2,1.0,demographic,bbq,exploratory,42,42,42,0.3539922805059524,0.3819986979166667,0.3809523809523809,0.5952380952380952,0.0238095238095238,-0.0280064174107142,-0.0662463960193452,0.0068138485863095,-0.0791158987158855,-0.2145353089911303,0.0195656416366294,5,1,1,37,0.2,0.0,0.6666666666666666,0.0005063653367817,0.0005077882906324,0.7142857142857143,0.7023809523809523,0.0119047619047619,0.0,0.0357142857142857,0.7142857142857143,0.7023809523809523,0.0119047619047619,0.0,0.0357142857142857,0.9642857142857144,0.9642857142857144,0.0,-0.0357142857142857,0.0357142857142857,0.7804878048780488,41,0.75,8,42,0.1904761904761904,40,0.2
qwen2.5-7b-instruct,dev,random_ortho_2_r2_a1,random_ortho_2,2,1.0,demographic,crows_pairs,exploratory,30,30,30,0.9754720052083332,0.9584228515625,0.6,0.4,0.0,0.0170491536458333,-0.0459124755859375,0.0809844970703124,0.0174778502661304,-0.0505774006354598,0.0865159192771613,12,0,1,18,0.0,0.0,0.0,0.000531591803006,0.0005384566841432,0.65,0.6666666666666666,-0.0166666666666666,-0.05,0.0,0.3,0.3166666666666666,-0.0166666666666666,-0.0666666666666666,0.0333333333333333,0.7,0.7166666666666667,-0.0166666666666666,-0.0833333333333333,0.05,0.4107142857142857,28,0.4642857142857143,5,30,0.1666666666666666,14,0.3571428571428571
qwen2.5-7b-instruct,dev,random_ortho_2_r2_a1,random_ortho_2,2,1.0,demographic,stereoset,exploratory,28,28,28,0.670806884765625,0.6193673270089286,0.6428571428571429,0.3571428571428571,0.0,0.0514395577566964,-0.0133620125906808,0.1185317993164061,0.076683109438671,-0.0224266538940005,0.1598512868182777,10,1,1,18,0.1,0.0,0.3333333333333333,0.0005565085073446,0.000551611811509,0.3571428571428571,0.375,-0.0178571428571428,-0.0535714285714285,0.0,0.1964285714285714,0.2142857142857142,-0.0178571428571428,-0.0535714285714285,0.0,0.5892857142857143,0.625,-0.0357142857142857,-0.1071428571428571,0.0357142857142857,0.3636363636363636,22,0.3333333333333333,2,28,0.0714285714285714,11,0.1818181818181818
qwen2.5-7b-instruct,dev,random_ortho_2_r2_a1,random_ortho_2,2,1.0,identity,pooled,exploratory,100,100,100,0.0,0.0,0.0,0.0,1.0,0.0,0.0,0.0,,,,0,0,0,100,,,,0.0005274854655695,0.0005275920958693,0.5979381443298969,0.6082474226804123,-0.0103092783505154,-0.0412371134020618,0.0206185567010309,0.41,0.44,-0.03,-0.07,0.0,0.75,0.78,-0.03,-0.07,0.01,0.5694444444444444,72,0.5866666666666667,0,100,0.0,75,0.0
qwen2.5-7b-instruct,dev,random_ortho_2_r2_a1,random_ortho_2,2,1.0,identity,bbq,exploratory,42,42,42,0.0,0.0,0.0,0.0,1.0,0.0,0.0,0.0,,,,0,0,0,42,,,,0.0005040461910353,0.0005037061361078,0.717948717948718,0.6923076923076923,0.0256410256410256,0.0,0.0769230769230769,0.6666666666666666,0.7142857142857143,-0.0476190476190476,-0.119047619047619,0.0,0.9761904761904762,1.0,-0.0238095238095238,-0.0714285714285714,0.0,0.7368421052631579,38,0.7692307692307693,0,42,0.0,41,0.0
qwen2.5-7b-instruct,dev,random_ortho_2_r2_a1,random_ortho_2,2,1.0,identity,crows_pairs,exploratory,30,30,30,0.0,0.0,0.0,0.0,1.0,0.0,0.0,0.0,,,,0,0,0,30,,,,0.0005405113366891,0.0005408788901261,0.6666666666666666,0.7,-0.0333333333333333,-0.1,0.0,0.2666666666666666,0.3,-0.0333333333333333,-0.1,0.0,0.6666666666666666,0.6666666666666666,0.0,-0.1,0.1,0.4,20,0.45,0,30,0.0,20,0.0
qwen2.5-7b-instruct,dev,random_ortho_2_r2_a1,random_ortho_2,2,1.0,identity,stereoset,exploratory,28,28,28,0.0,0.0,0.0,0.0,1.0,0.0,0.0,0.0,,,,0,0,0,28,,,,0.0005486880868853,0.000549185184522,0.3571428571428571,0.3928571428571428,-0.0357142857142857,-0.1071428571428571,0.0,0.1785714285714285,0.1785714285714285,0.0,0.0,0.0,0.5,0.5714285714285714,-0.0714285714285714,-0.1785714285714285,0.0,0.3571428571428571,14,0.3125,0,28,0.0,14,0.0
qwen2.5-7b-instruct,dev,random_ortho_2_r2_a1,random_ortho_2,2,1.0,neutral,pooled,exploratory,42,42,42,0.2014392671130952,0.2259521484375,0.4523809523809524,0.5238095238095238,0.0238095238095238,-0.0245128813244047,-0.0568336123511904,0.0059082031249999,-0.1216886939458647,-0.3163699472471722,0.026617916411019,1,0,0,41,0.0,0.0,0.0,0.000463170150909,0.0004928683227173,0.7307692307692307,0.7307692307692307,0.0,-0.0384615384615384,0.0384615384615384,0.6666666666666666,0.6904761904761905,-0.0238095238095238,-0.0714285714285714,0.0238095238095238,0.9047619047619048,0.9166666666666666,-0.0119047619047619,-0.0476190476190476,0.0238095238095238,0.7972972972972973,37,0.8157894736842105,4,42,0.0952380952380952,36,0.1111111111111111
qwen2.5-7b-instruct,dev,random_ortho_2_r2_a1,random_ortho_2,2,1.0,neutral,bbq,exploratory,42,42,42,0.2014392671130952,0.2259521484375,0.4523809523809524,0.5238095238095238,0.0238095238095238,-0.0245128813244047,-0.0568336123511904,0.0059082031249999,-0.1216886939458647,-0.3163699472471722,0.026617916411019,1,0,0,41,0.0,0.0,0.0,0.000463170150909,0.0004928683227173,0.7307692307692307,0.7307692307692307,0.0,-0.0384615384615384,0.0384615384615384,0.6666666666666666,0.6904761904761905,-0.0238095238095238,-0.0714285714285714,0.0238095238095238,0.9047619047619048,0.9166666666666666,-0.0119047619047619,-0.0476190476190476,0.0238095238095238,0.7972972972972973,37,0.8157894736842105,4,42,0.0952380952380952,36,0.1111111111111111
qwen2.5-7b-instruct,dev,random_ortho_2_r4_a1,random_ortho_2,4,1.0,demographic,pooled,exploratory,100,100,100,0.629144287109375,0.626767578125,0.51,0.46,0.03,0.002376708984375,-0.0375723266601562,0.0396316528320312,0.0037776850764946,-0.0645871736845825,0.0598861989320112,27,3,2,73,0.1111111111111111,0.0,0.238095238095238,0.0010860275577867,0.0010814824874127,0.6,0.6,0.0,-0.02,0.02,0.45,0.45,0.0,-0.015,0.015,0.795,0.795,0.0,-0.025,0.025,0.5645161290322581,93,0.5585106382978723,16,100,0.16,66,0.2424242424242424
qwen2.5-7b-instruct,dev,random_ortho_2_r4_a1,random_ortho_2,4,1.0,demographic,bbq,exploratory,42,42,42,0.3539922805059524,0.3826962425595238,0.4285714285714285,0.5238095238095238,0.0476190476190476,-0.0287039620535714,-0.0705455961681547,0.0113368443080357,-0.0810864067785477,-0.2342495912586642,0.0282126460977986,5,1,1,37,0.2,0.0,0.6666666666666666,0.0010620397354595,0.0010533996244702,0.7142857142857143,0.7023809523809523,0.0119047619047619,0.0,0.0357142857142857,0.7023809523809523,0.7023809523809523,0.0,-0.0357142857142857,0.0238095238095238,0.9642857142857144,0.9642857142857144,0.0,-0.0357142857142857,0.0238095238095238,0.7619047619047619,42,0.75,7,42,0.1666666666666666,39,0.1794871794871795
qwen2.5-7b-instruct,dev,random_ortho_2_r4_a1,random_ortho_2,4,1.0,demographic,crows_pairs,exploratory,30,30,30,0.9754720052083332,0.9604329427083332,0.5333333333333333,0.4333333333333333,0.0333333333333333,0.0150390625,-0.0775067138671875,0.1039514160156248,0.0154172158910783,-0.0936096258289383,0.0919298306973136,12,0,1,18,0.0,0.0,0.0,0.0010680839482774,0.0010850953683115,0.6666666666666666,0.6666666666666666,0.0,-0.05,0.05,0.3166666666666666,0.3166666666666666,0.0,0.0,0.0,0.7333333333333333,0.7166666666666667,0.0166666666666666,0.0,0.05,0.4464285714285714,28,0.4642857142857143,7,30,0.2333333333333333,16,0.4375
qwen2.5-7b-instruct,dev,random_ortho_2_r4_a1,random_ortho_2,4,1.0,demographic,stereoset,exploratory,28,28,28,0.670806884765625,0.6353759765625,0.6071428571428571,0.3928571428571428,0.0,0.035430908203125,-0.0327286856515066,0.1072520664760044,0.0528183431145079,-0.0555758942283532,0.1537735298526779,10,2,0,18,0.2,0.0,0.4615384615384615,0.0011412345871802,0.0011197358380065,0.3571428571428571,0.375,-0.0178571428571428,-0.0535714285714285,0.0,0.2142857142857142,0.2142857142857142,0.0,0.0,0.0,0.6071428571428571,0.625,-0.0178571428571428,-0.0714285714285714,0.0357142857142857,0.3478260869565217,23,0.3333333333333333,2,28,0.0714285714285714,11,0.1818181818181818
qwen2.5-7b-instruct,dev,random_ortho_2_r4_a1,random_ortho_2,4,1.0,identity,pooled,exploratory,100,100,100,0.0,0.0,0.0,0.0,1.0,0.0,0.0,0.0,,,,0,0,0,100,,,,0.0010829817110507,0.0010831632673809,0.6082474226804123,0.6082474226804123,0.0,-0.0412371134020618,0.0412371134020618,0.43,0.44,-0.01,-0.03,0.0,0.75,0.78,-0.03,-0.07,0.0,0.5972222222222222,72,0.5866666666666667,0,100,0.0,75,0.0
qwen2.5-7b-instruct,dev,random_ortho_2_r4_a1,random_ortho_2,4,1.0,identity,bbq,exploratory,42,42,42,0.0,0.0,0.0,0.0,1.0,0.0,0.0,0.0,,,,0,0,0,42,,,,0.001053701496605,0.0010540002000953,0.717948717948718,0.6923076923076923,0.0256410256410256,0.0,0.0769230769230769,0.6904761904761905,0.7142857142857143,-0.0238095238095238,-0.0714285714285714,0.0,0.9761904761904762,1.0,-0.0238095238095238,-0.0714285714285714,0.0,0.7631578947368421,38,0.7692307692307693,0,42,0.0,41,0.0
qwen2.5-7b-instruct,dev,random_ortho_2_r4_a1,random_ortho_2,4,1.0,identity,crows_pairs,exploratory,30,30,30,0.0,0.0,0.0,0.0,1.0,0.0,0.0,0.0,,,,0,0,0,30,,,,0.0011022181769993,0.0011016420029747,0.7,0.7,0.0,-0.1,0.1,0.3,0.3,0.0,0.0,0.0,0.6666666666666666,0.6666666666666666,0.0,0.0,0.0,0.45,20,0.45,0,30,0.0,20,0.0
qwen2.5-7b-instruct,dev,random_ortho_2_r4_a1,random_ortho_2,4,1.0,identity,stereoset,exploratory,28,28,28,0.0,0.0,0.0,0.0,1.0,0.0,0.0,0.0,,,,0,0,0,28,,,,0.0011062915334888,0.0011071092230303,0.3571428571428571,0.3928571428571428,-0.0357142857142857,-0.1071428571428571,0.0,0.1785714285714285,0.1785714285714285,0.0,0.0,0.0,0.5,0.5714285714285714,-0.0714285714285714,-0.1785714285714285,0.0,0.3571428571428571,14,0.3125,0,28,0.0,14,0.0
qwen2.5-7b-instruct,dev,random_ortho_2_r4_a1,random_ortho_2,4,1.0,neutral,pooled,exploratory,42,42,42,0.2014392671130952,0.2028924851190476,0.5,0.4523809523809524,0.0476190476190476,-0.0014532180059523,-0.0281947544642857,0.022782970610119,-0.0072141744098805,-0.1630839234516618,0.110610866748132,1,1,0,41,1.0,1.0,1.0,0.0009052132199378,0.0009883633675213,0.7307692307692307,0.7307692307692307,0.0,-0.0384615384615384,0.0384615384615384,0.6904761904761905,0.6904761904761905,0.0,-0.0357142857142857,0.0357142857142857,0.9166666666666666,0.9166666666666666,0.0,-0.0357142857142857,0.0357142857142857,0.8157894736842105,38,0.8157894736842105,3,42,0.0714285714285714,36,0.0833333333333333
qwen2.5-7b-instruct,dev,random_ortho_2_r4_a1,random_ortho_2,4,1.0,neutral,bbq,exploratory,42,42,42,0.2014392671130952,0.2028924851190476,0.5,0.4523809523809524,0.0476190476190476,-0.0014532180059523,-0.0281947544642857,0.022782970610119,-0.0072141744098805,-0.1630839234516618,0.110610866748132,1,1,0,41,1.0,1.0,1.0,0.0009052132199378,0.0009883633675213,0.7307692307692307,0.7307692307692307,0.0,-0.0384615384615384,0.0384615384615384,0.6904761904761905,0.6904761904761905,0.0,-0.0357142857142857,0.0357142857142857,0.9166666666666666,0.9166666666666666,0.0,-0.0357142857142857,0.0357142857142857,0.8157894736842105,38,0.8157894736842105,3,42,0.0714285714285714,36,0.0833333333333333
qwen2.5-7b-instruct,dev,random_ortho_3_r1_a1,random_ortho_3,1,1.0,demographic,pooled,exploratory,100,100,100,0.629144287109375,0.6283306884765625,0.46,0.51,0.03,0.0008135986328125,-0.0312967681884765,0.0339454193115234,0.0012931828985535,-0.0551128186119623,0.0521128990935095,27,2,4,73,0.074074074074074,0.0,0.1851851851851851,0.0002258843055065,0.0002283851515163,0.585,0.6,-0.015,-0.035,0.005,0.45,0.45,0.0,-0.025,0.03,0.8,0.795,0.005,-0.025,0.035,0.5531914893617021,94,0.5585106382978723,16,100,0.16,66,0.2424242424242424
qwen2.5-7b-instruct,dev,random_ortho_3_r1_a1,random_ortho_3,1,1.0,demographic,bbq,exploratory,42,42,42,0.3539922805059524,0.3705589657738095,0.3809523809523809,0.5476190476190477,0.0714285714285714,-0.0165666852678571,-0.05477294921875,0.0143141973586308,-0.0467995664882261,-0.1738026820923521,0.0403721210937742,5,1,1,37,0.2,0.0,0.6666666666666666,0.0002008406070523,0.0002209529639144,0.7023809523809523,0.7023809523809523,0.0,0.0,0.0,0.7142857142857143,0.7023809523809523,0.0119047619047619,-0.0238095238095238,0.0476190476190476,0.9761904761904762,0.9642857142857144,0.0119047619047619,0.0,0.0357142857142857,0.7738095238095238,42,0.75,9,42,0.2142857142857142,40,0.225
qwen2.5-7b-instruct,dev,random_ortho_3_r1_a1,random_ortho_3,1,1.0,demographic,crows_pairs,exploratory,30,30,30,0.9754720052083332,0.9637593587239583,0.4666666666666667,0.5333333333333333,0.0,0.011712646484375,-0.0537136840820312,0.0923747253417968,0.0120071579930922,-0.0620937269346214,0.0865348393258934,12,0,2,18,0.0,0.0,0.0,0.0002381329800775,0.0002318384198806,0.65,0.6666666666666666,-0.0166666666666666,-0.0666666666666666,0.0333333333333333,0.3,0.3166666666666666,-0.0166666666666666,-0.0833333333333333,0.05,0.7166666666666667,0.7166666666666667,0.0,-0.0666666666666666,0.0833333333333333,0.4107142857142857,28,0.4642857142857143,5,30,0.1666666666666666,15,0.3333333333333333
qwen2.5-7b-instruct,dev,random_ortho_3_r1_a1,random_ortho_3,1,1.0,demographic,stereoset,exploratory,28,28,28,0.670806884765625,0.6556004115513393,0.5714285714285714,0.4285714285714285,0.0,0.0152064732142857,-0.0565135410853794,0.0903867449079241,0.0226689283602071,-0.0921973958860053,0.1294428087894582,10,1,1,18,0.1,0.0,0.3333333333333333,0.0002503262732903,0.000235833502529,0.3392857142857143,0.375,-0.0357142857142857,-0.0892857142857142,0.0,0.2142857142857142,0.2142857142857142,0.0,0.0,0.0,0.625,0.625,0.0,-0.0535714285714285,0.0535714285714285,0.3333333333333333,24,0.3333333333333333,2,28,0.0714285714285714,11,0.1818181818181818
qwen2.5-7b-instruct,dev,random_ortho_3_r1_a1,random_ortho_3,1,1.0,identity,pooled,exploratory,100,100,100,0.0,0.0,0.0,0.0,1.0,0.0,0.0,0.0,,,,0,0,0,100,,,,0.0002276994891483,0.0002277646984705,0.5773195876288659,0.6082474226804123,-0.0309278350515463,-0.0824742268041237,0.0103092783505154,0.4,0.44,-0.04,-0.08,-0.01,0.78,0.78,0.0,-0.04,0.05,0.5333333333333333,75,0.5866666666666667,0,100,0.0,78,0.0
qwen2.5-7b-instruct,dev,random_ortho_3_r1_a1,random_ortho_3,1,1.0,identity,bbq,exploratory,42,42,42,0.0,0.0,0.0,0.0,1.0,0.0,0.0,0.0,,,,0,0,0,42,,,,0.0002215495015632,0.000221490265553,0.6923076923076923,0.6923076923076923,0.0,0.0,0.0,0.6666666666666666,0.7142857142857143,-0.0476190476190476,-0.119047619047619,0.0,0.9761904761904762,1.0,-0.0238095238095238,-0.0714285714285714,0.0,0.7368421052631579,38,0.7692307692307693,0,42,0.0,41,0.0
qwen2.5-7b-instruct,dev,random_ortho_3_r1_a1,random_ortho_3,1,1.0,identity,crows_pairs,exploratory,30,30,30,0.0,0.0,0.0,0.0,1.0,0.0,0.0,0.0,,,,0,0,0,30,,,,0.0002338551578279,0.0002340102076215,0.6666666666666666,0.7,-0.0333333333333333,-0.1333333333333333,0.0666666666666666,0.2333333333333333,0.3,-0.0666666666666666,-0.1666666666666666,0.0,0.6666666666666666,0.6666666666666666,0.0,-0.1333333333333333,0.1333333333333333,0.35,20,0.45,0,30,0.0,20,0.0
qwen2.5-7b-instruct,dev,random_ortho_3_r1_a1,random_ortho_3,1,1.0,identity,stereoset,exploratory,28,28,28,0.0,0.0,0.0,0.0,1.0,0.0,0.0,0.0,,,,0,0,0,28,,,,0.0002303291112262,0.0002304847308993,0.3214285714285714,0.3928571428571428,-0.0714285714285714,-0.1785714285714285,0.0,0.1785714285714285,0.1785714285714285,0.0,0.0,0.0,0.6071428571428571,0.5714285714285714,0.0357142857142857,0.0,0.1071428571428571,0.2941176470588235,17,0.3125,0,28,0.0,17,0.0
qwen2.5-7b-instruct,dev,random_ortho_3_r1_a1,random_ortho_3,1,1.0,neutral,pooled,exploratory,42,42,42,0.2014392671130952,0.2236793154761904,0.4761904761904761,0.5238095238095238,0.0,-0.0222400483630952,-0.0488630022321428,0.0031860351562499,-0.1104057251688117,-0.2528996513931617,0.0157565712978502,1,0,0,41,0.0,0.0,0.0,0.0002278644670985,0.0002166763941424,0.717948717948718,0.7307692307692307,-0.0128205128205128,-0.0384615384615384,0.0,0.6785714285714286,0.6904761904761905,-0.0119047619047619,-0.0595238095238095,0.0238095238095238,0.9166666666666666,0.9166666666666666,0.0,-0.0357142857142857,0.0357142857142857,0.8026315789473685,38,0.8157894736842105,4,42,0.0952380952380952,36,0.1111111111111111
qwen2.5-7b-instruct,dev,random_ortho_3_r1_a1,random_ortho_3,1,1.0,neutral,bbq,exploratory,42,42,42,0.2014392671130952,0.2236793154761904,0.4761904761904761,0.5238095238095238,0.0,-0.0222400483630952,-0.0488630022321428,0.0031860351562499,-0.1104057251688117,-0.2528996513931617,0.0157565712978502,1,0,0,41,0.0,0.0,0.0,0.0002278644670985,0.0002166763941424,0.717948717948718,0.7307692307692307,-0.0128205128205128,-0.0384615384615384,0.0,0.6785714285714286,0.6904761904761905,-0.0119047619047619,-0.0595238095238095,0.0238095238095238,0.9166666666666666,0.9166666666666666,0.0,-0.0357142857142857,0.0357142857142857,0.8026315789473685,38,0.8157894736842105,4,42,0.0952380952380952,36,0.1111111111111111
qwen2.5-7b-instruct,dev,random_ortho_3_r2_a1,random_ortho_3,2,1.0,demographic,pooled,exploratory,100,100,100,0.629144287109375,0.618370361328125,0.49,0.47,0.04,0.01077392578125,-0.0185939331054687,0.0435942993164062,0.0171247295763443,-0.0315393154133117,0.0651303763205146,27,3,1,73,0.1111111111111111,0.0,0.25,0.0004920491197206,0.0004991093723785,0.585,0.6,-0.015,-0.035,0.0,0.46,0.45,0.01,-0.01,0.03,0.81,0.795,0.015,-0.01,0.04,0.5526315789473685,95,0.5585106382978723,17,100,0.17,67,0.2537313432835821
qwen2.5-7b-instruct,dev,random_ortho_3_r2_a1,random_ortho_3,2,1.0,demographic,bbq,exploratory,42,42,42,0.3539922805059524,0.3840767996651785,0.3333333333333333,0.5952380952380952,0.0714285714285714,-0.0300845191592261,-0.0690278552827381,0.005462937127976,-0.0849863706525666,-0.2172156156290582,0.0177146504678814,5,1,1,37,0.2,0.0,0.6666666666666666,0.0004804004576947,0.0005132877654793,0.7023809523809523,0.7023809523809523,0.0,0.0,0.0,0.7261904761904762,0.7023809523809523,0.0238095238095238,0.0,0.0595238095238095,0.9761904761904762,0.9642857142857144,0.0119047619047619,0.0,0.0357142857142857,0.7857142857142857,42,0.75,8,42,0.1904761904761904,40,0.2
qwen2.5-7b-instruct,dev,random_ortho_3_r2_a1,random_ortho_3,2,1.0,demographic,crows_pairs,exploratory,30,30,30,0.9754720052083332,0.93389892578125,0.6666666666666666,0.3333333333333333,0.0,0.0415730794270833,-0.028564453125,0.1206904093424477,0.0426184239066957,-0.0337897249269435,0.1137550053309617,12,1,0,18,0.0833333333333333,0.0,0.2727272727272727,0.0005046316578278,0.000490618208664,0.65,0.6666666666666666,-0.0166666666666666,-0.05,0.0,0.3166666666666666,0.3166666666666666,0.0,-0.05,0.05,0.7333333333333333,0.7166666666666667,0.0166666666666666,-0.0333333333333333,0.0666666666666666,0.4285714285714285,28,0.4642857142857143,6,30,0.2,16,0.375
qwen2.5-7b-instruct,dev,random_ortho_3_r2_a1,random_ortho_3,2,1.0,demographic,stereoset,exploratory,28,28,28,0.670806884765625,0.631744384765625,0.5357142857142857,0.4285714285714285,0.0357142857142857,0.0390625,-0.0071461268833705,0.0894228254045758,0.0582321095491561,-0.0118203774595102,0.1430403516322212,10,1,0,18,0.1,0.0,0.3333333333333333,0.0004960408219303,0.0004869394581359,0.3392857142857143,0.375,-0.0357142857142857,-0.0892857142857142,0.0,0.2142857142857142,0.2142857142857142,0.0,0.0,0.0,0.6428571428571429,0.625,0.0178571428571428,-0.0357142857142857,0.0714285714285714,0.3,25,0.3333333333333333,3,28,0.1071428571428571,11,0.2727272727272727
qwen2.5-7b-instruct,dev,random_ortho_3_r2_a1,random_ortho_3,2,1.0,identity,pooled,exploratory,100,100,100,0.0,0.0,0.0,0.0,1.0,0.0,0.0,0.0,,,,0,0,0,100,,,,0.0005035342053666,0.000503539564602,0.5773195876288659,0.6082474226804123,-0.0309278350515463,-0.0721649484536082,0.0,0.43,0.44,-0.01,-0.03,0.0,0.8,0.78,0.02,-0.02,0.06,0.5584415584415584,77,0.5866666666666667,0,100,0.0,80,0.0
qwen2.5-7b-instruct,dev,random_ortho_3_r2_a1,random_ortho_3,2,1.0,identity,bbq,exploratory,42,42,42,0.0,0.0,0.0,0.0,1.0,0.0,0.0,0.0,,,,0,0,0,42,,,,0.0005221301231668,0.0005221365394731,0.6923076923076923,0.6923076923076923,0.0,0.0,0.0,0.6904761904761905,0.7142857142857143,-0.0238095238095238,-0.0714285714285714,0.0,0.9761904761904762,1.0,-0.0238095238095238,-0.0714285714285714,0.0,0.7631578947368421,38,0.7692307692307693,0,42,0.0,41,0.0
qwen2.5-7b-instruct,dev,random_ortho_3_r2_a1,random_ortho_3,2,1.0,identity,crows_pairs,exploratory,30,30,30,0.0,0.0,0.0,0.0,1.0,0.0,0.0,0.0,,,,0,0,0,30,,,,0.0004903763649675,0.0004903994499605,0.6666666666666666,0.7,-0.0333333333333333,-0.1,0.0,0.3,0.3,0.0,0.0,0.0,0.7,0.6666666666666666,0.0333333333333333,0.0,0.1,0.4285714285714285,21,0.45,0,30,0.0,21,0.0
qwen2.5-7b-instruct,dev,random_ortho_3_r2_a1,random_ortho_3,2,1.0,identity,stereoset,exploratory,28,28,28,0.0,0.0,0.0,0.0,1.0,0.0,0.0,0.0,,,,0,0,0,28,,,,0.0004897380148083,0.0004897227965542,0.3214285714285714,0.3928571428571428,-0.0714285714285714,-0.1785714285714285,0.0,0.1785714285714285,0.1785714285714285,0.0,0.0,0.0,0.6428571428571429,0.5714285714285714,0.0714285714285714,0.0,0.1785714285714285,0.2777777777777778,18,0.3125,0,28,0.0,18,0.0
qwen2.5-7b-instruct,dev,random_ortho_3_r2_a1,random_ortho_3,2,1.0,neutral,pooled,exploratory,42,42,42,0.2014392671130952,0.1888064429873512,0.5952380952380952,0.3571428571428571,0.0476190476190476,0.012632824125744,-0.0128075009300595,0.0375670660109746,0.0627128181450914,-0.0696022619041463,0.1782419530934262,1,1,0,41,1.0,1.0,1.0,0.0005555482941151,0.0005281900648533,0.717948717948718,0.7307692307692307,-0.0128205128205128,-0.0384615384615384,0.0,0.6666666666666666,0.6904761904761905,-0.0238095238095238,-0.0595238095238095,0.0,0.9047619047619048,0.9166666666666666,-0.0119047619047619,-0.0357142857142857,0.0,0.8026315789473685,38,0.8157894736842105,4,42,0.0952380952380952,35,0.1142857142857142
qwen2.5-7b-instruct,dev,random_ortho_3_r2_a1,random_ortho_3,2,1.0,neutral,bbq,exploratory,42,42,42,0.2014392671130952,0.1888064429873512,0.5952380952380952,0.3571428571428571,0.0476190476190476,0.012632824125744,-0.0128075009300595,0.0375670660109746,0.0627128181450914,-0.0696022619041463,0.1782419530934262,1,1,0,41,1.0,1.0,1.0,0.0005555482941151,0.0005281900648533,0.717948717948718,0.7307692307692307,-0.0128205128205128,-0.0384615384615384,0.0,0.6666666666666666,0.6904761904761905,-0.0238095238095238,-0.0595238095238095,0.0,0.9047619047619048,0.9166666666666666,-0.0119047619047619,-0.0357142857142857,0.0,0.8026315789473685,38,0.8157894736842105,4,42,0.0952380952380952,35,0.1142857142857142
qwen2.5-7b-instruct,dev,random_ortho_3_r4_a1,random_ortho_3,4,1.0,demographic,pooled,exploratory,100,100,100,0.629144287109375,0.615177001953125,0.5,0.46,0.04,0.01396728515625,-0.014225830078125,0.0418426513671875,0.0222004481999242,-0.0237290282155398,0.064550182332137,27,2,0,73,0.074074074074074,0.0,0.1851851851851851,0.0009878556481945,0.000998440273717,0.6,0.6,0.0,-0.02,0.02,0.46,0.45,0.01,-0.01,0.035,0.805,0.795,0.01,-0.02,0.045,0.5597826086956522,92,0.5585106382978723,16,100,0.16,69,0.2318840579710145
qwen2.5-7b-instruct,dev,random_ortho_3_r4_a1,random_ortho_3,4,1.0,demographic,bbq,exploratory,42,42,42,0.3539922805059524,0.3781970796130952,0.3571428571428571,0.5952380952380952,0.0476190476190476,-0.0242047991071428,-0.0537359328497023,0.00537109375,-0.0683766297743768,-0.1763269780636296,0.0134038621822327,5,1,0,37,0.2,0.0,0.6666666666666666,0.000966732475337,0.0010020131566225,0.7023809523809523,0.7023809523809523,0.0,0.0,0.0,0.7142857142857143,0.7023809523809523,0.0119047619047619,0.0,0.0357142857142857,0.9761904761904762,0.9642857142857144,0.0119047619047619,0.0,0.0357142857142857,0.7619047619047619,42,0.75,7,42,0.1666666666666666,40,0.175
qwen2.5-7b-instruct,dev,random_ortho_3_r4_a1,random_ortho_3,4,1.0,demographic,crows_pairs,exploratory,30,30,30,0.9754720052083332,0.9280558268229168,0.6,0.3666666666666666,0.0333333333333333,0.0474161783854166,-0.0110412597656249,0.1074262491861978,0.0486084460981429,-0.012298367609055,0.112305555225497,12,0,0,18,0.0,0.0,0.0,0.0010105459187468,0.0010088168048119,0.7,0.6666666666666666,0.0333333333333333,0.0,0.0833333333333333,0.3166666666666666,0.3166666666666666,0.0,-0.0666666666666666,0.0666666666666666,0.7166666666666667,0.7166666666666667,0.0,-0.0833333333333333,0.0833333333333333,0.4074074074074074,27,0.4642857142857143,6,30,0.2,16,0.375
qwen2.5-7b-instruct,dev,random_ortho_3_r4_a1,random_ortho_3,4,1.0,demographic,stereoset,exploratory,28,28,28,0.670806884765625,0.6354195731026786,0.6071428571428571,0.3571428571428571,0.0357142857142857,0.0353873116629464,-0.0207967485700334,0.0903337751116071,0.0527533519208147,-0.0295836514847863,0.1367039108930517,10,1,0,18,0.1,0.0,0.3333333333333333,0.0009952294033176,0.0009819632374714,0.3392857142857143,0.375,-0.0357142857142857,-0.0892857142857142,0.0,0.2321428571428571,0.2142857142857142,0.0178571428571428,0.0,0.0535714285714285,0.6428571428571429,0.625,0.0178571428571428,-0.0535714285714285,0.0892857142857142,0.3695652173913043,23,0.3333333333333333,3,28,0.1071428571428571,13,0.2307692307692307
qwen2.5-7b-instruct,dev,random_ortho_3_r4_a1,random_ortho_3,4,1.0,identity,pooled,exploratory,100,100,100,0.0,0.0,0.0,0.0,1.0,0.0,0.0,0.0,,,,0,0,0,100,,,,0.0010163137082261,0.0010168990907963,0.6082474226804123,0.6082474226804123,0.0,-0.0412371134020618,0.0412371134020618,0.42,0.44,-0.02,-0.06,0.02,0.77,0.78,-0.01,-0.06,0.04,0.5675675675675675,74,0.5866666666666667,0,100,0.0,77,0.0
qwen2.5-7b-instruct,dev,random_ortho_3_r4_a1,random_ortho_3,4,1.0,identity,bbq,exploratory,42,42,42,0.0,0.0,0.0,0.0,1.0,0.0,0.0,0.0,,,,0,0,0,42,,,,0.0010380219897548,0.0010387079208567,0.6923076923076923,0.6923076923076923,0.0,0.0,0.0,0.6666666666666666,0.7142857142857143,-0.0476190476190476,-0.119047619047619,0.0,0.9761904761904762,1.0,-0.0238095238095238,-0.0714285714285714,0.0,0.7368421052631579,38,0.7692307692307693,0,42,0.0,41,0.0
qwen2.5-7b-instruct,dev,random_ortho_3_r4_a1,random_ortho_3,4,1.0,identity,crows_pairs,exploratory,30,30,30,0.0,0.0,0.0,0.0,1.0,0.0,0.0,0.0,,,,0,0,0,30,,,,0.0010177043969455,0.0010182190790378,0.7666666666666667,0.7,0.0666666666666666,0.0,0.1666666666666666,0.2666666666666666,0.3,-0.0333333333333333,-0.1,0.0,0.6666666666666666,0.6666666666666666,0.0,-0.1333333333333333,0.1333333333333333,0.4,20,0.45,0,30,0.0,20,0.0
qwen2.5-7b-instruct,dev,random_ortho_3_r4_a1,random_ortho_3,4,1.0,identity,stereoset,exploratory,28,28,28,0.0,0.0,0.0,0.0,1.0,0.0,0.0,0.0,,,,0,0,0,28,,,,0.0009822612623051,0.0009827715725897,0.3214285714285714,0.3928571428571428,-0.0714285714285714,-0.1785714285714285,0.0,0.2142857142857142,0.1785714285714285,0.0357142857142857,0.0,0.1071428571428571,0.5714285714285714,0.5714285714285714,0.0,-0.1071428571428571,0.1071428571428571,0.375,16,0.3125,0,28,0.0,16,0.0
qwen2.5-7b-instruct,dev,random_ortho_3_r4_a1,random_ortho_3,4,1.0,neutral,pooled,exploratory,42,42,42,0.2014392671130952,0.1976841517857142,0.4047619047619047,0.5,0.0952380952380952,0.0037551153273809,-0.0222984677269345,0.030857921781994,0.0186414266751312,-0.1264620319339673,0.1508789641824769,1,0,0,41,0.0,0.0,0.0,0.0011663576322813,0.0010979920313368,0.7307692307692307,0.7307692307692307,0.0,0.0,0.0,0.6666666666666666,0.6904761904761905,-0.0238095238095238,-0.0714285714285714,0.0238095238095238,0.9166666666666666,0.9166666666666666,0.0,-0.0357142857142857,0.0357142857142857,0.7763157894736842,38,0.8157894736842105,4,42,0.0952380952380952,36,0.1111111111111111
qwen2.5-7b-instruct,dev,random_ortho_3_r4_a1,random_ortho_3,4,1.0,neutral,bbq,exploratory,42,42,42,0.2014392671130952,0.1976841517857142,0.4047619047619047,0.5,0.0952380952380952,0.0037551153273809,-0.0222984677269345,0.030857921781994,0.0186414266751312,-0.1264620319339673,0.1508789641824769,1,0,0,41,0.0,0.0,0.0,0.0011663576322813,0.0010979920313368,0.7307692307692307,0.7307692307692307,0.0,0.0,0.0,0.6666666666666666,0.6904761904761905,-0.0238095238095238,-0.0714285714285714,0.0238095238095238,0.9166666666666666,0.9166666666666666,0.0,-0.0357142857142857,0.0357142857142857,0.7763157894736842,38,0.8157894736842105,4,42,0.0952380952380952,36,0.1111111111111111
qwen2.5-7b-instruct,dev,uncentred_svd_r1_a1,uncentred_svd,1,1.0,demographic,pooled,exploratory,100,100,100,0.629144287109375,0.5133352661132813,0.56,0.43,0.01,0.1158090209960937,0.0393261032104492,0.202396858215332,0.1840738656758408,0.0695619859076256,0.2982947047531766,27,8,4,73,0.2962962962962963,0.1304347826086956,0.4782608695652174,0.0109983513830481,0.0108118139171085,0.61,0.6,0.01,-0.045,0.06,0.47,0.45,0.02,-0.025,0.065,0.8,0.795,0.005,-0.05,0.06,0.601063829787234,94,0.5585106382978723,13,100,0.13,66,0.1969696969696969
qwen2.5-7b-instruct,dev,uncentred_svd_r1_a1,uncentred_svd,1,1.0,demographic,bbq,exploratory,42,42,42,0.3539922805059524,0.3631933303106399,0.5,0.4761904761904761,0.0238095238095238,-0.0092010498046875,-0.0741100129627046,0.0525694529215494,-0.0259922329140529,-0.2328247480073825,0.1460254912230709,5,1,1,37,0.2,0.0,0.6666666666666666,0.0095731525283598,0.0083707496732828,0.7023809523809523,0.7023809523809523,0.0,-0.0357142857142857,0.0357142857142857,0.7142857142857143,0.7023809523809523,0.0119047619047619,-0.0238095238095238,0.0595238095238095,0.9523809523809524,0.9642857142857144,-0.0119047619047619,-0.0357142857142857,0.0,0.7804878048780488,41,0.75,7,42,0.1666666666666666,39,0.1794871794871795
qwen2.5-7b-instruct,dev,uncentred_svd_r1_a1,uncentred_svd,1,1.0,demographic,crows_pairs,exploratory,30,30,30,0.9754720052083332,0.7965311686197917,0.5666666666666667,0.4333333333333333,0.0,0.1789408365885416,0.023270517985026,0.3507303873697915,0.183440258288422,0.0272601148664508,0.3257128069694782,12,1,0,18,0.0833333333333333,0.0,0.2727272727272727,0.0109612097106726,0.0113944166366071,0.7666666666666667,0.6666666666666666,0.1,0.0,0.2,0.35,0.3166666666666666,0.0333333333333333,-0.0833333333333333,0.15,0.6666666666666666,0.7166666666666667,-0.05,-0.1833333333333333,0.0833333333333333,0.603448275862069,29,0.4642857142857143,3,30,0.1,11,0.2727272727272727
qwen2.5-7b-instruct,dev,uncentred_svd_r1_a1,uncentred_svd,1,1.0,demographic,stereoset,exploratory,28,28,28,0.670806884765625,0.4351239885602678,0.6428571428571429,0.3571428571428571,0.0,0.2356828962053571,0.0494621276855468,0.4803265162876673,0.3513423931057341,0.0876133992783699,0.5596781155263157,10,6,3,18,0.6,0.25,0.9,0.0131759443140544,0.0138491930833845,0.3035714285714285,0.375,-0.0714285714285714,-0.2142857142857142,0.0535714285714285,0.2321428571428571,0.2142857142857142,0.0178571428571428,-0.0535714285714285,0.0892857142857142,0.7142857142857143,0.625,0.0892857142857142,-0.0535714285714285,0.2321428571428571,0.2916666666666667,24,0.3333333333333333,3,28,0.1071428571428571,16,0.1875
qwen2.5-7b-instruct,dev,uncentred_svd_r1_a1,uncentred_svd,1,1.0,identity,pooled,exploratory,100,100,100,0.0,0.0,0.0,0.0,1.0,0.0,0.0,0.0,,,,0,0,0,100,,,,0.0108290749070382,0.0108408265181556,0.6082474226804123,0.6082474226804123,0.0,-0.0618556701030927,0.0618556701030927,0.46,0.44,0.02,-0.05,0.09,0.78,0.78,0.0,-0.08,0.08,0.6133333333333333,75,0.5866666666666667,0,100,0.0,78,0.0
qwen2.5-7b-instruct,dev,uncentred_svd_r1_a1,uncentred_svd,1,1.0,identity,bbq,exploratory,42,42,42,0.0,0.0,0.0,0.0,1.0,0.0,0.0,0.0,,,,0,0,0,42,,,,0.0088240755248489,0.0088394507858257,0.6923076923076923,0.6923076923076923,0.0,0.0,0.0,0.7380952380952381,0.7142857142857143,0.0238095238095238,-0.0476190476190476,0.119047619047619,0.9761904761904762,1.0,-0.0238095238095238,-0.0714285714285714,0.0,0.8157894736842105,38,0.7692307692307693,0,42,0.0,41,0.0
qwen2.5-7b-instruct,dev,uncentred_svd_r1_a1,uncentred_svd,1,1.0,identity,crows_pairs,exploratory,30,30,30,0.0,0.0,0.0,0.0,1.0,0.0,0.0,0.0,,,,0,0,0,30,,,,0.011397832765637,0.0114152737694878,0.7666666666666667,0.7,0.0666666666666666,-0.0666666666666666,0.2,0.3333333333333333,0.3,0.0333333333333333,-0.1333333333333333,0.2,0.6,0.6666666666666666,-0.0666666666666666,-0.2333333333333333,0.1,0.5555555555555556,18,0.45,0,30,0.0,18,0.0
qwen2.5-7b-instruct,dev,uncentred_svd_r1_a1,uncentred_svd,1,1.0,identity,stereoset,exploratory,28,28,28,0.0,0.0,0.0,0.0,1.0,0.0,0.0,0.0,,,,0,0,0,28,,,,0.0132271905603947,0.0132274109187945,0.3214285714285714,0.3928571428571428,-0.0714285714285714,-0.25,0.1071428571428571,0.1785714285714285,0.1785714285714285,0.0,-0.1071428571428571,0.1071428571428571,0.6785714285714286,0.5714285714285714,0.1071428571428571,-0.1428571428571428,0.3571428571428571,0.2631578947368421,19,0.3125,0,28,0.0,19,0.0
qwen2.5-7b-instruct,dev,uncentred_svd_r1_a1,uncentred_svd,1,1.0,neutral,pooled,exploratory,42,42,42,0.2014392671130952,0.1909096127464657,0.5476190476190477,0.4285714285714285,0.0238095238095238,0.0105296543666294,-0.0616504487537202,0.0844187146141415,0.0522721042303918,-0.3401225171979914,0.3633287107603249,1,1,2,41,1.0,1.0,1.0,0.0216458040082283,0.016096420972354,0.7307692307692307,0.7307692307692307,0.0,-0.0384615384615384,0.0384615384615384,0.7023809523809523,0.6904761904761905,0.0119047619047619,-0.0357142857142857,0.0595238095238095,0.9404761904761904,0.9166666666666666,0.0238095238095238,0.0,0.0595238095238095,0.782051282051282,39,0.8157894736842105,4,42,0.0952380952380952,37,0.1081081081081081
qwen2.5-7b-instruct,dev,uncentred_svd_r1_a1,uncentred_svd,1,1.0,neutral,bbq,exploratory,42,42,42,0.2014392671130952,0.1909096127464657,0.5476190476190477,0.4285714285714285,0.0238095238095238,0.0105296543666294,-0.0616504487537202,0.0844187146141415,0.0522721042303918,-0.3401225171979914,0.3633287107603249,1,1,2,41,1.0,1.0,1.0,0.0216458040082283,0.016096420972354,0.7307692307692307,0.7307692307692307,0.0,-0.0384615384615384,0.0384615384615384,0.7023809523809523,0.6904761904761905,0.0119047619047619,-0.0357142857142857,0.0595238095238095,0.9404761904761904,0.9166666666666666,0.0238095238095238,0.0,0.0595238095238095,0.782051282051282,39,0.8157894736842105,4,42,0.0952380952380952,37,0.1081081081081081
qwen2.5-7b-instruct,dev,uncentred_svd_r2_a1,uncentred_svd,2,1.0,demographic,pooled,exploratory,100,100,100,0.629144287109375,0.53321533203125,0.52,0.47,0.01,0.095928955078125,0.0168082580566406,0.1828445739746092,0.1524752859457309,0.0291687846216515,0.2722855198077604,27,8,3,73,0.2962962962962963,0.125,0.4761904761904761,0.0138334075937155,0.0136337428286965,0.605,0.6,0.005,-0.045,0.055,0.475,0.45,0.025,-0.015,0.065,0.795,0.795,0.0,-0.05,0.055,0.6129032258064516,93,0.5585106382978723,13,100,0.13,66,0.1969696969696969
qwen2.5-7b-instruct,dev,uncentred_svd_r2_a1,uncentred_svd,2,1.0,demographic,bbq,exploratory,42,42,42,0.3539922805059524,0.3809291294642857,0.5,0.5,0.0,-0.0269368489583333,-0.0996538434709821,0.0458231608072915,-0.0760944530198035,-0.2912077338924185,0.1266501857796977,5,1,2,37,0.2,0.0,0.6666666666666666,0.0129460805825502,0.01206346692084,0.7142857142857143,0.7023809523809523,0.0119047619047619,0.0,0.0357142857142857,0.7261904761904762,0.7023809523809523,0.0238095238095238,-0.0238095238095238,0.0714285714285714,0.9761904761904762,0.9642857142857144,0.0119047619047619,0.0,0.0357142857142857,0.7738095238095238,42,0.75,8,42,0.1904761904761904,40,0.2
qwen2.5-7b-instruct,dev,uncentred_svd_r2_a1,uncentred_svd,2,1.0,demographic,crows_pairs,exploratory,30,30,30,0.9754720052083332,0.8175862630208334,0.5,0.4666666666666667,0.0333333333333333,0.1578857421875,0.01037841796875,0.3250909423828125,0.1618557389084477,0.0095222774375042,0.3080029943057892,12,1,0,18,0.0833333333333333,0.0,0.2727272727272727,0.0120755398785032,0.0126496105082132,0.8,0.6666666666666666,0.1333333333333333,0.05,0.2166666666666666,0.3333333333333333,0.3166666666666666,0.0166666666666666,-0.0666666666666666,0.1,0.65,0.7166666666666667,-0.0666666666666666,-0.2,0.0666666666666666,0.6111111111111112,27,0.4642857142857143,3,30,0.1,12,0.25
qwen2.5-7b-instruct,dev,uncentred_svd_r2_a1,uncentred_svd,2,1.0,demographic,stereoset,exploratory,28,28,28,0.670806884765625,0.4569614955357143,0.5714285714285714,0.4285714285714285,0.0,0.2138453892299107,0.0184636797223772,0.463657161167689,0.318788304184783,0.0307345380075771,0.547937353951348,10,6,1,18,0.6,0.2727272727272727,0.9,0.0170478278053337,0.0170435841767133,0.2321428571428571,0.375,-0.1428571428571428,-0.2678571428571428,-0.0357142857142857,0.25,0.2142857142857142,0.0357142857142857,-0.0357142857142857,0.1071428571428571,0.6785714285714286,0.625,0.0535714285714285,-0.0714285714285714,0.1785714285714285,0.3333333333333333,24,0.3333333333333333,2,28,0.0714285714285714,14,0.1428571428571428
qwen2.5-7b-instruct,dev,uncentred_svd_r2_a1,uncentred_svd,2,1.0,identity,pooled,exploratory,100,100,100,0.0,0.0,0.0,0.0,1.0,0.0,0.0,0.0,,,,0,0,0,100,,,,0.013522110695795,0.0135380615142635,0.5876288659793815,0.6082474226804123,-0.0206185567010309,-0.0927835051546391,0.0412371134020618,0.47,0.44,0.03,-0.03,0.1,0.77,0.78,-0.01,-0.08,0.07,0.6351351351351351,74,0.5866666666666667,0,100,0.0,77,0.0
qwen2.5-7b-instruct,dev,uncentred_svd_r2_a1,uncentred_svd,2,1.0,identity,bbq,exploratory,42,42,42,0.0,0.0,0.0,0.0,1.0,0.0,0.0,0.0,,,,0,0,0,42,,,,0.0125349778002181,0.0125387666098493,0.6923076923076923,0.6923076923076923,0.0,0.0,0.0,0.7380952380952381,0.7142857142857143,0.0238095238095238,-0.0476190476190476,0.119047619047619,1.0,1.0,0.0,0.0,0.0,0.7948717948717948,39,0.7692307692307693,0,42,0.0,42,0.0
qwen2.5-7b-instruct,dev,uncentred_svd_r2_a1,uncentred_svd,2,1.0,identity,crows_pairs,exploratory,30,30,30,0.0,0.0,0.0,0.0,1.0,0.0,0.0,0.0,,,,0,0,0,30,,,,0.0126752829358584,0.0126932235361372,0.7666666666666667,0.7,0.0666666666666666,-0.0666666666666666,0.2,0.3,0.3,0.0,-0.1333333333333333,0.1666666666666666,0.6,0.6666666666666666,-0.0666666666666666,-0.2333333333333333,0.1,0.5,18,0.45,0,30,0.0,18,0.0
qwen2.5-7b-instruct,dev,uncentred_svd_r2_a1,uncentred_svd,2,1.0,identity,stereoset,exploratory,28,28,28,0.0,0.0,0.0,0.0,1.0,0.0,0.0,0.0,,,,0,0,0,28,,,,0.0159101254962353,0.0159421874188773,0.25,0.3928571428571428,-0.1428571428571428,-0.3214285714285714,0.0,0.25,0.1785714285714285,0.0714285714285714,0.0,0.1785714285714285,0.6071428571428571,0.5714285714285714,0.0357142857142857,-0.1785714285714285,0.25,0.4117647058823529,17,0.3125,0,28,0.0,17,0.0
qwen2.5-7b-instruct,dev,uncentred_svd_r2_a1,uncentred_svd,2,1.0,neutral,pooled,exploratory,42,42,42,0.2014392671130952,0.157621837797619,0.5476190476190477,0.4523809523809524,0.0,0.0438174293154761,-0.0078892299107142,0.097245861235119,0.2175217868067178,-0.0505592095590718,0.4197128056371487,1,1,0,41,1.0,1.0,1.0,0.0238843216346337,0.0187925374830985,0.7307692307692307,0.7307692307692307,0.0,-0.0384615384615384,0.0384615384615384,0.6904761904761905,0.6904761904761905,0.0,-0.0598214285714285,0.0714285714285714,0.9166666666666666,0.9166666666666666,0.0,-0.0476190476190476,0.0476190476190476,0.8026315789473685,38,0.8157894736842105,4,42,0.0952380952380952,36,0.1111111111111111
qwen2.5-7b-instruct,dev,uncentred_svd_r2_a1,uncentred_svd,2,1.0,neutral,bbq,exploratory,42,42,42,0.2014392671130952,0.157621837797619,0.5476190476190477,0.4523809523809524,0.0,0.0438174293154761,-0.0078892299107142,0.097245861235119,0.2175217868067178,-0.0505592095590718,0.4197128056371487,1,1,0,41,1.0,1.0,1.0,0.0238843216346337,0.0187925374830985,0.7307692307692307,0.7307692307692307,0.0,-0.0384615384615384,0.0384615384615384,0.6904761904761905,0.6904761904761905,0.0,-0.0598214285714285,0.0714285714285714,0.9166666666666666,0.9166666666666666,0.0,-0.0476190476190476,0.0476190476190476,0.8026315789473685,38,0.8157894736842105,4,42,0.0952380952380952,36,0.1111111111111111
qwen2.5-7b-instruct,dev,uncentred_svd_r4_a1,uncentred_svd,4,1.0,demographic,pooled,exploratory,100,100,100,0.629144287109375,0.4879150390625,0.58,0.42,0.0,0.141229248046875,0.050376708984375,0.2405633544921875,0.2244783127504147,0.0891060326719636,0.3492255813188571,27,10,5,73,0.3703703703703703,0.1851851851851851,0.5517241379310345,0.0262470532054719,0.0241006321079149,0.585,0.6,-0.015,-0.075,0.045,0.435,0.45,-0.015,-0.07,0.045,0.745,0.795,-0.05,-0.115,0.015,0.5647058823529412,85,0.5585106382978723,7,100,0.07,64,0.109375
qwen2.5-7b-instruct,dev,uncentred_svd_r4_a1,uncentred_svd,4,1.0,demographic,bbq,exploratory,42,42,42,0.3539922805059524,0.3372977120535714,0.5,0.5,0.0,0.0166945684523809,-0.0602283296130952,0.0924142020089285,0.0471608262997143,-0.1604258572358572,0.2765306646495881,5,1,1,37,0.2,0.0,0.6666666666666666,0.0279921867812921,0.02360876043332,0.6785714285714286,0.7023809523809523,-0.0238095238095238,-0.119047619047619,0.0595238095238095,0.6785714285714286,0.7023809523809523,-0.0238095238095238,-0.0833333333333333,0.0357142857142857,0.9166666666666666,0.9642857142857144,-0.0476190476190476,-0.1071428571428571,0.0,0.7375,40,0.75,4,42,0.0952380952380952,37,0.1081081081081081
qwen2.5-7b-instruct,dev,uncentred_svd_r4_a1,uncentred_svd,4,1.0,demographic,crows_pairs,exploratory,30,30,30,0.9754720052083332,0.739599609375,0.6333333333333333,0.3666666666666666,0.0,0.2358723958333333,0.0662314860026041,0.4264337158203123,0.2418033470708958,0.0813995338323717,0.3884540691723752,12,2,1,18,0.1666666666666666,0.0,0.4166666666666667,0.0200817513839067,0.020151940284055,0.7666666666666667,0.6666666666666666,0.1,0.0166666666666666,0.1833333333333333,0.3,0.3166666666666666,-0.0166666666666666,-0.1666666666666666,0.1337499999999977,0.6166666666666667,0.7166666666666667,-0.1,-0.25,0.05,0.5,24,0.4642857142857143,2,30,0.0666666666666666,13,0.1538461538461538
qwen2.5-7b-instruct,dev,uncentred_svd_r4_a1,uncentred_svd,4,1.0,demographic,stereoset,exploratory,28,28,28,0.670806884765625,0.4441789899553571,0.6428571428571429,0.3571428571428571,0.0,0.2266278948102678,-0.006940678187779,0.4976925441196985,0.3378437221756452,-0.0144302405018508,0.5891746003419847,10,7,3,18,0.7,0.375,1.0,0.0302350333648473,0.0290691808596571,0.25,0.375,-0.125,-0.2678571428571428,0.0,0.2142857142857142,0.2142857142857142,0.0,-0.1071428571428571,0.0892857142857142,0.625,0.625,0.0,-0.1607142857142857,0.1607142857142857,0.3095238095238095,21,0.3333333333333333,1,28,0.0357142857142857,14,0.0714285714285714
qwen2.5-7b-instruct,dev,uncentred_svd_r4_a1,uncentred_svd,4,1.0,identity,pooled,exploratory,100,100,100,0.0,0.0,0.0,0.0,1.0,0.0,0.0,0.0,,,,0,0,0,100,,,,0.0233104472595985,0.0233519701309372,0.5979381443298969,0.6082474226804123,-0.0103092783505154,-0.0824742268041237,0.0618556701030927,0.44,0.44,0.0,-0.07,0.07,0.76,0.78,-0.02,-0.11,0.07,0.6027397260273972,73,0.5866666666666667,0,100,0.0,76,0.0
qwen2.5-7b-instruct,dev,uncentred_svd_r4_a1,uncentred_svd,4,1.0,identity,bbq,exploratory,42,42,42,0.0,0.0,0.0,0.0,1.0,0.0,0.0,0.0,,,,0,0,0,42,,,,0.0238075281396666,0.0238337947097528,0.717948717948718,0.6923076923076923,0.0256410256410256,-0.0512820512820512,0.1282051282051282,0.7380952380952381,0.7142857142857143,0.0238095238095238,-0.0476190476190476,0.119047619047619,0.9761904761904762,1.0,-0.0238095238095238,-0.0714285714285714,0.0,0.8157894736842105,38,0.7692307692307693,0,42,0.0,41,0.0
qwen2.5-7b-instruct,dev,uncentred_svd_r4_a1,uncentred_svd,4,1.0,identity,crows_pairs,exploratory,30,30,30,0.0,0.0,0.0,0.0,1.0,0.0,0.0,0.0,,,,0,0,0,30,,,,0.019829085320364,0.0198916468760401,0.7666666666666667,0.7,0.0666666666666666,-0.0666666666666666,0.2,0.2666666666666666,0.3,-0.0333333333333333,-0.2333333333333333,0.1666666666666666,0.6,0.6666666666666666,-0.0666666666666666,-0.2666666666666666,0.1,0.4444444444444444,18,0.45,0,30,0.0,18,0.0
qwen2.5-7b-instruct,dev,uncentred_svd_r4_a1,uncentred_svd,4,1.0,identity,stereoset,exploratory,28,28,28,0.0,0.0,0.0,0.0,1.0,0.0,0.0,0.0,,,,0,0,0,28,,,,0.0262948565886763,0.0263367224643891,0.25,0.3928571428571428,-0.1428571428571428,-0.3214285714285714,0.0,0.1785714285714285,0.1785714285714285,0.0,-0.1071428571428571,0.1071428571428571,0.6071428571428571,0.5714285714285714,0.0357142857142857,-0.2142857142857142,0.2857142857142857,0.2941176470588235,17,0.3125,0,28,0.0,17,0.0
qwen2.5-7b-instruct,dev,uncentred_svd_r4_a1,uncentred_svd,4,1.0,neutral,pooled,exploratory,42,42,42,0.2014392671130952,0.1582496279761904,0.5952380952380952,0.3809523809523809,0.0238095238095238,0.0431896391369047,-0.0022693452380952,0.0927559988839285,0.2144052634616494,-0.0142582791757946,0.4013347228889192,1,1,0,41,1.0,1.0,1.0,0.0345557227700664,0.0290876423990553,0.7307692307692307,0.7307692307692307,0.0,-0.0769230769230769,0.0641025641025641,0.6904761904761905,0.6904761904761905,0.0,-0.0714285714285714,0.0598214285714269,0.9047619047619048,0.9166666666666666,-0.0119047619047619,-0.0714285714285714,0.0476190476190476,0.8289473684210527,38,0.8157894736842105,4,42,0.0952380952380952,35,0.1142857142857142
qwen2.5-7b-instruct,dev,uncentred_svd_r4_a1,uncentred_svd,4,1.0,neutral,bbq,exploratory,42,42,42,0.2014392671130952,0.1582496279761904,0.5952380952380952,0.3809523809523809,0.0238095238095238,0.0431896391369047,-0.0022693452380952,0.0927559988839285,0.2144052634616494,-0.0142582791757946,0.4013347228889192,1,1,0,41,1.0,1.0,1.0,0.0345557227700664,0.0290876423990553,0.7307692307692307,0.7307692307692307,0.0,-0.0769230769230769,0.0641025641025641,0.6904761904761905,0.6904761904761905,0.0,-0.0714285714285714,0.0598214285714269,0.9047619047619048,0.9166666666666666,-0.0119047619047619,-0.0714285714285714,0.0476190476190476,0.8289473684210527,38,0.8157894736842105,4,42,0.0952380952380952,35,0.1142857142857142
qwen2.5-7b-instruct,test,cure_centred_svd_r1_a1,cure_centred_svd,1,1.0,demographic,pooled,confirmatory-input,111,111,111,0.5857071060318131,0.5606106594876126,0.5135135135135135,0.4684684684684684,0.018018018018018,0.0250964465442004,-0.0643509323532516,0.1090963415197423,0.0428481168928097,-0.1162908653661639,0.1679353302608914,27,7,6,84,0.2592592592592592,0.1034482758620689,0.4285714285714285,0.0094726108675422,0.0094245804127924,0.7863636363636364,0.7454545454545455,0.0409090909090909,0.0,0.0863636363636363,0.6936936936936937,0.6621621621621622,0.0315315315315315,-0.0045045045045045,0.072072072072072,0.90990990990991,0.90990990990991,0.0,-0.0225225225225225,0.027027027027027,0.7740384615384616,104,0.7307692307692307,27,111,0.2432432432432432,97,0.2783505154639175
qwen2.5-7b-instruct,test,cure_centred_svd_r1_a1,cure_centred_svd,1,1.0,demographic,bbq,exploratory,70,70,70,0.4752825055803571,0.4312255859375,0.5428571428571428,0.4285714285714285,0.0285714285714285,0.0440569196428571,-0.0157088797433035,0.1208530099051339,0.0926962787933046,-0.0401282267502973,0.1985553892546494,11,1,3,59,0.0909090909090909,0.0,0.3,0.0091904009488676,0.0086776389140163,0.7898550724637681,0.7536231884057971,0.036231884057971,-0.0072463768115942,0.0869565217391304,0.7928571428571428,0.7714285714285715,0.0214285714285714,-0.0142857142857142,0.0571428571428571,0.9928571428571428,0.9928571428571428,0.0,0.0,0.0,0.8188405797101449,69,0.7971014492753623,15,70,0.2142857142857142,69,0.217391304347826
qwen2.5-7b-instruct,test,cure_centred_svd_r1_a1,cure_centred_svd,1,1.0,demographic,crows_pairs,exploratory,41,41,41,0.7742369116806402,0.7815120045731707,0.4634146341463415,0.5365853658536586,0.0,-0.0072750928925304,-0.2138815530916539,0.1711393030678351,-0.0093964686813219,-0.2787324560148071,0.2100016500166894,16,6,3,25,0.375,0.1333333333333333,0.6428571428571429,0.0099544326799135,0.0106998463863127,0.7804878048780488,0.7317073170731707,0.048780487804878,-0.0365853658536585,0.1463414634146341,0.524390243902439,0.4756097560975609,0.048780487804878,-0.024390243902439,0.1341463414634146,0.7682926829268293,0.7682926829268293,0.0,-0.073170731707317,0.0609756097560975,0.6857142857142857,35,0.6,12,41,0.2926829268292683,28,0.4285714285714285
qwen2.5-7b-instruct,test,cure_centred_svd_r1_a1,cure_centred_svd,1,1.0,identity,pooled,exploratory,111,111,111,0.0,0.0,0.0,0.0,1.0,0.0,0.0,0.0,,,,0,0,0,111,,,,0.0103006105817841,0.0103013340644978,0.7870370370370371,0.7222222222222222,0.0648148148148148,-0.0002314814814814,0.1388888888888889,0.6936936936936937,0.6396396396396397,0.054054054054054,0.0,0.1171171171171171,0.9009009009009008,0.90990990990991,-0.009009009009009,-0.054054054054054,0.036036036036036,0.7857142857142857,98,0.7171717171717171,0,111,0.0,100,0.0
qwen2.5-7b-instruct,test,cure_centred_svd_r1_a1,cure_centred_svd,1,1.0,identity,bbq,exploratory,70,70,70,0.0,0.0,0.0,0.0,1.0,0.0,0.0,0.0,,,,0,0,0,70,,,,0.0096863537659184,0.009680911738786,0.8059701492537313,0.7611940298507462,0.044776119402985,-0.0149253731343283,0.1044776119402985,0.8142857142857143,0.7857142857142857,0.0285714285714285,-0.0146428571428571,0.0857142857142857,0.9857142857142858,0.9857142857142858,0.0,0.0,0.0,0.8507462686567164,67,0.8208955223880597,0,70,0.0,69,0.0
qwen2.5-7b-instruct,test,cure_centred_svd_r1_a1,cure_centred_svd,1,1.0,identity,crows_pairs,exploratory,41,41,41,0.0,0.0,0.0,0.0,1.0,0.0,0.0,0.0,,,,0,0,0,41,,,,0.0113493417308233,0.0113605916937617,0.7560975609756098,0.6585365853658537,0.0975609756097561,-0.048780487804878,0.2439024390243902,0.4878048780487805,0.3902439024390244,0.0975609756097561,-0.024390243902439,0.2195121951219512,0.7560975609756098,0.7804878048780488,-0.024390243902439,-0.1463414634146341,0.0975609756097561,0.6451612903225806,31,0.5,0,41,0.0,31,0.0
qwen2.5-7b-instruct,test,cure_centred_svd_r1_a1,cure_centred_svd,1,1.0,neutral,pooled,exploratory,70,70,70,0.3013253348214286,0.2420968191964285,0.4857142857142857,0.5142857142857142,0.0,0.059228515625,-0.0278267996651785,0.1456556919642857,0.1965600259271263,-0.1052615983877666,0.4160200705714287,7,6,2,63,0.8571428571428571,0.5,1.0,0.0207475998802686,0.0161265502471167,0.7611940298507462,0.746268656716418,0.0149253731343283,-0.0223880597014925,0.0597014925373134,0.8214285714285714,0.8,0.0214285714285714,-0.0071428571428571,0.0642857142857142,0.9928571428571428,0.9857142857142858,0.0071428571428571,0.0,0.0214285714285714,0.8582089552238806,67,0.835820895522388,5,70,0.0714285714285714,69,0.072463768115942
qwen2.5-7b-instruct,test,cure_centred_svd_r1_a1,cure_centred_svd,1,1.0,neutral,bbq,exploratory,70,70,70,0.3013253348214286,0.2420968191964285,0.4857142857142857,0.5142857142857142,0.0,0.059228515625,-0.0278267996651785,0.1456556919642857,0.1965600259271263,-0.1052615983877666,0.4160200705714287,7,6,2,63,0.8571428571428571,0.5,1.0,0.0207475998802686,0.0161265502471167,0.7611940298507462,0.746268656716418,0.0149253731343283,-0.0223880597014925,0.0597014925373134,0.8214285714285714,0.8,0.0214285714285714,-0.0071428571428571,0.0642857142857142,0.9928571428571428,0.9857142857142858,0.0071428571428571,0.0,0.0214285714285714,0.8582089552238806,67,0.835820895522388,5,70,0.0714285714285714,69,0.072463768115942
qwen2.5-7b-instruct,test,cure_centred_svd_r2_a1,cure_centred_svd,2,1.0,demographic,pooled,exploratory,111,111,111,0.5857071060318131,0.53878894152942,0.5405405405405406,0.4324324324324324,0.027027027027027,0.046918164502393,-0.0500053199561866,0.1311782699447494,0.0801051652254405,-0.0869969567131739,0.2091527751407184,27,11,4,84,0.4074074074074074,0.2222222222222222,0.5862576064908719,0.0117829506654561,0.0117882897756562,0.7909090909090909,0.7454545454545455,0.0454545454545454,0.0,0.0909090909090909,0.7027027027027027,0.6621621621621622,0.0405405405405405,-0.0045045045045045,0.0855855855855855,0.9144144144144144,0.90990990990991,0.0045045045045045,-0.018018018018018,0.027027027027027,0.7788461538461539,104,0.7307692307692307,22,111,0.1981981981981982,98,0.2244897959183673
qwen2.5-7b-instruct,test,cure_centred_svd_r2_a1,cure_centred_svd,2,1.0,demographic,bbq,exploratory,70,70,70,0.4752825055803571,0.4027609688895089,0.5714285714285714,0.4,0.0285714285714285,0.0725215366908482,0.011897234235491,0.1409818267822265,0.1525861689402889,0.031481826773231,0.2583159661403519,11,4,3,59,0.3636363636363636,0.0997727272727272,0.6666666666666666,0.0124410222349895,0.0118045017307588,0.7753623188405797,0.7536231884057971,0.0217391304347826,-0.0217391304347826,0.0652173913043478,0.8,0.7714285714285715,0.0285714285714285,0.0,0.0642857142857142,0.9928571428571428,0.9928571428571428,0.0,0.0,0.0,0.8260869565217391,69,0.7971014492753623,12,70,0.1714285714285714,69,0.1739130434782608
qwen2.5-7b-instruct,test,cure_centred_svd_r2_a1,cure_centred_svd,2,1.0,demographic,crows_pairs,exploratory,41,41,41,0.7742369116806402,0.7710318216463414,0.4878048780487805,0.4878048780487805,0.024390243902439,0.0032050900342987,-0.2293559376786395,0.1842657694002475,0.0041396760938993,-0.2833194804409756,0.2400797507343278,16,7,1,25,0.4375,0.1875,0.6923076923076923,0.0106594138394236,0.0117606108279202,0.8170731707317073,0.7317073170731707,0.0853658536585365,-0.0121951219512195,0.1829268292682926,0.5365853658536586,0.4756097560975609,0.0609756097560975,-0.048780487804878,0.1585365853658536,0.7804878048780488,0.7682926829268293,0.0121951219512195,-0.048780487804878,0.073170731707317,0.6857142857142857,35,0.6,10,41,0.2439024390243902,29,0.3448275862068966
qwen2.5-7b-instruct,test,cure_centred_svd_r2_a1,cure_centred_svd,2,1.0,identity,pooled,exploratory,111,111,111,0.0,0.0,0.0,0.0,1.0,0.0,0.0,0.0,,,,0,0,0,111,,,,0.0124840761136965,0.0124894893256817,0.7962962962962963,0.7222222222222222,0.074074074074074,0.0092592592592592,0.1388888888888889,0.7207207207207207,0.6396396396396397,0.081081081081081,0.018018018018018,0.1441441441441441,0.927927927927928,0.90990990990991,0.018018018018018,-0.018018018018018,0.054054054054054,0.7920792079207921,101,0.7171717171717171,0,111,0.0,103,0.0
qwen2.5-7b-instruct,test,cure_centred_svd_r2_a1,cure_centred_svd,2,1.0,identity,bbq,exploratory,70,70,70,0.0,0.0,0.0,0.0,1.0,0.0,0.0,0.0,,,,0,0,0,70,,,,0.0124650222846045,0.0124702491021509,0.8059701492537313,0.7611940298507462,0.044776119402985,0.0,0.1044776119402985,0.8285714285714286,0.7857142857142857,0.0428571428571428,0.0,0.1,0.9857142857142858,0.9857142857142858,0.0,0.0,0.0,0.8656716417910447,67,0.8208955223880597,0,70,0.0,69,0.0
qwen2.5-7b-instruct,test,cure_centred_svd_r2_a1,cure_centred_svd,2,1.0,identity,crows_pairs,exploratory,41,41,41,0.0,0.0,0.0,0.0,1.0,0.0,0.0,0.0,,,,0,0,0,41,,,,0.0125166070414146,0.0125223384878076,0.7804878048780488,0.6585365853658537,0.1219512195121951,-0.024390243902439,0.2445121951219478,0.5365853658536586,0.3902439024390244,0.1463414634146341,0.0,0.2926829268292683,0.8292682926829268,0.7804878048780488,0.048780487804878,-0.048780487804878,0.1463414634146341,0.6470588235294118,34,0.5,0,41,0.0,34,0.0
qwen2.5-7b-instruct,test,cure_centred_svd_r2_a1,cure_centred_svd,2,1.0,neutral,pooled,exploratory,70,70,70,0.3013253348214286,0.2602818080357142,0.4857142857142857,0.4714285714285714,0.0428571428571428,0.0410435267857142,-0.04000244140625,0.1227200753348214,0.1362100097226724,-0.1525170316684453,0.3604061297289759,7,4,2,63,0.5714285714285714,0.1666666666666666,1.0,0.0228976664124134,0.0182842119797999,0.7611940298507462,0.746268656716418,0.0149253731343283,-0.0223880597014925,0.0522388059701492,0.8357142857142857,0.8,0.0357142857142857,0.0071428571428571,0.0785714285714285,0.9928571428571428,0.9857142857142858,0.0071428571428571,0.0,0.0214285714285714,0.8731343283582089,67,0.835820895522388,5,70,0.0714285714285714,69,0.072463768115942
qwen2.5-7b-instruct,test,cure_centred_svd_r2_a1,cure_centred_svd,2,1.0,neutral,bbq,exploratory,70,70,70,0.3013253348214286,0.2602818080357142,0.4857142857142857,0.4714285714285714,0.0428571428571428,0.0410435267857142,-0.04000244140625,0.1227200753348214,0.1362100097226724,-0.1525170316684453,0.3604061297289759,7,4,2,63,0.5714285714285714,0.1666666666666666,1.0,0.0228976664124134,0.0182842119797999,0.7611940298507462,0.746268656716418,0.0149253731343283,-0.0223880597014925,0.0522388059701492,0.8357142857142857,0.8,0.0357142857142857,0.0071428571428571,0.0785714285714285,0.9928571428571428,0.9857142857142858,0.0071428571428571,0.0,0.0214285714285714,0.8731343283582089,67,0.835820895522388,5,70,0.0714285714285714,69,0.072463768115942
qwen2.5-7b-instruct,test,cure_centred_svd_r4_a1,cure_centred_svd,4,1.0,demographic,pooled,exploratory,111,111,111,0.5857071060318131,0.4801212345157657,0.5675675675675675,0.4144144144144144,0.018018018018018,0.1055858715160473,-0.0017490833729237,0.2064261359137457,0.1802707708830705,-0.0031294912982809,0.3241626219802591,27,10,1,84,0.3703703703703703,0.1818181818181818,0.551819923371647,0.0228816022593001,0.021481343915931,0.7045454545454546,0.7454545454545455,-0.0409090909090909,-0.1,0.0136363636363636,0.6846846846846847,0.6621621621621622,0.0225225225225225,-0.0225225225225225,0.063063063063063,0.918918918918919,0.90990990990991,0.009009009009009,-0.0225225225225225,0.0405405405405405,0.7596153846153846,104,0.7307692307692307,22,111,0.1981981981981982,99,0.2222222222222222
qwen2.5-7b-instruct,test,cure_centred_svd_r4_a1,cure_centred_svd,4,1.0,demographic,bbq,exploratory,70,70,70,0.4752825055803571,0.3229561941964285,0.6,0.3714285714285714,0.0285714285714285,0.1523263113839285,0.0645517403738839,0.2714229910714286,0.3204963565783391,0.174991570676932,0.4327834480303865,11,4,0,59,0.3636363636363636,0.0909090909090909,0.6876201923076917,0.0256792440195248,0.022716195331424,0.6811594202898551,0.7536231884057971,-0.072463768115942,-0.1376811594202898,-0.0072463768115942,0.7785714285714286,0.7714285714285715,0.0071428571428571,-0.0214285714285714,0.0428571428571428,1.0,0.9928571428571428,0.0071428571428571,0.0,0.0214285714285714,0.8043478260869565,69,0.7971014492753623,13,70,0.1857142857142857,70,0.1857142857142857
qwen2.5-7b-instruct,test,cure_centred_svd_r4_a1,cure_centred_svd,4,1.0,demographic,crows_pairs,exploratory,41,41,41,0.7742369116806402,0.7484517911585366,0.5121951219512195,0.4878048780487805,0.0,0.0257851205221036,-0.214558559510766,0.2122407122356132,0.0333039152914212,-0.2748813815925054,0.2706227403933815,16,6,1,25,0.375,0.1333333333333333,0.6428571428571429,0.0181051407174532,0.0193730610114308,0.7439024390243902,0.7317073170731707,0.0121951219512195,-0.0975609756097561,0.1219512195121951,0.524390243902439,0.4756097560975609,0.048780487804878,-0.0609756097560975,0.1466463414634129,0.7804878048780488,0.7682926829268293,0.0121951219512195,-0.073170731707317,0.0853658536585365,0.6714285714285714,35,0.6,9,41,0.2195121951219512,29,0.3103448275862069
qwen2.5-7b-instruct,test,cure_centred_svd_r4_a1,cure_centred_svd,4,1.0,identity,pooled,exploratory,111,111,111,0.0,0.0,0.0,0.0,1.0,0.0,0.0,0.0,,,,0,0,0,111,,,,0.0220018949961106,0.0219970280008615,0.7314814814814815,0.7222222222222222,0.0092592592592592,-0.0648148148148148,0.0925925925925925,0.6846846846846847,0.6396396396396397,0.045045045045045,-0.018018018018018,0.1081081081081081,0.9369369369369368,0.90990990990991,0.027027027027027,-0.018018018018018,0.081081081081081,0.7524752475247525,101,0.7171717171717171,0,111,0.0,104,0.0
qwen2.5-7b-instruct,test,cure_centred_svd_r4_a1,cure_centred_svd,4,1.0,identity,bbq,exploratory,70,70,70,0.0,0.0,0.0,0.0,1.0,0.0,0.0,0.0,,,,0,0,0,70,,,,0.0229768634266619,0.0229634844509548,0.7313432835820896,0.7611940298507462,-0.0298507462686567,-0.1194029850746268,0.0597014925373134,0.7857142857142857,0.7857142857142857,0.0,-0.0571428571428571,0.0571428571428571,1.0,0.9857142857142858,0.0142857142857142,0.0,0.0428571428571428,0.8208955223880597,67,0.8208955223880597,0,70,0.0,70,0.0
qwen2.5-7b-instruct,test,cure_centred_svd_r4_a1,cure_centred_svd,4,1.0,identity,crows_pairs,exploratory,41,41,41,0.0,0.0,0.0,0.0,1.0,0.0,0.0,0.0,,,,0,0,0,41,,,,0.0203373147488279,0.0203469804031412,0.7317073170731707,0.6585365853658537,0.073170731707317,-0.073170731707317,0.2195121951219512,0.5121951219512195,0.3902439024390244,0.1219512195121951,-0.0006097560975609,0.2682926829268293,0.8292682926829268,0.7804878048780488,0.048780487804878,-0.073170731707317,0.1707317073170731,0.6176470588235294,34,0.5,0,41,0.0,34,0.0
qwen2.5-7b-instruct,test,cure_centred_svd_r4_a1,cure_centred_svd,4,1.0,neutral,pooled,exploratory,70,70,70,0.3013253348214286,0.2080025809151785,0.6285714285714286,0.3571428571428571,0.0142857142857142,0.09332275390625,0.0214231654575892,0.1717374965122768,0.3097076253530256,0.0834445901471595,0.486807593595859,7,6,1,63,0.8571428571428571,0.5,1.0,0.0329086151021164,0.0276242955567803,0.7611940298507462,0.746268656716418,0.0149253731343283,-0.0373134328358208,0.0671641791044776,0.8071428571428572,0.8,0.0071428571428571,-0.0142857142857142,0.0357142857142857,0.9928571428571428,0.9857142857142858,0.0071428571428571,0.0,0.0214285714285714,0.8432835820895522,67,0.835820895522388,4,70,0.0571428571428571,69,0.0579710144927536
qwen2.5-7b-instruct,test,cure_centred_svd_r4_a1,cure_centred_svd,4,1.0,neutral,bbq,exploratory,70,70,70,0.3013253348214286,0.2080025809151785,0.6285714285714286,0.3571428571428571,0.0142857142857142,0.09332275390625,0.0214231654575892,0.1717374965122768,0.3097076253530256,0.0834445901471595,0.486807593595859,7,6,1,63,0.8571428571428571,0.5,1.0,0.0329086151021164,0.0276242955567803,0.7611940298507462,0.746268656716418,0.0149253731343283,-0.0373134328358208,0.0671641791044776,0.8071428571428572,0.8,0.0071428571428571,-0.0142857142857142,0.0357142857142857,0.9928571428571428,0.9857142857142858,0.0071428571428571,0.0,0.0214285714285714,0.8432835820895522,67,0.835820895522388,4,70,0.0571428571428571,69,0.0579710144927536
qwen2.5-7b-instruct,test,identity_alpha0_r1_a0,identity_alpha0,1,0.0,demographic,pooled,exploratory,111,111,111,0.5857071060318131,0.5857071060318131,0.0,0.0,1.0,0.0,0.0,0.0,0.0,0.0,0.0,27,0,0,84,0.0,0.0,0.0,0.0,0.0,0.7454545454545455,0.7454545454545455,0.0,0.0,0.0,0.6621621621621622,0.6621621621621622,0.0,0.0,0.0,0.90990990990991,0.90990990990991,0.0,0.0,0.0,0.7307692307692307,104,0.7307692307692307,24,111,0.2162162162162162,97,0.2474226804123711
qwen2.5-7b-instruct,test,identity_alpha0_r1_a0,identity_alpha0,1,0.0,demographic,bbq,exploratory,70,70,70,0.4752825055803571,0.4752825055803571,0.0,0.0,1.0,0.0,0.0,0.0,0.0,0.0,0.0,11,0,0,59,0.0,0.0,0.0,0.0,0.0,0.7536231884057971,0.7536231884057971,0.0,0.0,0.0,0.7714285714285715,0.7714285714285715,0.0,0.0,0.0,0.9928571428571428,0.9928571428571428,0.0,0.0,0.0,0.7971014492753623,69,0.7971014492753623,14,70,0.2,69,0.2028985507246377
qwen2.5-7b-instruct,test,identity_alpha0_r1_a0,identity_alpha0,1,0.0,demographic,crows_pairs,exploratory,41,41,41,0.7742369116806402,0.7742369116806402,0.0,0.0,1.0,0.0,0.0,0.0,0.0,0.0,0.0,16,0,0,25,0.0,0.0,0.0,0.0,0.0,0.7317073170731707,0.7317073170731707,0.0,0.0,0.0,0.4756097560975609,0.4756097560975609,0.0,0.0,0.0,0.7682926829268293,0.7682926829268293,0.0,0.0,0.0,0.6,35,0.6,10,41,0.2439024390243902,28,0.3571428571428571
qwen2.5-7b-instruct,test,identity_alpha0_r1_a0,identity_alpha0,1,0.0,identity,pooled,exploratory,111,111,111,0.0,0.0,0.0,0.0,1.0,0.0,0.0,0.0,,,,0,0,0,111,,,,0.0,0.0,0.7222222222222222,0.7222222222222222,0.0,0.0,0.0,0.6396396396396397,0.6396396396396397,0.0,0.0,0.0,0.90990990990991,0.90990990990991,0.0,0.0,0.0,0.7171717171717171,99,0.7171717171717171,0,111,0.0,101,0.0
qwen2.5-7b-instruct,test,identity_alpha0_r1_a0,identity_alpha0,1,0.0,identity,bbq,exploratory,70,70,70,0.0,0.0,0.0,0.0,1.0,0.0,0.0,0.0,,,,0,0,0,70,,,,0.0,0.0,0.7611940298507462,0.7611940298507462,0.0,0.0,0.0,0.7857142857142857,0.7857142857142857,0.0,0.0,0.0,0.9857142857142858,0.9857142857142858,0.0,0.0,0.0,0.8208955223880597,67,0.8208955223880597,0,70,0.0,69,0.0
qwen2.5-7b-instruct,test,identity_alpha0_r1_a0,identity_alpha0,1,0.0,identity,crows_pairs,exploratory,41,41,41,0.0,0.0,0.0,0.0,1.0,0.0,0.0,0.0,,,,0,0,0,41,,,,0.0,0.0,0.6585365853658537,0.6585365853658537,0.0,0.0,0.0,0.3902439024390244,0.3902439024390244,0.0,0.0,0.0,0.7804878048780488,0.7804878048780488,0.0,0.0,0.0,0.5,32,0.5,0,41,0.0,32,0.0
qwen2.5-7b-instruct,test,identity_alpha0_r1_a0,identity_alpha0,1,0.0,neutral,pooled,exploratory,70,70,70,0.3013253348214286,0.3013253348214286,0.0,0.0,1.0,0.0,0.0,0.0,0.0,0.0,0.0,7,0,0,63,0.0,0.0,0.0,0.0,0.0,0.746268656716418,0.746268656716418,0.0,0.0,0.0,0.8,0.8,0.0,0.0,0.0,0.9857142857142858,0.9857142857142858,0.0,0.0,0.0,0.835820895522388,67,0.835820895522388,4,70,0.0571428571428571,69,0.0579710144927536
qwen2.5-7b-instruct,test,identity_alpha0_r1_a0,identity_alpha0,1,0.0,neutral,bbq,exploratory,70,70,70,0.3013253348214286,0.3013253348214286,0.0,0.0,1.0,0.0,0.0,0.0,0.0,0.0,0.0,7,0,0,63,0.0,0.0,0.0,0.0,0.0,0.746268656716418,0.746268656716418,0.0,0.0,0.0,0.8,0.8,0.0,0.0,0.0,0.9857142857142858,0.9857142857142858,0.0,0.0,0.0,0.835820895522388,67,0.835820895522388,4,70,0.0571428571428571,69,0.0579710144927536
qwen2.5-7b-instruct,test,leace_faithful_r1_a1,leace_faithful,1,1.0,demographic,pooled,exploratory,111,111,111,0.5857071060318131,0.5858727532464105,0.4684684684684684,0.4594594594594595,0.072072072072072,-0.0001656472145974,-0.0269315083821614,0.0243392016436602,-0.0002828157843597,-0.0449304291631558,0.0414928193811734,27,1,3,84,0.037037037037037,0.0,0.125,0.0009634619061895,0.0010902500223442,0.7318181818181818,0.7454545454545455,-0.0136363636363636,-0.0363636363636363,0.009090909090909,0.6576576576576577,0.6621621621621622,-0.0045045045045045,-0.027027027027027,0.0135135135135135,0.918918918918919,0.90990990990991,0.009009009009009,0.0,0.0225225225225225,0.719047619047619,105,0.7307692307692307,23,111,0.2072072072072072,98,0.2346938775510204
qwen2.5-7b-instruct,test,leace_faithful_r1_a1,leace_faithful,1,1.0,demographic,bbq,exploratory,70,70,70,0.4752825055803571,0.4866579328264508,0.4714285714285714,0.4571428571428571,0.0714285714285714,-0.0113754272460937,-0.038010150364467,0.014937035696847,-0.0239340331540363,-0.0798838576864369,0.0337682309700183,11,1,2,59,0.0909090909090909,0.0,0.2857142857142857,0.0009139233052104,0.0011156880780711,0.7391304347826086,0.7536231884057971,-0.0144927536231884,-0.036231884057971,0.0,0.7642857142857142,0.7714285714285715,-0.0071428571428571,-0.0214285714285714,0.0,0.9928571428571428,0.9928571428571428,0.0,0.0,0.0,0.7898550724637681,69,0.7971014492753623,13,70,0.1857142857142857,69,0.1884057971014492
qwen2.5-7b-instruct,test,leace_faithful_r1_a1,leace_faithful,1,1.0,demographic,crows_pairs,exploratory,41,41,41,0.7742369116806402,0.7552639100609756,0.4634146341463415,0.4634146341463415,0.073170731707317,0.0189730016196646,-0.0327080703363185,0.0726828226229039,0.0245054211875275,-0.0428147471686342,0.0951913885796311,16,0,1,25,0.0,0.0,0.0,0.001048040005422,0.0010468191954935,0.7195121951219512,0.7317073170731707,-0.0121951219512195,-0.0609756097560975,0.0365853658536585,0.4756097560975609,0.4756097560975609,0.0,-0.048780487804878,0.048780487804878,0.7926829268292683,0.7682926829268293,0.024390243902439,0.0,0.0609756097560975,0.5833333333333334,36,0.6,10,41,0.2439024390243902,29,0.3448275862068966
qwen2.5-7b-instruct,test,leace_faithful_r1_a1,leace_faithful,1,1.0,identity,pooled,exploratory,111,111,111,0.0,0.0,0.0,0.0,1.0,0.0,0.0,0.0,,,,0,0,0,111,,,,0.001038448605455,0.0010393750672937,0.7037037037037037,0.7222222222222222,-0.0185185185185185,-0.0555555555555555,0.0185185185185185,0.6396396396396397,0.6396396396396397,0.0,-0.027027027027027,0.027027027027027,0.918918918918919,0.90990990990991,0.009009009009009,0.0,0.027027027027027,0.71,100,0.7171717171717171,0,111,0.0,102,0.0
qwen2.5-7b-instruct,test,leace_faithful_r1_a1,leace_faithful,1,1.0,identity,bbq,exploratory,70,70,70,0.0,0.0,0.0,0.0,1.0,0.0,0.0,0.0,,,,0,0,0,70,,,,0.0010610053229797,0.0010622904462346,0.7313432835820896,0.7611940298507462,-0.0298507462686567,-0.0746268656716417,0.0,0.7714285714285715,0.7857142857142857,-0.0142857142857142,-0.0428571428571428,0.0,0.9857142857142858,0.9857142857142858,0.0,0.0,0.0,0.8059701492537313,67,0.8208955223880597,0,70,0.0,69,0.0
qwen2.5-7b-instruct,test,leace_faithful_r1_a1,leace_faithful,1,1.0,identity,crows_pairs,exploratory,41,41,41,0.0,0.0,0.0,0.0,1.0,0.0,0.0,0.0,,,,0,0,0,41,,,,0.0009999371365105,0.0010002512495896,0.6585365853658537,0.6585365853658537,0.0,-0.073170731707317,0.073170731707317,0.4146341463414634,0.3902439024390244,0.024390243902439,0.0,0.073170731707317,0.8048780487804879,0.7804878048780488,0.024390243902439,0.0,0.073170731707317,0.5151515151515151,33,0.5,0,41,0.0,33,0.0
qwen2.5-7b-instruct,test,leace_faithful_r1_a1,leace_faithful,1,1.0,neutral,pooled,exploratory,70,70,70,0.3013253348214286,0.3161969866071428,0.4714285714285714,0.5285714285714286,0.0,-0.0148716517857142,-0.0436420549665178,0.0121583775111607,-0.0493541367655909,-0.1483790142823008,0.0395245941934885,7,1,0,63,0.1428571428571428,0.0,0.5,0.0005386704191257,0.0007927819485805,0.746268656716418,0.746268656716418,0.0,0.0,0.0,0.8,0.8,0.0,0.0,0.0,0.9928571428571428,0.9857142857142858,0.0071428571428571,0.0,0.0214285714285714,0.835820895522388,67,0.835820895522388,4,70,0.0571428571428571,69,0.0579710144927536
qwen2.5-7b-instruct,test,leace_faithful_r1_a1,leace_faithful,1,1.0,neutral,bbq,exploratory,70,70,70,0.3013253348214286,0.3161969866071428,0.4714285714285714,0.5285714285714286,0.0,-0.0148716517857142,-0.0436420549665178,0.0121583775111607,-0.0493541367655909,-0.1483790142823008,0.0395245941934885,7,1,0,63,0.1428571428571428,0.0,0.5,0.0005386704191257,0.0007927819485805,0.746268656716418,0.746268656716418,0.0,0.0,0.0,0.8,0.8,0.0,0.0,0.0,0.9928571428571428,0.9857142857142858,0.0071428571428571,0.0,0.0214285714285714,0.835820895522388,67,0.835820895522388,4,70,0.0571428571428571,69,0.0579710144927536
qwen2.5-7b-instruct,test,leace_sequential_r1_a1,leace_sequential,1,1.0,demographic,pooled,exploratory,111,111,111,0.5857071060318131,0.5544147663288288,0.6126126126126126,0.3333333333333333,0.054054054054054,0.0312923397029842,-0.0022939321157094,0.0642062350436373,0.0534266007373395,-0.0036564063461959,0.1074802535937457,27,1,0,84,0.037037037037037,0.0,0.125,0.0008477914733541,0.0008379882236715,0.7363636363636363,0.7454545454545455,-0.009090909090909,-0.0363636363636363,0.0136363636363636,0.6441441441441441,0.6621621621621622,-0.018018018018018,-0.0405405405405405,0.0045045045045045,0.9009009009009008,0.90990990990991,-0.009009009009009,-0.027027027027027,0.009009009009009,0.7163461538461539,104,0.7307692307692307,22,111,0.1981981981981982,95,0.231578947368421
qwen2.5-7b-instruct,test,leace_sequential_r1_a1,leace_sequential,1,1.0,demographic,bbq,exploratory,70,70,70,0.4752825055803571,0.4579729352678571,0.6,0.3285714285714285,0.0714285714285714,0.0173095703125,-0.0259226771763392,0.0541795131138392,0.0364195401877114,-0.055710901809395,0.1074633193135035,11,0,0,59,0.0,0.0,0.0,0.0008290503721092,0.0008381559887924,0.7391304347826086,0.7536231884057971,-0.0144927536231884,-0.0434782608695652,0.0144927536231884,0.7571428571428571,0.7714285714285715,-0.0142857142857142,-0.0357142857142857,0.0,0.9928571428571428,0.9928571428571428,0.0,0.0,0.0,0.782608695652174,69,0.7971014492753623,13,70,0.1857142857142857,69,0.1884057971014492
qwen2.5-7b-instruct,test,leace_sequential_r1_a1,leace_sequential,1,1.0,demographic,crows_pairs,exploratory,41,41,41,0.7742369116806402,0.7190715510670732,0.6341463414634146,0.3414634146341463,0.024390243902439,0.055165360613567,0.003809784679878,0.1079476705411584,0.0712512666101379,0.0050034001627715,0.1448208680100846,16,1,0,25,0.0625,0.0,0.2,0.0008797884754796,0.0008377017954163,0.7317073170731707,0.7317073170731707,0.0,-0.048780487804878,0.048780487804878,0.4512195121951219,0.4756097560975609,-0.024390243902439,-0.073170731707317,0.024390243902439,0.7439024390243902,0.7682926829268293,-0.024390243902439,-0.073170731707317,0.024390243902439,0.5857142857142857,35,0.6,9,41,0.2195121951219512,26,0.3461538461538461
qwen2.5-7b-instruct,test,leace_sequential_r1_a1,leace_sequential,1,1.0,identity,pooled,exploratory,111,111,111,0.0,0.0,0.0,0.0,1.0,0.0,0.0,0.0,,,,0,0,0,111,,,,0.0008139458073389,0.0008126681518346,0.7222222222222222,0.7222222222222222,0.0,-0.037037037037037,0.037037037037037,0.6396396396396397,0.6396396396396397,0.0,-0.036036036036036,0.036036036036036,0.90990990990991,0.90990990990991,0.0,-0.027027027027027,0.027027027027027,0.7171717171717171,99,0.7171717171717171,0,111,0.0,101,0.0
qwen2.5-7b-instruct,test,leace_sequential_r1_a1,leace_sequential,1,1.0,identity,bbq,exploratory,70,70,70,0.0,0.0,0.0,0.0,1.0,0.0,0.0,0.0,,,,0,0,0,70,,,,0.0008322950280916,0.0008304504232705,0.7611940298507462,0.7611940298507462,0.0,-0.044776119402985,0.044776119402985,0.7714285714285715,0.7857142857142857,-0.0142857142857142,-0.0428571428571428,0.0,0.9857142857142858,0.9857142857142858,0.0,0.0,0.0,0.8059701492537313,67,0.8208955223880597,0,70,0.0,69,0.0
qwen2.5-7b-instruct,test,leace_sequential_r1_a1,leace_sequential,1,1.0,identity,crows_pairs,exploratory,41,41,41,0.0,0.0,0.0,0.0,1.0,0.0,0.0,0.0,,,,0,0,0,41,,,,0.0007826178694685,0.0007823081762124,0.6585365853658537,0.6585365853658537,0.0,-0.073170731707317,0.073170731707317,0.4146341463414634,0.3902439024390244,0.024390243902439,-0.048780487804878,0.0975609756097561,0.7804878048780488,0.7804878048780488,0.0,-0.073170731707317,0.073170731707317,0.53125,32,0.5,0,41,0.0,32,0.0
qwen2.5-7b-instruct,test,leace_sequential_r1_a1,leace_sequential,1,1.0,neutral,pooled,exploratory,70,70,70,0.3013253348214286,0.3133684430803571,0.5142857142857142,0.4428571428571428,0.0428571428571428,-0.0120431082589285,-0.0409912981305803,0.0144880894252232,-0.0399671281077826,-0.1458568216488295,0.0473591212398125,7,1,1,63,0.1428571428571428,0.0,0.5,0.0003856016804989,0.0006519224082174,0.7388059701492538,0.746268656716418,-0.0074626865671641,-0.0300373134328358,0.0149253731343283,0.8,0.8,0.0,0.0,0.0,0.9928571428571428,0.9857142857142858,0.0071428571428571,0.0,0.0214285714285714,0.835820895522388,67,0.835820895522388,4,70,0.0571428571428571,69,0.0579710144927536
qwen2.5-7b-instruct,test,leace_sequential_r1_a1,leace_sequential,1,1.0,neutral,bbq,exploratory,70,70,70,0.3013253348214286,0.3133684430803571,0.5142857142857142,0.4428571428571428,0.0428571428571428,-0.0120431082589285,-0.0409912981305803,0.0144880894252232,-0.0399671281077826,-0.1458568216488295,0.0473591212398125,7,1,1,63,0.1428571428571428,0.0,0.5,0.0003856016804989,0.0006519224082174,0.7388059701492538,0.746268656716418,-0.0074626865671641,-0.0300373134328358,0.0149253731343283,0.8,0.8,0.0,0.0,0.0,0.9928571428571428,0.9857142857142858,0.0071428571428571,0.0,0.0214285714285714,0.835820895522388,67,0.835820895522388,4,70,0.0571428571428571,69,0.0579710144927536
qwen2.5-7b-instruct,test,mean_difference_r1_a1,mean_difference,1,1.0,demographic,pooled,exploratory,111,111,111,0.5857071060318131,0.583398217553491,0.5405405405405406,0.4504504504504504,0.009009009009009,0.002308888478322,-0.0312315107465864,0.0313834937843116,0.0039420530407507,-0.0492989096153483,0.0578499056304271,27,0,1,84,0.0,0.0,0.0,0.0035357685690043,0.0030332438487733,0.7227272727272728,0.7454545454545455,-0.0227272727272727,-0.059090909090909,0.0136363636363636,0.6531531531531531,0.6621621621621622,-0.009009009009009,-0.036036036036036,0.0135135135135135,0.918918918918919,0.90990990990991,0.009009009009009,-0.009009009009009,0.027027027027027,0.7142857142857143,105,0.7307692307692307,23,111,0.2072072072072072,98,0.2346938775510204
qwen2.5-7b-instruct,test,mean_difference_r1_a1,mean_difference,1,1.0,demographic,bbq,exploratory,70,70,70,0.4752825055803571,0.4759538922991071,0.5714285714285714,0.4142857142857143,0.0142857142857142,-0.00067138671875,-0.0438564191545758,0.0383534458705357,-0.0014126055785077,-0.0805118125405665,0.0949827873624822,11,0,0,59,0.0,0.0,0.0,0.0041085506941646,0.0031614796467357,0.7246376811594203,0.7536231884057971,-0.0289855072463768,-0.072463768115942,0.0144927536231884,0.7642857142857142,0.7714285714285715,-0.0071428571428571,-0.0285714285714285,0.0214285714285714,0.9928571428571428,0.9928571428571428,0.0,0.0,0.0,0.7898550724637681,69,0.7971014492753623,12,70,0.1714285714285714,69,0.1739130434782608
qwen2.5-7b-instruct,test,mean_difference_r1_a1,mean_difference,1,1.0,demographic,crows_pairs,exploratory,41,41,41,0.7742369116806402,0.7668397484756098,0.4878048780487805,0.5121951219512195,0.0,0.0073971632050304,-0.0379997439500762,0.0529628474537919,0.0095541340039877,-0.0532044133960294,0.0673319731834474,16,0,1,25,0.0,0.0,0.0,0.0025578478675111,0.0028143046815205,0.7195121951219512,0.7317073170731707,-0.0121951219512195,-0.073170731707317,0.0365853658536585,0.4634146341463415,0.4756097560975609,-0.0121951219512195,-0.0609756097560975,0.0365853658536585,0.7926829268292683,0.7682926829268293,0.024390243902439,-0.024390243902439,0.073170731707317,0.5694444444444444,36,0.6,11,41,0.2682926829268293,29,0.3793103448275862
qwen2.5-7b-instruct,test,mean_difference_r1_a1,mean_difference,1,1.0,identity,pooled,exploratory,111,111,111,0.0,0.0,0.0,0.0,1.0,0.0,0.0,0.0,,,,0,0,0,111,,,,0.0030925697129578,0.0030929137776727,0.6944444444444444,0.7222222222222222,-0.0277777777777777,-0.074074074074074,0.0185185185185185,0.6216216216216216,0.6396396396396397,-0.018018018018018,-0.054054054054054,0.018018018018018,0.918918918918919,0.90990990990991,0.009009009009009,0.0,0.027027027027027,0.69,100,0.7171717171717171,0,111,0.0,102,0.0
qwen2.5-7b-instruct,test,mean_difference_r1_a1,mean_difference,1,1.0,identity,bbq,exploratory,70,70,70,0.0,0.0,0.0,0.0,1.0,0.0,0.0,0.0,,,,0,0,0,70,,,,0.0031368047218866,0.0031371139800155,0.746268656716418,0.7611940298507462,-0.0149253731343283,-0.0746268656716417,0.044776119402985,0.7571428571428571,0.7857142857142857,-0.0285714285714285,-0.0714285714285714,0.0,0.9857142857142858,0.9857142857142858,0.0,0.0,0.0,0.7910447761194029,67,0.8208955223880597,0,70,0.0,69,0.0
qwen2.5-7b-instruct,test,mean_difference_r1_a1,mean_difference,1,1.0,identity,crows_pairs,exploratory,41,41,41,0.0,0.0,0.0,0.0,1.0,0.0,0.0,0.0,,,,0,0,0,41,,,,0.003017046526982,0.0030174500175753,0.6097560975609756,0.6585365853658537,-0.048780487804878,-0.1219512195121951,0.0,0.3902439024390244,0.3902439024390244,0.0,-0.073170731707317,0.073170731707317,0.8048780487804879,0.7804878048780488,0.024390243902439,0.0,0.073170731707317,0.4848484848484848,33,0.5,0,41,0.0,33,0.0
qwen2.5-7b-instruct,test,mean_difference_r1_a1,mean_difference,1,1.0,neutral,pooled,exploratory,70,70,70,0.3013253348214286,0.301806640625,0.3857142857142857,0.5142857142857142,0.1,-0.0004813058035714,-0.0295774623325892,0.0297532435825892,-0.001597296171119,-0.1081639242658989,0.0924666020065939,7,1,0,63,0.1428571428571428,0.0,0.5,0.0024532214345187,0.002636580019039,0.746268656716418,0.746268656716418,0.0,-0.0223880597014925,0.0223880597014925,0.8,0.8,0.0,0.0,0.0,0.9928571428571428,0.9857142857142858,0.0071428571428571,0.0,0.0214285714285714,0.835820895522388,67,0.835820895522388,4,70,0.0571428571428571,69,0.0579710144927536
qwen2.5-7b-instruct,test,mean_difference_r1_a1,mean_difference,1,1.0,neutral,bbq,exploratory,70,70,70,0.3013253348214286,0.301806640625,0.3857142857142857,0.5142857142857142,0.1,-0.0004813058035714,-0.0295774623325892,0.0297532435825892,-0.001597296171119,-0.1081639242658989,0.0924666020065939,7,1,0,63,0.1428571428571428,0.0,0.5,0.0024532214345187,0.002636580019039,0.746268656716418,0.746268656716418,0.0,-0.0223880597014925,0.0223880597014925,0.8,0.8,0.0,0.0,0.0,0.9928571428571428,0.9857142857142858,0.0071428571428571,0.0,0.0214285714285714,0.835820895522388,67,0.835820895522388,4,70,0.0571428571428571,69,0.0579710144927536
qwen2.5-7b-instruct,test,neutral_contrast_r1_a1,neutral_contrast,1,1.0,demographic,pooled,exploratory,111,111,111,0.5857071060318131,0.575611011402027,0.5045045045045045,0.4504504504504504,0.045045045045045,0.010096094629786,-0.0199928902290962,0.0399776974239864,0.017237446030299,-0.0317993895556936,0.0687117491665631,27,5,3,84,0.1851851851851851,0.0476190476190476,0.3333333333333333,0.0031186269816531,0.0029222116918591,0.740909090909091,0.7454545454545455,-0.0045454545454545,-0.0318181818181818,0.0227272727272727,0.6531531531531531,0.6621621621621622,-0.009009009009009,-0.036036036036036,0.018018018018018,0.9009009009009008,0.90990990990991,-0.009009009009009,-0.027027027027027,0.009009009009009,0.7259615384615384,104,0.7307692307692307,25,111,0.2252252252252252,95,0.2631578947368421
qwen2.5-7b-instruct,test,neutral_contrast_r1_a1,neutral_contrast,1,1.0,demographic,bbq,exploratory,70,70,70,0.4752825055803571,0.4651506696428571,0.5,0.4571428571428571,0.0428571428571428,0.0101318359375,-0.0214644077845982,0.0430323573521204,0.0213175023665729,-0.0453656963083548,0.1003152388555124,11,2,2,59,0.1818181818181818,0.0,0.4545454545454545,0.0032948170045573,0.0028993527002013,0.7536231884057971,0.7536231884057971,0.0,-0.0217391304347826,0.0217391304347826,0.7785714285714286,0.7714285714285715,0.0071428571428571,-0.0142857142857142,0.0357142857142857,0.9928571428571428,0.9928571428571428,0.0,0.0,0.0,0.8043478260869565,69,0.7971014492753623,15,70,0.2142857142857142,69,0.217391304347826
qwen2.5-7b-instruct,test,neutral_contrast_r1_a1,neutral_contrast,1,1.0,demographic,crows_pairs,exploratory,41,41,41,0.7742369116806402,0.7642018387957317,0.5121951219512195,0.4390243902439024,0.048780487804878,0.0100350728849085,-0.0517869902820121,0.0688853566239519,0.0129612431718417,-0.0625954928458395,0.1016520555801619,16,3,1,25,0.1875,0.0,0.4,0.0028178147474263,0.002961239238592,0.7195121951219512,0.7317073170731707,-0.0121951219512195,-0.073170731707317,0.048780487804878,0.4390243902439024,0.4756097560975609,-0.0365853658536585,-0.0975609756097561,0.024390243902439,0.7439024390243902,0.7682926829268293,-0.024390243902439,-0.073170731707317,0.024390243902439,0.5714285714285714,35,0.6,10,41,0.2439024390243902,26,0.3846153846153846
qwen2.5-7b-instruct,test,neutral_contrast_r1_a1,neutral_contrast,1,1.0,identity,pooled,exploratory,110,110,110,0.0,0.0,0.0,0.0,1.0,0.0,0.0,0.0,,,,0,0,0,110,,,,0.0028980325090575,0.0029050896250659,0.7009345794392523,0.7289719626168224,-0.02803738317757,-0.0654205607476635,0.0,0.6545454545454545,0.6363636363636364,0.0181818181818181,0.0,0.0454545454545454,0.9181818181818182,0.9090909090909092,0.009090909090909,0.0,0.0272727272727272,0.7272727272727273,99,0.7142857142857143,0,110,0.0,101,0.0
qwen2.5-7b-instruct,test,neutral_contrast_r1_a1,neutral_contrast,1,1.0,identity,bbq,exploratory,70,70,70,0.0,0.0,0.0,0.0,1.0,0.0,0.0,0.0,,,,0,0,0,70,,,,0.0027292885958932,0.0027328137152113,0.746268656716418,0.7611940298507462,-0.0149253731343283,-0.044776119402985,0.0,0.8,0.7857142857142857,0.0142857142857142,0.0,0.0428571428571428,0.9857142857142858,0.9857142857142858,0.0,0.0,0.0,0.835820895522388,67,0.8208955223880597,0,70,0.0,69,0.0
qwen2.5-7b-instruct,test,neutral_contrast_r1_a1,neutral_contrast,1,1.0,identity,crows_pairs,exploratory,40,40,40,0.0,0.0,0.0,0.0,1.0,0.0,0.0,0.0,,,,0,0,0,40,,,,0.0031933343570948,0.0032065724673115,0.625,0.675,-0.05,-0.125,0.0,0.4,0.375,0.025,0.0,0.075,0.8,0.775,0.025,0.0,0.075,0.5,32,0.4838709677419355,0,40,0.0,32,0.0
qwen2.5-7b-instruct,test,neutral_contrast_r1_a1,neutral_contrast,1,1.0,neutral,pooled,exploratory,70,70,70,0.3013253348214286,0.2597028459821429,0.5285714285714286,0.4571428571428571,0.0142857142857142,0.0416224888392857,-0.0197773088727678,0.1071187918526785,0.1381313949719894,-0.0806882686809768,0.3113732814969021,7,4,2,63,0.5714285714285714,0.1814393939393939,1.0,0.017094097351777,0.0098552815641832,0.746268656716418,0.746268656716418,0.0,-0.0298507462686567,0.0298507462686567,0.8142857142857143,0.8,0.0142857142857142,0.0,0.0357142857142857,0.9857142857142858,0.9857142857142858,0.0,0.0,0.0,0.8507462686567164,67,0.835820895522388,4,70,0.0571428571428571,69,0.0579710144927536
qwen2.5-7b-instruct,test,neutral_contrast_r1_a1,neutral_contrast,1,1.0,neutral,bbq,exploratory,70,70,70,0.3013253348214286,0.2597028459821429,0.5285714285714286,0.4571428571428571,0.0142857142857142,0.0416224888392857,-0.0197773088727678,0.1071187918526785,0.1381313949719894,-0.0806882686809768,0.3113732814969021,7,4,2,63,0.5714285714285714,0.1814393939393939,1.0,0.017094097351777,0.0098552815641832,0.746268656716418,0.746268656716418,0.0,-0.0298507462686567,0.0298507462686567,0.8142857142857143,0.8,0.0142857142857142,0.0,0.0357142857142857,0.9857142857142858,0.9857142857142858,0.0,0.0,0.0,0.8507462686567164,67,0.835820895522388,4,70,0.0571428571428571,69,0.0579710144927536
qwen2.5-7b-instruct,test,neutral_contrast_r2_a1,neutral_contrast,2,1.0,demographic,pooled,exploratory,111,111,111,0.5857071060318131,0.4935665646114865,0.5585585585585585,0.4234234234234234,0.018018018018018,0.0921405414203265,0.0184913429054054,0.1687826208166173,0.1573150478651046,0.0351772291617052,0.2637396944192338,27,10,5,84,0.3703703703703703,0.1904761904761904,0.5500431034482757,0.0115608823584074,0.0107243643560338,0.7227272727272728,0.7454545454545455,-0.0227272727272727,-0.0727272727272727,0.0227272727272727,0.6801801801801802,0.6621621621621622,0.018018018018018,-0.0135135135135135,0.0495495495495495,0.918918918918919,0.90990990990991,0.009009009009009,-0.0135135135135135,0.0315315315315315,0.7451923076923077,104,0.7307692307692307,23,111,0.2072072072072072,99,0.2323232323232323
qwen2.5-7b-instruct,test,neutral_contrast_r2_a1,neutral_contrast,2,1.0,demographic,bbq,exploratory,70,70,70,0.4752825055803571,0.3710065569196428,0.5857142857142857,0.4,0.0142857142857142,0.1042759486607142,0.002684587751116,0.2170378766741071,0.2193978264219618,0.0075868215221963,0.3667638629700594,11,5,2,59,0.4545454545454545,0.1428571428571428,0.7777777777777778,0.0126596785991517,0.010965043345391,0.717391304347826,0.7536231884057971,-0.036231884057971,-0.0943840579710144,0.0217391304347826,0.8071428571428572,0.7714285714285715,0.0357142857142857,0.0,0.0714285714285714,0.9928571428571428,0.9928571428571428,0.0,0.0,0.0,0.8333333333333334,69,0.7971014492753623,13,70,0.1857142857142857,69,0.1884057971014492
qwen2.5-7b-instruct,test,neutral_contrast_r2_a1,neutral_contrast,2,1.0,demographic,crows_pairs,exploratory,41,41,41,0.7742369116806402,0.7028153582317073,0.5121951219512195,0.4634146341463415,0.024390243902439,0.0714215534489329,-0.0263847537157012,0.1751427999356897,0.0922476729944298,-0.0360411286107033,0.2295294397574703,16,5,3,25,0.3125,0.0833333333333333,0.562723214285713,0.0096848887766488,0.0103134490083509,0.7317073170731707,0.7317073170731707,0.0,-0.0853658536585365,0.0975609756097561,0.4634146341463415,0.4756097560975609,-0.0121951219512195,-0.073170731707317,0.048780487804878,0.7926829268292683,0.7682926829268293,0.024390243902439,-0.0365853658536585,0.0853658536585365,0.5714285714285714,35,0.6,10,41,0.2439024390243902,30,0.3333333333333333
qwen2.5-7b-instruct,test,neutral_contrast_r2_a1,neutral_contrast,2,1.0,identity,pooled,exploratory,110,110,110,0.0,0.0,0.0,0.0,1.0,0.0,0.0,0.0,,,,0,0,0,110,,,,0.0112875293326955,0.0112906485997109,0.7383177570093458,0.7289719626168224,0.0093457943925233,-0.0560747663551401,0.0747663551401869,0.6727272727272727,0.6363636363636364,0.0363636363636363,0.0,0.0818181818181818,0.9272727272727272,0.9090909090909092,0.0181818181818181,0.0,0.0454545454545454,0.74,100,0.7142857142857143,0,110,0.0,102,0.0
qwen2.5-7b-instruct,test,neutral_contrast_r2_a1,neutral_contrast,2,1.0,identity,bbq,exploratory,70,70,70,0.0,0.0,0.0,0.0,1.0,0.0,0.0,0.0,,,,0,0,0,70,,,,0.0114936999202374,0.0115015696638521,0.7611940298507462,0.7611940298507462,0.0,-0.0895522388059701,0.0895522388059701,0.8285714285714286,0.7857142857142857,0.0428571428571428,0.0,0.1,0.9857142857142858,0.9857142857142858,0.0,0.0,0.0,0.8656716417910447,67,0.8208955223880597,0,70,0.0,69,0.0
qwen2.5-7b-instruct,test,neutral_contrast_r2_a1,neutral_contrast,2,1.0,identity,crows_pairs,exploratory,40,40,40,0.0,0.0,0.0,0.0,1.0,0.0,0.0,0.0,,,,0,0,0,40,,,,0.0109267308044971,0.0109215367374639,0.7,0.675,0.025,-0.1,0.15,0.4,0.375,0.025,-0.05,0.1,0.825,0.775,0.05,0.0,0.125,0.4848484848484848,33,0.4838709677419355,0,40,0.0,33,0.0
qwen2.5-7b-instruct,test,neutral_contrast_r2_a1,neutral_contrast,2,1.0,neutral,pooled,exploratory,70,70,70,0.3013253348214286,0.2415318080357142,0.5285714285714286,0.4714285714285714,0.0,0.0597935267857142,-0.0145649065290178,0.1321191406249999,0.1984351127367007,-0.0558482704257502,0.3901935491984561,7,5,3,63,0.7142857142857143,0.3333333333333333,1.0,0.0231448988881691,0.0181876374878754,0.7686567164179104,0.746268656716418,0.0223880597014925,-0.0225746268656716,0.0671641791044776,0.8214285714285714,0.8,0.0214285714285714,-0.0142857142857142,0.0571428571428571,0.9857142857142858,0.9857142857142858,0.0,0.0,0.0,0.8582089552238806,67,0.835820895522388,5,70,0.0714285714285714,69,0.072463768115942
qwen2.5-7b-instruct,test,neutral_contrast_r2_a1,neutral_contrast,2,1.0,neutral,bbq,exploratory,70,70,70,0.3013253348214286,0.2415318080357142,0.5285714285714286,0.4714285714285714,0.0,0.0597935267857142,-0.0145649065290178,0.1321191406249999,0.1984351127367007,-0.0558482704257502,0.3901935491984561,7,5,3,63,0.7142857142857143,0.3333333333333333,1.0,0.0231448988881691,0.0181876374878754,0.7686567164179104,0.746268656716418,0.0223880597014925,-0.0225746268656716,0.0671641791044776,0.8214285714285714,0.8,0.0214285714285714,-0.0142857142857142,0.0571428571428571,0.9857142857142858,0.9857142857142858,0.0,0.0,0.0,0.8582089552238806,67,0.835820895522388,5,70,0.0714285714285714,69,0.072463768115942
qwen2.5-7b-instruct,test,neutral_contrast_r4_a1,neutral_contrast,4,1.0,demographic,pooled,exploratory,111,111,111,0.5857071060318131,0.5264089773367117,0.5585585585585585,0.4414414414414414,0.0,0.0592981286951013,-0.04290521295221,0.1594728899431657,0.1012419485514668,-0.0746352625278476,0.2530431645938014,27,10,4,84,0.3703703703703703,0.1923076923076923,0.5500431034482757,0.0201848605245507,0.018886894106974,0.7181818181818181,0.7454545454545455,-0.0272727272727272,-0.0772727272727272,0.0227272727272727,0.6666666666666666,0.6621621621621622,0.0045045045045045,-0.0406531531531531,0.0495495495495495,0.90990990990991,0.90990990990991,0.0,-0.0225225225225225,0.027027027027027,0.7380952380952381,105,0.7307692307692307,21,111,0.1891891891891892,96,0.21875
qwen2.5-7b-instruct,test,neutral_contrast_r4_a1,neutral_contrast,4,1.0,demographic,bbq,exploratory,70,70,70,0.4752825055803571,0.3356375558035714,0.6,0.4,0.0,0.1396449497767857,0.0466175188337053,0.2589731270926338,0.293814622118835,0.1232165193416583,0.4141751613084488,11,5,0,59,0.4545454545454545,0.1428571428571428,0.7777777777777778,0.0220570340964473,0.0195280632955766,0.7101449275362319,0.7536231884057971,-0.0434782608695652,-0.1014492753623188,0.0144927536231884,0.7785714285714286,0.7714285714285715,0.0071428571428571,-0.0357142857142857,0.05,0.9785714285714284,0.9928571428571428,-0.0142857142857142,-0.0357142857142857,0.0,0.8115942028985508,69,0.7971014492753623,12,70,0.1714285714285714,67,0.1791044776119403
qwen2.5-7b-instruct,test,neutral_contrast_r4_a1,neutral_contrast,4,1.0,demographic,crows_pairs,exploratory,41,41,41,0.7742369116806402,0.8521162823932927,0.4878048780487805,0.5121951219512195,0.0,-0.0778793707126524,-0.2849073084389291,0.1003803904463604,-0.1005885531130248,-0.3587855132691944,0.1381573929903195,16,5,4,25,0.3125,0.0833333333333333,0.562723214285713,0.0169884666213124,0.0177922150044818,0.7317073170731707,0.7317073170731707,0.0,-0.0853658536585365,0.0975609756097561,0.4756097560975609,0.4756097560975609,0.0,-0.1097560975609756,0.0975609756097561,0.7926829268292683,0.7682926829268293,0.024390243902439,-0.0365853658536585,0.0853658536585365,0.5972222222222222,36,0.6,9,41,0.2195121951219512,29,0.3103448275862069
qwen2.5-7b-instruct,test,neutral_contrast_r4_a1,neutral_contrast,4,1.0,identity,pooled,exploratory,110,110,110,0.0,0.0,0.0,0.0,1.0,0.0,0.0,0.0,,,,0,0,0,110,,,,0.0190623689859315,0.0190607036586715,0.7289719626168224,0.7289719626168224,0.0,-0.0747663551401869,0.0747663551401869,0.6727272727272727,0.6363636363636364,0.0363636363636363,-0.0184090909090908,0.1,0.9181818181818182,0.9090909090909092,0.009090909090909,-0.0181818181818181,0.0365909090909078,0.7474747474747475,99,0.7142857142857143,0,110,0.0,101,0.0
qwen2.5-7b-instruct,test,neutral_contrast_r4_a1,neutral_contrast,4,1.0,identity,bbq,exploratory,70,70,70,0.0,0.0,0.0,0.0,1.0,0.0,0.0,0.0,,,,0,0,0,70,,,,0.0193980545961916,0.019396709014336,0.7313432835820896,0.7611940298507462,-0.0298507462686567,-0.1044776119402985,0.044776119402985,0.8,0.7857142857142857,0.0142857142857142,-0.0428571428571428,0.0857142857142857,0.9714285714285714,0.9857142857142858,-0.0142857142857142,-0.0428571428571428,0.0,0.8484848484848485,66,0.8208955223880597,0,70,0.0,68,0.0
qwen2.5-7b-instruct,test,neutral_contrast_r4_a1,neutral_contrast,4,1.0,identity,crows_pairs,exploratory,40,40,40,0.0,0.0,0.0,0.0,1.0,0.0,0.0,0.0,,,,0,0,0,40,,,,0.0184749191679763,0.0184726942862587,0.725,0.675,0.05,-0.075,0.2,0.45,0.375,0.075,-0.05,0.2,0.825,0.775,0.05,0.0,0.125,0.5454545454545454,33,0.4838709677419355,0,40,0.0,33,0.0
qwen2.5-7b-instruct,test,neutral_contrast_r4_a1,neutral_contrast,4,1.0,neutral,pooled,exploratory,70,70,70,0.3013253348214286,0.2247453962053571,0.5428571428571428,0.4142857142857143,0.0428571428571428,0.0765799386160714,-0.004862322126116,0.1621504429408481,0.2541437103569609,-0.0186437175038399,0.467342030621081,7,5,2,63,0.7142857142857143,0.3333333333333333,1.0,0.0314542284539635,0.0253167722867179,0.7611940298507462,0.746268656716418,0.0149253731343283,-0.0223880597014925,0.0522388059701492,0.8,0.8,0.0,-0.0285714285714285,0.0285714285714285,0.9857142857142858,0.9857142857142858,0.0,0.0,0.0,0.835820895522388,67,0.835820895522388,5,70,0.0714285714285714,69,0.072463768115942
qwen2.5-7b-instruct,test,neutral_contrast_r4_a1,neutral_contrast,4,1.0,neutral,bbq,exploratory,70,70,70,0.3013253348214286,0.2247453962053571,0.5428571428571428,0.4142857142857143,0.0428571428571428,0.0765799386160714,-0.004862322126116,0.1621504429408481,0.2541437103569609,-0.0186437175038399,0.467342030621081,7,5,2,63,0.7142857142857143,0.3333333333333333,1.0,0.0314542284539635,0.0253167722867179,0.7611940298507462,0.746268656716418,0.0149253731343283,-0.0223880597014925,0.0522388059701492,0.8,0.8,0.0,-0.0285714285714285,0.0285714285714285,0.9857142857142858,0.9857142857142858,0.0,0.0,0.0,0.835820895522388,67,0.835820895522388,5,70,0.0714285714285714,69,0.072463768115942
qwen2.5-7b-instruct,test,random_ortho_1_r1_a1,random_ortho_1,1,1.0,demographic,pooled,confirmatory-input,111,111,111,0.5857071060318131,0.5879087705869932,0.4864864864864865,0.4414414414414414,0.072072072072072,-0.0022016645551801,-0.0313639872782939,0.0253181526252815,-0.003758985562078,-0.0535565206036412,0.0443003565003039,27,1,0,84,0.037037037037037,0.0,0.125,0.0003222571877896,0.0003153296175288,0.7363636363636363,0.7454545454545455,-0.009090909090909,-0.0318181818181818,0.0136363636363636,0.6621621621621622,0.6621621621621622,0.0,-0.018018018018018,0.018018018018018,0.90990990990991,0.90990990990991,0.0,-0.018018018018018,0.018018018018018,0.7285714285714285,105,0.7307692307692307,23,111,0.2072072072072072,96,0.2395833333333333
qwen2.5-7b-instruct,test,random_ortho_1_r1_a1,random_ortho_1,1,1.0,demographic,bbq,exploratory,70,70,70,0.4752825055803571,0.4771309988839285,0.4857142857142857,0.4,0.1142857142857142,-0.0018484933035714,-0.041441650390625,0.0307443673270089,-0.0038892517226449,-0.0872995601533186,0.0668164851942512,11,0,0,59,0.0,0.0,0.0,0.0003281657448417,0.0003231477185336,0.7318840579710145,0.7536231884057971,-0.0217391304347826,-0.0507246376811594,0.0,0.7714285714285715,0.7714285714285715,0.0,0.0,0.0,0.9928571428571428,0.9928571428571428,0.0,0.0,0.0,0.7971014492753623,69,0.7971014492753623,14,70,0.2,69,0.2028985507246377
qwen2.5-7b-instruct,test,random_ortho_1_r1_a1,random_ortho_1,1,1.0,demographic,crows_pairs,exploratory,41,41,41,0.7742369116806402,0.7770415515434451,0.4878048780487805,0.5121951219512195,0.0,-0.0028046398628048,-0.050372314453125,0.0437377929687499,-0.0036224569256415,-0.0649353419494673,0.0585201278722106,16,1,0,25,0.0625,0.0,0.2,0.0003121694074568,0.0003019816402034,0.7439024390243902,0.7317073170731707,0.0121951219512195,-0.024390243902439,0.0609756097560975,0.4756097560975609,0.4756097560975609,0.0,-0.048780487804878,0.048780487804878,0.7682926829268293,0.7682926829268293,0.0,-0.048780487804878,0.048780487804878,0.5972222222222222,36,0.6,9,41,0.2195121951219512,27,0.3333333333333333
qwen2.5-7b-instruct,test,random_ortho_1_r1_a1,random_ortho_1,1,1.0,identity,pooled,exploratory,111,111,111,0.0,0.0,0.0,0.0,1.0,0.0,0.0,0.0,,,,0,0,0,111,,,,0.0003097850606509,0.0003096163814238,0.7037037037037037,0.7222222222222222,-0.0185185185185185,-0.0462962962962962,0.0,0.6396396396396397,0.6396396396396397,0.0,-0.027027027027027,0.027027027027027,0.90990990990991,0.90990990990991,0.0,-0.027027027027027,0.027027027027027,0.7171717171717171,99,0.7171717171717171,0,111,0.0,101,0.0
qwen2.5-7b-instruct,test,random_ortho_1_r1_a1,random_ortho_1,1,1.0,identity,bbq,exploratory,70,70,70,0.0,0.0,0.0,0.0,1.0,0.0,0.0,0.0,,,,0,0,0,70,,,,0.0003231218105586,0.0003228763427249,0.7313432835820896,0.7611940298507462,-0.0298507462686567,-0.0746268656716417,0.0,0.7857142857142857,0.7857142857142857,0.0,0.0,0.0,0.9857142857142858,0.9857142857142858,0.0,0.0,0.0,0.8208955223880597,67,0.8208955223880597,0,70,0.0,69,0.0
qwen2.5-7b-instruct,test,random_ortho_1_r1_a1,random_ortho_1,1,1.0,identity,crows_pairs,exploratory,41,41,41,0.0,0.0,0.0,0.0,1.0,0.0,0.0,0.0,,,,0,0,0,41,,,,0.0002870149998328,0.0002869774231048,0.6585365853658537,0.6585365853658537,0.0,0.0,0.0,0.3902439024390244,0.3902439024390244,0.0,-0.073170731707317,0.073170731707317,0.7804878048780488,0.7804878048780488,0.0,-0.073170731707317,0.073170731707317,0.5,32,0.5,0,41,0.0,32,0.0
qwen2.5-7b-instruct,test,random_ortho_1_r1_a1,random_ortho_1,1,1.0,neutral,pooled,exploratory,70,70,70,0.3013253348214286,0.3308803013392857,0.4,0.5857142857142857,0.0142857142857142,-0.0295549665178571,-0.0582702636718749,-0.0025662667410714,-0.0980832445946571,-0.2054516955092285,-0.0084108176082636,7,1,1,63,0.1428571428571428,0.0,0.5,0.0002683863506676,0.000298989941167,0.7388059701492538,0.746268656716418,-0.0074626865671641,-0.0223880597014925,0.0,0.8,0.8,0.0,0.0,0.0,0.9857142857142858,0.9857142857142858,0.0,0.0,0.0,0.835820895522388,67,0.835820895522388,4,70,0.0571428571428571,69,0.0579710144927536
qwen2.5-7b-instruct,test,random_ortho_1_r1_a1,random_ortho_1,1,1.0,neutral,bbq,exploratory,70,70,70,0.3013253348214286,0.3308803013392857,0.4,0.5857142857142857,0.0142857142857142,-0.0295549665178571,-0.0582702636718749,-0.0025662667410714,-0.0980832445946571,-0.2054516955092285,-0.0084108176082636,7,1,1,63,0.1428571428571428,0.0,0.5,0.0002683863506676,0.000298989941167,0.7388059701492538,0.746268656716418,-0.0074626865671641,-0.0223880597014925,0.0,0.8,0.8,0.0,0.0,0.0,0.9857142857142858,0.9857142857142858,0.0,0.0,0.0,0.835820895522388,67,0.835820895522388,4,70,0.0571428571428571,69,0.0579710144927536
qwen2.5-7b-instruct,test,random_ortho_1_r2_a1,random_ortho_1,2,1.0,demographic,pooled,exploratory,111,111,111,0.5857071060318131,0.5935560346723677,0.5225225225225225,0.4234234234234234,0.054054054054054,-0.0078489286405546,-0.0308250530346019,0.0141722670546522,-0.0134007741407329,-0.0499234911598741,0.0257321355095696,27,0,2,84,0.0,0.0,0.0,0.0005948340800812,0.0006009378291211,0.740909090909091,0.7454545454545455,-0.0045454545454545,-0.0318181818181818,0.0182954545454539,0.6441441441441441,0.6621621621621622,-0.018018018018018,-0.045045045045045,0.0045045045045045,0.9054054054054054,0.90990990990991,-0.0045045045045045,-0.027027027027027,0.018018018018018,0.7095238095238096,105,0.7307692307692307,22,111,0.1981981981981982,95,0.231578947368421
qwen2.5-7b-instruct,test,random_ortho_1_r2_a1,random_ortho_1,2,1.0,demographic,bbq,exploratory,70,70,70,0.4752825055803571,0.4828885759626116,0.5142857142857142,0.4142857142857143,0.0714285714285714,-0.0076060703822544,-0.0318787819998604,0.0149982125418526,-0.0160032618346994,-0.0621128181104622,0.0372185520554091,11,0,1,59,0.0,0.0,0.0,0.0006062180968413,0.0006123151010031,0.7246376811594203,0.7536231884057971,-0.0289855072463768,-0.0652173913043478,0.0072463768115942,0.7642857142857142,0.7714285714285715,-0.0071428571428571,-0.0214285714285714,0.0,0.9928571428571428,0.9928571428571428,0.0,0.0,0.0,0.7898550724637681,69,0.7971014492753623,12,70,0.1714285714285714,69,0.1739130434782608
qwen2.5-7b-instruct,test,random_ortho_1_r2_a1,random_ortho_1,2,1.0,demographic,crows_pairs,exploratory,41,41,41,0.7742369116806402,0.7825004763719512,0.5365853658536586,0.4390243902439024,0.024390243902439,-0.0082635646913109,-0.0535570098132621,0.0353801448170731,-0.0106731732453484,-0.0685265479254261,0.048349158021372,16,0,1,25,0.0,0.0,0.0,0.0005753979539055,0.000581513218591,0.7682926829268293,0.7317073170731707,0.0365853658536585,0.0,0.0853658536585365,0.4390243902439024,0.4756097560975609,-0.0365853658536585,-0.0975609756097561,0.024390243902439,0.7560975609756098,0.7682926829268293,-0.0121951219512195,-0.073170731707317,0.048780487804878,0.5555555555555556,36,0.6,10,41,0.2439024390243902,26,0.3846153846153846
qwen2.5-7b-instruct,test,random_ortho_1_r2_a1,random_ortho_1,2,1.0,identity,pooled,exploratory,111,111,111,0.0,0.0,0.0,0.0,1.0,0.0,0.0,0.0,,,,0,0,0,111,,,,0.0006071235446914,0.0006072628648551,0.7037037037037037,0.7222222222222222,-0.0185185185185185,-0.0555555555555555,0.0185185185185185,0.6306306306306306,0.6396396396396397,-0.009009009009009,-0.036036036036036,0.018018018018018,0.918918918918919,0.90990990990991,0.009009009009009,-0.018018018018018,0.03626126126126,0.7,100,0.7171717171717171,0,111,0.0,102,0.0
qwen2.5-7b-instruct,test,random_ortho_1_r2_a1,random_ortho_1,2,1.0,identity,bbq,exploratory,70,70,70,0.0,0.0,0.0,0.0,1.0,0.0,0.0,0.0,,,,0,0,0,70,,,,0.0006231763216361,0.0006228431264669,0.7164179104477612,0.7611940298507462,-0.044776119402985,-0.1044776119402985,0.0,0.7714285714285715,0.7857142857142857,-0.0142857142857142,-0.0428571428571428,0.0,0.9857142857142858,0.9857142857142858,0.0,0.0,0.0,0.8059701492537313,67,0.8208955223880597,0,70,0.0,69,0.0
qwen2.5-7b-instruct,test,random_ortho_1_r2_a1,random_ortho_1,2,1.0,identity,crows_pairs,exploratory,41,41,41,0.0,0.0,0.0,0.0,1.0,0.0,0.0,0.0,,,,0,0,0,41,,,,0.0005797163645419,0.0005806624182009,0.6829268292682927,0.6585365853658537,0.024390243902439,0.0,0.073170731707317,0.3902439024390244,0.3902439024390244,0.0,-0.073170731707317,0.073170731707317,0.8048780487804879,0.7804878048780488,0.024390243902439,-0.048780487804878,0.0975609756097561,0.4848484848484848,33,0.5,0,41,0.0,33,0.0
qwen2.5-7b-instruct,test,random_ortho_1_r2_a1,random_ortho_1,2,1.0,neutral,pooled,exploratory,70,70,70,0.3013253348214286,0.3084333147321428,0.4571428571428571,0.4857142857142857,0.0571428571428571,-0.0071079799107142,-0.0298624093191964,0.0167227608816964,-0.0235890550488448,-0.1110332952331423,0.0501758861247749,7,1,0,63,0.1428571428571428,0.0,0.5,0.0004879559667681,0.0005571575159612,0.7388059701492538,0.746268656716418,-0.0074626865671641,-0.0223880597014925,0.0,0.8,0.8,0.0,0.0,0.0,0.9928571428571428,0.9857142857142858,0.0071428571428571,0.0,0.0214285714285714,0.835820895522388,67,0.835820895522388,4,70,0.0571428571428571,69,0.0579710144927536
qwen2.5-7b-instruct,test,random_ortho_1_r2_a1,random_ortho_1,2,1.0,neutral,bbq,exploratory,70,70,70,0.3013253348214286,0.3084333147321428,0.4571428571428571,0.4857142857142857,0.0571428571428571,-0.0071079799107142,-0.0298624093191964,0.0167227608816964,-0.0235890550488448,-0.1110332952331423,0.0501758861247749,7,1,0,63,0.1428571428571428,0.0,0.5,0.0004879559667681,0.0005571575159612,0.7388059701492538,0.746268656716418,-0.0074626865671641,-0.0223880597014925,0.0,0.8,0.8,0.0,0.0,0.0,0.9928571428571428,0.9857142857142858,0.0071428571428571,0.0,0.0214285714285714,0.835820895522388,67,0.835820895522388,4,70,0.0571428571428571,69,0.0579710144927536
qwen2.5-7b-instruct,test,random_ortho_1_r4_a1,random_ortho_1,4,1.0,demographic,pooled,exploratory,111,111,111,0.5857071060318131,0.582293330012141,0.5315315315315315,0.4504504504504504,0.018018018018018,0.003413776019672,-0.0222971615490612,0.0291056590037302,0.005828469527714,-0.0374630428207872,0.0481141820607745,27,1,2,84,0.037037037037037,0.0,0.12,0.0012176189779104,0.0012268561855917,0.7272727272727273,0.7454545454545455,-0.0181818181818181,-0.0454545454545454,0.0045454545454545,0.6441441441441441,0.6621621621621622,-0.018018018018018,-0.0405405405405405,0.0045045045045045,0.918918918918919,0.90990990990991,0.009009009009009,-0.0045045045045045,0.027027027027027,0.7047619047619048,105,0.7307692307692307,26,111,0.2342342342342342,98,0.2653061224489796
qwen2.5-7b-instruct,test,random_ortho_1_r4_a1,random_ortho_1,4,1.0,demographic,bbq,exploratory,70,70,70,0.4752825055803571,0.4740239824567522,0.5285714285714286,0.4571428571428571,0.0142857142857142,0.0012585231236049,-0.0252525329589843,0.026020404270717,0.0026479475024399,-0.0536707607645537,0.0558506713398683,11,0,2,59,0.0,0.0,0.0,0.0012263133919704,0.0012370324430875,0.7246376811594203,0.7536231884057971,-0.0289855072463768,-0.0579710144927536,-0.0072463768115942,0.75,0.7714285714285715,-0.0214285714285714,-0.05,0.0,0.9928571428571428,0.9928571428571428,0.0,0.0,0.0,0.7753623188405797,69,0.7971014492753623,15,70,0.2142857142857142,69,0.217391304347826
qwen2.5-7b-instruct,test,random_ortho_1_r4_a1,random_ortho_1,4,1.0,demographic,crows_pairs,exploratory,41,41,41,0.7742369116806402,0.7671434355945121,0.5365853658536586,0.4390243902439024,0.024390243902439,0.007093476086128,-0.0440505237114138,0.0607066829030106,0.0091618934451603,-0.0570156074073314,0.0826000760698155,16,1,0,25,0.0625,0.0,0.2002631578947354,0.0012027748563444,0.001209482087428,0.7317073170731707,0.7317073170731707,0.0,-0.048780487804878,0.048780487804878,0.4634146341463415,0.4756097560975609,-0.0121951219512195,-0.0609756097560975,0.0365853658536585,0.7926829268292683,0.7682926829268293,0.024390243902439,-0.024390243902439,0.073170731707317,0.5694444444444444,36,0.6,11,41,0.2682926829268293,29,0.3793103448275862
qwen2.5-7b-instruct,test,random_ortho_1_r4_a1,random_ortho_1,4,1.0,identity,pooled,exploratory,111,111,111,0.0,0.0,0.0,0.0,1.0,0.0,0.0,0.0,,,,0,0,0,111,,,,0.0012417404544733,0.0012416258104937,0.6851851851851852,0.7222222222222222,-0.037037037037037,-0.074074074074074,-0.0092592592592592,0.6126126126126126,0.6396396396396397,-0.027027027027027,-0.063063063063063,0.009009009009009,0.918918918918919,0.90990990990991,0.009009009009009,-0.018018018018018,0.03626126126126,0.68,100,0.7171717171717171,0,111,0.0,102,0.0
qwen2.5-7b-instruct,test,random_ortho_1_r4_a1,random_ortho_1,4,1.0,identity,bbq,exploratory,70,70,70,0.0,0.0,0.0,0.0,1.0,0.0,0.0,0.0,,,,0,0,0,70,,,,0.0012612172130571,0.0012608660960494,0.7164179104477612,0.7611940298507462,-0.044776119402985,-0.1044776119402985,0.0,0.7428571428571429,0.7857142857142857,-0.0428571428571428,-0.1,0.0,0.9857142857142858,0.9857142857142858,0.0,0.0,0.0,0.7761194029850746,67,0.8208955223880597,0,70,0.0,69,0.0
qwen2.5-7b-instruct,test,random_ortho_1_r4_a1,random_ortho_1,4,1.0,identity,crows_pairs,exploratory,41,41,41,0.0,0.0,0.0,0.0,1.0,0.0,0.0,0.0,,,,0,0,0,41,,,,0.0012084874520132,0.001208776542472,0.6341463414634146,0.6585365853658537,-0.024390243902439,-0.073170731707317,0.0,0.3902439024390244,0.3902439024390244,0.0,-0.073170731707317,0.073170731707317,0.8048780487804879,0.7804878048780488,0.024390243902439,-0.048780487804878,0.0975609756097561,0.4848484848484848,33,0.5,0,41,0.0,33,0.0
qwen2.5-7b-instruct,test,random_ortho_1_r4_a1,random_ortho_1,4,1.0,neutral,pooled,exploratory,70,70,70,0.3013253348214286,0.3131574358258928,0.4428571428571428,0.5,0.0571428571428571,-0.0118321010044642,-0.034654061453683,0.0131141880580357,-0.0392668642066762,-0.1290061155786601,0.0393528540124601,7,1,0,63,0.1428571428571428,0.0,0.5,0.0011277934278074,0.0011951834438704,0.7388059701492538,0.746268656716418,-0.0074626865671641,-0.0223880597014925,0.0,0.7928571428571428,0.8,-0.0071428571428571,-0.0214285714285714,0.0,0.9928571428571428,0.9857142857142858,0.0071428571428571,0.0,0.0214285714285714,0.8283582089552238,67,0.835820895522388,5,70,0.0714285714285714,69,0.072463768115942
qwen2.5-7b-instruct,test,random_ortho_1_r4_a1,random_ortho_1,4,1.0,neutral,bbq,exploratory,70,70,70,0.3013253348214286,0.3131574358258928,0.4428571428571428,0.5,0.0571428571428571,-0.0118321010044642,-0.034654061453683,0.0131141880580357,-0.0392668642066762,-0.1290061155786601,0.0393528540124601,7,1,0,63,0.1428571428571428,0.0,0.5,0.0011277934278074,0.0011951834438704,0.7388059701492538,0.746268656716418,-0.0074626865671641,-0.0223880597014925,0.0,0.7928571428571428,0.8,-0.0071428571428571,-0.0214285714285714,0.0,0.9928571428571428,0.9857142857142858,0.0071428571428571,0.0,0.0214285714285714,0.8283582089552238,67,0.835820895522388,5,70,0.0714285714285714,69,0.072463768115942
qwen2.5-7b-instruct,test,random_ortho_2_r1_a1,random_ortho_2,1,1.0,demographic,pooled,confirmatory-input,111,111,111,0.5857071060318131,0.5710625175957207,0.5045045045045045,0.4234234234234234,0.072072072072072,0.0146445884360923,-0.0051409747149493,0.0350966857360289,0.0250032623563507,-0.0081268063352886,0.0635920432094834,27,2,1,84,0.074074074074074,0.0,0.1819023569023564,0.0002581895904288,0.0002425521078008,0.7318181818181818,0.7454545454545455,-0.0136363636363636,-0.0363636363636363,0.0045454545454545,0.6486486486486487,0.6621621621621622,-0.0135135135135135,-0.036036036036036,0.009009009009009,0.9054054054054054,0.90990990990991,-0.0045045045045045,-0.0225225225225225,0.0135135135135135,0.7142857142857143,105,0.7307692307692307,21,111,0.1891891891891892,95,0.2210526315789473
qwen2.5-7b-instruct,test,random_ortho_2_r1_a1,random_ortho_2,1,1.0,demographic,bbq,exploratory,70,70,70,0.4752825055803571,0.4450055803571429,0.5857142857142857,0.3285714285714285,0.0857142857142857,0.0302769252232142,0.0082795061383928,0.0535423060825892,0.0637030079326058,0.0176508379398008,0.1176193884220012,11,1,1,59,0.0909090909090909,0.0,0.3076923076923077,0.0002592565035808,0.0002345564882759,0.7391304347826086,0.7536231884057971,-0.0144927536231884,-0.036231884057971,0.0,0.7714285714285715,0.7714285714285715,0.0,0.0,0.0,0.9928571428571428,0.9928571428571428,0.0,0.0,0.0,0.7971014492753623,69,0.7971014492753623,13,70,0.1857142857142857,69,0.1884057971014492
qwen2.5-7b-instruct,test,random_ortho_2_r1_a1,random_ortho_2,1,1.0,demographic,crows_pairs,exploratory,41,41,41,0.7742369116806402,0.7862816787347561,0.3658536585365853,0.5853658536585366,0.048780487804878,-0.0120447670541158,-0.0474986378739519,0.0251978060094321,-0.0155569527523173,-0.0612500925756603,0.0351548094404498,16,1,0,25,0.0625,0.0,0.2,0.0002563680313888,0.0002562031655263,0.7195121951219512,0.7317073170731707,-0.0121951219512195,-0.048780487804878,0.024390243902439,0.4390243902439024,0.4756097560975609,-0.0365853658536585,-0.0975609756097561,0.024390243902439,0.7560975609756098,0.7682926829268293,-0.0121951219512195,-0.0609756097560975,0.0365853658536585,0.5555555555555556,36,0.6,8,41,0.1951219512195122,26,0.3076923076923077
qwen2.5-7b-instruct,test,random_ortho_2_r1_a1,random_ortho_2,1,1.0,identity,pooled,exploratory,111,111,111,0.0,0.0,0.0,0.0,1.0,0.0,0.0,0.0,,,,0,0,0,111,,,,0.0002383888148391,0.0002383020866431,0.7037037037037037,0.7222222222222222,-0.0185185185185185,-0.0462962962962962,0.0,0.6396396396396397,0.6396396396396397,0.0,-0.027027027027027,0.027027027027027,0.90990990990991,0.90990990990991,0.0,-0.027027027027027,0.027027027027027,0.7171717171717171,99,0.7171717171717171,0,111,0.0,101,0.0
qwen2.5-7b-instruct,test,random_ortho_2_r1_a1,random_ortho_2,1,1.0,identity,bbq,exploratory,70,70,70,0.0,0.0,0.0,0.0,1.0,0.0,0.0,0.0,,,,0,0,0,70,,,,0.0002263512739593,0.0002263573898028,0.746268656716418,0.7611940298507462,-0.0149253731343283,-0.044776119402985,0.0,0.7857142857142857,0.7857142857142857,0.0,0.0,0.0,0.9857142857142858,0.9857142857142858,0.0,0.0,0.0,0.8208955223880597,67,0.8208955223880597,0,70,0.0,69,0.0
qwen2.5-7b-instruct,test,random_ortho_2_r1_a1,random_ortho_2,1,1.0,identity,crows_pairs,exploratory,41,41,41,0.0,0.0,0.0,0.0,1.0,0.0,0.0,0.0,,,,0,0,0,41,,,,0.0002589407139021,0.0002586954714925,0.6341463414634146,0.6585365853658537,-0.024390243902439,-0.073170731707317,0.0,0.3902439024390244,0.3902439024390244,0.0,-0.073170731707317,0.073170731707317,0.7804878048780488,0.7804878048780488,0.0,-0.073170731707317,0.073170731707317,0.5,32,0.5,0,41,0.0,32,0.0
qwen2.5-7b-instruct,test,random_ortho_2_r1_a1,random_ortho_2,1,1.0,neutral,pooled,exploratory,70,70,70,0.3013253348214286,0.3190743582589285,0.4,0.5571428571428572,0.0428571428571428,-0.0177490234375,-0.0436852155412946,0.0070482526506696,-0.0589031899624983,-0.1559940873740415,0.0243937038350134,7,2,0,63,0.2857142857142857,0.0,0.6666666666666666,0.0002062622253285,0.0002247206110039,0.7388059701492538,0.746268656716418,-0.0074626865671641,-0.0223880597014925,0.0,0.8,0.8,0.0,0.0,0.0,0.9857142857142858,0.9857142857142858,0.0,0.0,0.0,0.835820895522388,67,0.835820895522388,4,70,0.0571428571428571,69,0.0579710144927536
qwen2.5-7b-instruct,test,random_ortho_2_r1_a1,random_ortho_2,1,1.0,neutral,bbq,exploratory,70,70,70,0.3013253348214286,0.3190743582589285,0.4,0.5571428571428572,0.0428571428571428,-0.0177490234375,-0.0436852155412946,0.0070482526506696,-0.0589031899624983,-0.1559940873740415,0.0243937038350134,7,2,0,63,0.2857142857142857,0.0,0.6666666666666666,0.0002062622253285,0.0002247206110039,0.7388059701492538,0.746268656716418,-0.0074626865671641,-0.0223880597014925,0.0,0.8,0.8,0.0,0.0,0.0,0.9857142857142858,0.9857142857142858,0.0,0.0,0.0,0.835820895522388,67,0.835820895522388,4,70,0.0571428571428571,69,0.0579710144927536
qwen2.5-7b-instruct,test,random_ortho_2_r2_a1,random_ortho_2,2,1.0,demographic,pooled,exploratory,111,111,111,0.5857071060318131,0.5833184869439753,0.4594594594594595,0.4864864864864865,0.054054054054054,0.0023886190878378,-0.0255413983319256,0.0286825918936514,0.0040781801402766,-0.046068966682906,0.0498305943689519,27,1,1,84,0.037037037037037,0.0,0.12,0.0005277861738804,0.0005226638031526,0.7363636363636363,0.7454545454545455,-0.009090909090909,-0.0227272727272727,0.0,0.6531531531531531,0.6621621621621622,-0.009009009009009,-0.0315315315315315,0.0135135135135135,0.918918918918919,0.90990990990991,0.009009009009009,-0.009009009009009,0.027027027027027,0.7095238095238096,105,0.7307692307692307,24,111,0.2162162162162162,98,0.2448979591836734
qwen2.5-7b-instruct,test,random_ortho_2_r2_a1,random_ortho_2,2,1.0,demographic,bbq,exploratory,70,70,70,0.4752825055803571,0.4703656877790179,0.4571428571428571,0.4571428571428571,0.0857142857142857,0.0049168178013392,-0.024595227922712,0.0312298801967075,0.0103450426716957,-0.0540224295158851,0.0636899684410141,11,1,1,59,0.0909090909090909,0.0,0.3076923076923077,0.0005172382300521,0.000512232655706,0.7463768115942029,0.7536231884057971,-0.0072463768115942,-0.0217391304347826,0.0,0.7714285714285715,0.7714285714285715,0.0,0.0,0.0,0.9928571428571428,0.9928571428571428,0.0,0.0,0.0,0.7971014492753623,69,0.7971014492753623,13,70,0.1857142857142857,69,0.1884057971014492
qwen2.5-7b-instruct,test,random_ortho_2_r2_a1,random_ortho_2,2,1.0,demographic,crows_pairs,exploratory,41,41,41,0.7742369116806402,0.7761647294207317,0.4634146341463415,0.5365853658536586,0.0,-0.0019278177400914,-0.0562889285203887,0.0549506955030487,-0.0024899584494191,-0.0761743040245365,0.0720604943268866,16,0,0,25,0.0,0.0,0.0,0.0005457948584651,0.0005404730792809,0.7195121951219512,0.7317073170731707,-0.0121951219512195,-0.0365853658536585,0.0,0.4512195121951219,0.4756097560975609,-0.024390243902439,-0.0853658536585365,0.0365853658536585,0.7926829268292683,0.7682926829268293,0.024390243902439,-0.024390243902439,0.073170731707317,0.5416666666666666,36,0.6,11,41,0.2682926829268293,29,0.3793103448275862
qwen2.5-7b-instruct,test,random_ortho_2_r2_a1,random_ortho_2,2,1.0,identity,pooled,exploratory,111,111,111,0.0,0.0,0.0,0.0,1.0,0.0,0.0,0.0,,,,0,0,0,111,,,,0.0005206370224317,0.0005205889595039,0.7129629629629629,0.7222222222222222,-0.0092592592592592,-0.0277777777777777,0.0,0.6396396396396397,0.6396396396396397,0.0,-0.027027027027027,0.027027027027027,0.927927927927928,0.90990990990991,0.018018018018018,0.0,0.045045045045045,0.7029702970297029,101,0.7171717171717171,0,111,0.0,103,0.0
qwen2.5-7b-instruct,test,random_ortho_2_r2_a1,random_ortho_2,2,1.0,identity,bbq,exploratory,70,70,70,0.0,0.0,0.0,0.0,1.0,0.0,0.0,0.0,,,,0,0,0,70,,,,0.0005106222185137,0.0005106423378947,0.746268656716418,0.7611940298507462,-0.0149253731343283,-0.044776119402985,0.0,0.7857142857142857,0.7857142857142857,0.0,0.0,0.0,0.9857142857142858,0.9857142857142858,0.0,0.0,0.0,0.8208955223880597,67,0.8208955223880597,0,70,0.0,69,0.0
qwen2.5-7b-instruct,test,random_ortho_2_r2_a1,random_ortho_2,2,1.0,identity,crows_pairs,exploratory,41,41,41,0.0,0.0,0.0,0.0,1.0,0.0,0.0,0.0,,,,0,0,0,41,,,,0.0005377354681453,0.0005375709963976,0.6585365853658537,0.6585365853658537,0.0,0.0,0.0,0.3902439024390244,0.3902439024390244,0.0,-0.073170731707317,0.073170731707317,0.8292682926829268,0.7804878048780488,0.048780487804878,0.0,0.1219512195121951,0.4705882352941176,34,0.5,0,41,0.0,34,0.0
qwen2.5-7b-instruct,test,random_ortho_2_r2_a1,random_ortho_2,2,1.0,neutral,pooled,exploratory,70,70,70,0.3013253348214286,0.3204520089285714,0.3428571428571428,0.5714285714285714,0.0857142857142857,-0.0191266741071428,-0.0390628487723214,0.0005932617187499,-0.063475160887078,-0.1366725161860836,0.0017441797766479,7,1,1,63,0.1428571428571428,0.0,0.5,0.0004704010866201,0.0005011595268892,0.746268656716418,0.746268656716418,0.0,0.0,0.0,0.8,0.8,0.0,0.0,0.0,0.9857142857142858,0.9857142857142858,0.0,0.0,0.0,0.835820895522388,67,0.835820895522388,4,70,0.0571428571428571,69,0.0579710144927536
qwen2.5-7b-instruct,test,random_ortho_2_r2_a1,random_ortho_2,2,1.0,neutral,bbq,exploratory,70,70,70,0.3013253348214286,0.3204520089285714,0.3428571428571428,0.5714285714285714,0.0857142857142857,-0.0191266741071428,-0.0390628487723214,0.0005932617187499,-0.063475160887078,-0.1366725161860836,0.0017441797766479,7,1,1,63,0.1428571428571428,0.0,0.5,0.0004704010866201,0.0005011595268892,0.746268656716418,0.746268656716418,0.0,0.0,0.0,0.8,0.8,0.0,0.0,0.0,0.9857142857142858,0.9857142857142858,0.0,0.0,0.0,0.835820895522388,67,0.835820895522388,4,70,0.0571428571428571,69,0.0579710144927536
qwen2.5-7b-instruct,test,random_ortho_2_r4_a1,random_ortho_2,4,1.0,demographic,pooled,exploratory,111,111,111,0.5857071060318131,0.5852815095368806,0.5045045045045045,0.4414414414414414,0.054054054054054,0.0004255964949324,-0.0256755107157939,0.0253473230310388,0.0007266370691929,-0.0441367314319789,0.0439073039756949,27,0,1,84,0.0,0.0,0.0,0.0010686379071121,0.0010602136839027,0.7272727272727273,0.7454545454545455,-0.0181818181818181,-0.0409090909090909,0.0,0.6531531531531531,0.6621621621621622,-0.009009009009009,-0.027027027027027,0.009009009009009,0.9054054054054054,0.90990990990991,-0.0045045045045045,-0.0181306306306306,0.009009009009009,0.719047619047619,105,0.7307692307692307,23,111,0.2072072072072072,95,0.2421052631578947
qwen2.5-7b-instruct,test,random_ortho_2_r4_a1,random_ortho_2,4,1.0,demographic,bbq,exploratory,70,70,70,0.4752825055803571,0.4709123883928571,0.5428571428571428,0.4,0.0571428571428571,0.0043701171875,-0.0233180454799107,0.0312041364397321,0.0091947781291965,-0.0486233039969851,0.0651348055334478,11,0,0,59,0.0,0.0,0.0,0.0010752459165946,0.0010599102639114,0.7246376811594203,0.7536231884057971,-0.0289855072463768,-0.0579710144927536,-0.0072463768115942,0.7714285714285715,0.7714285714285715,0.0,0.0,0.0,0.9928571428571428,0.9928571428571428,0.0,0.0,0.0,0.7971014492753623,69,0.7971014492753623,14,70,0.2,69,0.2028985507246377
qwen2.5-7b-instruct,test,random_ortho_2_r4_a1,random_ortho_2,4,1.0,demographic,crows_pairs,exploratory,41,41,41,0.7742369116806402,0.7805458627096037,0.4390243902439024,0.5121951219512195,0.048780487804878,-0.0063089510289634,-0.0543198748332698,0.0408188982707698,-0.008148605334856,-0.0723464879599645,0.057137605941629,16,0,1,25,0.0,0.0,0.0,0.0010573559397029,0.0010607317180342,0.7317073170731707,0.7317073170731707,0.0,-0.0365853658536585,0.0365853658536585,0.4512195121951219,0.4756097560975609,-0.024390243902439,-0.073170731707317,0.024390243902439,0.7560975609756098,0.7682926829268293,-0.0121951219512195,-0.0609756097560975,0.024390243902439,0.5694444444444444,36,0.6,9,41,0.2195121951219512,26,0.3461538461538461
qwen2.5-7b-instruct,test,random_ortho_2_r4_a1,random_ortho_2,4,1.0,identity,pooled,exploratory,111,111,111,0.0,0.0,0.0,0.0,1.0,0.0,0.0,0.0,,,,0,0,0,111,,,,0.0010653340006038,0.0010657589752025,0.6851851851851852,0.7222222222222222,-0.037037037037037,-0.074074074074074,-0.0092592592592592,0.6306306306306306,0.6396396396396397,-0.009009009009009,-0.027027027027027,0.0,0.90990990990991,0.90990990990991,0.0,0.0,0.0,0.7070707070707071,99,0.7171717171717171,0,111,0.0,101,0.0
qwen2.5-7b-instruct,test,random_ortho_2_r4_a1,random_ortho_2,4,1.0,identity,bbq,exploratory,70,70,70,0.0,0.0,0.0,0.0,1.0,0.0,0.0,0.0,,,,0,0,0,70,,,,0.0010618378094765,0.0010623681033965,0.7164179104477612,0.7611940298507462,-0.044776119402985,-0.1044776119402985,0.0,0.7857142857142857,0.7857142857142857,0.0,0.0,0.0,0.9857142857142858,0.9857142857142858,0.0,0.0,0.0,0.8208955223880597,67,0.8208955223880597,0,70,0.0,69,0.0
qwen2.5-7b-instruct,test,random_ortho_2_r4_a1,random_ortho_2,4,1.0,identity,crows_pairs,exploratory,41,41,41,0.0,0.0,0.0,0.0,1.0,0.0,0.0,0.0,,,,0,0,0,41,,,,0.0010713031074064,0.0010715482685299,0.6341463414634146,0.6585365853658537,-0.024390243902439,-0.073170731707317,0.0,0.3658536585365853,0.3902439024390244,-0.024390243902439,-0.073170731707317,0.0,0.7804878048780488,0.7804878048780488,0.0,0.0,0.0,0.46875,32,0.5,0,41,0.0,32,0.0
qwen2.5-7b-instruct,test,random_ortho_2_r4_a1,random_ortho_2,4,1.0,neutral,pooled,exploratory,70,70,70,0.3013253348214286,0.2936941964285714,0.4857142857142857,0.4,0.1142857142857142,0.0076311383928571,-0.0193523297991071,0.0334270368303571,0.0253252465391916,-0.0637953248872674,0.1142001783007415,7,1,1,63,0.1428571428571428,0.0,0.5,0.0009221252845134,0.0010072310773694,0.7388059701492538,0.746268656716418,-0.0074626865671641,-0.0223880597014925,0.0,0.8071428571428572,0.8,0.0071428571428571,0.0,0.0214285714285714,0.9928571428571428,0.9857142857142858,0.0071428571428571,0.0,0.0214285714285714,0.8432835820895522,67,0.835820895522388,3,70,0.0428571428571428,69,0.0434782608695652
qwen2.5-7b-instruct,test,random_ortho_2_r4_a1,random_ortho_2,4,1.0,neutral,bbq,exploratory,70,70,70,0.3013253348214286,0.2936941964285714,0.4857142857142857,0.4,0.1142857142857142,0.0076311383928571,-0.0193523297991071,0.0334270368303571,0.0253252465391916,-0.0637953248872674,0.1142001783007415,7,1,1,63,0.1428571428571428,0.0,0.5,0.0009221252845134,0.0010072310773694,0.7388059701492538,0.746268656716418,-0.0074626865671641,-0.0223880597014925,0.0,0.8071428571428572,0.8,0.0071428571428571,0.0,0.0214285714285714,0.9928571428571428,0.9857142857142858,0.0071428571428571,0.0,0.0214285714285714,0.8432835820895522,67,0.835820895522388,3,70,0.0428571428571428,69,0.0434782608695652
qwen2.5-7b-instruct,test,random_ortho_3_r1_a1,random_ortho_3,1,1.0,demographic,pooled,confirmatory-input,111,111,111,0.5857071060318131,0.5761289854307432,0.5585585585585585,0.4054054054054054,0.036036036036036,0.0095781206010698,-0.0166030333922789,0.0354292723509642,0.0163530892871728,-0.0291038382011947,0.062599386038724,27,1,3,84,0.037037037037037,0.0,0.12,0.0002095492646076,0.0002170223724692,0.7454545454545455,0.7454545454545455,0.0,-0.0181818181818181,0.0181818181818181,0.6441441441441441,0.6621621621621622,-0.018018018018018,-0.0405405405405405,0.0,0.9009009009009008,0.90990990990991,-0.009009009009009,-0.027027027027027,0.009009009009009,0.7115384615384616,104,0.7307692307692307,22,111,0.1981981981981982,95,0.231578947368421
qwen2.5-7b-instruct,test,random_ortho_3_r1_a1,random_ortho_3,1,1.0,demographic,bbq,exploratory,70,70,70,0.4752825055803571,0.478515625,0.5285714285714286,0.4142857142857143,0.0571428571428571,-0.0032331194196428,-0.0303781563895089,0.0218230329241071,-0.0068025214092299,-0.0620029018764533,0.0492115908134126,11,0,1,59,0.0,0.0,0.0,0.0002038154004698,0.00021524277261,0.7608695652173914,0.7536231884057971,0.0072463768115942,0.0,0.0217391304347826,0.7642857142857142,0.7714285714285715,-0.0071428571428571,-0.0214285714285714,0.0,0.9928571428571428,0.9928571428571428,0.0,0.0,0.0,0.7898550724637681,69,0.7971014492753623,15,70,0.2142857142857142,69,0.217391304347826
qwen2.5-7b-instruct,test,random_ortho_3_r1_a1,random_ortho_3,1,1.0,demographic,crows_pairs,exploratory,41,41,41,0.7742369116806402,0.7427859422637195,0.6097560975609756,0.3902439024390244,0.0,0.0314509694169207,-0.0202356478063071,0.0824537695907964,0.0406218935605252,-0.0276055132369763,0.1111382774325422,16,1,2,25,0.0625,0.0,0.2002631578947354,0.0002193387887453,0.0002200607136922,0.7195121951219512,0.7317073170731707,-0.0121951219512195,-0.0490853658536585,0.024390243902439,0.4390243902439024,0.4756097560975609,-0.0365853658536585,-0.0975609756097561,0.0121951219512195,0.7439024390243902,0.7682926829268293,-0.024390243902439,-0.073170731707317,0.024390243902439,0.5571428571428572,35,0.6,7,41,0.1707317073170731,26,0.2692307692307692
qwen2.5-7b-instruct,test,random_ortho_3_r1_a1,random_ortho_3,1,1.0,identity,pooled,exploratory,110,110,110,0.0,0.0,0.0,0.0,1.0,0.0,0.0,0.0,,,,0,0,0,110,,,,0.0002180063031039,0.0002181339736655,0.719626168224299,0.7289719626168224,-0.0093457943925233,-0.02803738317757,0.0,0.6363636363636364,0.6363636363636364,0.0,-0.0272727272727272,0.0272727272727272,0.9181818181818182,0.9090909090909092,0.009090909090909,0.0,0.0272727272727272,0.7070707070707071,99,0.7142857142857143,0,110,0.0,101,0.0
qwen2.5-7b-instruct,test,random_ortho_3_r1_a1,random_ortho_3,1,1.0,identity,bbq,exploratory,70,70,70,0.0,0.0,0.0,0.0,1.0,0.0,0.0,0.0,,,,0,0,0,70,,,,0.0002161393498777,0.0002163000626887,0.7611940298507462,0.7611940298507462,0.0,0.0,0.0,0.7714285714285715,0.7857142857142857,-0.0142857142857142,-0.0428571428571428,0.0,0.9857142857142858,0.9857142857142858,0.0,0.0,0.0,0.8059701492537313,67,0.8208955223880597,0,70,0.0,69,0.0
qwen2.5-7b-instruct,test,random_ortho_3_r1_a1,random_ortho_3,1,1.0,identity,crows_pairs,exploratory,40,40,40,0.0,0.0,0.0,0.0,1.0,0.0,0.0,0.0,,,,0,0,0,40,,,,0.0002212734712497,0.0002213433178751,0.65,0.675,-0.025,-0.075,0.0,0.4,0.375,0.025,0.0,0.075,0.8,0.775,0.025,0.0,0.075,0.5,32,0.4838709677419355,0,40,0.0,32,0.0
qwen2.5-7b-instruct,test,random_ortho_3_r1_a1,random_ortho_3,1,1.0,neutral,pooled,exploratory,70,70,70,0.3013253348214286,0.2903512137276786,0.4428571428571428,0.5285714285714286,0.0285714285714285,0.01097412109375,-0.0126820591517857,0.0366622488839285,0.0364195101625075,-0.0482155494116805,0.1117463902008921,7,1,0,63,0.1428571428571428,0.0,0.5,0.000228761665465,0.0002222528744832,0.7388059701492538,0.746268656716418,-0.0074626865671641,-0.0223880597014925,0.0,0.8,0.8,0.0,0.0,0.0,0.9857142857142858,0.9857142857142858,0.0,0.0,0.0,0.835820895522388,67,0.835820895522388,4,70,0.0571428571428571,69,0.0579710144927536
qwen2.5-7b-instruct,test,random_ortho_3_r1_a1,random_ortho_3,1,1.0,neutral,bbq,exploratory,70,70,70,0.3013253348214286,0.2903512137276786,0.4428571428571428,0.5285714285714286,0.0285714285714285,0.01097412109375,-0.0126820591517857,0.0366622488839285,0.0364195101625075,-0.0482155494116805,0.1117463902008921,7,1,0,63,0.1428571428571428,0.0,0.5,0.000228761665465,0.0002222528744832,0.7388059701492538,0.746268656716418,-0.0074626865671641,-0.0223880597014925,0.0,0.8,0.8,0.0,0.0,0.0,0.9857142857142858,0.9857142857142858,0.0,0.0,0.0,0.835820895522388,67,0.835820895522388,4,70,0.0571428571428571,69,0.0579710144927536
qwen2.5-7b-instruct,test,random_ortho_3_r2_a1,random_ortho_3,2,1.0,demographic,pooled,exploratory,111,111,111,0.5857071060318131,0.585659611332524,0.5495495495495496,0.4054054054054054,0.045045045045045,4.749469928913288e-05,-0.0307555739944045,0.0286293957684491,8.108950497609513e-05,-0.0500011997822053,0.0518299573881775,27,1,1,84,0.037037037037037,0.0,0.12,0.0004899330134225,0.0004990836370771,0.740909090909091,0.7454545454545455,-0.0045454545454545,-0.0272727272727272,0.0181818181818181,0.6396396396396397,0.6621621621621622,-0.0225225225225225,-0.0495495495495495,0.0,0.9009009009009008,0.90990990990991,-0.009009009009009,-0.0315315315315315,0.0135135135135135,0.7067307692307693,104,0.7307692307692307,25,111,0.2252252252252252,95,0.2631578947368421
qwen2.5-7b-instruct,test,random_ortho_3_r2_a1,random_ortho_3,2,1.0,demographic,bbq,exploratory,70,70,70,0.4752825055803571,0.4903587341308594,0.5285714285714286,0.4,0.0714285714285714,-0.0150762285505022,-0.0563837105887276,0.0166346386500767,-0.0317205627673859,-0.116462033991659,0.0398423927687326,11,0,0,59,0.0,0.0,0.0,0.000489062550057,0.0005066153573331,0.7391304347826086,0.7536231884057971,-0.0144927536231884,-0.036231884057971,0.0,0.7642857142857142,0.7714285714285715,-0.0071428571428571,-0.0214285714285714,0.0,0.9928571428571428,0.9928571428571428,0.0,0.0,0.0,0.7898550724637681,69,0.7971014492753623,15,70,0.2142857142857142,69,0.217391304347826
qwen2.5-7b-instruct,test,random_ortho_3_r2_a1,random_ortho_3,2,1.0,demographic,crows_pairs,exploratory,41,41,41,0.7742369116806402,0.7483684260670732,0.5853658536585366,0.4146341463414634,0.0,0.025868485613567,-0.0206463697479992,0.0737527614686546,0.033411589170315,-0.0263385530048476,0.0987574082915615,16,1,1,25,0.0625,0.0,0.2002631578947354,0.0004914191703879,0.0004862246024938,0.7439024390243902,0.7317073170731707,0.0121951219512195,-0.036890243902439,0.0609756097560975,0.4268292682926829,0.4756097560975609,-0.048780487804878,-0.1097560975609756,0.0,0.7439024390243902,0.7682926829268293,-0.024390243902439,-0.0853658536585365,0.024390243902439,0.5428571428571428,35,0.6,10,41,0.2439024390243902,26,0.3846153846153846
qwen2.5-7b-instruct,test,random_ortho_3_r2_a1,random_ortho_3,2,1.0,identity,pooled,exploratory,110,110,110,0.0,0.0,0.0,0.0,1.0,0.0,0.0,0.0,,,,0,0,0,110,,,,0.0005022891272437,0.0005024670496537,0.7102803738317757,0.7289719626168224,-0.0186915887850467,-0.0560747663551401,0.0093457943925233,0.6363636363636364,0.6363636363636364,0.0,-0.0272727272727272,0.0272727272727272,0.9272727272727272,0.9090909090909092,0.0181818181818181,0.0,0.0454545454545454,0.7,100,0.7142857142857143,0,110,0.0,102,0.0
qwen2.5-7b-instruct,test,random_ortho_3_r2_a1,random_ortho_3,2,1.0,identity,bbq,exploratory,70,70,70,0.0,0.0,0.0,0.0,1.0,0.0,0.0,0.0,,,,0,0,0,70,,,,0.0005117375564837,0.0005121022801975,0.7313432835820896,0.7611940298507462,-0.0298507462686567,-0.0746268656716417,0.0,0.7714285714285715,0.7857142857142857,-0.0142857142857142,-0.0428571428571428,0.0,0.9857142857142858,0.9857142857142858,0.0,0.0,0.0,0.8059701492537313,67,0.8208955223880597,0,70,0.0,69,0.0
qwen2.5-7b-instruct,test,random_ortho_3_r2_a1,random_ortho_3,2,1.0,identity,crows_pairs,exploratory,40,40,40,0.0,0.0,0.0,0.0,1.0,0.0,0.0,0.0,,,,0,0,0,40,,,,0.0004857543760738,0.0004856053962021,0.675,0.675,0.0,-0.075,0.075,0.4,0.375,0.025,0.0,0.075,0.825,0.775,0.05,0.0,0.125,0.4848484848484848,33,0.4838709677419355,0,40,0.0,33,0.0
qwen2.5-7b-instruct,test,random_ortho_3_r2_a1,random_ortho_3,2,1.0,neutral,pooled,exploratory,70,70,70,0.3013253348214286,0.31640625,0.3857142857142857,0.5571428571428572,0.0571428571428571,-0.0150809151785714,-0.0358918108258928,0.0057214355468749,-0.0500486133617297,-0.1356456447592737,0.018454959017833,7,0,0,63,0.0,0.0,0.0,0.0005512048613248,0.0005397355123099,0.7313432835820896,0.746268656716418,-0.0149253731343283,-0.0373134328358208,0.0,0.8,0.8,0.0,0.0,0.0,0.9857142857142858,0.9857142857142858,0.0,0.0,0.0,0.835820895522388,67,0.835820895522388,4,70,0.0571428571428571,69,0.0579710144927536
qwen2.5-7b-instruct,test,random_ortho_3_r2_a1,random_ortho_3,2,1.0,neutral,bbq,exploratory,70,70,70,0.3013253348214286,0.31640625,0.3857142857142857,0.5571428571428572,0.0571428571428571,-0.0150809151785714,-0.0358918108258928,0.0057214355468749,-0.0500486133617297,-0.1356456447592737,0.018454959017833,7,0,0,63,0.0,0.0,0.0,0.0005512048613248,0.0005397355123099,0.7313432835820896,0.746268656716418,-0.0149253731343283,-0.0373134328358208,0.0,0.8,0.8,0.0,0.0,0.0,0.9857142857142858,0.9857142857142858,0.0,0.0,0.0,0.835820895522388,67,0.835820895522388,4,70,0.0571428571428571,69,0.0579710144927536
qwen2.5-7b-instruct,test,random_ortho_3_r4_a1,random_ortho_3,4,1.0,demographic,pooled,exploratory,111,111,111,0.5857071060318131,0.5830584001970721,0.5315315315315315,0.4324324324324324,0.036036036036036,0.0026487058347409,-0.0207305083403716,0.0249210529499225,0.0045222361270056,-0.0346768918802809,0.0442850266523352,27,1,0,84,0.037037037037037,0.0,0.125,0.0009777831712045,0.0009927217646884,0.7454545454545455,0.7454545454545455,0.0,-0.0227272727272727,0.0227272727272727,0.6531531531531531,0.6621621621621622,-0.009009009009009,-0.0315315315315315,0.0135135135135135,0.9054054054054054,0.90990990990991,-0.0045045045045045,-0.0225225225225225,0.0135135135135135,0.719047619047619,105,0.7307692307692307,21,111,0.1891891891891892,95,0.2210526315789473
qwen2.5-7b-instruct,test,random_ortho_3_r4_a1,random_ortho_3,4,1.0,demographic,bbq,exploratory,70,70,70,0.4752825055803571,0.4793561662946428,0.5285714285714286,0.4285714285714285,0.0428571428571428,-0.0040736607142857,-0.0303638567243303,0.0226886858258928,-0.0085710302114139,-0.0663382155950916,0.0493867483130332,11,1,0,59,0.0909090909090909,0.0,0.2857142857142857,0.0009641799736141,0.0009949240183313,0.7463768115942029,0.7536231884057971,-0.0072463768115942,-0.0289855072463768,0.0144927536231884,0.7714285714285715,0.7714285714285715,0.0,-0.0214285714285714,0.0214285714285714,0.9928571428571428,0.9928571428571428,0.0,0.0,0.0,0.7971014492753623,69,0.7971014492753623,14,70,0.2,69,0.2028985507246377
qwen2.5-7b-instruct,test,random_ortho_3_r4_a1,random_ortho_3,4,1.0,demographic,crows_pairs,exploratory,41,41,41,0.7742369116806402,0.7601109946646342,0.5365853658536586,0.4390243902439024,0.024390243902439,0.014125917016006,-0.0262993044969512,0.0538348314238757,0.0182449542289877,-0.0359724633946367,0.0728651754744291,16,0,0,25,0.0,0.0,0.0,0.0010010081427002,0.0009889618194446,0.7439024390243902,0.7317073170731707,0.0121951219512195,-0.024390243902439,0.048780487804878,0.4512195121951219,0.4756097560975609,-0.024390243902439,-0.0853658536585365,0.0365853658536585,0.7560975609756098,0.7682926829268293,-0.0121951219512195,-0.0609756097560975,0.0365853658536585,0.5694444444444444,36,0.6,7,41,0.1707317073170731,26,0.2692307692307692
qwen2.5-7b-instruct,test,random_ortho_3_r4_a1,random_ortho_3,4,1.0,identity,pooled,exploratory,110,110,110,0.0,0.0,0.0,0.0,1.0,0.0,0.0,0.0,,,,0,0,0,110,,,,0.0010163787994625,0.0010159166837157,0.7383177570093458,0.7289719626168224,0.0093457943925233,-0.0186915887850467,0.0373831775700934,0.6363636363636364,0.6363636363636364,0.0,-0.0272727272727272,0.0272727272727272,0.9181818181818182,0.9090909090909092,0.009090909090909,0.0,0.0272727272727272,0.7070707070707071,99,0.7142857142857143,0,110,0.0,101,0.0
qwen2.5-7b-instruct,test,random_ortho_3_r4_a1,random_ortho_3,4,1.0,identity,bbq,exploratory,70,70,70,0.0,0.0,0.0,0.0,1.0,0.0,0.0,0.0,,,,0,0,0,70,,,,0.0010336642761535,0.0010335187924836,0.7611940298507462,0.7611940298507462,0.0,-0.044776119402985,0.044776119402985,0.7714285714285715,0.7857142857142857,-0.0142857142857142,-0.0428571428571428,0.0,0.9857142857142858,0.9857142857142858,0.0,0.0,0.0,0.8059701492537313,67,0.8208955223880597,0,70,0.0,69,0.0
qwen2.5-7b-instruct,test,random_ortho_3_r4_a1,random_ortho_3,4,1.0,identity,crows_pairs,exploratory,40,40,40,0.0,0.0,0.0,0.0,1.0,0.0,0.0,0.0,,,,0,0,0,40,,,,0.0009861292152532,0.0009851129933719,0.7,0.675,0.025,0.0,0.075,0.4,0.375,0.025,0.0,0.075,0.8,0.775,0.025,0.0,0.075,0.5,32,0.4838709677419355,0,40,0.0,32,0.0
qwen2.5-7b-instruct,test,random_ortho_3_r4_a1,random_ortho_3,4,1.0,neutral,pooled,exploratory,70,70,70,0.3013253348214286,0.3175013950892857,0.5,0.4428571428571428,0.0571428571428571,-0.0161760602678571,-0.0389231654575892,0.0046140834263392,-0.0536830408815223,-0.1257032316769272,0.0144131689578842,7,1,0,63,0.1428571428571428,0.0,0.5,0.001134457072332,0.0011077031345319,0.746268656716418,0.746268656716418,0.0,-0.0223880597014925,0.0223880597014925,0.8,0.8,0.0,0.0,0.0,0.9928571428571428,0.9857142857142858,0.0071428571428571,0.0,0.0214285714285714,0.835820895522388,67,0.835820895522388,4,70,0.0571428571428571,69,0.0579710144927536
qwen2.5-7b-instruct,test,random_ortho_3_r4_a1,random_ortho_3,4,1.0,neutral,bbq,exploratory,70,70,70,0.3013253348214286,0.3175013950892857,0.5,0.4428571428571428,0.0571428571428571,-0.0161760602678571,-0.0389231654575892,0.0046140834263392,-0.0536830408815223,-0.1257032316769272,0.0144131689578842,7,1,0,63,0.1428571428571428,0.0,0.5,0.001134457072332,0.0011077031345319,0.746268656716418,0.746268656716418,0.0,-0.0223880597014925,0.0223880597014925,0.8,0.8,0.0,0.0,0.0,0.9928571428571428,0.9857142857142858,0.0071428571428571,0.0,0.0214285714285714,0.835820895522388,67,0.835820895522388,4,70,0.0571428571428571,69,0.0579710144927536
qwen2.5-7b-instruct,test,uncentred_svd_r1_a1,uncentred_svd,1,1.0,demographic,pooled,exploratory,111,111,111,0.5857071060318131,0.5658827773085585,0.5135135135135135,0.4594594594594595,0.027027027027027,0.0198243287232545,-0.0621958002313837,0.0997128598324886,0.0338468297876135,-0.1141002530378768,0.1531260788292338,27,7,6,84,0.2592592592592592,0.1033620689655172,0.4285714285714285,0.0095563290127828,0.0094730419991402,0.7954545454545454,0.7454545454545455,0.05,0.009090909090909,0.0909090909090909,0.6801801801801802,0.6621621621621622,0.018018018018018,-0.0225225225225225,0.0585585585585585,0.9054054054054054,0.90990990990991,-0.0045045045045045,-0.0315315315315315,0.0225225225225225,0.7644230769230769,104,0.7307692307692307,26,111,0.2342342342342342,96,0.2708333333333333
qwen2.5-7b-instruct,test,uncentred_svd_r1_a1,uncentred_svd,1,1.0,demographic,bbq,exploratory,70,70,70,0.4752825055803571,0.45830078125,0.5428571428571428,0.4428571428571428,0.0142857142857142,0.0169817243303571,-0.0298780168805803,0.0697544642857142,0.0357297483727517,-0.0761144486695573,0.1291575552894281,11,2,3,59,0.1818181818181818,0.0,0.4444444444444444,0.0093368735656524,0.0087369078625871,0.7971014492753623,0.7536231884057971,0.0434782608695652,0.0072463768115942,0.0869565217391304,0.7785714285714286,0.7714285714285715,0.0071428571428571,-0.0214285714285714,0.0357142857142857,0.9928571428571428,0.9928571428571428,0.0,0.0,0.0,0.8043478260869565,69,0.7971014492753623,14,70,0.2,69,0.2028985507246377
qwen2.5-7b-instruct,test,uncentred_svd_r1_a1,uncentred_svd,1,1.0,demographic,crows_pairs,exploratory,41,41,41,0.7742369116806402,0.7495593559451219,0.4634146341463415,0.4878048780487805,0.048780487804878,0.0246775557355182,-0.1689494435380144,0.2027311371593936,0.0318733909004035,-0.2285381920838093,0.2539931777894186,16,5,3,25,0.3125,0.0909090909090909,0.5714285714285714,0.0099310090444689,0.0107298563786211,0.7926829268292683,0.7317073170731707,0.0609756097560975,-0.024390243902439,0.1585365853658536,0.5121951219512195,0.4756097560975609,0.0365853658536585,-0.0609756097560975,0.1341463414634146,0.7560975609756098,0.7682926829268293,-0.0121951219512195,-0.0853658536585365,0.0609756097560975,0.6857142857142857,35,0.6,12,41,0.2926829268292683,27,0.4444444444444444
qwen2.5-7b-instruct,test,uncentred_svd_r1_a1,uncentred_svd,1,1.0,identity,pooled,exploratory,111,111,111,0.0,0.0,0.0,0.0,1.0,0.0,0.0,0.0,,,,0,0,0,111,,,,0.0102955163264712,0.010304714090585,0.7870370370370371,0.7222222222222222,0.0648148148148148,0.0,0.1296296296296296,0.6756756756756757,0.6396396396396397,0.036036036036036,-0.018018018018018,0.09009009009009,0.90990990990991,0.90990990990991,0.0,-0.045045045045045,0.045045045045045,0.7575757575757576,99,0.7171717171717171,0,111,0.0,101,0.0
qwen2.5-7b-instruct,test,uncentred_svd_r1_a1,uncentred_svd,1,1.0,identity,bbq,exploratory,70,70,70,0.0,0.0,0.0,0.0,1.0,0.0,0.0,0.0,,,,0,0,0,70,,,,0.009654887748141,0.0096626771584133,0.8059701492537313,0.7611940298507462,0.044776119402985,0.0,0.1044776119402985,0.7857142857142857,0.7857142857142857,0.0,-0.0428571428571428,0.0428571428571428,0.9857142857142858,0.9857142857142858,0.0,0.0,0.0,0.8208955223880597,67,0.8208955223880597,0,70,0.0,69,0.0
qwen2.5-7b-instruct,test,uncentred_svd_r1_a1,uncentred_svd,1,1.0,identity,crows_pairs,exploratory,41,41,41,0.0,0.0,0.0,0.0,1.0,0.0,0.0,0.0,,,,0,0,0,41,,,,0.0113892724358154,0.0114008747064878,0.7560975609756098,0.6585365853658537,0.0975609756097561,-0.048780487804878,0.2439024390243902,0.4878048780487805,0.3902439024390244,0.0975609756097561,-0.024390243902439,0.2195121951219512,0.7804878048780488,0.7804878048780488,0.0,-0.1219512195121951,0.1219512195121951,0.625,32,0.5,0,41,0.0,32,0.0
qwen2.5-7b-instruct,test,uncentred_svd_r1_a1,uncentred_svd,1,1.0,neutral,pooled,exploratory,70,70,70,0.3013253348214286,0.22265625,0.5142857142857142,0.4571428571428571,0.0285714285714285,0.0786690848214285,-0.0021268136160714,0.1652622767857142,0.2610769017084124,-0.008206963995,0.4674219562096354,7,6,2,63,0.8571428571428571,0.5,1.0,0.0208327724728188,0.0160712535522183,0.7611940298507462,0.746268656716418,0.0149253731343283,-0.0223880597014925,0.0522388059701492,0.8071428571428572,0.8,0.0071428571428571,-0.0214285714285714,0.0428571428571428,0.9928571428571428,0.9857142857142858,0.0071428571428571,0.0,0.0214285714285714,0.8432835820895522,67,0.835820895522388,5,70,0.0714285714285714,69,0.072463768115942
qwen2.5-7b-instruct,test,uncentred_svd_r1_a1,uncentred_svd,1,1.0,neutral,bbq,exploratory,70,70,70,0.3013253348214286,0.22265625,0.5142857142857142,0.4571428571428571,0.0285714285714285,0.0786690848214285,-0.0021268136160714,0.1652622767857142,0.2610769017084124,-0.008206963995,0.4674219562096354,7,6,2,63,0.8571428571428571,0.5,1.0,0.0208327724728188,0.0160712535522183,0.7611940298507462,0.746268656716418,0.0149253731343283,-0.0223880597014925,0.0522388059701492,0.8071428571428572,0.8,0.0071428571428571,-0.0214285714285714,0.0428571428571428,0.9928571428571428,0.9857142857142858,0.0071428571428571,0.0,0.0214285714285714,0.8432835820895522,67,0.835820895522388,5,70,0.0714285714285714,69,0.072463768115942
qwen2.5-7b-instruct,test,uncentred_svd_r2_a1,uncentred_svd,2,1.0,demographic,pooled,exploratory,111,111,111,0.5857071060318131,0.5401483484216638,0.4954954954954955,0.4504504504504504,0.054054054054054,0.0455587576101492,-0.0507664929639111,0.1348725361866993,0.0777841981785255,-0.0919874598701248,0.2124509799006721,27,9,3,84,0.3333333333333333,0.146953781512605,0.5,0.0119172947908951,0.0119184449833276,0.7954545454545454,0.7454545454545455,0.05,0.009090909090909,0.0909090909090909,0.6846846846846847,0.6621621621621622,0.0225225225225225,-0.0225225225225225,0.063063063063063,0.9054054054054054,0.90990990990991,-0.0045045045045045,-0.0315315315315315,0.0225225225225225,0.7692307692307693,104,0.7307692307692307,24,111,0.2162162162162162,96,0.25
qwen2.5-7b-instruct,test,uncentred_svd_r2_a1,uncentred_svd,2,1.0,demographic,bbq,exploratory,70,70,70,0.4752825055803571,0.4060675484793526,0.5142857142857142,0.4,0.0857142857142857,0.0692149571010044,0.001038338797433,0.151316659109933,0.1456290864661378,0.0024539000650118,0.276177472036748,11,3,0,59,0.2727272727272727,0.0,0.5714285714285714,0.0126181402236267,0.0119414815629233,0.782608695652174,0.7536231884057971,0.0289855072463768,-0.0072463768115942,0.072463768115942,0.7928571428571428,0.7714285714285715,0.0214285714285714,-0.0142857142857142,0.0571428571428571,0.9928571428571428,0.9928571428571428,0.0,0.0,0.0,0.8188405797101449,69,0.7971014492753623,13,70,0.1857142857142857,69,0.1884057971014492
qwen2.5-7b-instruct,test,uncentred_svd_r2_a1,uncentred_svd,2,1.0,demographic,crows_pairs,exploratory,41,41,41,0.7742369116806402,0.769066787347561,0.4634146341463415,0.5365853658536586,0.0,0.0051701243330792,-0.225227504823266,0.191563489960461,0.0066777032392533,-0.2729457219701534,0.2395752983899696,16,6,3,25,0.375,0.1333333333333333,0.6428571428571429,0.0107207294179388,0.0118791142376763,0.8170731707317073,0.7317073170731707,0.0853658536585365,-0.0121951219512195,0.1829268292682926,0.5,0.4756097560975609,0.024390243902439,-0.073170731707317,0.1219512195121951,0.7560975609756098,0.7682926829268293,-0.0121951219512195,-0.0853658536585365,0.0609756097560975,0.6714285714285714,35,0.6,11,41,0.2682926829268293,27,0.4074074074074074
qwen2.5-7b-instruct,test,uncentred_svd_r2_a1,uncentred_svd,2,1.0,identity,pooled,exploratory,111,111,111,0.0,0.0,0.0,0.0,1.0,0.0,0.0,0.0,,,,0,0,0,111,,,,0.0126012296022665,0.0126037947236248,0.7962962962962963,0.7222222222222222,0.074074074074074,0.0092592592592592,0.1388888888888889,0.7027027027027027,0.6396396396396397,0.063063063063063,0.0,0.1261261261261261,0.927927927927928,0.90990990990991,0.018018018018018,-0.018018018018018,0.054054054054054,0.7722772277227723,101,0.7171717171717171,0,111,0.0,103,0.0
qwen2.5-7b-instruct,test,uncentred_svd_r2_a1,uncentred_svd,2,1.0,identity,bbq,exploratory,70,70,70,0.0,0.0,0.0,0.0,1.0,0.0,0.0,0.0,,,,0,0,0,70,,,,0.0125693402393706,0.0125693823251091,0.8059701492537313,0.7611940298507462,0.044776119402985,0.0,0.1044776119402985,0.8142857142857143,0.7857142857142857,0.0285714285714285,-0.0285714285714285,0.0857142857142857,0.9857142857142858,0.9857142857142858,0.0,0.0,0.0,0.8507462686567164,67,0.8208955223880597,0,70,0.0,69,0.0
qwen2.5-7b-instruct,test,uncentred_svd_r2_a1,uncentred_svd,2,1.0,identity,crows_pairs,exploratory,41,41,41,0.0,0.0,0.0,0.0,1.0,0.0,0.0,0.0,,,,0,0,0,41,,,,0.0126556748559912,0.0126625475991396,0.7804878048780488,0.6585365853658537,0.1219512195121951,-0.024390243902439,0.2445121951219478,0.5121951219512195,0.3902439024390244,0.1219512195121951,-0.024390243902439,0.2682926829268293,0.8292682926829268,0.7804878048780488,0.048780487804878,-0.048780487804878,0.1463414634146341,0.6176470588235294,34,0.5,0,41,0.0,34,0.0
qwen2.5-7b-instruct,test,uncentred_svd_r2_a1,uncentred_svd,2,1.0,neutral,pooled,exploratory,70,70,70,0.3013253348214286,0.2413643973214285,0.5428571428571428,0.4428571428571428,0.0142857142857142,0.0599609375,-0.0191439383370535,0.1445642089843749,0.1989906940136117,-0.072740399733412,0.4128913444697142,7,4,2,63,0.5714285714285714,0.1666666666666666,1.0,0.0230609745796464,0.0184342403707755,0.7611940298507462,0.746268656716418,0.0149253731343283,-0.0223880597014925,0.0522388059701492,0.8357142857142857,0.8,0.0357142857142857,0.0071428571428571,0.0785714285714285,0.9928571428571428,0.9857142857142858,0.0071428571428571,0.0,0.0214285714285714,0.8731343283582089,67,0.835820895522388,5,70,0.0714285714285714,69,0.072463768115942
qwen2.5-7b-instruct,test,uncentred_svd_r2_a1,uncentred_svd,2,1.0,neutral,bbq,exploratory,70,70,70,0.3013253348214286,0.2413643973214285,0.5428571428571428,0.4428571428571428,0.0142857142857142,0.0599609375,-0.0191439383370535,0.1445642089843749,0.1989906940136117,-0.072740399733412,0.4128913444697142,7,4,2,63,0.5714285714285714,0.1666666666666666,1.0,0.0230609745796464,0.0184342403707755,0.7611940298507462,0.746268656716418,0.0149253731343283,-0.0223880597014925,0.0522388059701492,0.8357142857142857,0.8,0.0357142857142857,0.0071428571428571,0.0785714285714285,0.9928571428571428,0.9857142857142858,0.0071428571428571,0.0,0.0214285714285714,0.8731343283582089,67,0.835820895522388,5,70,0.0714285714285714,69,0.072463768115942
qwen2.5-7b-instruct,test,uncentred_svd_r4_a1,uncentred_svd,4,1.0,demographic,pooled,exploratory,111,111,111,0.5857071060318131,0.5056504258164415,0.5135135135135135,0.4774774774774775,0.009009009009009,0.0800566802153716,-0.0438153241131756,0.1973008576814118,0.1366838124224897,-0.0835908481264961,0.3054083699829666,27,10,4,84,0.3703703703703703,0.1935483870967742,0.55,0.0231202922309457,0.0216452912275809,0.7090909090909091,0.7454545454545455,-0.0363636363636363,-0.0909090909090909,0.0181818181818181,0.6981981981981982,0.6621621621621622,0.036036036036036,-0.0135135135135135,0.0855855855855855,0.9144144144144144,0.90990990990991,0.0045045045045045,-0.027027027027027,0.036036036036036,0.7766990291262136,103,0.7307692307692307,19,111,0.1711711711711711,99,0.1919191919191919
qwen2.5-7b-instruct,test,uncentred_svd_r4_a1,uncentred_svd,4,1.0,demographic,bbq,exploratory,70,70,70,0.4752825055803571,0.3380196707589286,0.5285714285714286,0.4571428571428571,0.0142857142857142,0.1372628348214285,0.0387515694754464,0.2726703752790178,0.2888026241441811,0.1067676968886811,0.4273925241351456,11,4,0,59,0.3636363636363636,0.0909090909090909,0.6666666666666666,0.0259733887481034,0.0227581458011194,0.6884057971014492,0.7536231884057971,-0.0652173913043478,-0.1304347826086956,0.0,0.7857142857142857,0.7714285714285715,0.0142857142857142,-0.0214285714285714,0.05,0.9928571428571428,0.9928571428571428,0.0,0.0,0.0,0.8115942028985508,69,0.7971014492753623,11,70,0.1571428571428571,69,0.1594202898550724
qwen2.5-7b-instruct,test,uncentred_svd_r4_a1,uncentred_svd,4,1.0,demographic,crows_pairs,exploratory,41,41,41,0.7742369116806402,0.7918492759146342,0.4878048780487805,0.5121951219512195,0.0,-0.0176123642339939,-0.2994556706126143,0.1896129701195693,-0.0227480296641535,-0.3669703807406238,0.2489939115396442,16,6,4,25,0.375,0.1333333333333333,0.6428571428571429,0.0182491518357984,0.0197452956142224,0.7439024390243902,0.7317073170731707,0.0121951219512195,-0.0853658536585365,0.1219512195121951,0.5487804878048781,0.4756097560975609,0.073170731707317,-0.0365853658536585,0.1829268292682926,0.7804878048780488,0.7682926829268293,0.0121951219512195,-0.073170731707317,0.0975609756097561,0.7058823529411765,34,0.6,8,41,0.1951219512195122,30,0.2666666666666666
qwen2.5-7b-instruct,test,uncentred_svd_r4_a1,uncentred_svd,4,1.0,identity,pooled,exploratory,111,111,111,0.0,0.0,0.0,0.0,1.0,0.0,0.0,0.0,,,,0,0,0,111,,,,0.0223963618320653,0.0224056175063789,0.75,0.7222222222222222,0.0277777777777777,-0.0555555555555555,0.1111111111111111,0.6936936936936937,0.6396396396396397,0.054054054054054,-0.009009009009009,0.1171171171171171,0.918918918918919,0.90990990990991,0.009009009009009,-0.036036036036036,0.054054054054054,0.77,100,0.7171717171717171,0,111,0.0,102,0.0
qwen2.5-7b-instruct,test,uncentred_svd_r4_a1,uncentred_svd,4,1.0,identity,bbq,exploratory,70,70,70,0.0,0.0,0.0,0.0,1.0,0.0,0.0,0.0,,,,0,0,0,70,,,,0.0232128129761256,0.0232210392426491,0.746268656716418,0.7611940298507462,-0.0149253731343283,-0.1044776119402985,0.0746268656716417,0.8,0.7857142857142857,0.0142857142857142,-0.0571428571428571,0.0857142857142857,0.9857142857142858,0.9857142857142858,0.0,0.0,0.0,0.835820895522388,67,0.8208955223880597,0,70,0.0,69,0.0
qwen2.5-7b-instruct,test,uncentred_svd_r4_a1,uncentred_svd,4,1.0,identity,crows_pairs,exploratory,41,41,41,0.0,0.0,0.0,0.0,1.0,0.0,0.0,0.0,,,,0,0,0,41,,,,0.0210024208544013,0.0210134340542103,0.7560975609756098,0.6585365853658537,0.0975609756097561,-0.048780487804878,0.2439024390243902,0.5121951219512195,0.3902439024390244,0.1219512195121951,-0.0006097560975609,0.2682926829268293,0.8048780487804879,0.7804878048780488,0.024390243902439,-0.0975609756097561,0.1463414634146341,0.6363636363636364,33,0.5,0,41,0.0,33,0.0
qwen2.5-7b-instruct,test,uncentred_svd_r4_a1,uncentred_svd,4,1.0,neutral,pooled,exploratory,70,70,70,0.3013253348214286,0.201953125,0.5285714285714286,0.4428571428571428,0.0285714285714285,0.0993722098214285,0.0195713588169642,0.1790795898437499,0.3297837862864021,0.0791618398339084,0.505336650583875,7,6,2,63,0.8571428571428571,0.5,1.0,0.032879866199405,0.0279385016876578,0.7686567164179104,0.746268656716418,0.0223880597014925,-0.0298507462686567,0.0746268656716417,0.8142857142857143,0.8,0.0142857142857142,-0.0142857142857142,0.0428571428571428,0.9928571428571428,0.9857142857142858,0.0071428571428571,0.0,0.0214285714285714,0.8507462686567164,67,0.835820895522388,5,70,0.0714285714285714,69,0.072463768115942
qwen2.5-7b-instruct,test,uncentred_svd_r4_a1,uncentred_svd,4,1.0,neutral,bbq,exploratory,70,70,70,0.3013253348214286,0.201953125,0.5285714285714286,0.4428571428571428,0.0285714285714285,0.0993722098214285,0.0195713588169642,0.1790795898437499,0.3297837862864021,0.0791618398339084,0.505336650583875,7,6,2,63,0.8571428571428571,0.5,1.0,0.032879866199405,0.0279385016876578,0.7686567164179104,0.746268656716418,0.0223880597014925,-0.0298507462686567,0.0746268656716417,0.8142857142857143,0.8,0.0142857142857142,-0.0142857142857142,0.0428571428571428,0.9928571428571428,0.9857142857142858,0.0071428571428571,0.0,0.0214285714285714,0.8507462686567164,67,0.835820895522388,5,70,0.0714285714285714,69,0.072463768115942
