model_name,target,predictor,decline_frac,coverage,n_declined,adverse_avoided_frac,loss_remaining_rate,precision_declined,suppression_coverage
llama-3.1-8b-instruct,new_error,2_baseline,0.0,1.0,0,0.0,0.041666666666666664,,1.0
llama-3.1-8b-instruct,new_error,2_baseline,0.05,0.95,13,0.18181818181818182,0.03409090909090909,0.15384615384615385,0.75
llama-3.1-8b-instruct,new_error,2_baseline,0.1,0.9,26,0.18181818181818182,0.03409090909090909,0.07692307692307693,0.5
llama-3.1-8b-instruct,new_error,2_baseline,0.15,0.85,40,0.2727272727272727,0.030303030303030304,0.075,0.5
llama-3.1-8b-instruct,new_error,2_baseline,0.2,0.8,53,0.45454545454545453,0.022727272727272728,0.09433962264150944,0.5
llama-3.1-8b-instruct,new_error,2_baseline,0.25,0.75,66,0.45454545454545453,0.022727272727272728,0.07575757575757576,0.5
llama-3.1-8b-instruct,new_error,2_baseline,0.3,0.7,79,0.45454545454545453,0.022727272727272728,0.06329113924050633,0.5
llama-3.1-8b-instruct,new_error,2_baseline,0.35,0.65,92,0.45454545454545453,0.022727272727272728,0.05434782608695652,0.0
llama-3.1-8b-instruct,new_error,2_baseline,0.4,0.6,106,0.5454545454545454,0.01893939393939394,0.05660377358490566,0.0
llama-3.1-8b-instruct,new_error,2_baseline,0.45,0.55,119,0.6363636363636364,0.015151515151515152,0.058823529411764705,0.0
llama-3.1-8b-instruct,new_error,2_baseline,0.5,0.5,132,0.7272727272727273,0.011363636363636364,0.06060606060606061,0.0
llama-3.1-8b-instruct,new_error,2_baseline,0.55,0.44999999999999996,145,0.8181818181818182,0.007575757575757576,0.06206896551724138,0.0
llama-3.1-8b-instruct,new_error,2_baseline,0.6,0.4,158,0.8181818181818182,0.007575757575757576,0.056962025316455694,0.0
llama-3.1-8b-instruct,new_error,2_baseline,0.65,0.35,172,0.9090909090909091,0.003787878787878788,0.05813953488372093,0.0
llama-3.1-8b-instruct,new_error,2_baseline,0.7,0.30000000000000004,185,0.9090909090909091,0.003787878787878788,0.05405405405405406,0.0
llama-3.1-8b-instruct,new_error,2_baseline,0.75,0.25,198,0.9090909090909091,0.003787878787878788,0.050505050505050504,0.0
llama-3.1-8b-instruct,new_error,2_baseline,0.8,0.19999999999999996,211,0.9090909090909091,0.003787878787878788,0.04739336492890995,0.0
llama-3.1-8b-instruct,new_error,2_baseline,0.85,0.15000000000000002,224,0.9090909090909091,0.003787878787878788,0.044642857142857144,0.0
llama-3.1-8b-instruct,new_error,2_baseline,0.9,0.09999999999999998,238,0.9090909090909091,0.003787878787878788,0.04201680672268908,0.0
llama-3.1-8b-instruct,new_error,2_baseline,0.95,0.050000000000000044,251,1.0,0.0,0.043824701195219126,0.0
llama-3.1-8b-instruct,new_error,2_baseline,1.0,0.0,264,1.0,0.0,0.041666666666666664,0.0
llama-3.1-8b-instruct,new_error,3_audit_only,0.0,1.0,0,0.0,0.041666666666666664,,1.0
llama-3.1-8b-instruct,new_error,3_audit_only,0.05,0.95,13,0.09090909090909091,0.03787878787878788,0.07692307692307693,0.0
llama-3.1-8b-instruct,new_error,3_audit_only,0.1,0.9,26,0.09090909090909091,0.03787878787878788,0.038461538461538464,0.0
llama-3.1-8b-instruct,new_error,3_audit_only,0.15,0.85,40,0.18181818181818182,0.03409090909090909,0.05,0.0
llama-3.1-8b-instruct,new_error,3_audit_only,0.2,0.8,53,0.2727272727272727,0.030303030303030304,0.05660377358490566,0.0
llama-3.1-8b-instruct,new_error,3_audit_only,0.25,0.75,66,0.2727272727272727,0.030303030303030304,0.045454545454545456,0.0
llama-3.1-8b-instruct,new_error,3_audit_only,0.3,0.7,79,0.2727272727272727,0.030303030303030304,0.0379746835443038,0.0
llama-3.1-8b-instruct,new_error,3_audit_only,0.35,0.65,92,0.36363636363636365,0.026515151515151516,0.043478260869565216,0.0
llama-3.1-8b-instruct,new_error,3_audit_only,0.4,0.6,106,0.36363636363636365,0.026515151515151516,0.03773584905660377,0.0
llama-3.1-8b-instruct,new_error,3_audit_only,0.45,0.55,119,0.36363636363636365,0.026515151515151516,0.03361344537815126,0.0
llama-3.1-8b-instruct,new_error,3_audit_only,0.5,0.5,132,0.45454545454545453,0.022727272727272728,0.03787878787878788,0.0
llama-3.1-8b-instruct,new_error,3_audit_only,0.55,0.44999999999999996,145,0.5454545454545454,0.01893939393939394,0.041379310344827586,0.0
llama-3.1-8b-instruct,new_error,3_audit_only,0.6,0.4,158,0.5454545454545454,0.01893939393939394,0.0379746835443038,0.0
llama-3.1-8b-instruct,new_error,3_audit_only,0.65,0.35,172,0.5454545454545454,0.01893939393939394,0.03488372093023256,0.0
llama-3.1-8b-instruct,new_error,3_audit_only,0.7,0.30000000000000004,185,0.5454545454545454,0.01893939393939394,0.032432432432432434,0.0
llama-3.1-8b-instruct,new_error,3_audit_only,0.75,0.25,198,0.8181818181818182,0.007575757575757576,0.045454545454545456,0.0
llama-3.1-8b-instruct,new_error,3_audit_only,0.8,0.19999999999999996,211,0.9090909090909091,0.003787878787878788,0.04739336492890995,0.0
llama-3.1-8b-instruct,new_error,3_audit_only,0.85,0.15000000000000002,224,1.0,0.0,0.049107142857142856,0.0
llama-3.1-8b-instruct,new_error,3_audit_only,0.9,0.09999999999999998,238,1.0,0.0,0.046218487394957986,0.0
llama-3.1-8b-instruct,new_error,3_audit_only,0.95,0.050000000000000044,251,1.0,0.0,0.043824701195219126,0.0
llama-3.1-8b-instruct,new_error,3_audit_only,1.0,0.0,264,1.0,0.0,0.041666666666666664,0.0
llama-3.1-8b-instruct,new_error,4_baseline_plus_audit,0.0,1.0,0,0.0,0.041666666666666664,,1.0
llama-3.1-8b-instruct,new_error,4_baseline_plus_audit,0.05,0.95,13,0.18181818181818182,0.03409090909090909,0.15384615384615385,1.0
llama-3.1-8b-instruct,new_error,4_baseline_plus_audit,0.1,0.9,26,0.18181818181818182,0.03409090909090909,0.07692307692307693,1.0
llama-3.1-8b-instruct,new_error,4_baseline_plus_audit,0.15,0.85,40,0.18181818181818182,0.03409090909090909,0.05,1.0
llama-3.1-8b-instruct,new_error,4_baseline_plus_audit,0.2,0.8,53,0.18181818181818182,0.03409090909090909,0.03773584905660377,1.0
llama-3.1-8b-instruct,new_error,4_baseline_plus_audit,0.25,0.75,66,0.36363636363636365,0.026515151515151516,0.06060606060606061,1.0
llama-3.1-8b-instruct,new_error,4_baseline_plus_audit,0.3,0.7,79,0.36363636363636365,0.026515151515151516,0.05063291139240506,1.0
llama-3.1-8b-instruct,new_error,4_baseline_plus_audit,0.35,0.65,92,0.45454545454545453,0.022727272727272728,0.05434782608695652,0.75
llama-3.1-8b-instruct,new_error,4_baseline_plus_audit,0.4,0.6,106,0.6363636363636364,0.015151515151515152,0.0660377358490566,0.5
llama-3.1-8b-instruct,new_error,4_baseline_plus_audit,0.45,0.55,119,0.8181818181818182,0.007575757575757576,0.07563025210084033,0.5
llama-3.1-8b-instruct,new_error,4_baseline_plus_audit,0.5,0.5,132,0.8181818181818182,0.007575757575757576,0.06818181818181818,0.5
llama-3.1-8b-instruct,new_error,4_baseline_plus_audit,0.55,0.44999999999999996,145,0.8181818181818182,0.007575757575757576,0.06206896551724138,0.5
llama-3.1-8b-instruct,new_error,4_baseline_plus_audit,0.6,0.4,158,0.9090909090909091,0.003787878787878788,0.06329113924050633,0.5
llama-3.1-8b-instruct,new_error,4_baseline_plus_audit,0.65,0.35,172,0.9090909090909091,0.003787878787878788,0.05813953488372093,0.25
llama-3.1-8b-instruct,new_error,4_baseline_plus_audit,0.7,0.30000000000000004,185,0.9090909090909091,0.003787878787878788,0.05405405405405406,0.25
llama-3.1-8b-instruct,new_error,4_baseline_plus_audit,0.75,0.25,198,0.9090909090909091,0.003787878787878788,0.050505050505050504,0.25
llama-3.1-8b-instruct,new_error,4_baseline_plus_audit,0.8,0.19999999999999996,211,0.9090909090909091,0.003787878787878788,0.04739336492890995,0.0
llama-3.1-8b-instruct,new_error,4_baseline_plus_audit,0.85,0.15000000000000002,224,0.9090909090909091,0.003787878787878788,0.044642857142857144,0.0
llama-3.1-8b-instruct,new_error,4_baseline_plus_audit,0.9,0.09999999999999998,238,0.9090909090909091,0.003787878787878788,0.04201680672268908,0.0
llama-3.1-8b-instruct,new_error,4_baseline_plus_audit,0.95,0.050000000000000044,251,1.0,0.0,0.043824701195219126,0.0
llama-3.1-8b-instruct,new_error,4_baseline_plus_audit,1.0,0.0,264,1.0,0.0,0.041666666666666664,0.0
llama-3.1-8b-instruct,new_error,2b_baseline_plus_energy,0.0,1.0,0,0.0,0.041666666666666664,,1.0
llama-3.1-8b-instruct,new_error,2b_baseline_plus_energy,0.05,0.95,13,0.09090909090909091,0.03787878787878788,0.07692307692307693,0.75
llama-3.1-8b-instruct,new_error,2b_baseline_plus_energy,0.1,0.9,26,0.18181818181818182,0.03409090909090909,0.07692307692307693,0.5
llama-3.1-8b-instruct,new_error,2b_baseline_plus_energy,0.15,0.85,40,0.36363636363636365,0.026515151515151516,0.1,0.5
llama-3.1-8b-instruct,new_error,2b_baseline_plus_energy,0.2,0.8,53,0.45454545454545453,0.022727272727272728,0.09433962264150944,0.5
llama-3.1-8b-instruct,new_error,2b_baseline_plus_energy,0.25,0.75,66,0.45454545454545453,0.022727272727272728,0.07575757575757576,0.5
llama-3.1-8b-instruct,new_error,2b_baseline_plus_energy,0.3,0.7,79,0.45454545454545453,0.022727272727272728,0.06329113924050633,0.25
llama-3.1-8b-instruct,new_error,2b_baseline_plus_energy,0.35,0.65,92,0.45454545454545453,0.022727272727272728,0.05434782608695652,0.0
llama-3.1-8b-instruct,new_error,2b_baseline_plus_energy,0.4,0.6,106,0.5454545454545454,0.01893939393939394,0.05660377358490566,0.0
llama-3.1-8b-instruct,new_error,2b_baseline_plus_energy,0.45,0.55,119,0.5454545454545454,0.01893939393939394,0.05042016806722689,0.0
llama-3.1-8b-instruct,new_error,2b_baseline_plus_energy,0.5,0.5,132,0.5454545454545454,0.01893939393939394,0.045454545454545456,0.0
llama-3.1-8b-instruct,new_error,2b_baseline_plus_energy,0.55,0.44999999999999996,145,0.6363636363636364,0.015151515151515152,0.04827586206896552,0.0
llama-3.1-8b-instruct,new_error,2b_baseline_plus_energy,0.6,0.4,158,0.7272727272727273,0.011363636363636364,0.05063291139240506,0.0
llama-3.1-8b-instruct,new_error,2b_baseline_plus_energy,0.65,0.35,172,0.8181818181818182,0.007575757575757576,0.05232558139534884,0.0
llama-3.1-8b-instruct,new_error,2b_baseline_plus_energy,0.7,0.30000000000000004,185,0.9090909090909091,0.003787878787878788,0.05405405405405406,0.0
llama-3.1-8b-instruct,new_error,2b_baseline_plus_energy,0.75,0.25,198,0.9090909090909091,0.003787878787878788,0.050505050505050504,0.0
llama-3.1-8b-instruct,new_error,2b_baseline_plus_energy,0.8,0.19999999999999996,211,0.9090909090909091,0.003787878787878788,0.04739336492890995,0.0
llama-3.1-8b-instruct,new_error,2b_baseline_plus_energy,0.85,0.15000000000000002,224,0.9090909090909091,0.003787878787878788,0.044642857142857144,0.0
llama-3.1-8b-instruct,new_error,2b_baseline_plus_energy,0.9,0.09999999999999998,238,1.0,0.0,0.046218487394957986,0.0
llama-3.1-8b-instruct,new_error,2b_baseline_plus_energy,0.95,0.050000000000000044,251,1.0,0.0,0.043824701195219126,0.0
llama-3.1-8b-instruct,new_error,2b_baseline_plus_energy,1.0,0.0,264,1.0,0.0,0.041666666666666664,0.0
llama-3.1-8b-instruct,new_error,4b_baseline_audit_energy,0.0,1.0,0,0.0,0.041666666666666664,,1.0
llama-3.1-8b-instruct,new_error,4b_baseline_audit_energy,0.05,0.95,13,0.09090909090909091,0.03787878787878788,0.07692307692307693,1.0
llama-3.1-8b-instruct,new_error,4b_baseline_audit_energy,0.1,0.9,26,0.18181818181818182,0.03409090909090909,0.07692307692307693,1.0
llama-3.1-8b-instruct,new_error,4b_baseline_audit_energy,0.15,0.85,40,0.18181818181818182,0.03409090909090909,0.05,1.0
llama-3.1-8b-instruct,new_error,4b_baseline_audit_energy,0.2,0.8,53,0.18181818181818182,0.03409090909090909,0.03773584905660377,1.0
llama-3.1-8b-instruct,new_error,4b_baseline_audit_energy,0.25,0.75,66,0.36363636363636365,0.026515151515151516,0.06060606060606061,1.0
llama-3.1-8b-instruct,new_error,4b_baseline_audit_energy,0.3,0.7,79,0.36363636363636365,0.026515151515151516,0.05063291139240506,1.0
llama-3.1-8b-instruct,new_error,4b_baseline_audit_energy,0.35,0.65,92,0.5454545454545454,0.01893939393939394,0.06521739130434782,0.75
llama-3.1-8b-instruct,new_error,4b_baseline_audit_energy,0.4,0.6,106,0.5454545454545454,0.01893939393939394,0.05660377358490566,0.5
llama-3.1-8b-instruct,new_error,4b_baseline_audit_energy,0.45,0.55,119,0.8181818181818182,0.007575757575757576,0.07563025210084033,0.5
llama-3.1-8b-instruct,new_error,4b_baseline_audit_energy,0.5,0.5,132,0.8181818181818182,0.007575757575757576,0.06818181818181818,0.5
llama-3.1-8b-instruct,new_error,4b_baseline_audit_energy,0.55,0.44999999999999996,145,0.8181818181818182,0.007575757575757576,0.06206896551724138,0.5
llama-3.1-8b-instruct,new_error,4b_baseline_audit_energy,0.6,0.4,158,0.8181818181818182,0.007575757575757576,0.056962025316455694,0.25
llama-3.1-8b-instruct,new_error,4b_baseline_audit_energy,0.65,0.35,172,0.9090909090909091,0.003787878787878788,0.05813953488372093,0.25
llama-3.1-8b-instruct,new_error,4b_baseline_audit_energy,0.7,0.30000000000000004,185,0.9090909090909091,0.003787878787878788,0.05405405405405406,0.25
llama-3.1-8b-instruct,new_error,4b_baseline_audit_energy,0.75,0.25,198,0.9090909090909091,0.003787878787878788,0.050505050505050504,0.0
llama-3.1-8b-instruct,new_error,4b_baseline_audit_energy,0.8,0.19999999999999996,211,0.9090909090909091,0.003787878787878788,0.04739336492890995,0.0
llama-3.1-8b-instruct,new_error,4b_baseline_audit_energy,0.85,0.15000000000000002,224,0.9090909090909091,0.003787878787878788,0.044642857142857144,0.0
llama-3.1-8b-instruct,new_error,4b_baseline_audit_energy,0.9,0.09999999999999998,238,0.9090909090909091,0.003787878787878788,0.04201680672268908,0.0
llama-3.1-8b-instruct,new_error,4b_baseline_audit_energy,0.95,0.050000000000000044,251,1.0,0.0,0.043824701195219126,0.0
llama-3.1-8b-instruct,new_error,4b_baseline_audit_energy,1.0,0.0,264,1.0,0.0,0.041666666666666664,0.0
llama-3.1-8b-instruct,new_error,random_order_expected,0.0,1.0,0,0.0,0.041666666666666664,,1.0
llama-3.1-8b-instruct,new_error,random_order_expected,0.05,0.95,13,0.05,0.03958333333333333,0.041666666666666664,0.95
llama-3.1-8b-instruct,new_error,random_order_expected,0.1,0.9,26,0.1,0.0375,0.041666666666666664,0.9
llama-3.1-8b-instruct,new_error,random_order_expected,0.15,0.85,40,0.15,0.035416666666666666,0.041666666666666664,0.85
llama-3.1-8b-instruct,new_error,random_order_expected,0.2,0.8,53,0.2,0.03333333333333333,0.041666666666666664,0.8
llama-3.1-8b-instruct,new_error,random_order_expected,0.25,0.75,66,0.25,0.03125,0.041666666666666664,0.75
llama-3.1-8b-instruct,new_error,random_order_expected,0.3,0.7,79,0.3,0.029166666666666664,0.041666666666666664,0.7
llama-3.1-8b-instruct,new_error,random_order_expected,0.35,0.65,92,0.35,0.027083333333333334,0.041666666666666664,0.65
llama-3.1-8b-instruct,new_error,random_order_expected,0.4,0.6,106,0.4,0.024999999999999998,0.041666666666666664,0.6
llama-3.1-8b-instruct,new_error,random_order_expected,0.45,0.55,119,0.45,0.02291666666666667,0.041666666666666664,0.55
llama-3.1-8b-instruct,new_error,random_order_expected,0.5,0.5,132,0.5,0.020833333333333332,0.041666666666666664,0.5
llama-3.1-8b-instruct,new_error,random_order_expected,0.55,0.44999999999999996,145,0.55,0.018749999999999996,0.041666666666666664,0.44999999999999996
llama-3.1-8b-instruct,new_error,random_order_expected,0.6,0.4,158,0.6,0.016666666666666666,0.041666666666666664,0.4
llama-3.1-8b-instruct,new_error,random_order_expected,0.65,0.35,172,0.65,0.014583333333333332,0.041666666666666664,0.35
llama-3.1-8b-instruct,new_error,random_order_expected,0.7,0.30000000000000004,185,0.7,0.0125,0.041666666666666664,0.30000000000000004
llama-3.1-8b-instruct,new_error,random_order_expected,0.75,0.25,198,0.75,0.010416666666666666,0.041666666666666664,0.25
llama-3.1-8b-instruct,new_error,random_order_expected,0.8,0.19999999999999996,211,0.8,0.008333333333333331,0.041666666666666664,0.19999999999999996
llama-3.1-8b-instruct,new_error,random_order_expected,0.85,0.15000000000000002,224,0.85,0.00625,0.041666666666666664,0.15000000000000002
llama-3.1-8b-instruct,new_error,random_order_expected,0.9,0.09999999999999998,238,0.9,0.004166666666666666,0.041666666666666664,0.09999999999999998
llama-3.1-8b-instruct,new_error,random_order_expected,0.95,0.050000000000000044,251,0.95,0.002083333333333335,0.041666666666666664,0.050000000000000044
llama-3.1-8b-instruct,new_error,random_order_expected,1.0,0.0,264,1.0,0.0,0.041666666666666664,0.0
qwen2.5-7b-instruct,new_error,2_baseline,0.0,1.0,0,0.0,0.050724637681159424,,1.0
qwen2.5-7b-instruct,new_error,2_baseline,0.05,0.95,14,0.2857142857142857,0.036231884057971016,0.2857142857142857,0.8461538461538461
qwen2.5-7b-instruct,new_error,2_baseline,0.1,0.9,28,0.2857142857142857,0.036231884057971016,0.14285714285714285,0.8
qwen2.5-7b-instruct,new_error,2_baseline,0.15,0.85,41,0.35714285714285715,0.03260869565217391,0.12195121951219512,0.7230769230769231
qwen2.5-7b-instruct,new_error,2_baseline,0.2,0.8,55,0.5714285714285714,0.021739130434782608,0.14545454545454545,0.6307692307692307
qwen2.5-7b-instruct,new_error,2_baseline,0.25,0.75,69,0.6428571428571429,0.018115942028985508,0.13043478260869565,0.5076923076923077
qwen2.5-7b-instruct,new_error,2_baseline,0.3,0.7,83,0.7857142857142857,0.010869565217391304,0.13253012048192772,0.4461538461538462
qwen2.5-7b-instruct,new_error,2_baseline,0.35,0.65,97,0.7857142857142857,0.010869565217391304,0.1134020618556701,0.4
qwen2.5-7b-instruct,new_error,2_baseline,0.4,0.6,110,0.7857142857142857,0.010869565217391304,0.1,0.3384615384615385
qwen2.5-7b-instruct,new_error,2_baseline,0.45,0.55,124,0.7857142857142857,0.010869565217391304,0.08870967741935484,0.3384615384615385
qwen2.5-7b-instruct,new_error,2_baseline,0.5,0.5,138,0.7857142857142857,0.010869565217391304,0.07971014492753623,0.3230769230769231
qwen2.5-7b-instruct,new_error,2_baseline,0.55,0.44999999999999996,152,0.7857142857142857,0.010869565217391304,0.07236842105263158,0.27692307692307694
qwen2.5-7b-instruct,new_error,2_baseline,0.6,0.4,166,0.7857142857142857,0.010869565217391304,0.06626506024096386,0.23076923076923078
qwen2.5-7b-instruct,new_error,2_baseline,0.65,0.35,179,0.7857142857142857,0.010869565217391304,0.061452513966480445,0.18461538461538463
qwen2.5-7b-instruct,new_error,2_baseline,0.7,0.30000000000000004,193,0.8571428571428571,0.007246376811594203,0.06217616580310881,0.12307692307692308
qwen2.5-7b-instruct,new_error,2_baseline,0.75,0.25,207,0.8571428571428571,0.007246376811594203,0.057971014492753624,0.09230769230769231
qwen2.5-7b-instruct,new_error,2_baseline,0.8,0.19999999999999996,221,0.8571428571428571,0.007246376811594203,0.05429864253393665,0.07692307692307693
qwen2.5-7b-instruct,new_error,2_baseline,0.85,0.15000000000000002,235,0.8571428571428571,0.007246376811594203,0.05106382978723404,0.07692307692307693
qwen2.5-7b-instruct,new_error,2_baseline,0.9,0.09999999999999998,248,1.0,0.0,0.056451612903225805,0.06153846153846154
qwen2.5-7b-instruct,new_error,2_baseline,0.95,0.050000000000000044,262,1.0,0.0,0.05343511450381679,0.046153846153846156
qwen2.5-7b-instruct,new_error,2_baseline,1.0,0.0,276,1.0,0.0,0.050724637681159424,0.0
qwen2.5-7b-instruct,new_error,3_audit_only,0.0,1.0,0,0.0,0.050724637681159424,,1.0
qwen2.5-7b-instruct,new_error,3_audit_only,0.05,0.95,14,0.0,0.050724637681159424,0.0,0.7846153846153846
qwen2.5-7b-instruct,new_error,3_audit_only,0.1,0.9,28,0.07142857142857142,0.04710144927536232,0.03571428571428571,0.5692307692307692
qwen2.5-7b-instruct,new_error,3_audit_only,0.15,0.85,41,0.07142857142857142,0.04710144927536232,0.024390243902439025,0.36923076923076925
qwen2.5-7b-instruct,new_error,3_audit_only,0.2,0.8,55,0.21428571428571427,0.03985507246376811,0.05454545454545454,0.15384615384615385
qwen2.5-7b-instruct,new_error,3_audit_only,0.25,0.75,69,0.2857142857142857,0.036231884057971016,0.057971014492753624,0.0
qwen2.5-7b-instruct,new_error,3_audit_only,0.3,0.7,83,0.35714285714285715,0.03260869565217391,0.060240963855421686,0.0
qwen2.5-7b-instruct,new_error,3_audit_only,0.35,0.65,97,0.5,0.025362318840579712,0.07216494845360824,0.0
qwen2.5-7b-instruct,new_error,3_audit_only,0.4,0.6,110,0.5,0.025362318840579712,0.06363636363636363,0.0
qwen2.5-7b-instruct,new_error,3_audit_only,0.45,0.55,124,0.6428571428571429,0.018115942028985508,0.07258064516129033,0.0
qwen2.5-7b-instruct,new_error,3_audit_only,0.5,0.5,138,0.7142857142857143,0.014492753623188406,0.07246376811594203,0.0
qwen2.5-7b-instruct,new_error,3_audit_only,0.55,0.44999999999999996,152,0.8571428571428571,0.007246376811594203,0.07894736842105263,0.0
qwen2.5-7b-instruct,new_error,3_audit_only,0.6,0.4,166,0.8571428571428571,0.007246376811594203,0.07228915662650602,0.0
qwen2.5-7b-instruct,new_error,3_audit_only,0.65,0.35,179,0.8571428571428571,0.007246376811594203,0.0670391061452514,0.0
qwen2.5-7b-instruct,new_error,3_audit_only,0.7,0.30000000000000004,193,0.8571428571428571,0.007246376811594203,0.06217616580310881,0.0
qwen2.5-7b-instruct,new_error,3_audit_only,0.75,0.25,207,0.8571428571428571,0.007246376811594203,0.057971014492753624,0.0
qwen2.5-7b-instruct,new_error,3_audit_only,0.8,0.19999999999999996,221,0.9285714285714286,0.0036231884057971015,0.058823529411764705,0.0
qwen2.5-7b-instruct,new_error,3_audit_only,0.85,0.15000000000000002,235,1.0,0.0,0.059574468085106386,0.0
qwen2.5-7b-instruct,new_error,3_audit_only,0.9,0.09999999999999998,248,1.0,0.0,0.056451612903225805,0.0
qwen2.5-7b-instruct,new_error,3_audit_only,0.95,0.050000000000000044,262,1.0,0.0,0.05343511450381679,0.0
qwen2.5-7b-instruct,new_error,3_audit_only,1.0,0.0,276,1.0,0.0,0.050724637681159424,0.0
qwen2.5-7b-instruct,new_error,4_baseline_plus_audit,0.0,1.0,0,0.0,0.050724637681159424,,1.0
qwen2.5-7b-instruct,new_error,4_baseline_plus_audit,0.05,0.95,14,0.2857142857142857,0.036231884057971016,0.2857142857142857,0.8769230769230769
qwen2.5-7b-instruct,new_error,4_baseline_plus_audit,0.1,0.9,28,0.2857142857142857,0.036231884057971016,0.14285714285714285,0.8461538461538461
qwen2.5-7b-instruct,new_error,4_baseline_plus_audit,0.15,0.85,41,0.42857142857142855,0.028985507246376812,0.14634146341463414,0.7692307692307693
qwen2.5-7b-instruct,new_error,4_baseline_plus_audit,0.2,0.8,55,0.6428571428571429,0.018115942028985508,0.16363636363636364,0.6615384615384615
qwen2.5-7b-instruct,new_error,4_baseline_plus_audit,0.25,0.75,69,0.6428571428571429,0.018115942028985508,0.13043478260869565,0.5230769230769231
qwen2.5-7b-instruct,new_error,4_baseline_plus_audit,0.3,0.7,83,0.7857142857142857,0.010869565217391304,0.13253012048192772,0.46153846153846156
qwen2.5-7b-instruct,new_error,4_baseline_plus_audit,0.35,0.65,97,0.7857142857142857,0.010869565217391304,0.1134020618556701,0.4153846153846154
qwen2.5-7b-instruct,new_error,4_baseline_plus_audit,0.4,0.6,110,0.7857142857142857,0.010869565217391304,0.1,0.35384615384615387
qwen2.5-7b-instruct,new_error,4_baseline_plus_audit,0.45,0.55,124,0.7857142857142857,0.010869565217391304,0.08870967741935484,0.3384615384615385
qwen2.5-7b-instruct,new_error,4_baseline_plus_audit,0.5,0.5,138,0.7857142857142857,0.010869565217391304,0.07971014492753623,0.3384615384615385
qwen2.5-7b-instruct,new_error,4_baseline_plus_audit,0.55,0.44999999999999996,152,0.7857142857142857,0.010869565217391304,0.07236842105263158,0.3076923076923077
qwen2.5-7b-instruct,new_error,4_baseline_plus_audit,0.6,0.4,166,0.7857142857142857,0.010869565217391304,0.06626506024096386,0.26153846153846155
qwen2.5-7b-instruct,new_error,4_baseline_plus_audit,0.65,0.35,179,0.7857142857142857,0.010869565217391304,0.061452513966480445,0.24615384615384617
qwen2.5-7b-instruct,new_error,4_baseline_plus_audit,0.7,0.30000000000000004,193,0.7857142857142857,0.010869565217391304,0.05699481865284974,0.2
qwen2.5-7b-instruct,new_error,4_baseline_plus_audit,0.75,0.25,207,0.8571428571428571,0.007246376811594203,0.057971014492753624,0.12307692307692308
qwen2.5-7b-instruct,new_error,4_baseline_plus_audit,0.8,0.19999999999999996,221,0.8571428571428571,0.007246376811594203,0.05429864253393665,0.12307692307692308
qwen2.5-7b-instruct,new_error,4_baseline_plus_audit,0.85,0.15000000000000002,235,0.8571428571428571,0.007246376811594203,0.05106382978723404,0.07692307692307693
qwen2.5-7b-instruct,new_error,4_baseline_plus_audit,0.9,0.09999999999999998,248,1.0,0.0,0.056451612903225805,0.07692307692307693
qwen2.5-7b-instruct,new_error,4_baseline_plus_audit,0.95,0.050000000000000044,262,1.0,0.0,0.05343511450381679,0.06153846153846154
qwen2.5-7b-instruct,new_error,4_baseline_plus_audit,1.0,0.0,276,1.0,0.0,0.050724637681159424,0.0
qwen2.5-7b-instruct,new_error,2b_baseline_plus_energy,0.0,1.0,0,0.0,0.050724637681159424,,1.0
qwen2.5-7b-instruct,new_error,2b_baseline_plus_energy,0.05,0.95,14,0.2857142857142857,0.036231884057971016,0.2857142857142857,0.8923076923076924
qwen2.5-7b-instruct,new_error,2b_baseline_plus_energy,0.1,0.9,28,0.35714285714285715,0.03260869565217391,0.17857142857142858,0.7846153846153846
qwen2.5-7b-instruct,new_error,2b_baseline_plus_energy,0.15,0.85,41,0.42857142857142855,0.028985507246376812,0.14634146341463414,0.7076923076923077
qwen2.5-7b-instruct,new_error,2b_baseline_plus_energy,0.2,0.8,55,0.6428571428571429,0.018115942028985508,0.16363636363636364,0.6
qwen2.5-7b-instruct,new_error,2b_baseline_plus_energy,0.25,0.75,69,0.6428571428571429,0.018115942028985508,0.13043478260869565,0.5384615384615384
qwen2.5-7b-instruct,new_error,2b_baseline_plus_energy,0.3,0.7,83,0.7142857142857143,0.014492753623188406,0.12048192771084337,0.47692307692307695
qwen2.5-7b-instruct,new_error,2b_baseline_plus_energy,0.35,0.65,97,0.7857142857142857,0.010869565217391304,0.1134020618556701,0.4307692307692308
qwen2.5-7b-instruct,new_error,2b_baseline_plus_energy,0.4,0.6,110,0.7857142857142857,0.010869565217391304,0.1,0.36923076923076925
qwen2.5-7b-instruct,new_error,2b_baseline_plus_energy,0.45,0.55,124,0.7857142857142857,0.010869565217391304,0.08870967741935484,0.35384615384615387
qwen2.5-7b-instruct,new_error,2b_baseline_plus_energy,0.5,0.5,138,0.7857142857142857,0.010869565217391304,0.07971014492753623,0.3230769230769231
qwen2.5-7b-instruct,new_error,2b_baseline_plus_energy,0.55,0.44999999999999996,152,0.7857142857142857,0.010869565217391304,0.07236842105263158,0.26153846153846155
qwen2.5-7b-instruct,new_error,2b_baseline_plus_energy,0.6,0.4,166,0.7857142857142857,0.010869565217391304,0.06626506024096386,0.23076923076923078
qwen2.5-7b-instruct,new_error,2b_baseline_plus_energy,0.65,0.35,179,0.7857142857142857,0.010869565217391304,0.061452513966480445,0.23076923076923078
qwen2.5-7b-instruct,new_error,2b_baseline_plus_energy,0.7,0.30000000000000004,193,0.8571428571428571,0.007246376811594203,0.06217616580310881,0.18461538461538463
qwen2.5-7b-instruct,new_error,2b_baseline_plus_energy,0.75,0.25,207,0.8571428571428571,0.007246376811594203,0.057971014492753624,0.15384615384615385
qwen2.5-7b-instruct,new_error,2b_baseline_plus_energy,0.8,0.19999999999999996,221,0.8571428571428571,0.007246376811594203,0.05429864253393665,0.12307692307692308
qwen2.5-7b-instruct,new_error,2b_baseline_plus_energy,0.85,0.15000000000000002,235,0.9285714285714286,0.0036231884057971015,0.05531914893617021,0.06153846153846154
qwen2.5-7b-instruct,new_error,2b_baseline_plus_energy,0.9,0.09999999999999998,248,0.9285714285714286,0.0036231884057971015,0.05241935483870968,0.06153846153846154
qwen2.5-7b-instruct,new_error,2b_baseline_plus_energy,0.95,0.050000000000000044,262,1.0,0.0,0.05343511450381679,0.06153846153846154
qwen2.5-7b-instruct,new_error,2b_baseline_plus_energy,1.0,0.0,276,1.0,0.0,0.050724637681159424,0.0
qwen2.5-7b-instruct,new_error,4b_baseline_audit_energy,0.0,1.0,0,0.0,0.050724637681159424,,1.0
qwen2.5-7b-instruct,new_error,4b_baseline_audit_energy,0.05,0.95,14,0.2857142857142857,0.036231884057971016,0.2857142857142857,0.8923076923076924
qwen2.5-7b-instruct,new_error,4b_baseline_audit_energy,0.1,0.9,28,0.35714285714285715,0.03260869565217391,0.17857142857142858,0.8
qwen2.5-7b-instruct,new_error,4b_baseline_audit_energy,0.15,0.85,41,0.42857142857142855,0.028985507246376812,0.14634146341463414,0.7230769230769231
qwen2.5-7b-instruct,new_error,4b_baseline_audit_energy,0.2,0.8,55,0.5714285714285714,0.021739130434782608,0.14545454545454545,0.6
qwen2.5-7b-instruct,new_error,4b_baseline_audit_energy,0.25,0.75,69,0.6428571428571429,0.018115942028985508,0.13043478260869565,0.5384615384615384
qwen2.5-7b-instruct,new_error,4b_baseline_audit_energy,0.3,0.7,83,0.7142857142857143,0.014492753623188406,0.12048192771084337,0.47692307692307695
qwen2.5-7b-instruct,new_error,4b_baseline_audit_energy,0.35,0.65,97,0.7857142857142857,0.010869565217391304,0.1134020618556701,0.4307692307692308
qwen2.5-7b-instruct,new_error,4b_baseline_audit_energy,0.4,0.6,110,0.7857142857142857,0.010869565217391304,0.1,0.38461538461538464
qwen2.5-7b-instruct,new_error,4b_baseline_audit_energy,0.45,0.55,124,0.7857142857142857,0.010869565217391304,0.08870967741935484,0.35384615384615387
qwen2.5-7b-instruct,new_error,4b_baseline_audit_energy,0.5,0.5,138,0.7857142857142857,0.010869565217391304,0.07971014492753623,0.3230769230769231
qwen2.5-7b-instruct,new_error,4b_baseline_audit_energy,0.55,0.44999999999999996,152,0.7857142857142857,0.010869565217391304,0.07236842105263158,0.26153846153846155
qwen2.5-7b-instruct,new_error,4b_baseline_audit_energy,0.6,0.4,166,0.7857142857142857,0.010869565217391304,0.06626506024096386,0.24615384615384617
qwen2.5-7b-instruct,new_error,4b_baseline_audit_energy,0.65,0.35,179,0.7857142857142857,0.010869565217391304,0.061452513966480445,0.23076923076923078
qwen2.5-7b-instruct,new_error,4b_baseline_audit_energy,0.7,0.30000000000000004,193,0.8571428571428571,0.007246376811594203,0.06217616580310881,0.2
qwen2.5-7b-instruct,new_error,4b_baseline_audit_energy,0.75,0.25,207,0.8571428571428571,0.007246376811594203,0.057971014492753624,0.15384615384615385
qwen2.5-7b-instruct,new_error,4b_baseline_audit_energy,0.8,0.19999999999999996,221,0.8571428571428571,0.007246376811594203,0.05429864253393665,0.12307692307692308
qwen2.5-7b-instruct,new_error,4b_baseline_audit_energy,0.85,0.15000000000000002,235,0.9285714285714286,0.0036231884057971015,0.05531914893617021,0.07692307692307693
qwen2.5-7b-instruct,new_error,4b_baseline_audit_energy,0.9,0.09999999999999998,248,0.9285714285714286,0.0036231884057971015,0.05241935483870968,0.06153846153846154
qwen2.5-7b-instruct,new_error,4b_baseline_audit_energy,0.95,0.050000000000000044,262,1.0,0.0,0.05343511450381679,0.06153846153846154
qwen2.5-7b-instruct,new_error,4b_baseline_audit_energy,1.0,0.0,276,1.0,0.0,0.050724637681159424,0.0
qwen2.5-7b-instruct,new_error,random_order_expected,0.0,1.0,0,0.0,0.050724637681159424,,1.0
qwen2.5-7b-instruct,new_error,random_order_expected,0.05,0.95,14,0.05,0.04818840579710145,0.050724637681159424,0.95
qwen2.5-7b-instruct,new_error,random_order_expected,0.1,0.9,28,0.1,0.045652173913043485,0.050724637681159424,0.9
qwen2.5-7b-instruct,new_error,random_order_expected,0.15,0.85,41,0.15,0.043115942028985506,0.050724637681159424,0.85
qwen2.5-7b-instruct,new_error,random_order_expected,0.2,0.8,55,0.2,0.04057971014492754,0.050724637681159424,0.8
qwen2.5-7b-instruct,new_error,random_order_expected,0.25,0.75,69,0.25,0.03804347826086957,0.050724637681159424,0.75
qwen2.5-7b-instruct,new_error,random_order_expected,0.3,0.7,83,0.3,0.035507246376811595,0.050724637681159424,0.7
qwen2.5-7b-instruct,new_error,random_order_expected,0.35,0.65,97,0.35,0.03297101449275363,0.050724637681159424,0.65
qwen2.5-7b-instruct,new_error,random_order_expected,0.4,0.6,110,0.4,0.030434782608695653,0.050724637681159424,0.6
qwen2.5-7b-instruct,new_error,random_order_expected,0.45,0.55,124,0.45,0.027898550724637684,0.050724637681159424,0.55
qwen2.5-7b-instruct,new_error,random_order_expected,0.5,0.5,138,0.5,0.025362318840579712,0.050724637681159424,0.5
qwen2.5-7b-instruct,new_error,random_order_expected,0.55,0.44999999999999996,152,0.55,0.02282608695652174,0.050724637681159424,0.44999999999999996
qwen2.5-7b-instruct,new_error,random_order_expected,0.6,0.4,166,0.6,0.02028985507246377,0.050724637681159424,0.4
qwen2.5-7b-instruct,new_error,random_order_expected,0.65,0.35,179,0.65,0.017753623188405798,0.050724637681159424,0.35
qwen2.5-7b-instruct,new_error,random_order_expected,0.7,0.30000000000000004,193,0.7,0.015217391304347828,0.050724637681159424,0.30000000000000004
qwen2.5-7b-instruct,new_error,random_order_expected,0.75,0.25,207,0.75,0.012681159420289856,0.050724637681159424,0.25
qwen2.5-7b-instruct,new_error,random_order_expected,0.8,0.19999999999999996,221,0.8,0.010144927536231883,0.050724637681159424,0.19999999999999996
qwen2.5-7b-instruct,new_error,random_order_expected,0.85,0.15000000000000002,235,0.85,0.007608695652173914,0.050724637681159424,0.15000000000000002
qwen2.5-7b-instruct,new_error,random_order_expected,0.9,0.09999999999999998,248,0.9,0.005072463768115942,0.050724637681159424,0.09999999999999998
qwen2.5-7b-instruct,new_error,random_order_expected,0.95,0.050000000000000044,262,0.95,0.0025362318840579734,0.050724637681159424,0.050000000000000044
qwen2.5-7b-instruct,new_error,random_order_expected,1.0,0.0,276,1.0,0.0,0.050724637681159424,0.0
qwen2.5-7b-instruct,audit_cross,2_baseline,0.0,1.0,0,0.0,0.6296296296296297,,1.0
qwen2.5-7b-instruct,audit_cross,2_baseline,0.05,0.95,5,0.04411764705882353,0.6018518518518519,0.6,0.9537037037037037
qwen2.5-7b-instruct,audit_cross,2_baseline,0.1,0.9,11,0.1323529411764706,0.5462962962962963,0.8181818181818182,0.8981481481481481
qwen2.5-7b-instruct,audit_cross,2_baseline,0.15,0.85,16,0.19117647058823528,0.5092592592592593,0.8125,0.8518518518518519
qwen2.5-7b-instruct,audit_cross,2_baseline,0.2,0.8,22,0.25,0.4722222222222222,0.7727272727272727,0.7962962962962963
qwen2.5-7b-instruct,audit_cross,2_baseline,0.25,0.75,27,0.3235294117647059,0.42592592592592593,0.8148148148148148,0.75
qwen2.5-7b-instruct,audit_cross,2_baseline,0.3,0.7,32,0.38235294117647056,0.3888888888888889,0.8125,0.7037037037037037
qwen2.5-7b-instruct,audit_cross,2_baseline,0.35,0.65,38,0.4264705882352941,0.3611111111111111,0.7631578947368421,0.6481481481481481
qwen2.5-7b-instruct,audit_cross,2_baseline,0.4,0.6,43,0.47058823529411764,0.3333333333333333,0.7441860465116279,0.6018518518518519
qwen2.5-7b-instruct,audit_cross,2_baseline,0.45,0.55,49,0.5588235294117647,0.2777777777777778,0.7755102040816326,0.5462962962962963
qwen2.5-7b-instruct,audit_cross,2_baseline,0.5,0.5,54,0.6176470588235294,0.24074074074074073,0.7777777777777778,0.5
qwen2.5-7b-instruct,audit_cross,2_baseline,0.55,0.44999999999999996,59,0.6617647058823529,0.21296296296296297,0.7627118644067796,0.4537037037037037
qwen2.5-7b-instruct,audit_cross,2_baseline,0.6,0.4,65,0.6911764705882353,0.19444444444444445,0.7230769230769231,0.39814814814814814
qwen2.5-7b-instruct,audit_cross,2_baseline,0.65,0.35,70,0.7205882352941176,0.17592592592592593,0.7,0.35185185185185186
qwen2.5-7b-instruct,audit_cross,2_baseline,0.7,0.30000000000000004,76,0.7647058823529411,0.14814814814814814,0.6842105263157895,0.2962962962962963
qwen2.5-7b-instruct,audit_cross,2_baseline,0.75,0.25,81,0.7941176470588235,0.12962962962962962,0.6666666666666666,0.25
qwen2.5-7b-instruct,audit_cross,2_baseline,0.8,0.19999999999999996,86,0.7941176470588235,0.12962962962962962,0.627906976744186,0.2037037037037037
qwen2.5-7b-instruct,audit_cross,2_baseline,0.85,0.15000000000000002,92,0.8382352941176471,0.10185185185185185,0.6195652173913043,0.14814814814814814
qwen2.5-7b-instruct,audit_cross,2_baseline,0.9,0.09999999999999998,97,0.8823529411764706,0.07407407407407407,0.6185567010309279,0.10185185185185185
qwen2.5-7b-instruct,audit_cross,2_baseline,0.95,0.050000000000000044,103,0.9411764705882353,0.037037037037037035,0.6213592233009708,0.046296296296296294
qwen2.5-7b-instruct,audit_cross,2_baseline,1.0,0.0,108,1.0,0.0,0.6296296296296297,0.0
qwen2.5-7b-instruct,audit_cross,3_audit_only,0.0,1.0,0,0.0,0.6296296296296297,,1.0
qwen2.5-7b-instruct,audit_cross,3_audit_only,0.05,0.95,5,0.07352941176470588,0.5833333333333334,1.0,0.9537037037037037
qwen2.5-7b-instruct,audit_cross,3_audit_only,0.1,0.9,11,0.16176470588235295,0.5277777777777778,1.0,0.8981481481481481
qwen2.5-7b-instruct,audit_cross,3_audit_only,0.15,0.85,16,0.23529411764705882,0.48148148148148145,1.0,0.8518518518518519
qwen2.5-7b-instruct,audit_cross,3_audit_only,0.2,0.8,22,0.3235294117647059,0.42592592592592593,1.0,0.7962962962962963
qwen2.5-7b-instruct,audit_cross,3_audit_only,0.25,0.75,27,0.39705882352941174,0.37962962962962965,1.0,0.75
qwen2.5-7b-instruct,audit_cross,3_audit_only,0.3,0.7,32,0.47058823529411764,0.3333333333333333,1.0,0.7037037037037037
qwen2.5-7b-instruct,audit_cross,3_audit_only,0.35,0.65,38,0.5294117647058824,0.2962962962962963,0.9473684210526315,0.6481481481481481
qwen2.5-7b-instruct,audit_cross,3_audit_only,0.4,0.6,43,0.5735294117647058,0.26851851851851855,0.9069767441860465,0.6018518518518519
qwen2.5-7b-instruct,audit_cross,3_audit_only,0.45,0.55,49,0.6176470588235294,0.24074074074074073,0.8571428571428571,0.5462962962962963
qwen2.5-7b-instruct,audit_cross,3_audit_only,0.5,0.5,54,0.6470588235294118,0.2222222222222222,0.8148148148148148,0.5
qwen2.5-7b-instruct,audit_cross,3_audit_only,0.55,0.44999999999999996,59,0.6764705882352942,0.2037037037037037,0.7796610169491526,0.4537037037037037
qwen2.5-7b-instruct,audit_cross,3_audit_only,0.6,0.4,65,0.7058823529411765,0.18518518518518517,0.7384615384615385,0.39814814814814814
qwen2.5-7b-instruct,audit_cross,3_audit_only,0.65,0.35,70,0.7058823529411765,0.18518518518518517,0.6857142857142857,0.35185185185185186
qwen2.5-7b-instruct,audit_cross,3_audit_only,0.7,0.30000000000000004,76,0.7647058823529411,0.14814814814814814,0.6842105263157895,0.2962962962962963
qwen2.5-7b-instruct,audit_cross,3_audit_only,0.75,0.25,81,0.8382352941176471,0.10185185185185185,0.7037037037037037,0.25
qwen2.5-7b-instruct,audit_cross,3_audit_only,0.8,0.19999999999999996,86,0.8823529411764706,0.07407407407407407,0.6976744186046512,0.2037037037037037
qwen2.5-7b-instruct,audit_cross,3_audit_only,0.85,0.15000000000000002,92,0.9117647058823529,0.05555555555555555,0.6739130434782609,0.14814814814814814
qwen2.5-7b-instruct,audit_cross,3_audit_only,0.9,0.09999999999999998,97,0.9558823529411765,0.027777777777777776,0.6701030927835051,0.10185185185185185
qwen2.5-7b-instruct,audit_cross,3_audit_only,0.95,0.050000000000000044,103,1.0,0.0,0.6601941747572816,0.046296296296296294
qwen2.5-7b-instruct,audit_cross,3_audit_only,1.0,0.0,108,1.0,0.0,0.6296296296296297,0.0
qwen2.5-7b-instruct,audit_cross,4_baseline_plus_audit,0.0,1.0,0,0.0,0.6296296296296297,,1.0
qwen2.5-7b-instruct,audit_cross,4_baseline_plus_audit,0.05,0.95,5,0.07352941176470588,0.5833333333333334,1.0,0.9537037037037037
qwen2.5-7b-instruct,audit_cross,4_baseline_plus_audit,0.1,0.9,11,0.16176470588235295,0.5277777777777778,1.0,0.8981481481481481
qwen2.5-7b-instruct,audit_cross,4_baseline_plus_audit,0.15,0.85,16,0.23529411764705882,0.48148148148148145,1.0,0.8518518518518519
qwen2.5-7b-instruct,audit_cross,4_baseline_plus_audit,0.2,0.8,22,0.3235294117647059,0.42592592592592593,1.0,0.7962962962962963
qwen2.5-7b-instruct,audit_cross,4_baseline_plus_audit,0.25,0.75,27,0.36764705882352944,0.39814814814814814,0.9259259259259259,0.75
qwen2.5-7b-instruct,audit_cross,4_baseline_plus_audit,0.3,0.7,32,0.4117647058823529,0.37037037037037035,0.875,0.7037037037037037
qwen2.5-7b-instruct,audit_cross,4_baseline_plus_audit,0.35,0.65,38,0.47058823529411764,0.3333333333333333,0.8421052631578947,0.6481481481481481
qwen2.5-7b-instruct,audit_cross,4_baseline_plus_audit,0.4,0.6,43,0.5294117647058824,0.2962962962962963,0.8372093023255814,0.6018518518518519
qwen2.5-7b-instruct,audit_cross,4_baseline_plus_audit,0.45,0.55,49,0.5882352941176471,0.25925925925925924,0.8163265306122449,0.5462962962962963
qwen2.5-7b-instruct,audit_cross,4_baseline_plus_audit,0.5,0.5,54,0.6029411764705882,0.25,0.7592592592592593,0.5
qwen2.5-7b-instruct,audit_cross,4_baseline_plus_audit,0.55,0.44999999999999996,59,0.6764705882352942,0.2037037037037037,0.7796610169491526,0.4537037037037037
qwen2.5-7b-instruct,audit_cross,4_baseline_plus_audit,0.6,0.4,65,0.7647058823529411,0.14814814814814814,0.8,0.39814814814814814
qwen2.5-7b-instruct,audit_cross,4_baseline_plus_audit,0.65,0.35,70,0.8382352941176471,0.10185185185185185,0.8142857142857143,0.35185185185185186
qwen2.5-7b-instruct,audit_cross,4_baseline_plus_audit,0.7,0.30000000000000004,76,0.8529411764705882,0.09259259259259259,0.7631578947368421,0.2962962962962963
qwen2.5-7b-instruct,audit_cross,4_baseline_plus_audit,0.75,0.25,81,0.8676470588235294,0.08333333333333333,0.7283950617283951,0.25
qwen2.5-7b-instruct,audit_cross,4_baseline_plus_audit,0.8,0.19999999999999996,86,0.8823529411764706,0.07407407407407407,0.6976744186046512,0.2037037037037037
qwen2.5-7b-instruct,audit_cross,4_baseline_plus_audit,0.85,0.15000000000000002,92,0.8823529411764706,0.07407407407407407,0.6521739130434783,0.14814814814814814
qwen2.5-7b-instruct,audit_cross,4_baseline_plus_audit,0.9,0.09999999999999998,97,0.9117647058823529,0.05555555555555555,0.6391752577319587,0.10185185185185185
qwen2.5-7b-instruct,audit_cross,4_baseline_plus_audit,0.95,0.050000000000000044,103,0.9705882352941176,0.018518518518518517,0.6407766990291263,0.046296296296296294
qwen2.5-7b-instruct,audit_cross,4_baseline_plus_audit,1.0,0.0,108,1.0,0.0,0.6296296296296297,0.0
qwen2.5-7b-instruct,audit_cross,2b_baseline_plus_energy,0.0,1.0,0,0.0,0.6296296296296297,,1.0
qwen2.5-7b-instruct,audit_cross,2b_baseline_plus_energy,0.05,0.95,5,0.07352941176470588,0.5833333333333334,1.0,0.9537037037037037
qwen2.5-7b-instruct,audit_cross,2b_baseline_plus_energy,0.1,0.9,11,0.14705882352941177,0.5370370370370371,0.9090909090909091,0.8981481481481481
qwen2.5-7b-instruct,audit_cross,2b_baseline_plus_energy,0.15,0.85,16,0.20588235294117646,0.5,0.875,0.8518518518518519
qwen2.5-7b-instruct,audit_cross,2b_baseline_plus_energy,0.2,0.8,22,0.25,0.4722222222222222,0.7727272727272727,0.7962962962962963
qwen2.5-7b-instruct,audit_cross,2b_baseline_plus_energy,0.25,0.75,27,0.3088235294117647,0.4351851851851852,0.7777777777777778,0.75
qwen2.5-7b-instruct,audit_cross,2b_baseline_plus_energy,0.3,0.7,32,0.36764705882352944,0.39814814814814814,0.78125,0.7037037037037037
qwen2.5-7b-instruct,audit_cross,2b_baseline_plus_energy,0.35,0.65,38,0.4117647058823529,0.37037037037037035,0.7368421052631579,0.6481481481481481
qwen2.5-7b-instruct,audit_cross,2b_baseline_plus_energy,0.4,0.6,43,0.47058823529411764,0.3333333333333333,0.7441860465116279,0.6018518518518519
qwen2.5-7b-instruct,audit_cross,2b_baseline_plus_energy,0.45,0.55,49,0.5294117647058824,0.2962962962962963,0.7346938775510204,0.5462962962962963
qwen2.5-7b-instruct,audit_cross,2b_baseline_plus_energy,0.5,0.5,54,0.5882352941176471,0.25925925925925924,0.7407407407407407,0.5
qwen2.5-7b-instruct,audit_cross,2b_baseline_plus_energy,0.55,0.44999999999999996,59,0.6323529411764706,0.23148148148148148,0.7288135593220338,0.4537037037037037
qwen2.5-7b-instruct,audit_cross,2b_baseline_plus_energy,0.6,0.4,65,0.7058823529411765,0.18518518518518517,0.7384615384615385,0.39814814814814814
qwen2.5-7b-instruct,audit_cross,2b_baseline_plus_energy,0.65,0.35,70,0.7794117647058824,0.1388888888888889,0.7571428571428571,0.35185185185185186
qwen2.5-7b-instruct,audit_cross,2b_baseline_plus_energy,0.7,0.30000000000000004,76,0.8382352941176471,0.10185185185185185,0.75,0.2962962962962963
qwen2.5-7b-instruct,audit_cross,2b_baseline_plus_energy,0.75,0.25,81,0.8823529411764706,0.07407407407407407,0.7407407407407407,0.25
qwen2.5-7b-instruct,audit_cross,2b_baseline_plus_energy,0.8,0.19999999999999996,86,0.9117647058823529,0.05555555555555555,0.7209302325581395,0.2037037037037037
qwen2.5-7b-instruct,audit_cross,2b_baseline_plus_energy,0.85,0.15000000000000002,92,0.9411764705882353,0.037037037037037035,0.6956521739130435,0.14814814814814814
qwen2.5-7b-instruct,audit_cross,2b_baseline_plus_energy,0.9,0.09999999999999998,97,0.9705882352941176,0.018518518518518517,0.6804123711340206,0.10185185185185185
qwen2.5-7b-instruct,audit_cross,2b_baseline_plus_energy,0.95,0.050000000000000044,103,0.9852941176470589,0.009259259259259259,0.6504854368932039,0.046296296296296294
qwen2.5-7b-instruct,audit_cross,2b_baseline_plus_energy,1.0,0.0,108,1.0,0.0,0.6296296296296297,0.0
qwen2.5-7b-instruct,audit_cross,4b_baseline_audit_energy,0.0,1.0,0,0.0,0.6296296296296297,,1.0
qwen2.5-7b-instruct,audit_cross,4b_baseline_audit_energy,0.05,0.95,5,0.07352941176470588,0.5833333333333334,1.0,0.9537037037037037
qwen2.5-7b-instruct,audit_cross,4b_baseline_audit_energy,0.1,0.9,11,0.16176470588235295,0.5277777777777778,1.0,0.8981481481481481
qwen2.5-7b-instruct,audit_cross,4b_baseline_audit_energy,0.15,0.85,16,0.23529411764705882,0.48148148148148145,1.0,0.8518518518518519
qwen2.5-7b-instruct,audit_cross,4b_baseline_audit_energy,0.2,0.8,22,0.3088235294117647,0.4351851851851852,0.9545454545454546,0.7962962962962963
qwen2.5-7b-instruct,audit_cross,4b_baseline_audit_energy,0.25,0.75,27,0.38235294117647056,0.3888888888888889,0.9629629629629629,0.75
qwen2.5-7b-instruct,audit_cross,4b_baseline_audit_energy,0.3,0.7,32,0.4411764705882353,0.35185185185185186,0.9375,0.7037037037037037
qwen2.5-7b-instruct,audit_cross,4b_baseline_audit_energy,0.35,0.65,38,0.5,0.3148148148148148,0.8947368421052632,0.6481481481481481
qwen2.5-7b-instruct,audit_cross,4b_baseline_audit_energy,0.4,0.6,43,0.5294117647058824,0.2962962962962963,0.8372093023255814,0.6018518518518519
qwen2.5-7b-instruct,audit_cross,4b_baseline_audit_energy,0.45,0.55,49,0.5735294117647058,0.26851851851851855,0.7959183673469388,0.5462962962962963
qwen2.5-7b-instruct,audit_cross,4b_baseline_audit_energy,0.5,0.5,54,0.6323529411764706,0.23148148148148148,0.7962962962962963,0.5
qwen2.5-7b-instruct,audit_cross,4b_baseline_audit_energy,0.55,0.44999999999999996,59,0.6764705882352942,0.2037037037037037,0.7796610169491526,0.4537037037037037
qwen2.5-7b-instruct,audit_cross,4b_baseline_audit_energy,0.6,0.4,65,0.7352941176470589,0.16666666666666666,0.7692307692307693,0.39814814814814814
qwen2.5-7b-instruct,audit_cross,4b_baseline_audit_energy,0.65,0.35,70,0.7794117647058824,0.1388888888888889,0.7571428571428571,0.35185185185185186
qwen2.5-7b-instruct,audit_cross,4b_baseline_audit_energy,0.7,0.30000000000000004,76,0.8529411764705882,0.09259259259259259,0.7631578947368421,0.2962962962962963
qwen2.5-7b-instruct,audit_cross,4b_baseline_audit_energy,0.75,0.25,81,0.8970588235294118,0.06481481481481481,0.7530864197530864,0.25
qwen2.5-7b-instruct,audit_cross,4b_baseline_audit_energy,0.8,0.19999999999999996,86,0.9264705882352942,0.046296296296296294,0.7325581395348837,0.2037037037037037
qwen2.5-7b-instruct,audit_cross,4b_baseline_audit_energy,0.85,0.15000000000000002,92,0.9558823529411765,0.027777777777777776,0.7065217391304348,0.14814814814814814
qwen2.5-7b-instruct,audit_cross,4b_baseline_audit_energy,0.9,0.09999999999999998,97,0.9705882352941176,0.018518518518518517,0.6804123711340206,0.10185185185185185
qwen2.5-7b-instruct,audit_cross,4b_baseline_audit_energy,0.95,0.050000000000000044,103,0.9852941176470589,0.009259259259259259,0.6504854368932039,0.046296296296296294
qwen2.5-7b-instruct,audit_cross,4b_baseline_audit_energy,1.0,0.0,108,1.0,0.0,0.6296296296296297,0.0
qwen2.5-7b-instruct,audit_cross,random_order_expected,0.0,1.0,0,0.0,0.6296296296296297,,1.0
qwen2.5-7b-instruct,audit_cross,random_order_expected,0.05,0.95,5,0.05,0.5981481481481481,0.6296296296296297,0.95
qwen2.5-7b-instruct,audit_cross,random_order_expected,0.1,0.9,11,0.1,0.5666666666666667,0.6296296296296297,0.9
qwen2.5-7b-instruct,audit_cross,random_order_expected,0.15,0.85,16,0.15,0.5351851851851852,0.6296296296296297,0.85
qwen2.5-7b-instruct,audit_cross,random_order_expected,0.2,0.8,22,0.2,0.5037037037037038,0.6296296296296297,0.8
qwen2.5-7b-instruct,audit_cross,random_order_expected,0.25,0.75,27,0.25,0.4722222222222222,0.6296296296296297,0.75
qwen2.5-7b-instruct,audit_cross,random_order_expected,0.3,0.7,32,0.3,0.4407407407407407,0.6296296296296297,0.7
qwen2.5-7b-instruct,audit_cross,random_order_expected,0.35,0.65,38,0.35,0.40925925925925927,0.6296296296296297,0.65
qwen2.5-7b-instruct,audit_cross,random_order_expected,0.4,0.6,43,0.4,0.37777777777777777,0.6296296296296297,0.6
qwen2.5-7b-instruct,audit_cross,random_order_expected,0.45,0.55,49,0.45,0.3462962962962963,0.6296296296296297,0.55
qwen2.5-7b-instruct,audit_cross,random_order_expected,0.5,0.5,54,0.5,0.3148148148148148,0.6296296296296297,0.5
qwen2.5-7b-instruct,audit_cross,random_order_expected,0.55,0.44999999999999996,59,0.55,0.2833333333333333,0.6296296296296297,0.44999999999999996
qwen2.5-7b-instruct,audit_cross,random_order_expected,0.6,0.4,65,0.6,0.2518518518518519,0.6296296296296297,0.4
qwen2.5-7b-instruct,audit_cross,random_order_expected,0.65,0.35,70,0.65,0.22037037037037036,0.6296296296296297,0.35
qwen2.5-7b-instruct,audit_cross,random_order_expected,0.7,0.30000000000000004,76,0.7,0.1888888888888889,0.6296296296296297,0.30000000000000004
qwen2.5-7b-instruct,audit_cross,random_order_expected,0.75,0.25,81,0.75,0.1574074074074074,0.6296296296296297,0.25
qwen2.5-7b-instruct,audit_cross,random_order_expected,0.8,0.19999999999999996,86,0.8,0.1259259259259259,0.6296296296296297,0.19999999999999996
qwen2.5-7b-instruct,audit_cross,random_order_expected,0.85,0.15000000000000002,92,0.85,0.09444444444444446,0.6296296296296297,0.15000000000000002
qwen2.5-7b-instruct,audit_cross,random_order_expected,0.9,0.09999999999999998,97,0.9,0.06296296296296296,0.6296296296296297,0.09999999999999998
qwen2.5-7b-instruct,audit_cross,random_order_expected,0.95,0.050000000000000044,103,0.95,0.03148148148148151,0.6296296296296297,0.050000000000000044
qwen2.5-7b-instruct,audit_cross,random_order_expected,1.0,0.0,108,1.0,0.0,0.6296296296296297,0.0
gemma-2-2b-it,new_error,2_baseline,0.0,1.0,0,0.0,0.06787330316742081,,1.0
gemma-2-2b-it,new_error,2_baseline,0.05,0.95,11,0.26666666666666666,0.049773755656108594,0.36363636363636365,0.9482758620689655
gemma-2-2b-it,new_error,2_baseline,0.1,0.9,22,0.26666666666666666,0.049773755656108594,0.18181818181818182,0.8620689655172413
gemma-2-2b-it,new_error,2_baseline,0.15,0.85,33,0.26666666666666666,0.049773755656108594,0.12121212121212122,0.8448275862068966
gemma-2-2b-it,new_error,2_baseline,0.2,0.8,44,0.26666666666666666,0.049773755656108594,0.09090909090909091,0.8103448275862069
gemma-2-2b-it,new_error,2_baseline,0.25,0.75,55,0.3333333333333333,0.04524886877828054,0.09090909090909091,0.7931034482758621
gemma-2-2b-it,new_error,2_baseline,0.3,0.7,66,0.4,0.04072398190045249,0.09090909090909091,0.7413793103448276
gemma-2-2b-it,new_error,2_baseline,0.35,0.65,77,0.4,0.04072398190045249,0.07792207792207792,0.6724137931034483
gemma-2-2b-it,new_error,2_baseline,0.4,0.6,88,0.4,0.04072398190045249,0.06818181818181818,0.603448275862069
gemma-2-2b-it,new_error,2_baseline,0.45,0.55,99,0.6666666666666666,0.02262443438914027,0.10101010101010101,0.5517241379310345
gemma-2-2b-it,new_error,2_baseline,0.5,0.5,110,0.7333333333333333,0.01809954751131222,0.1,0.5172413793103449
gemma-2-2b-it,new_error,2_baseline,0.55,0.44999999999999996,122,0.7333333333333333,0.01809954751131222,0.09016393442622951,0.43103448275862066
gemma-2-2b-it,new_error,2_baseline,0.6,0.4,133,0.7333333333333333,0.01809954751131222,0.08270676691729323,0.39655172413793105
gemma-2-2b-it,new_error,2_baseline,0.65,0.35,144,0.8,0.013574660633484163,0.08333333333333333,0.3103448275862069
gemma-2-2b-it,new_error,2_baseline,0.7,0.30000000000000004,155,0.8666666666666667,0.00904977375565611,0.08387096774193549,0.25862068965517243
gemma-2-2b-it,new_error,2_baseline,0.75,0.25,166,1.0,0.0,0.09036144578313253,0.20689655172413793
gemma-2-2b-it,new_error,2_baseline,0.8,0.19999999999999996,177,1.0,0.0,0.0847457627118644,0.13793103448275862
gemma-2-2b-it,new_error,2_baseline,0.85,0.15000000000000002,188,1.0,0.0,0.0797872340425532,0.08620689655172414
gemma-2-2b-it,new_error,2_baseline,0.9,0.09999999999999998,199,1.0,0.0,0.07537688442211055,0.06896551724137931
gemma-2-2b-it,new_error,2_baseline,0.95,0.050000000000000044,210,1.0,0.0,0.07142857142857142,0.05172413793103448
gemma-2-2b-it,new_error,2_baseline,1.0,0.0,221,1.0,0.0,0.06787330316742081,0.0
gemma-2-2b-it,new_error,3_audit_only,0.0,1.0,0,0.0,0.06787330316742081,,1.0
gemma-2-2b-it,new_error,3_audit_only,0.05,0.95,11,0.06666666666666667,0.06334841628959276,0.09090909090909091,0.8103448275862069
gemma-2-2b-it,new_error,3_audit_only,0.1,0.9,22,0.13333333333333333,0.058823529411764705,0.09090909090909091,0.6206896551724138
gemma-2-2b-it,new_error,3_audit_only,0.15,0.85,33,0.2,0.05429864253393665,0.09090909090909091,0.43103448275862066
gemma-2-2b-it,new_error,3_audit_only,0.2,0.8,44,0.3333333333333333,0.04524886877828054,0.11363636363636363,0.2413793103448276
gemma-2-2b-it,new_error,3_audit_only,0.25,0.75,55,0.3333333333333333,0.04524886877828054,0.09090909090909091,0.05172413793103448
gemma-2-2b-it,new_error,3_audit_only,0.3,0.7,66,0.4666666666666667,0.03619909502262444,0.10606060606060606,0.0
gemma-2-2b-it,new_error,3_audit_only,0.35,0.65,77,0.6,0.027149321266968326,0.11688311688311688,0.0
gemma-2-2b-it,new_error,3_audit_only,0.4,0.6,88,0.6666666666666666,0.02262443438914027,0.11363636363636363,0.0
gemma-2-2b-it,new_error,3_audit_only,0.45,0.55,99,0.6666666666666666,0.02262443438914027,0.10101010101010101,0.0
gemma-2-2b-it,new_error,3_audit_only,0.5,0.5,110,0.6666666666666666,0.02262443438914027,0.09090909090909091,0.0
gemma-2-2b-it,new_error,3_audit_only,0.55,0.44999999999999996,122,0.7333333333333333,0.01809954751131222,0.09016393442622951,0.0
gemma-2-2b-it,new_error,3_audit_only,0.6,0.4,133,0.7333333333333333,0.01809954751131222,0.08270676691729323,0.0
gemma-2-2b-it,new_error,3_audit_only,0.65,0.35,144,0.7333333333333333,0.01809954751131222,0.0763888888888889,0.0
gemma-2-2b-it,new_error,3_audit_only,0.7,0.30000000000000004,155,0.8,0.013574660633484163,0.07741935483870968,0.0
gemma-2-2b-it,new_error,3_audit_only,0.75,0.25,166,0.8666666666666667,0.00904977375565611,0.0783132530120482,0.0
gemma-2-2b-it,new_error,3_audit_only,0.8,0.19999999999999996,177,0.9333333333333333,0.004524886877828055,0.07909604519774012,0.0
gemma-2-2b-it,new_error,3_audit_only,0.85,0.15000000000000002,188,0.9333333333333333,0.004524886877828055,0.07446808510638298,0.0
gemma-2-2b-it,new_error,3_audit_only,0.9,0.09999999999999998,199,0.9333333333333333,0.004524886877828055,0.07035175879396985,0.0
gemma-2-2b-it,new_error,3_audit_only,0.95,0.050000000000000044,210,1.0,0.0,0.07142857142857142,0.0
gemma-2-2b-it,new_error,3_audit_only,1.0,0.0,221,1.0,0.0,0.06787330316742081,0.0
gemma-2-2b-it,new_error,4_baseline_plus_audit,0.0,1.0,0,0.0,0.06787330316742081,,1.0
gemma-2-2b-it,new_error,4_baseline_plus_audit,0.05,0.95,11,0.26666666666666666,0.049773755656108594,0.36363636363636365,0.9482758620689655
gemma-2-2b-it,new_error,4_baseline_plus_audit,0.1,0.9,22,0.26666666666666666,0.049773755656108594,0.18181818181818182,0.8620689655172413
gemma-2-2b-it,new_error,4_baseline_plus_audit,0.15,0.85,33,0.26666666666666666,0.049773755656108594,0.12121212121212122,0.8448275862068966
gemma-2-2b-it,new_error,4_baseline_plus_audit,0.2,0.8,44,0.26666666666666666,0.049773755656108594,0.09090909090909091,0.7931034482758621
gemma-2-2b-it,new_error,4_baseline_plus_audit,0.25,0.75,55,0.3333333333333333,0.04524886877828054,0.09090909090909091,0.7931034482758621
gemma-2-2b-it,new_error,4_baseline_plus_audit,0.3,0.7,66,0.4,0.04072398190045249,0.09090909090909091,0.7241379310344828
gemma-2-2b-it,new_error,4_baseline_plus_audit,0.35,0.65,77,0.4,0.04072398190045249,0.07792207792207792,0.6724137931034483
gemma-2-2b-it,new_error,4_baseline_plus_audit,0.4,0.6,88,0.4,0.04072398190045249,0.06818181818181818,0.603448275862069
gemma-2-2b-it,new_error,4_baseline_plus_audit,0.45,0.55,99,0.6666666666666666,0.02262443438914027,0.10101010101010101,0.5517241379310345
gemma-2-2b-it,new_error,4_baseline_plus_audit,0.5,0.5,110,0.7333333333333333,0.01809954751131222,0.1,0.5172413793103449
gemma-2-2b-it,new_error,4_baseline_plus_audit,0.55,0.44999999999999996,122,0.7333333333333333,0.01809954751131222,0.09016393442622951,0.43103448275862066
gemma-2-2b-it,new_error,4_baseline_plus_audit,0.6,0.4,133,0.7333333333333333,0.01809954751131222,0.08270676691729323,0.39655172413793105
gemma-2-2b-it,new_error,4_baseline_plus_audit,0.65,0.35,144,0.8,0.013574660633484163,0.08333333333333333,0.3103448275862069
gemma-2-2b-it,new_error,4_baseline_plus_audit,0.7,0.30000000000000004,155,0.8666666666666667,0.00904977375565611,0.08387096774193549,0.25862068965517243
gemma-2-2b-it,new_error,4_baseline_plus_audit,0.75,0.25,166,1.0,0.0,0.09036144578313253,0.1896551724137931
gemma-2-2b-it,new_error,4_baseline_plus_audit,0.8,0.19999999999999996,177,1.0,0.0,0.0847457627118644,0.13793103448275862
gemma-2-2b-it,new_error,4_baseline_plus_audit,0.85,0.15000000000000002,188,1.0,0.0,0.0797872340425532,0.08620689655172414
gemma-2-2b-it,new_error,4_baseline_plus_audit,0.9,0.09999999999999998,199,1.0,0.0,0.07537688442211055,0.06896551724137931
gemma-2-2b-it,new_error,4_baseline_plus_audit,0.95,0.050000000000000044,210,1.0,0.0,0.07142857142857142,0.05172413793103448
gemma-2-2b-it,new_error,4_baseline_plus_audit,1.0,0.0,221,1.0,0.0,0.06787330316742081,0.0
gemma-2-2b-it,new_error,2b_baseline_plus_energy,0.0,1.0,0,0.0,0.06787330316742081,,1.0
gemma-2-2b-it,new_error,2b_baseline_plus_energy,0.05,0.95,11,0.13333333333333333,0.058823529411764705,0.18181818181818182,0.9137931034482759
gemma-2-2b-it,new_error,2b_baseline_plus_energy,0.1,0.9,22,0.26666666666666666,0.049773755656108594,0.18181818181818182,0.8620689655172413
gemma-2-2b-it,new_error,2b_baseline_plus_energy,0.15,0.85,33,0.26666666666666666,0.049773755656108594,0.12121212121212122,0.8275862068965517
gemma-2-2b-it,new_error,2b_baseline_plus_energy,0.2,0.8,44,0.3333333333333333,0.04524886877828054,0.11363636363636363,0.7413793103448276
gemma-2-2b-it,new_error,2b_baseline_plus_energy,0.25,0.75,55,0.3333333333333333,0.04524886877828054,0.09090909090909091,0.7068965517241379
gemma-2-2b-it,new_error,2b_baseline_plus_energy,0.3,0.7,66,0.3333333333333333,0.04524886877828054,0.07575757575757576,0.6896551724137931
gemma-2-2b-it,new_error,2b_baseline_plus_energy,0.35,0.65,77,0.3333333333333333,0.04524886877828054,0.06493506493506493,0.6551724137931034
gemma-2-2b-it,new_error,2b_baseline_plus_energy,0.4,0.6,88,0.4,0.04072398190045249,0.06818181818181818,0.603448275862069
gemma-2-2b-it,new_error,2b_baseline_plus_energy,0.45,0.55,99,0.4666666666666667,0.03619909502262444,0.0707070707070707,0.5689655172413793
gemma-2-2b-it,new_error,2b_baseline_plus_energy,0.5,0.5,110,0.4666666666666667,0.03619909502262444,0.06363636363636363,0.4827586206896552
gemma-2-2b-it,new_error,2b_baseline_plus_energy,0.55,0.44999999999999996,122,0.5333333333333333,0.03167420814479638,0.06557377049180328,0.41379310344827586
gemma-2-2b-it,new_error,2b_baseline_plus_energy,0.6,0.4,133,0.6666666666666666,0.02262443438914027,0.07518796992481203,0.3275862068965517
gemma-2-2b-it,new_error,2b_baseline_plus_energy,0.65,0.35,144,0.7333333333333333,0.01809954751131222,0.0763888888888889,0.29310344827586204
gemma-2-2b-it,new_error,2b_baseline_plus_energy,0.7,0.30000000000000004,155,0.8,0.013574660633484163,0.07741935483870968,0.2413793103448276
gemma-2-2b-it,new_error,2b_baseline_plus_energy,0.75,0.25,166,0.9333333333333333,0.004524886877828055,0.08433734939759036,0.1724137931034483
gemma-2-2b-it,new_error,2b_baseline_plus_energy,0.8,0.19999999999999996,177,1.0,0.0,0.0847457627118644,0.13793103448275862
gemma-2-2b-it,new_error,2b_baseline_plus_energy,0.85,0.15000000000000002,188,1.0,0.0,0.0797872340425532,0.10344827586206896
gemma-2-2b-it,new_error,2b_baseline_plus_energy,0.9,0.09999999999999998,199,1.0,0.0,0.07537688442211055,0.06896551724137931
gemma-2-2b-it,new_error,2b_baseline_plus_energy,0.95,0.050000000000000044,210,1.0,0.0,0.07142857142857142,0.017241379310344827
gemma-2-2b-it,new_error,2b_baseline_plus_energy,1.0,0.0,221,1.0,0.0,0.06787330316742081,0.0
gemma-2-2b-it,new_error,4b_baseline_audit_energy,0.0,1.0,0,0.0,0.06787330316742081,,1.0
gemma-2-2b-it,new_error,4b_baseline_audit_energy,0.05,0.95,11,0.13333333333333333,0.058823529411764705,0.18181818181818182,0.9137931034482759
gemma-2-2b-it,new_error,4b_baseline_audit_energy,0.1,0.9,22,0.26666666666666666,0.049773755656108594,0.18181818181818182,0.8620689655172413
gemma-2-2b-it,new_error,4b_baseline_audit_energy,0.15,0.85,33,0.26666666666666666,0.049773755656108594,0.12121212121212122,0.8275862068965517
gemma-2-2b-it,new_error,4b_baseline_audit_energy,0.2,0.8,44,0.3333333333333333,0.04524886877828054,0.11363636363636363,0.7413793103448276
gemma-2-2b-it,new_error,4b_baseline_audit_energy,0.25,0.75,55,0.3333333333333333,0.04524886877828054,0.09090909090909091,0.7068965517241379
gemma-2-2b-it,new_error,4b_baseline_audit_energy,0.3,0.7,66,0.3333333333333333,0.04524886877828054,0.07575757575757576,0.6896551724137931
gemma-2-2b-it,new_error,4b_baseline_audit_energy,0.35,0.65,77,0.4,0.04072398190045249,0.07792207792207792,0.6551724137931034
gemma-2-2b-it,new_error,4b_baseline_audit_energy,0.4,0.6,88,0.4,0.04072398190045249,0.06818181818181818,0.603448275862069
gemma-2-2b-it,new_error,4b_baseline_audit_energy,0.45,0.55,99,0.4666666666666667,0.03619909502262444,0.0707070707070707,0.5689655172413793
gemma-2-2b-it,new_error,4b_baseline_audit_energy,0.5,0.5,110,0.5333333333333333,0.03167420814479638,0.07272727272727272,0.4827586206896552
gemma-2-2b-it,new_error,4b_baseline_audit_energy,0.55,0.44999999999999996,122,0.5333333333333333,0.03167420814479638,0.06557377049180328,0.39655172413793105
gemma-2-2b-it,new_error,4b_baseline_audit_energy,0.6,0.4,133,0.6666666666666666,0.02262443438914027,0.07518796992481203,0.3275862068965517
gemma-2-2b-it,new_error,4b_baseline_audit_energy,0.65,0.35,144,0.7333333333333333,0.01809954751131222,0.0763888888888889,0.29310344827586204
gemma-2-2b-it,new_error,4b_baseline_audit_energy,0.7,0.30000000000000004,155,0.8,0.013574660633484163,0.07741935483870968,0.2413793103448276
gemma-2-2b-it,new_error,4b_baseline_audit_energy,0.75,0.25,166,0.9333333333333333,0.004524886877828055,0.08433734939759036,0.1724137931034483
gemma-2-2b-it,new_error,4b_baseline_audit_energy,0.8,0.19999999999999996,177,1.0,0.0,0.0847457627118644,0.13793103448275862
gemma-2-2b-it,new_error,4b_baseline_audit_energy,0.85,0.15000000000000002,188,1.0,0.0,0.0797872340425532,0.10344827586206896
gemma-2-2b-it,new_error,4b_baseline_audit_energy,0.9,0.09999999999999998,199,1.0,0.0,0.07537688442211055,0.06896551724137931
gemma-2-2b-it,new_error,4b_baseline_audit_energy,0.95,0.050000000000000044,210,1.0,0.0,0.07142857142857142,0.017241379310344827
gemma-2-2b-it,new_error,4b_baseline_audit_energy,1.0,0.0,221,1.0,0.0,0.06787330316742081,0.0
gemma-2-2b-it,new_error,random_order_expected,0.0,1.0,0,0.0,0.06787330316742081,,1.0
gemma-2-2b-it,new_error,random_order_expected,0.05,0.95,11,0.05,0.06447963800904977,0.06787330316742081,0.95
gemma-2-2b-it,new_error,random_order_expected,0.1,0.9,22,0.1,0.06108597285067873,0.06787330316742081,0.9
gemma-2-2b-it,new_error,random_order_expected,0.15,0.85,33,0.15,0.05769230769230769,0.06787330316742081,0.85
gemma-2-2b-it,new_error,random_order_expected,0.2,0.8,44,0.2,0.05429864253393665,0.06787330316742081,0.8
gemma-2-2b-it,new_error,random_order_expected,0.25,0.75,55,0.25,0.05090497737556561,0.06787330316742081,0.75
gemma-2-2b-it,new_error,random_order_expected,0.3,0.7,66,0.3,0.04751131221719456,0.06787330316742081,0.7
gemma-2-2b-it,new_error,random_order_expected,0.35,0.65,77,0.35,0.044117647058823525,0.06787330316742081,0.65
gemma-2-2b-it,new_error,random_order_expected,0.4,0.6,88,0.4,0.04072398190045248,0.06787330316742081,0.6
gemma-2-2b-it,new_error,random_order_expected,0.45,0.55,99,0.45,0.03733031674208145,0.06787330316742081,0.55
gemma-2-2b-it,new_error,random_order_expected,0.5,0.5,110,0.5,0.033936651583710405,0.06787330316742081,0.5
gemma-2-2b-it,new_error,random_order_expected,0.55,0.44999999999999996,122,0.55,0.030542986425339362,0.06787330316742081,0.44999999999999996
gemma-2-2b-it,new_error,random_order_expected,0.6,0.4,133,0.6,0.027149321266968326,0.06787330316742081,0.4
gemma-2-2b-it,new_error,random_order_expected,0.65,0.35,144,0.65,0.02375565610859728,0.06787330316742081,0.35
gemma-2-2b-it,new_error,random_order_expected,0.7,0.30000000000000004,155,0.7,0.020361990950226245,0.06787330316742081,0.30000000000000004
gemma-2-2b-it,new_error,random_order_expected,0.75,0.25,166,0.75,0.016968325791855202,0.06787330316742081,0.25
gemma-2-2b-it,new_error,random_order_expected,0.8,0.19999999999999996,177,0.8,0.013574660633484158,0.06787330316742081,0.19999999999999996
gemma-2-2b-it,new_error,random_order_expected,0.85,0.15000000000000002,188,0.85,0.010180995475113122,0.06787330316742081,0.15000000000000002
gemma-2-2b-it,new_error,random_order_expected,0.9,0.09999999999999998,199,0.9,0.006787330316742079,0.06787330316742081,0.09999999999999998
gemma-2-2b-it,new_error,random_order_expected,0.95,0.050000000000000044,210,0.95,0.0033936651583710434,0.06787330316742081,0.050000000000000044
gemma-2-2b-it,new_error,random_order_expected,1.0,0.0,221,1.0,0.0,0.06787330316742081,0.0
gemma-2-2b-it,audit_cross,2_baseline,0.0,1.0,0,0.0,0.639344262295082,,1.0
gemma-2-2b-it,audit_cross,2_baseline,0.05,0.95,6,0.05128205128205128,0.6065573770491803,0.6666666666666666,0.9508196721311475
gemma-2-2b-it,audit_cross,2_baseline,0.1,0.9,12,0.10256410256410256,0.5737704918032787,0.6666666666666666,0.9016393442622951
gemma-2-2b-it,audit_cross,2_baseline,0.15,0.85,18,0.14102564102564102,0.5491803278688525,0.6111111111111112,0.8524590163934426
gemma-2-2b-it,audit_cross,2_baseline,0.2,0.8,24,0.20512820512820512,0.5081967213114754,0.6666666666666666,0.8032786885245902
gemma-2-2b-it,audit_cross,2_baseline,0.25,0.75,30,0.2692307692307692,0.4672131147540984,0.7,0.7540983606557377
gemma-2-2b-it,audit_cross,2_baseline,0.3,0.7,37,0.32051282051282054,0.4344262295081967,0.6756756756756757,0.6967213114754098
gemma-2-2b-it,audit_cross,2_baseline,0.35,0.65,43,0.38461538461538464,0.39344262295081966,0.6976744186046512,0.6475409836065574
gemma-2-2b-it,audit_cross,2_baseline,0.4,0.6,49,0.46153846153846156,0.3442622950819672,0.7346938775510204,0.5983606557377049
gemma-2-2b-it,audit_cross,2_baseline,0.45,0.55,55,0.5,0.319672131147541,0.7090909090909091,0.5491803278688525
gemma-2-2b-it,audit_cross,2_baseline,0.5,0.5,61,0.5641025641025641,0.2786885245901639,0.7213114754098361,0.5
gemma-2-2b-it,audit_cross,2_baseline,0.55,0.44999999999999996,67,0.6153846153846154,0.2459016393442623,0.7164179104477612,0.45081967213114754
gemma-2-2b-it,audit_cross,2_baseline,0.6,0.4,73,0.6794871794871795,0.20491803278688525,0.726027397260274,0.4016393442622951
gemma-2-2b-it,audit_cross,2_baseline,0.65,0.35,79,0.7564102564102564,0.1557377049180328,0.7468354430379747,0.3524590163934426
gemma-2-2b-it,audit_cross,2_baseline,0.7,0.30000000000000004,85,0.782051282051282,0.13934426229508196,0.7176470588235294,0.30327868852459017
gemma-2-2b-it,audit_cross,2_baseline,0.75,0.25,92,0.8205128205128205,0.11475409836065574,0.6956521739130435,0.2459016393442623
gemma-2-2b-it,audit_cross,2_baseline,0.8,0.19999999999999996,98,0.8846153846153846,0.07377049180327869,0.7040816326530612,0.19672131147540983
gemma-2-2b-it,audit_cross,2_baseline,0.85,0.15000000000000002,104,0.9230769230769231,0.04918032786885246,0.6923076923076923,0.14754098360655737
gemma-2-2b-it,audit_cross,2_baseline,0.9,0.09999999999999998,110,0.9487179487179487,0.03278688524590164,0.6727272727272727,0.09836065573770492
gemma-2-2b-it,audit_cross,2_baseline,0.95,0.050000000000000044,116,0.9615384615384616,0.02459016393442623,0.646551724137931,0.04918032786885246
gemma-2-2b-it,audit_cross,2_baseline,1.0,0.0,122,1.0,0.0,0.639344262295082,0.0
gemma-2-2b-it,audit_cross,3_audit_only,0.0,1.0,0,0.0,0.639344262295082,,1.0
gemma-2-2b-it,audit_cross,3_audit_only,0.05,0.95,6,0.07692307692307693,0.5901639344262295,1.0,0.9508196721311475
gemma-2-2b-it,audit_cross,3_audit_only,0.1,0.9,12,0.15384615384615385,0.5409836065573771,1.0,0.9016393442622951
gemma-2-2b-it,audit_cross,3_audit_only,0.15,0.85,18,0.23076923076923078,0.4918032786885246,1.0,0.8524590163934426
gemma-2-2b-it,audit_cross,3_audit_only,0.2,0.8,24,0.2692307692307692,0.4672131147540984,0.875,0.8032786885245902
gemma-2-2b-it,audit_cross,3_audit_only,0.25,0.75,30,0.32051282051282054,0.4344262295081967,0.8333333333333334,0.7540983606557377
gemma-2-2b-it,audit_cross,3_audit_only,0.3,0.7,37,0.41025641025641024,0.3770491803278688,0.8648648648648649,0.6967213114754098
gemma-2-2b-it,audit_cross,3_audit_only,0.35,0.65,43,0.44871794871794873,0.3524590163934426,0.813953488372093,0.6475409836065574
gemma-2-2b-it,audit_cross,3_audit_only,0.4,0.6,49,0.5128205128205128,0.3114754098360656,0.8163265306122449,0.5983606557377049
gemma-2-2b-it,audit_cross,3_audit_only,0.45,0.55,55,0.5641025641025641,0.2786885245901639,0.8,0.5491803278688525
gemma-2-2b-it,audit_cross,3_audit_only,0.5,0.5,61,0.5769230769230769,0.27049180327868855,0.7377049180327869,0.5
gemma-2-2b-it,audit_cross,3_audit_only,0.55,0.44999999999999996,67,0.6025641025641025,0.2540983606557377,0.7014925373134329,0.45081967213114754
gemma-2-2b-it,audit_cross,3_audit_only,0.6,0.4,73,0.6538461538461539,0.22131147540983606,0.6986301369863014,0.4016393442622951
gemma-2-2b-it,audit_cross,3_audit_only,0.65,0.35,79,0.7051282051282052,0.1885245901639344,0.6962025316455697,0.3524590163934426
gemma-2-2b-it,audit_cross,3_audit_only,0.7,0.30000000000000004,85,0.717948717948718,0.18032786885245902,0.6588235294117647,0.30327868852459017
gemma-2-2b-it,audit_cross,3_audit_only,0.75,0.25,92,0.782051282051282,0.13934426229508196,0.6630434782608695,0.2459016393442623
gemma-2-2b-it,audit_cross,3_audit_only,0.8,0.19999999999999996,98,0.8589743589743589,0.09016393442622951,0.6836734693877551,0.19672131147540983
gemma-2-2b-it,audit_cross,3_audit_only,0.85,0.15000000000000002,104,0.9230769230769231,0.04918032786885246,0.6923076923076923,0.14754098360655737
gemma-2-2b-it,audit_cross,3_audit_only,0.9,0.09999999999999998,110,0.9487179487179487,0.03278688524590164,0.6727272727272727,0.09836065573770492
gemma-2-2b-it,audit_cross,3_audit_only,0.95,0.050000000000000044,116,0.9743589743589743,0.01639344262295082,0.6551724137931034,0.04918032786885246
gemma-2-2b-it,audit_cross,3_audit_only,1.0,0.0,122,1.0,0.0,0.639344262295082,0.0
gemma-2-2b-it,audit_cross,4_baseline_plus_audit,0.0,1.0,0,0.0,0.639344262295082,,1.0
gemma-2-2b-it,audit_cross,4_baseline_plus_audit,0.05,0.95,6,0.07692307692307693,0.5901639344262295,1.0,0.9508196721311475
gemma-2-2b-it,audit_cross,4_baseline_plus_audit,0.1,0.9,12,0.15384615384615385,0.5409836065573771,1.0,0.9016393442622951
gemma-2-2b-it,audit_cross,4_baseline_plus_audit,0.15,0.85,18,0.23076923076923078,0.4918032786885246,1.0,0.8524590163934426
gemma-2-2b-it,audit_cross,4_baseline_plus_audit,0.2,0.8,24,0.28205128205128205,0.45901639344262296,0.9166666666666666,0.8032786885245902
gemma-2-2b-it,audit_cross,4_baseline_plus_audit,0.25,0.75,30,0.3333333333333333,0.4262295081967213,0.8666666666666667,0.7540983606557377
gemma-2-2b-it,audit_cross,4_baseline_plus_audit,0.3,0.7,37,0.3974358974358974,0.38524590163934425,0.8378378378378378,0.6967213114754098
gemma-2-2b-it,audit_cross,4_baseline_plus_audit,0.35,0.65,43,0.46153846153846156,0.3442622950819672,0.8372093023255814,0.6475409836065574
gemma-2-2b-it,audit_cross,4_baseline_plus_audit,0.4,0.6,49,0.5256410256410257,0.30327868852459017,0.8367346938775511,0.5983606557377049
gemma-2-2b-it,audit_cross,4_baseline_plus_audit,0.45,0.55,55,0.5641025641025641,0.2786885245901639,0.8,0.5491803278688525
gemma-2-2b-it,audit_cross,4_baseline_plus_audit,0.5,0.5,61,0.6153846153846154,0.2459016393442623,0.7868852459016393,0.5
gemma-2-2b-it,audit_cross,4_baseline_plus_audit,0.55,0.44999999999999996,67,0.6538461538461539,0.22131147540983606,0.7611940298507462,0.45081967213114754
gemma-2-2b-it,audit_cross,4_baseline_plus_audit,0.6,0.4,73,0.6794871794871795,0.20491803278688525,0.726027397260274,0.4016393442622951
gemma-2-2b-it,audit_cross,4_baseline_plus_audit,0.65,0.35,79,0.7307692307692307,0.1721311475409836,0.7215189873417721,0.3524590163934426
gemma-2-2b-it,audit_cross,4_baseline_plus_audit,0.7,0.30000000000000004,85,0.782051282051282,0.13934426229508196,0.7176470588235294,0.30327868852459017
gemma-2-2b-it,audit_cross,4_baseline_plus_audit,0.75,0.25,92,0.8589743589743589,0.09016393442622951,0.7282608695652174,0.2459016393442623
gemma-2-2b-it,audit_cross,4_baseline_plus_audit,0.8,0.19999999999999996,98,0.8974358974358975,0.06557377049180328,0.7142857142857143,0.19672131147540983
gemma-2-2b-it,audit_cross,4_baseline_plus_audit,0.85,0.15000000000000002,104,0.9102564102564102,0.05737704918032787,0.6826923076923077,0.14754098360655737
gemma-2-2b-it,audit_cross,4_baseline_plus_audit,0.9,0.09999999999999998,110,0.9743589743589743,0.01639344262295082,0.6909090909090909,0.09836065573770492
gemma-2-2b-it,audit_cross,4_baseline_plus_audit,0.95,0.050000000000000044,116,1.0,0.0,0.6724137931034483,0.04918032786885246
gemma-2-2b-it,audit_cross,4_baseline_plus_audit,1.0,0.0,122,1.0,0.0,0.639344262295082,0.0
gemma-2-2b-it,audit_cross,2b_baseline_plus_energy,0.0,1.0,0,0.0,0.639344262295082,,1.0
gemma-2-2b-it,audit_cross,2b_baseline_plus_energy,0.05,0.95,6,0.0641025641025641,0.5983606557377049,0.8333333333333334,0.9508196721311475
gemma-2-2b-it,audit_cross,2b_baseline_plus_energy,0.1,0.9,12,0.10256410256410256,0.5737704918032787,0.6666666666666666,0.9016393442622951
gemma-2-2b-it,audit_cross,2b_baseline_plus_energy,0.15,0.85,18,0.1794871794871795,0.5245901639344263,0.7777777777777778,0.8524590163934426
gemma-2-2b-it,audit_cross,2b_baseline_plus_energy,0.2,0.8,24,0.2564102564102564,0.47540983606557374,0.8333333333333334,0.8032786885245902
gemma-2-2b-it,audit_cross,2b_baseline_plus_energy,0.25,0.75,30,0.2692307692307692,0.4672131147540984,0.7,0.7540983606557377
gemma-2-2b-it,audit_cross,2b_baseline_plus_energy,0.3,0.7,37,0.32051282051282054,0.4344262295081967,0.6756756756756757,0.6967213114754098
gemma-2-2b-it,audit_cross,2b_baseline_plus_energy,0.35,0.65,43,0.38461538461538464,0.39344262295081966,0.6976744186046512,0.6475409836065574
gemma-2-2b-it,audit_cross,2b_baseline_plus_energy,0.4,0.6,49,0.4358974358974359,0.36065573770491804,0.6938775510204082,0.5983606557377049
gemma-2-2b-it,audit_cross,2b_baseline_plus_energy,0.45,0.55,55,0.5,0.319672131147541,0.7090909090909091,0.5491803278688525
gemma-2-2b-it,audit_cross,2b_baseline_plus_energy,0.5,0.5,61,0.5256410256410257,0.30327868852459017,0.6721311475409836,0.5
gemma-2-2b-it,audit_cross,2b_baseline_plus_energy,0.55,0.44999999999999996,67,0.6025641025641025,0.2540983606557377,0.7014925373134329,0.45081967213114754
gemma-2-2b-it,audit_cross,2b_baseline_plus_energy,0.6,0.4,73,0.6794871794871795,0.20491803278688525,0.726027397260274,0.4016393442622951
gemma-2-2b-it,audit_cross,2b_baseline_plus_energy,0.65,0.35,79,0.7307692307692307,0.1721311475409836,0.7215189873417721,0.3524590163934426
gemma-2-2b-it,audit_cross,2b_baseline_plus_energy,0.7,0.30000000000000004,85,0.7948717948717948,0.13114754098360656,0.7294117647058823,0.30327868852459017
gemma-2-2b-it,audit_cross,2b_baseline_plus_energy,0.75,0.25,92,0.8333333333333334,0.10655737704918032,0.7065217391304348,0.2459016393442623
gemma-2-2b-it,audit_cross,2b_baseline_plus_energy,0.8,0.19999999999999996,98,0.8589743589743589,0.09016393442622951,0.6836734693877551,0.19672131147540983
gemma-2-2b-it,audit_cross,2b_baseline_plus_energy,0.85,0.15000000000000002,104,0.9102564102564102,0.05737704918032787,0.6826923076923077,0.14754098360655737
gemma-2-2b-it,audit_cross,2b_baseline_plus_energy,0.9,0.09999999999999998,110,0.9487179487179487,0.03278688524590164,0.6727272727272727,0.09836065573770492
gemma-2-2b-it,audit_cross,2b_baseline_plus_energy,0.95,0.050000000000000044,116,0.9743589743589743,0.01639344262295082,0.6551724137931034,0.04918032786885246
gemma-2-2b-it,audit_cross,2b_baseline_plus_energy,1.0,0.0,122,1.0,0.0,0.639344262295082,0.0
gemma-2-2b-it,audit_cross,4b_baseline_audit_energy,0.0,1.0,0,0.0,0.639344262295082,,1.0
gemma-2-2b-it,audit_cross,4b_baseline_audit_energy,0.05,0.95,6,0.07692307692307693,0.5901639344262295,1.0,0.9508196721311475
gemma-2-2b-it,audit_cross,4b_baseline_audit_energy,0.1,0.9,12,0.15384615384615385,0.5409836065573771,1.0,0.9016393442622951
gemma-2-2b-it,audit_cross,4b_baseline_audit_energy,0.15,0.85,18,0.1794871794871795,0.5245901639344263,0.7777777777777778,0.8524590163934426
gemma-2-2b-it,audit_cross,4b_baseline_audit_energy,0.2,0.8,24,0.2564102564102564,0.47540983606557374,0.8333333333333334,0.8032786885245902
gemma-2-2b-it,audit_cross,4b_baseline_audit_energy,0.25,0.75,30,0.3333333333333333,0.4262295081967213,0.8666666666666667,0.7540983606557377
gemma-2-2b-it,audit_cross,4b_baseline_audit_energy,0.3,0.7,37,0.3974358974358974,0.38524590163934425,0.8378378378378378,0.6967213114754098
gemma-2-2b-it,audit_cross,4b_baseline_audit_energy,0.35,0.65,43,0.47435897435897434,0.3360655737704918,0.8604651162790697,0.6475409836065574
gemma-2-2b-it,audit_cross,4b_baseline_audit_energy,0.4,0.6,49,0.5384615384615384,0.29508196721311475,0.8571428571428571,0.5983606557377049
gemma-2-2b-it,audit_cross,4b_baseline_audit_energy,0.45,0.55,55,0.5641025641025641,0.2786885245901639,0.8,0.5491803278688525
gemma-2-2b-it,audit_cross,4b_baseline_audit_energy,0.5,0.5,61,0.6025641025641025,0.2540983606557377,0.7704918032786885,0.5
gemma-2-2b-it,audit_cross,4b_baseline_audit_energy,0.55,0.44999999999999996,67,0.6410256410256411,0.22950819672131148,0.746268656716418,0.45081967213114754
gemma-2-2b-it,audit_cross,4b_baseline_audit_energy,0.6,0.4,73,0.7051282051282052,0.1885245901639344,0.7534246575342466,0.4016393442622951
gemma-2-2b-it,audit_cross,4b_baseline_audit_energy,0.65,0.35,79,0.7307692307692307,0.1721311475409836,0.7215189873417721,0.3524590163934426
gemma-2-2b-it,audit_cross,4b_baseline_audit_energy,0.7,0.30000000000000004,85,0.7692307692307693,0.14754098360655737,0.7058823529411765,0.30327868852459017
gemma-2-2b-it,audit_cross,4b_baseline_audit_energy,0.75,0.25,92,0.8333333333333334,0.10655737704918032,0.7065217391304348,0.2459016393442623
gemma-2-2b-it,audit_cross,4b_baseline_audit_energy,0.8,0.19999999999999996,98,0.8846153846153846,0.07377049180327869,0.7040816326530612,0.19672131147540983
gemma-2-2b-it,audit_cross,4b_baseline_audit_energy,0.85,0.15000000000000002,104,0.9230769230769231,0.04918032786885246,0.6923076923076923,0.14754098360655737
gemma-2-2b-it,audit_cross,4b_baseline_audit_energy,0.9,0.09999999999999998,110,0.9615384615384616,0.02459016393442623,0.6818181818181818,0.09836065573770492
gemma-2-2b-it,audit_cross,4b_baseline_audit_energy,0.95,0.050000000000000044,116,0.9615384615384616,0.02459016393442623,0.646551724137931,0.04918032786885246
gemma-2-2b-it,audit_cross,4b_baseline_audit_energy,1.0,0.0,122,1.0,0.0,0.639344262295082,0.0
gemma-2-2b-it,audit_cross,random_order_expected,0.0,1.0,0,0.0,0.639344262295082,,1.0
gemma-2-2b-it,audit_cross,random_order_expected,0.05,0.95,6,0.05,0.6073770491803279,0.639344262295082,0.95
gemma-2-2b-it,audit_cross,random_order_expected,0.1,0.9,12,0.1,0.5754098360655738,0.639344262295082,0.9
gemma-2-2b-it,audit_cross,random_order_expected,0.15,0.85,18,0.15,0.5434426229508197,0.639344262295082,0.85
gemma-2-2b-it,audit_cross,random_order_expected,0.2,0.8,24,0.2,0.5114754098360657,0.639344262295082,0.8
gemma-2-2b-it,audit_cross,random_order_expected,0.25,0.75,30,0.25,0.4795081967213115,0.639344262295082,0.75
gemma-2-2b-it,audit_cross,random_order_expected,0.3,0.7,37,0.3,0.44754098360655736,0.639344262295082,0.7
gemma-2-2b-it,audit_cross,random_order_expected,0.35,0.65,43,0.35,0.41557377049180333,0.639344262295082,0.65
gemma-2-2b-it,audit_cross,random_order_expected,0.4,0.6,49,0.4,0.3836065573770492,0.639344262295082,0.6
gemma-2-2b-it,audit_cross,random_order_expected,0.45,0.55,55,0.45,0.35163934426229515,0.639344262295082,0.55
gemma-2-2b-it,audit_cross,random_order_expected,0.5,0.5,61,0.5,0.319672131147541,0.639344262295082,0.5
gemma-2-2b-it,audit_cross,random_order_expected,0.55,0.44999999999999996,67,0.55,0.28770491803278686,0.639344262295082,0.44999999999999996
gemma-2-2b-it,audit_cross,random_order_expected,0.6,0.4,73,0.6,0.2557377049180328,0.639344262295082,0.4
gemma-2-2b-it,audit_cross,random_order_expected,0.65,0.35,79,0.65,0.22377049180327868,0.639344262295082,0.35
gemma-2-2b-it,audit_cross,random_order_expected,0.7,0.30000000000000004,85,0.7,0.19180327868852462,0.639344262295082,0.30000000000000004
gemma-2-2b-it,audit_cross,random_order_expected,0.75,0.25,92,0.75,0.1598360655737705,0.639344262295082,0.25
gemma-2-2b-it,audit_cross,random_order_expected,0.8,0.19999999999999996,98,0.8,0.12786885245901639,0.639344262295082,0.19999999999999996
gemma-2-2b-it,audit_cross,random_order_expected,0.85,0.15000000000000002,104,0.85,0.09590163934426231,0.639344262295082,0.15000000000000002
gemma-2-2b-it,audit_cross,random_order_expected,0.9,0.09999999999999998,110,0.9,0.06393442622950819,0.639344262295082,0.09999999999999998
gemma-2-2b-it,audit_cross,random_order_expected,0.95,0.050000000000000044,116,0.95,0.03196721311475413,0.639344262295082,0.050000000000000044
gemma-2-2b-it,audit_cross,random_order_expected,1.0,0.0,122,1.0,0.0,0.639344262295082,0.0
phi-4-mini-instruct,new_error,2_baseline,0.0,1.0,0,0.0,0.036231884057971016,,1.0
phi-4-mini-instruct,new_error,2_baseline,0.05,0.95,14,0.1,0.03260869565217391,0.07142857142857142,0.9090909090909091
phi-4-mini-instruct,new_error,2_baseline,0.1,0.9,28,0.1,0.03260869565217391,0.03571428571428571,0.8181818181818182
phi-4-mini-instruct,new_error,2_baseline,0.15,0.85,41,0.2,0.028985507246376812,0.04878048780487805,0.7272727272727273
phi-4-mini-instruct,new_error,2_baseline,0.2,0.8,55,0.4,0.021739130434782608,0.07272727272727272,0.6363636363636364
phi-4-mini-instruct,new_error,2_baseline,0.25,0.75,69,0.5,0.018115942028985508,0.07246376811594203,0.5909090909090909
phi-4-mini-instruct,new_error,2_baseline,0.3,0.7,83,0.6,0.014492753623188406,0.07228915662650602,0.5909090909090909
phi-4-mini-instruct,new_error,2_baseline,0.35,0.65,97,0.6,0.014492753623188406,0.061855670103092786,0.36363636363636365
phi-4-mini-instruct,new_error,2_baseline,0.4,0.6,110,0.6,0.014492753623188406,0.05454545454545454,0.36363636363636365
phi-4-mini-instruct,new_error,2_baseline,0.45,0.55,124,0.9,0.0036231884057971015,0.07258064516129033,0.36363636363636365
phi-4-mini-instruct,new_error,2_baseline,0.5,0.5,138,0.9,0.0036231884057971015,0.06521739130434782,0.36363636363636365
phi-4-mini-instruct,new_error,2_baseline,0.55,0.44999999999999996,152,0.9,0.0036231884057971015,0.05921052631578947,0.3181818181818182
phi-4-mini-instruct,new_error,2_baseline,0.6,0.4,166,0.9,0.0036231884057971015,0.05421686746987952,0.3181818181818182
phi-4-mini-instruct,new_error,2_baseline,0.65,0.35,179,0.9,0.0036231884057971015,0.05027932960893855,0.22727272727272727
phi-4-mini-instruct,new_error,2_baseline,0.7,0.30000000000000004,193,0.9,0.0036231884057971015,0.046632124352331605,0.18181818181818182
phi-4-mini-instruct,new_error,2_baseline,0.75,0.25,207,0.9,0.0036231884057971015,0.043478260869565216,0.13636363636363635
phi-4-mini-instruct,new_error,2_baseline,0.8,0.19999999999999996,221,1.0,0.0,0.04524886877828054,0.0
phi-4-mini-instruct,new_error,2_baseline,0.85,0.15000000000000002,235,1.0,0.0,0.0425531914893617,0.0
phi-4-mini-instruct,new_error,2_baseline,0.9,0.09999999999999998,248,1.0,0.0,0.04032258064516129,0.0
phi-4-mini-instruct,new_error,2_baseline,0.95,0.050000000000000044,262,1.0,0.0,0.03816793893129771,0.0
phi-4-mini-instruct,new_error,2_baseline,1.0,0.0,276,1.0,0.0,0.036231884057971016,0.0
phi-4-mini-instruct,new_error,3_audit_only,0.0,1.0,0,0.0,0.036231884057971016,,1.0
phi-4-mini-instruct,new_error,3_audit_only,0.05,0.95,14,0.1,0.03260869565217391,0.07142857142857142,0.36363636363636365
phi-4-mini-instruct,new_error,3_audit_only,0.1,0.9,28,0.1,0.03260869565217391,0.03571428571428571,0.0
phi-4-mini-instruct,new_error,3_audit_only,0.15,0.85,41,0.2,0.028985507246376812,0.04878048780487805,0.0
phi-4-mini-instruct,new_error,3_audit_only,0.2,0.8,55,0.3,0.025362318840579712,0.05454545454545454,0.0
phi-4-mini-instruct,new_error,3_audit_only,0.25,0.75,69,0.3,0.025362318840579712,0.043478260869565216,0.0
phi-4-mini-instruct,new_error,3_audit_only,0.3,0.7,83,0.3,0.025362318840579712,0.03614457831325301,0.0
phi-4-mini-instruct,new_error,3_audit_only,0.35,0.65,97,0.4,0.021739130434782608,0.041237113402061855,0.0
phi-4-mini-instruct,new_error,3_audit_only,0.4,0.6,110,0.4,0.021739130434782608,0.03636363636363636,0.0
phi-4-mini-instruct,new_error,3_audit_only,0.45,0.55,124,0.6,0.014492753623188406,0.04838709677419355,0.0
phi-4-mini-instruct,new_error,3_audit_only,0.5,0.5,138,0.6,0.014492753623188406,0.043478260869565216,0.0
phi-4-mini-instruct,new_error,3_audit_only,0.55,0.44999999999999996,152,0.6,0.014492753623188406,0.039473684210526314,0.0
phi-4-mini-instruct,new_error,3_audit_only,0.6,0.4,166,0.6,0.014492753623188406,0.03614457831325301,0.0
phi-4-mini-instruct,new_error,3_audit_only,0.65,0.35,179,0.7,0.010869565217391304,0.03910614525139665,0.0
phi-4-mini-instruct,new_error,3_audit_only,0.7,0.30000000000000004,193,0.7,0.010869565217391304,0.03626943005181347,0.0
phi-4-mini-instruct,new_error,3_audit_only,0.75,0.25,207,0.7,0.010869565217391304,0.033816425120772944,0.0
phi-4-mini-instruct,new_error,3_audit_only,0.8,0.19999999999999996,221,0.8,0.007246376811594203,0.03619909502262444,0.0
phi-4-mini-instruct,new_error,3_audit_only,0.85,0.15000000000000002,235,0.8,0.007246376811594203,0.03404255319148936,0.0
phi-4-mini-instruct,new_error,3_audit_only,0.9,0.09999999999999998,248,0.8,0.007246376811594203,0.03225806451612903,0.0
phi-4-mini-instruct,new_error,3_audit_only,0.95,0.050000000000000044,262,1.0,0.0,0.03816793893129771,0.0
phi-4-mini-instruct,new_error,3_audit_only,1.0,0.0,276,1.0,0.0,0.036231884057971016,0.0
phi-4-mini-instruct,new_error,4_baseline_plus_audit,0.0,1.0,0,0.0,0.036231884057971016,,1.0
phi-4-mini-instruct,new_error,4_baseline_plus_audit,0.05,0.95,14,0.0,0.036231884057971016,0.0,0.9090909090909091
phi-4-mini-instruct,new_error,4_baseline_plus_audit,0.1,0.9,28,0.1,0.03260869565217391,0.03571428571428571,0.8636363636363636
phi-4-mini-instruct,new_error,4_baseline_plus_audit,0.15,0.85,41,0.3,0.025362318840579712,0.07317073170731707,0.7727272727272727
phi-4-mini-instruct,new_error,4_baseline_plus_audit,0.2,0.8,55,0.4,0.021739130434782608,0.07272727272727272,0.6818181818181818
phi-4-mini-instruct,new_error,4_baseline_plus_audit,0.25,0.75,69,0.5,0.018115942028985508,0.07246376811594203,0.6818181818181818
phi-4-mini-instruct,new_error,4_baseline_plus_audit,0.3,0.7,83,0.6,0.014492753623188406,0.07228915662650602,0.5909090909090909
phi-4-mini-instruct,new_error,4_baseline_plus_audit,0.35,0.65,97,0.6,0.014492753623188406,0.061855670103092786,0.4090909090909091
phi-4-mini-instruct,new_error,4_baseline_plus_audit,0.4,0.6,110,0.6,0.014492753623188406,0.05454545454545454,0.36363636363636365
phi-4-mini-instruct,new_error,4_baseline_plus_audit,0.45,0.55,124,0.9,0.0036231884057971015,0.07258064516129033,0.36363636363636365
phi-4-mini-instruct,new_error,4_baseline_plus_audit,0.5,0.5,138,0.9,0.0036231884057971015,0.06521739130434782,0.36363636363636365
phi-4-mini-instruct,new_error,4_baseline_plus_audit,0.55,0.44999999999999996,152,0.9,0.0036231884057971015,0.05921052631578947,0.36363636363636365
phi-4-mini-instruct,new_error,4_baseline_plus_audit,0.6,0.4,166,0.9,0.0036231884057971015,0.05421686746987952,0.3181818181818182
phi-4-mini-instruct,new_error,4_baseline_plus_audit,0.65,0.35,179,0.9,0.0036231884057971015,0.05027932960893855,0.2727272727272727
phi-4-mini-instruct,new_error,4_baseline_plus_audit,0.7,0.30000000000000004,193,0.9,0.0036231884057971015,0.046632124352331605,0.22727272727272727
phi-4-mini-instruct,new_error,4_baseline_plus_audit,0.75,0.25,207,0.9,0.0036231884057971015,0.043478260869565216,0.18181818181818182
phi-4-mini-instruct,new_error,4_baseline_plus_audit,0.8,0.19999999999999996,221,0.9,0.0036231884057971015,0.04072398190045249,0.09090909090909091
phi-4-mini-instruct,new_error,4_baseline_plus_audit,0.85,0.15000000000000002,235,1.0,0.0,0.0425531914893617,0.0
phi-4-mini-instruct,new_error,4_baseline_plus_audit,0.9,0.09999999999999998,248,1.0,0.0,0.04032258064516129,0.0
phi-4-mini-instruct,new_error,4_baseline_plus_audit,0.95,0.050000000000000044,262,1.0,0.0,0.03816793893129771,0.0
phi-4-mini-instruct,new_error,4_baseline_plus_audit,1.0,0.0,276,1.0,0.0,0.036231884057971016,0.0
phi-4-mini-instruct,new_error,2b_baseline_plus_energy,0.0,1.0,0,0.0,0.036231884057971016,,1.0
phi-4-mini-instruct,new_error,2b_baseline_plus_energy,0.05,0.95,14,0.0,0.036231884057971016,0.0,0.8636363636363636
phi-4-mini-instruct,new_error,2b_baseline_plus_energy,0.1,0.9,28,0.1,0.03260869565217391,0.03571428571428571,0.8181818181818182
phi-4-mini-instruct,new_error,2b_baseline_plus_energy,0.15,0.85,41,0.1,0.03260869565217391,0.024390243902439025,0.6818181818181818
phi-4-mini-instruct,new_error,2b_baseline_plus_energy,0.2,0.8,55,0.3,0.025362318840579712,0.05454545454545454,0.5909090909090909
phi-4-mini-instruct,new_error,2b_baseline_plus_energy,0.25,0.75,69,0.6,0.014492753623188406,0.08695652173913043,0.5909090909090909
phi-4-mini-instruct,new_error,2b_baseline_plus_energy,0.3,0.7,83,0.6,0.014492753623188406,0.07228915662650602,0.5454545454545454
phi-4-mini-instruct,new_error,2b_baseline_plus_energy,0.35,0.65,97,0.6,0.014492753623188406,0.061855670103092786,0.45454545454545453
phi-4-mini-instruct,new_error,2b_baseline_plus_energy,0.4,0.6,110,0.7,0.010869565217391304,0.06363636363636363,0.36363636363636365
phi-4-mini-instruct,new_error,2b_baseline_plus_energy,0.45,0.55,124,0.9,0.0036231884057971015,0.07258064516129033,0.36363636363636365
phi-4-mini-instruct,new_error,2b_baseline_plus_energy,0.5,0.5,138,0.9,0.0036231884057971015,0.06521739130434782,0.36363636363636365
phi-4-mini-instruct,new_error,2b_baseline_plus_energy,0.55,0.44999999999999996,152,0.9,0.0036231884057971015,0.05921052631578947,0.3181818181818182
phi-4-mini-instruct,new_error,2b_baseline_plus_energy,0.6,0.4,166,0.9,0.0036231884057971015,0.05421686746987952,0.3181818181818182
phi-4-mini-instruct,new_error,2b_baseline_plus_energy,0.65,0.35,179,0.9,0.0036231884057971015,0.05027932960893855,0.22727272727272727
phi-4-mini-instruct,new_error,2b_baseline_plus_energy,0.7,0.30000000000000004,193,0.9,0.0036231884057971015,0.046632124352331605,0.18181818181818182
phi-4-mini-instruct,new_error,2b_baseline_plus_energy,0.75,0.25,207,0.9,0.0036231884057971015,0.043478260869565216,0.13636363636363635
phi-4-mini-instruct,new_error,2b_baseline_plus_energy,0.8,0.19999999999999996,221,1.0,0.0,0.04524886877828054,0.0
phi-4-mini-instruct,new_error,2b_baseline_plus_energy,0.85,0.15000000000000002,235,1.0,0.0,0.0425531914893617,0.0
phi-4-mini-instruct,new_error,2b_baseline_plus_energy,0.9,0.09999999999999998,248,1.0,0.0,0.04032258064516129,0.0
phi-4-mini-instruct,new_error,2b_baseline_plus_energy,0.95,0.050000000000000044,262,1.0,0.0,0.03816793893129771,0.0
phi-4-mini-instruct,new_error,2b_baseline_plus_energy,1.0,0.0,276,1.0,0.0,0.036231884057971016,0.0
phi-4-mini-instruct,new_error,4b_baseline_audit_energy,0.0,1.0,0,0.0,0.036231884057971016,,1.0
phi-4-mini-instruct,new_error,4b_baseline_audit_energy,0.05,0.95,14,0.0,0.036231884057971016,0.0,0.8636363636363636
phi-4-mini-instruct,new_error,4b_baseline_audit_energy,0.1,0.9,28,0.1,0.03260869565217391,0.03571428571428571,0.8636363636363636
phi-4-mini-instruct,new_error,4b_baseline_audit_energy,0.15,0.85,41,0.2,0.028985507246376812,0.04878048780487805,0.8181818181818182
phi-4-mini-instruct,new_error,4b_baseline_audit_energy,0.2,0.8,55,0.3,0.025362318840579712,0.05454545454545454,0.6363636363636364
phi-4-mini-instruct,new_error,4b_baseline_audit_energy,0.25,0.75,69,0.6,0.014492753623188406,0.08695652173913043,0.5909090909090909
phi-4-mini-instruct,new_error,4b_baseline_audit_energy,0.3,0.7,83,0.6,0.014492753623188406,0.07228915662650602,0.5454545454545454
phi-4-mini-instruct,new_error,4b_baseline_audit_energy,0.35,0.65,97,0.6,0.014492753623188406,0.061855670103092786,0.5
phi-4-mini-instruct,new_error,4b_baseline_audit_energy,0.4,0.6,110,0.7,0.010869565217391304,0.06363636363636363,0.36363636363636365
phi-4-mini-instruct,new_error,4b_baseline_audit_energy,0.45,0.55,124,0.9,0.0036231884057971015,0.07258064516129033,0.36363636363636365
phi-4-mini-instruct,new_error,4b_baseline_audit_energy,0.5,0.5,138,0.9,0.0036231884057971015,0.06521739130434782,0.36363636363636365
phi-4-mini-instruct,new_error,4b_baseline_audit_energy,0.55,0.44999999999999996,152,0.9,0.0036231884057971015,0.05921052631578947,0.36363636363636365
phi-4-mini-instruct,new_error,4b_baseline_audit_energy,0.6,0.4,166,0.9,0.0036231884057971015,0.05421686746987952,0.3181818181818182
phi-4-mini-instruct,new_error,4b_baseline_audit_energy,0.65,0.35,179,0.9,0.0036231884057971015,0.05027932960893855,0.22727272727272727
phi-4-mini-instruct,new_error,4b_baseline_audit_energy,0.7,0.30000000000000004,193,0.9,0.0036231884057971015,0.046632124352331605,0.22727272727272727
phi-4-mini-instruct,new_error,4b_baseline_audit_energy,0.75,0.25,207,0.9,0.0036231884057971015,0.043478260869565216,0.18181818181818182
phi-4-mini-instruct,new_error,4b_baseline_audit_energy,0.8,0.19999999999999996,221,0.9,0.0036231884057971015,0.04072398190045249,0.09090909090909091
phi-4-mini-instruct,new_error,4b_baseline_audit_energy,0.85,0.15000000000000002,235,1.0,0.0,0.0425531914893617,0.0
phi-4-mini-instruct,new_error,4b_baseline_audit_energy,0.9,0.09999999999999998,248,1.0,0.0,0.04032258064516129,0.0
phi-4-mini-instruct,new_error,4b_baseline_audit_energy,0.95,0.050000000000000044,262,1.0,0.0,0.03816793893129771,0.0
phi-4-mini-instruct,new_error,4b_baseline_audit_energy,1.0,0.0,276,1.0,0.0,0.036231884057971016,0.0
phi-4-mini-instruct,new_error,random_order_expected,0.0,1.0,0,0.0,0.036231884057971016,,1.0
phi-4-mini-instruct,new_error,random_order_expected,0.05,0.95,14,0.05,0.034420289855072464,0.036231884057971016,0.95
phi-4-mini-instruct,new_error,random_order_expected,0.1,0.9,28,0.1,0.03260869565217391,0.036231884057971016,0.9
phi-4-mini-instruct,new_error,random_order_expected,0.15,0.85,41,0.15,0.030797101449275364,0.036231884057971016,0.85
phi-4-mini-instruct,new_error,random_order_expected,0.2,0.8,55,0.2,0.028985507246376815,0.036231884057971016,0.8
phi-4-mini-instruct,new_error,random_order_expected,0.25,0.75,69,0.25,0.027173913043478264,0.036231884057971016,0.75
phi-4-mini-instruct,new_error,random_order_expected,0.3,0.7,83,0.3,0.02536231884057971,0.036231884057971016,0.7
phi-4-mini-instruct,new_error,random_order_expected,0.35,0.65,97,0.35,0.02355072463768116,0.036231884057971016,0.65
phi-4-mini-instruct,new_error,random_order_expected,0.4,0.6,110,0.4,0.021739130434782608,0.036231884057971016,0.6
phi-4-mini-instruct,new_error,random_order_expected,0.45,0.55,124,0.45,0.01992753623188406,0.036231884057971016,0.55
phi-4-mini-instruct,new_error,random_order_expected,0.5,0.5,138,0.5,0.018115942028985508,0.036231884057971016,0.5
phi-4-mini-instruct,new_error,random_order_expected,0.55,0.44999999999999996,152,0.55,0.016304347826086956,0.036231884057971016,0.44999999999999996
phi-4-mini-instruct,new_error,random_order_expected,0.6,0.4,166,0.6,0.014492753623188408,0.036231884057971016,0.4
phi-4-mini-instruct,new_error,random_order_expected,0.65,0.35,179,0.65,0.012681159420289854,0.036231884057971016,0.35
phi-4-mini-instruct,new_error,random_order_expected,0.7,0.30000000000000004,193,0.7,0.010869565217391306,0.036231884057971016,0.30000000000000004
phi-4-mini-instruct,new_error,random_order_expected,0.75,0.25,207,0.75,0.009057971014492754,0.036231884057971016,0.25
phi-4-mini-instruct,new_error,random_order_expected,0.8,0.19999999999999996,221,0.8,0.007246376811594201,0.036231884057971016,0.19999999999999996
phi-4-mini-instruct,new_error,random_order_expected,0.85,0.15000000000000002,235,0.85,0.005434782608695653,0.036231884057971016,0.15000000000000002
phi-4-mini-instruct,new_error,random_order_expected,0.9,0.09999999999999998,248,0.9,0.0036231884057971006,0.036231884057971016,0.09999999999999998
phi-4-mini-instruct,new_error,random_order_expected,0.95,0.050000000000000044,262,0.95,0.0018115942028985525,0.036231884057971016,0.050000000000000044
phi-4-mini-instruct,new_error,random_order_expected,1.0,0.0,276,1.0,0.0,0.036231884057971016,0.0
phi-4-mini-instruct,audit_cross,2_baseline,0.0,1.0,0,0.0,0.4117647058823529,,1.0
phi-4-mini-instruct,audit_cross,2_baseline,0.05,0.95,3,0.14285714285714285,0.35294117647058826,1.0,0.9411764705882353
phi-4-mini-instruct,audit_cross,2_baseline,0.1,0.9,5,0.14285714285714285,0.35294117647058826,0.6,0.9019607843137255
phi-4-mini-instruct,audit_cross,2_baseline,0.15,0.85,8,0.23809523809523808,0.3137254901960784,0.625,0.8431372549019608
phi-4-mini-instruct,audit_cross,2_baseline,0.2,0.8,10,0.2857142857142857,0.29411764705882354,0.6,0.803921568627451
phi-4-mini-instruct,audit_cross,2_baseline,0.25,0.75,13,0.3333333333333333,0.27450980392156865,0.5384615384615384,0.7450980392156863
phi-4-mini-instruct,audit_cross,2_baseline,0.3,0.7,15,0.38095238095238093,0.2549019607843137,0.5333333333333333,0.7058823529411765
phi-4-mini-instruct,audit_cross,2_baseline,0.35,0.65,18,0.42857142857142855,0.23529411764705882,0.5,0.6470588235294118
phi-4-mini-instruct,audit_cross,2_baseline,0.4,0.6,20,0.5238095238095238,0.19607843137254902,0.55,0.6078431372549019
phi-4-mini-instruct,audit_cross,2_baseline,0.45,0.55,23,0.6190476190476191,0.1568627450980392,0.5652173913043478,0.5490196078431373
phi-4-mini-instruct,audit_cross,2_baseline,0.5,0.5,26,0.6666666666666666,0.13725490196078433,0.5384615384615384,0.49019607843137253
phi-4-mini-instruct,audit_cross,2_baseline,0.55,0.44999999999999996,28,0.7142857142857143,0.11764705882352941,0.5357142857142857,0.45098039215686275
phi-4-mini-instruct,audit_cross,2_baseline,0.6,0.4,31,0.7619047619047619,0.09803921568627451,0.5161290322580645,0.39215686274509803
phi-4-mini-instruct,audit_cross,2_baseline,0.65,0.35,33,0.8571428571428571,0.058823529411764705,0.5454545454545454,0.35294117647058826
phi-4-mini-instruct,audit_cross,2_baseline,0.7,0.30000000000000004,36,0.8571428571428571,0.058823529411764705,0.5,0.29411764705882354
phi-4-mini-instruct,audit_cross,2_baseline,0.75,0.25,38,0.9047619047619048,0.0392156862745098,0.5,0.2549019607843137
phi-4-mini-instruct,audit_cross,2_baseline,0.8,0.19999999999999996,41,1.0,0.0,0.5121951219512195,0.19607843137254902
phi-4-mini-instruct,audit_cross,2_baseline,0.85,0.15000000000000002,43,1.0,0.0,0.4883720930232558,0.1568627450980392
phi-4-mini-instruct,audit_cross,2_baseline,0.9,0.09999999999999998,46,1.0,0.0,0.45652173913043476,0.09803921568627451
phi-4-mini-instruct,audit_cross,2_baseline,0.95,0.050000000000000044,48,1.0,0.0,0.4375,0.058823529411764705
phi-4-mini-instruct,audit_cross,2_baseline,1.0,0.0,51,1.0,0.0,0.4117647058823529,0.0
phi-4-mini-instruct,audit_cross,3_audit_only,0.0,1.0,0,0.0,0.4117647058823529,,1.0
phi-4-mini-instruct,audit_cross,3_audit_only,0.05,0.95,3,0.09523809523809523,0.37254901960784315,0.6666666666666666,0.9411764705882353
phi-4-mini-instruct,audit_cross,3_audit_only,0.1,0.9,5,0.14285714285714285,0.35294117647058826,0.6,0.9019607843137255
phi-4-mini-instruct,audit_cross,3_audit_only,0.15,0.85,8,0.2857142857142857,0.29411764705882354,0.75,0.8431372549019608
phi-4-mini-instruct,audit_cross,3_audit_only,0.2,0.8,10,0.38095238095238093,0.2549019607843137,0.8,0.803921568627451
phi-4-mini-instruct,audit_cross,3_audit_only,0.25,0.75,13,0.5238095238095238,0.19607843137254902,0.8461538461538461,0.7450980392156863
phi-4-mini-instruct,audit_cross,3_audit_only,0.3,0.7,15,0.5714285714285714,0.17647058823529413,0.8,0.7058823529411765
phi-4-mini-instruct,audit_cross,3_audit_only,0.35,0.65,18,0.7142857142857143,0.11764705882352941,0.8333333333333334,0.6470588235294118
phi-4-mini-instruct,audit_cross,3_audit_only,0.4,0.6,20,0.7142857142857143,0.11764705882352941,0.75,0.6078431372549019
phi-4-mini-instruct,audit_cross,3_audit_only,0.45,0.55,23,0.7142857142857143,0.11764705882352941,0.6521739130434783,0.5490196078431373
phi-4-mini-instruct,audit_cross,3_audit_only,0.5,0.5,26,0.8095238095238095,0.0784313725490196,0.6538461538461539,0.49019607843137253
phi-4-mini-instruct,audit_cross,3_audit_only,0.55,0.44999999999999996,28,0.8095238095238095,0.0784313725490196,0.6071428571428571,0.45098039215686275
phi-4-mini-instruct,audit_cross,3_audit_only,0.6,0.4,31,0.8571428571428571,0.058823529411764705,0.5806451612903226,0.39215686274509803
phi-4-mini-instruct,audit_cross,3_audit_only,0.65,0.35,33,0.8571428571428571,0.058823529411764705,0.5454545454545454,0.35294117647058826
phi-4-mini-instruct,audit_cross,3_audit_only,0.7,0.30000000000000004,36,0.9047619047619048,0.0392156862745098,0.5277777777777778,0.29411764705882354
phi-4-mini-instruct,audit_cross,3_audit_only,0.75,0.25,38,0.9047619047619048,0.0392156862745098,0.5,0.2549019607843137
phi-4-mini-instruct,audit_cross,3_audit_only,0.8,0.19999999999999996,41,0.9047619047619048,0.0392156862745098,0.4634146341463415,0.19607843137254902
phi-4-mini-instruct,audit_cross,3_audit_only,0.85,0.15000000000000002,43,0.9047619047619048,0.0392156862745098,0.4418604651162791,0.1568627450980392
phi-4-mini-instruct,audit_cross,3_audit_only,0.9,0.09999999999999998,46,0.9047619047619048,0.0392156862745098,0.41304347826086957,0.09803921568627451
phi-4-mini-instruct,audit_cross,3_audit_only,0.95,0.050000000000000044,48,0.9523809523809523,0.0196078431372549,0.4166666666666667,0.058823529411764705
phi-4-mini-instruct,audit_cross,3_audit_only,1.0,0.0,51,1.0,0.0,0.4117647058823529,0.0
phi-4-mini-instruct,audit_cross,4_baseline_plus_audit,0.0,1.0,0,0.0,0.4117647058823529,,1.0
phi-4-mini-instruct,audit_cross,4_baseline_plus_audit,0.05,0.95,3,0.09523809523809523,0.37254901960784315,0.6666666666666666,0.9411764705882353
phi-4-mini-instruct,audit_cross,4_baseline_plus_audit,0.1,0.9,5,0.14285714285714285,0.35294117647058826,0.6,0.9019607843137255
phi-4-mini-instruct,audit_cross,4_baseline_plus_audit,0.15,0.85,8,0.23809523809523808,0.3137254901960784,0.625,0.8431372549019608
phi-4-mini-instruct,audit_cross,4_baseline_plus_audit,0.2,0.8,10,0.3333333333333333,0.27450980392156865,0.7,0.803921568627451
phi-4-mini-instruct,audit_cross,4_baseline_plus_audit,0.25,0.75,13,0.47619047619047616,0.21568627450980393,0.7692307692307693,0.7450980392156863
phi-4-mini-instruct,audit_cross,4_baseline_plus_audit,0.3,0.7,15,0.5714285714285714,0.17647058823529413,0.8,0.7058823529411765
phi-4-mini-instruct,audit_cross,4_baseline_plus_audit,0.35,0.65,18,0.6666666666666666,0.13725490196078433,0.7777777777777778,0.6470588235294118
phi-4-mini-instruct,audit_cross,4_baseline_plus_audit,0.4,0.6,20,0.7142857142857143,0.11764705882352941,0.75,0.6078431372549019
phi-4-mini-instruct,audit_cross,4_baseline_plus_audit,0.45,0.55,23,0.8095238095238095,0.0784313725490196,0.7391304347826086,0.5490196078431373
phi-4-mini-instruct,audit_cross,4_baseline_plus_audit,0.5,0.5,26,0.8095238095238095,0.0784313725490196,0.6538461538461539,0.49019607843137253
phi-4-mini-instruct,audit_cross,4_baseline_plus_audit,0.55,0.44999999999999996,28,0.8571428571428571,0.058823529411764705,0.6428571428571429,0.45098039215686275
phi-4-mini-instruct,audit_cross,4_baseline_plus_audit,0.6,0.4,31,0.9047619047619048,0.0392156862745098,0.6129032258064516,0.39215686274509803
phi-4-mini-instruct,audit_cross,4_baseline_plus_audit,0.65,0.35,33,0.9523809523809523,0.0196078431372549,0.6060606060606061,0.35294117647058826
phi-4-mini-instruct,audit_cross,4_baseline_plus_audit,0.7,0.30000000000000004,36,0.9523809523809523,0.0196078431372549,0.5555555555555556,0.29411764705882354
phi-4-mini-instruct,audit_cross,4_baseline_plus_audit,0.75,0.25,38,0.9523809523809523,0.0196078431372549,0.5263157894736842,0.2549019607843137
phi-4-mini-instruct,audit_cross,4_baseline_plus_audit,0.8,0.19999999999999996,41,0.9523809523809523,0.0196078431372549,0.4878048780487805,0.19607843137254902
phi-4-mini-instruct,audit_cross,4_baseline_plus_audit,0.85,0.15000000000000002,43,1.0,0.0,0.4883720930232558,0.1568627450980392
phi-4-mini-instruct,audit_cross,4_baseline_plus_audit,0.9,0.09999999999999998,46,1.0,0.0,0.45652173913043476,0.09803921568627451
phi-4-mini-instruct,audit_cross,4_baseline_plus_audit,0.95,0.050000000000000044,48,1.0,0.0,0.4375,0.058823529411764705
phi-4-mini-instruct,audit_cross,4_baseline_plus_audit,1.0,0.0,51,1.0,0.0,0.4117647058823529,0.0
phi-4-mini-instruct,audit_cross,2b_baseline_plus_energy,0.0,1.0,0,0.0,0.4117647058823529,,1.0
phi-4-mini-instruct,audit_cross,2b_baseline_plus_energy,0.05,0.95,3,0.047619047619047616,0.39215686274509803,0.3333333333333333,0.9411764705882353
phi-4-mini-instruct,audit_cross,2b_baseline_plus_energy,0.1,0.9,5,0.09523809523809523,0.37254901960784315,0.4,0.9019607843137255
phi-4-mini-instruct,audit_cross,2b_baseline_plus_energy,0.15,0.85,8,0.19047619047619047,0.3333333333333333,0.5,0.8431372549019608
phi-4-mini-instruct,audit_cross,2b_baseline_plus_energy,0.2,0.8,10,0.23809523809523808,0.3137254901960784,0.5,0.803921568627451
phi-4-mini-instruct,audit_cross,2b_baseline_plus_energy,0.25,0.75,13,0.2857142857142857,0.29411764705882354,0.46153846153846156,0.7450980392156863
phi-4-mini-instruct,audit_cross,2b_baseline_plus_energy,0.3,0.7,15,0.38095238095238093,0.2549019607843137,0.5333333333333333,0.7058823529411765
phi-4-mini-instruct,audit_cross,2b_baseline_plus_energy,0.35,0.65,18,0.5238095238095238,0.19607843137254902,0.6111111111111112,0.6470588235294118
phi-4-mini-instruct,audit_cross,2b_baseline_plus_energy,0.4,0.6,20,0.5238095238095238,0.19607843137254902,0.55,0.6078431372549019
phi-4-mini-instruct,audit_cross,2b_baseline_plus_energy,0.45,0.55,23,0.5714285714285714,0.17647058823529413,0.5217391304347826,0.5490196078431373
phi-4-mini-instruct,audit_cross,2b_baseline_plus_energy,0.5,0.5,26,0.7142857142857143,0.11764705882352941,0.5769230769230769,0.49019607843137253
phi-4-mini-instruct,audit_cross,2b_baseline_plus_energy,0.55,0.44999999999999996,28,0.8095238095238095,0.0784313725490196,0.6071428571428571,0.45098039215686275
phi-4-mini-instruct,audit_cross,2b_baseline_plus_energy,0.6,0.4,31,0.8571428571428571,0.058823529411764705,0.5806451612903226,0.39215686274509803
phi-4-mini-instruct,audit_cross,2b_baseline_plus_energy,0.65,0.35,33,0.9047619047619048,0.0392156862745098,0.5757575757575758,0.35294117647058826
phi-4-mini-instruct,audit_cross,2b_baseline_plus_energy,0.7,0.30000000000000004,36,1.0,0.0,0.5833333333333334,0.29411764705882354
phi-4-mini-instruct,audit_cross,2b_baseline_plus_energy,0.75,0.25,38,1.0,0.0,0.5526315789473685,0.2549019607843137
phi-4-mini-instruct,audit_cross,2b_baseline_plus_energy,0.8,0.19999999999999996,41,1.0,0.0,0.5121951219512195,0.19607843137254902
phi-4-mini-instruct,audit_cross,2b_baseline_plus_energy,0.85,0.15000000000000002,43,1.0,0.0,0.4883720930232558,0.1568627450980392
phi-4-mini-instruct,audit_cross,2b_baseline_plus_energy,0.9,0.09999999999999998,46,1.0,0.0,0.45652173913043476,0.09803921568627451
phi-4-mini-instruct,audit_cross,2b_baseline_plus_energy,0.95,0.050000000000000044,48,1.0,0.0,0.4375,0.058823529411764705
phi-4-mini-instruct,audit_cross,2b_baseline_plus_energy,1.0,0.0,51,1.0,0.0,0.4117647058823529,0.0
phi-4-mini-instruct,audit_cross,4b_baseline_audit_energy,0.0,1.0,0,0.0,0.4117647058823529,,1.0
phi-4-mini-instruct,audit_cross,4b_baseline_audit_energy,0.05,0.95,3,0.14285714285714285,0.35294117647058826,1.0,0.9411764705882353
phi-4-mini-instruct,audit_cross,4b_baseline_audit_energy,0.1,0.9,5,0.23809523809523808,0.3137254901960784,1.0,0.9019607843137255
phi-4-mini-instruct,audit_cross,4b_baseline_audit_energy,0.15,0.85,8,0.3333333333333333,0.27450980392156865,0.875,0.8431372549019608
phi-4-mini-instruct,audit_cross,4b_baseline_audit_energy,0.2,0.8,10,0.38095238095238093,0.2549019607843137,0.8,0.803921568627451
phi-4-mini-instruct,audit_cross,4b_baseline_audit_energy,0.25,0.75,13,0.5238095238095238,0.19607843137254902,0.8461538461538461,0.7450980392156863
phi-4-mini-instruct,audit_cross,4b_baseline_audit_energy,0.3,0.7,15,0.6190476190476191,0.1568627450980392,0.8666666666666667,0.7058823529411765
phi-4-mini-instruct,audit_cross,4b_baseline_audit_energy,0.35,0.65,18,0.7142857142857143,0.11764705882352941,0.8333333333333334,0.6470588235294118
phi-4-mini-instruct,audit_cross,4b_baseline_audit_energy,0.4,0.6,20,0.7619047619047619,0.09803921568627451,0.8,0.6078431372549019
phi-4-mini-instruct,audit_cross,4b_baseline_audit_energy,0.45,0.55,23,0.7619047619047619,0.09803921568627451,0.6956521739130435,0.5490196078431373
phi-4-mini-instruct,audit_cross,4b_baseline_audit_energy,0.5,0.5,26,0.7619047619047619,0.09803921568627451,0.6153846153846154,0.49019607843137253
phi-4-mini-instruct,audit_cross,4b_baseline_audit_energy,0.55,0.44999999999999996,28,0.8095238095238095,0.0784313725490196,0.6071428571428571,0.45098039215686275
phi-4-mini-instruct,audit_cross,4b_baseline_audit_energy,0.6,0.4,31,0.8571428571428571,0.058823529411764705,0.5806451612903226,0.39215686274509803
phi-4-mini-instruct,audit_cross,4b_baseline_audit_energy,0.65,0.35,33,0.8571428571428571,0.058823529411764705,0.5454545454545454,0.35294117647058826
phi-4-mini-instruct,audit_cross,4b_baseline_audit_energy,0.7,0.30000000000000004,36,0.9047619047619048,0.0392156862745098,0.5277777777777778,0.29411764705882354
phi-4-mini-instruct,audit_cross,4b_baseline_audit_energy,0.75,0.25,38,0.9047619047619048,0.0392156862745098,0.5,0.2549019607843137
phi-4-mini-instruct,audit_cross,4b_baseline_audit_energy,0.8,0.19999999999999996,41,0.9523809523809523,0.0196078431372549,0.4878048780487805,0.19607843137254902
phi-4-mini-instruct,audit_cross,4b_baseline_audit_energy,0.85,0.15000000000000002,43,0.9523809523809523,0.0196078431372549,0.46511627906976744,0.1568627450980392
phi-4-mini-instruct,audit_cross,4b_baseline_audit_energy,0.9,0.09999999999999998,46,0.9523809523809523,0.0196078431372549,0.43478260869565216,0.09803921568627451
phi-4-mini-instruct,audit_cross,4b_baseline_audit_energy,0.95,0.050000000000000044,48,1.0,0.0,0.4375,0.058823529411764705
phi-4-mini-instruct,audit_cross,4b_baseline_audit_energy,1.0,0.0,51,1.0,0.0,0.4117647058823529,0.0
phi-4-mini-instruct,audit_cross,random_order_expected,0.0,1.0,0,0.0,0.4117647058823529,,1.0
phi-4-mini-instruct,audit_cross,random_order_expected,0.05,0.95,3,0.05,0.39117647058823524,0.4117647058823529,0.95
phi-4-mini-instruct,audit_cross,random_order_expected,0.1,0.9,5,0.1,0.37058823529411766,0.4117647058823529,0.9
phi-4-mini-instruct,audit_cross,random_order_expected,0.15,0.85,8,0.15,0.35,0.4117647058823529,0.85
phi-4-mini-instruct,audit_cross,random_order_expected,0.2,0.8,10,0.2,0.32941176470588235,0.4117647058823529,0.8
phi-4-mini-instruct,audit_cross,random_order_expected,0.25,0.75,13,0.25,0.3088235294117647,0.4117647058823529,0.75
phi-4-mini-instruct,audit_cross,random_order_expected,0.3,0.7,15,0.3,0.28823529411764703,0.4117647058823529,0.7
phi-4-mini-instruct,audit_cross,random_order_expected,0.35,0.65,18,0.35,0.2676470588235294,0.4117647058823529,0.65
phi-4-mini-instruct,audit_cross,random_order_expected,0.4,0.6,20,0.4,0.24705882352941175,0.4117647058823529,0.6
phi-4-mini-instruct,audit_cross,random_order_expected,0.45,0.55,23,0.45,0.22647058823529412,0.4117647058823529,0.55
phi-4-mini-instruct,audit_cross,random_order_expected,0.5,0.5,26,0.5,0.20588235294117646,0.4117647058823529,0.5
phi-4-mini-instruct,audit_cross,random_order_expected,0.55,0.44999999999999996,28,0.55,0.1852941176470588,0.4117647058823529,0.44999999999999996
phi-4-mini-instruct,audit_cross,random_order_expected,0.6,0.4,31,0.6,0.16470588235294117,0.4117647058823529,0.4
phi-4-mini-instruct,audit_cross,random_order_expected,0.65,0.35,33,0.65,0.14411764705882352,0.4117647058823529,0.35
phi-4-mini-instruct,audit_cross,random_order_expected,0.7,0.30000000000000004,36,0.7,0.1235294117647059,0.4117647058823529,0.30000000000000004
phi-4-mini-instruct,audit_cross,random_order_expected,0.75,0.25,38,0.75,0.10294117647058823,0.4117647058823529,0.25
phi-4-mini-instruct,audit_cross,random_order_expected,0.8,0.19999999999999996,41,0.8,0.08235294117647056,0.4117647058823529,0.19999999999999996
phi-4-mini-instruct,audit_cross,random_order_expected,0.85,0.15000000000000002,43,0.85,0.06176470588235295,0.4117647058823529,0.15000000000000002
phi-4-mini-instruct,audit_cross,random_order_expected,0.9,0.09999999999999998,46,0.9,0.04117647058823528,0.4117647058823529,0.09999999999999998
phi-4-mini-instruct,audit_cross,random_order_expected,0.95,0.050000000000000044,48,0.95,0.020588235294117664,0.4117647058823529,0.050000000000000044
phi-4-mini-instruct,audit_cross,random_order_expected,1.0,0.0,51,1.0,0.0,0.4117647058823529,0.0
